trade_id,ticker,trade_date,open_price,high_price,low_price,close_price,volume,market_cap_usd,pe_ratio,dividend_yield,beta,sector,portfolio,currency,analyst_rating,shares_held,purchase_price
  Trd00742  ,META,01-01-2020,632.8,662.89,618.75,648.67,29574983,1617168041,49.13,1.816,0.421,Financial,Portfolio_B,Usd,Buy,2387,576.3
Trd01102,JPM,02-01-2020,735.46,739.73,652.32,682.63,38337831,3740648569,57.46,2.387,1.801,Technology,Portfolio_A,Usd,Sell,828,631.73
Trd00595,AMZN,03-01-2020,659.44,660.69,604.69,607.69,10089375,5539461395,20.57,2.486,0.628,Consumer,Portfolio_B,Eur,Sell,2729,659.13
Trd00686,GOOGL,03-01-2020,522.12,571.82,502.52,555.74,23904732,3563607169,7.04,3.578,2.348,Technology,Portfolio_C,Usd,Buy,1923,534.67
Trd01812,META,03-01-2020,642.01,676.82,622.18,659.04,25562169,1949394570,79.19,2.235,1.915,Financial,Portfolio_A,Eur,Buy,1443,628.63
Trd01211,BAC,06-01-2020,505.26,521.87,457.12,472.66,45376203,1949394570,67.56,2.406,2.408,Technology,Portfolio_B,Usd,Sell,1233,397.55
Trd00117,BRK,06-01-2020,150.46,165.53,148.48,159.94,4339459,1281416728,27.67,0.355,0.473,Consumer,Portfolio_A,Usd,Sell,3661,165.32
Trd00371,JPM,06-01-2020,752.81,793.41,743.92,760.66,29676121,3606554530,49.62,2.465,1.402,Technology,Portfolio_A,Gbp,Buy,882,799.44
Trd00888,AMD,07-01-2020,417.37,437.68,380.71,397.05,11479581,2235616230,46.56,0.786,0.35,Consumer,Portfolio_B,Gbp,Buy,2693,377.09
Trd01011,BRK,07-01-2020,71.77,73.52,69.5,72.05,24797940,545624491,43.73,4.958,2.235,Consumer,Portfolio_A,Usd,Sell,4411,74.2
Trd01083,GOOGL,07-01-2020,587.28,615.38,538.57,556.29,25562169,1949394570,23.25,2.665,1.732,Financial,Portfolio_A,Usd,Sell,4941,446.89
Trd01279,META,07-01-2020,579.71,604.95,554.24,555.89,1779824,3578464050,60.62,1.372,2.324,Consumer,Portfolio_C,Gbp,Sell,1151,446.66
Trd00725,MSFT,08-01-2020,409.51,439.15,401.48,427.53,11454150,3550204417,37.85,0.18,1.096,Technology,Portfolio_B,Eur,Buy,2773,446.26
Trd01603,BRK,09-01-2020,414.25,420.84,378.64,387.33,1267464,1241142822,58.3,1.076,2.069,Consumer,Portfolio_A,Usd,Sell,2370,392.99
Trd01242,NVDA,09-01-2020,89.22,91.91,82.66,86.62,27363388,469362596.8,65.73,2.925,1.47,Financial,Portfolio_B,Usd,Sell,-301,87.6
Trd00379,WFC,09-01-2020,125.56,131.24,116.76,121.52,13888167,677222696.6,60.63,0.078,1.535,Financial,Portfolio_B,Usd,Sell,3294,121.77
Trd01897,META,10-01-2020,99.38,102.76,89.23,93.37,25562169,532476224.9,68.07,4.595,0.679,Consumer,Portfolio_C,Eur,Sell,3907,80.14
Trd00185,NFLX,13-01-2020,730.13,737.99,655.58,674.57,15957686,2052029798,78.24,0.887,2.498,Technology,Portfolio_B,Usd,Buy,4022,606.8
Trd00740,TSLA,13-01-2020,449.52,479.8,430.21,438.495,45025437,2797205795,34.92,2.453,0.685,Energy,Portfolio_B,Usd,Buy,83,467.92
Trd01653,META,14-01-2020,297.57,309.99,278.22,438.495,19588876,1949394570,9.9,0.731,2.221,Financial,Portfolio_A,Usd,Sell,2975,263.45
Trd00170,TSLA,15-01-2020,262.39,312.6574588,271.64,258.1,9234899,1876001399,74.11,1.251,2.404,Technology,Portfolio_A,Eur,Sell,4358,272.15
Trd00508,AMD,16-01-2020,764.67,787.44,748.78,768.93,28879234,1949394570,5.56,4.457,1.578,Consumer,Portfolio_C,Gbp,Sell,499,660.79
Trd00362,AMZN,16-01-2020,324.08,335.15,292.01,301.04,14679264,1664359246,25.26,0.286,1.002,Healthcare,Portfolio_B,Usd,Sell,2942,338.28
Trd01820,GS,17-01-2020,503.02,537.01,491.3,515.54,22787201,1119400000,67.93,0.653,0.493,Financial,Portfolio_A,Usd,Buy,1775,580.97
Trd01404,GS,20-01-2020,116.31,119.88,105.26,107.26,25562169,919229569.6,70.98,0.685,2.438,Technology,Portfolio_B,Usd,Buy,3092,91.19
Trd00199,GS,21-01-2020,412.87,423.05,394.4,395.68,44962794,3005494669,48.31,4.696,1.536,Healthcare,Portfolio_B,Usd,Sell,3291,436
Trd00169,MSFT,21-01-2020,475.75,524.39,468.64,438.495,20017546,3962891633,25.09,0.682,1.208,Technology,Portfolio_B,Usd,Sell,2779,484.4
Trd01838,AMZN,22-01-2020,616.09,723.603817,689.2,657.98,39507394,1487740155,76.1,1.759,1.837,Financial,Portfolio_C,Gbp,Sell,2409,751.03
Trd01882,GS,22-01-2020,240.38,255.5,238.17,254.13,7784032,421401669.7,43.73,0.278,1.679,Technology,Portfolio_C,Usd,Sell,1249,204.03
Trd01477,NVDA,22-01-2020,509.82,534.37,480.72,503.9,11334308,4632844003,58.47,2.979,2.084,Consumer,Portfolio_A,Usd,Sell,3216,548.42
Trd01971,NVDA,22-01-2020,343.07,347.53,328.8,335.24,38037979,1716760688,18.33,1.397,0.992,Financial,Portfolio_B,Usd,Buy,1573,387.43
Trd00685,INTC,23-01-2020,378.88,387.24,342.9,350.12,48676812,1181776492,70.82,3.695,1.56,Energy,Portfolio_C,Usd,Buy,2439,286.51
Trd00852,AMD,24-01-2020,427.79,441.56,403.37,420,40404173,4133289720,58.19,3.078,1.402,Consumer,Portfolio_A,Eur,Sell,4629,498.36
Trd00907,AMD,24-01-2020,489.62,551.66,475.45,527.67,23943174,563648123.6,43.73,1.847,0.523,Healthcare,Portfolio_A,Usd,Sell,2159,572.22
Trd00940,AMD,24-01-2020,608.5,623.37,578.01,605.66,1782415,4605552504,43.73,1.053,0.78,Consumer,Portfolio_A,Usd,Sell,1979,684.14
Trd00467,BAC,24-01-2020,74.21,76.43,72.61,438.495,17554655,517656596.9,61.48,0.637,2.5,Financial,Portfolio_C,Gbp,Buy,159,72.33
Trd01341,BAC,24-01-2020,454.2,460.19,441.45,451.52,38449223,4015107284,58.62,4.747,2.129,Financial,Portfolio_A,Eur,Sell,1947,488.76
Trd00207,BRK,24-01-2020,513.7,576.14,511.44,438.495,44169628,1949394570,33.63,0.257,1.235,Financial,Portfolio_C,Eur,Sell,3955,519.08
Trd01774,GOOGL,24-01-2020,99.21,97.47,82.63463196,97.47,42945459,946115655.4,25.39,0.668,1.727,Healthcare,Portfolio_C,Gbp,Sell,3944,105.62
Trd00215,GS,24-01-2020,216.34,221.89,199.11,438.495,31006393,1567269905,34.93,3.536,1.539,Technology,Portfolio_C,Usd,Sell,169,175.75
Trd00270,GS,24-01-2020,781.73,794.41,706.49,438.495,13513814,5150331253,56.55,0.293,0.571,Technology,Portfolio_A,Eur,Sell,4975,712.02
Trd00384,GS,24-01-2020,616.24,638.49,586.06,438.495,45668547,4481316503,15.54,4.956,2.119,Financial,Portfolio_A,Gbp,Buy,4469,516.81
Trd01616,INTC,24-01-2020,392.59,405.6,356.53,367.43,48961385,2013988548,68.61,2.555,2.32,Healthcare,Portfolio_C,Usd,Sell,2756,335.24
Trd01670,JPM,24-01-2020,729.16,743.05,688.65,707.94,26868477,3022952648,6.89,0.625,0.999,Healthcare,Portfolio_C,Eur,Sell,205,585.34
Trd00623,META,24-01-2020,464.67,492,459.63,476.77,13532888,3617386532,57.1,1.837,1.475,Consumer,Portfolio_A,Eur,Sell,405,520.57
Trd01070,META,24-01-2020,332.68,341.2,321.07,327.05,19585991,1842338060,5.83,0.252,1.262,Energy,Portfolio_A,Usd,Buy,1279,300.52
Trd00798,MSFT,24-01-2020,182.34,205.34,174.65,438.495,49847341,1688814469,29.13,4.092,2.489,Financial,Portfolio_C,€,Sell,3206,215.78
Trd01194,NFLX,24-01-2020,522.76,591.29,513.3,563.44,47024080,2327883349,43.73,3.547,1.791,Healthcare,Portfolio_A,Usd,Sell,2756,666.9
Trd01446,NFLX,24-01-2020,797.81,832.62,794.56,804.07,26626344,3329470542,62.58,1.738,2.444,Technology,Portfolio_C,Eur,Buy,2222,936.44
Trd01880,TSLA,24-01-2020,205.39,211.63,189.24,191.1,31366122,1759095757,63.53,2.301,1.39,Technology,Portfolio_C,Usd,Buy,4755,193.63
Trd00524,WFC,24-01-2020,729.81,729.84,659.45,679.22,30057743,5028091780,6.88,4.467,0.651,Energy,Portfolio_A,Usd,Buy,3816,720.09
Trd00775,WFC,24-01-2020,317.55,336.02,314.9,333.05,4086790,500602792.3,77.02,3.942,1.85,Healthcare,Portfolio_B,Usd,Sell,960,280.11
Trd01844,WFC,24-01-2020,281.12,306.91,269.09,294.93,24781574,458225662.7,21.65,0.676,1.326,Healthcare,Portfolio_C,Usd,Sell,1848,314.33
Trd01928,AMD,27-01-2020,190.91,196.24,174.3,438.495,15656504,638566832.9,12.14,3.709,1.402,Energy,Portfolio_C,Usd,Buy,1091,164.55
Trd00067,BRK,27-01-2020,386.71,403.7,375.42,381.51,44896138,3530119660,40.06,1.721,1.831,Financial,Portfolio_A,Eur,Buy,2535,457.7
Trd00514,GOOGL,27-01-2020,310.98,320.76,303.32,308.12,13743092,2513010082,28.25,2.711,1.387,Healthcare,Portfolio_B,Usd,Sell,2366,348.25
Trd00902,GOOGL,27-01-2020,785.89,855.22,785.23,840.2,28540107,2544167610,47.12,0.401,2.013,Energy,Portfolio_A,Usd,Buy,4098,839.96
Trd01675,BAC,29-01-2020,630.12,681.45,611.89,656.48,45368010,1004194479,60.66,1.629,0.801,Consumer,Portfolio_C,Eur,Sell,1902,670.94
Trd01361,AAPL,30-01-2020,351.35,358.75,338.24,353.1,42282122,986003855.1,73.44,0.258,1.287,Technology,Portfolio_B,Usd,Buy,4747,297.86
Trd01521,META,31-01-2020,551.82,575.31,539.63,572.13,19982011,4532242793,10.45,4.571,0.673,Energy,Portfolio_C,Gbp,Sell,2283,526.22
Trd01146,AMZN,03-02-2020,771.37,809.32,725.93,745.51,25562169,5000409172,39.79,2.601,1.402,Healthcare,Portfolio_C,Eur,Sell,3504,794.65
Trd00883,META,03-02-2020,452.53,469.09,441.7,438.495,43682210,1405600000,76.24,3.741,0.518,Technology,Portfolio_B,Usd,Sell,2657,503.34
Trd01442,GS,05-02-2020,611.81,633.75,596.55,615.34,40370227,2422396671,70.4,2.406,2.41,Financial,Portfolio_B,Eur,Sell,759,570.15
Trd01362,JPM,05-02-2020,329.8,340.94,309.87,319.12,25699926,1330006317,13.94,4.746,2.34,Energy,Portfolio_C,Usd,Sell,141,342.81
Trd00290,NFLX,05-02-2020,192.7,207.5,190.35,438.495,23005259,395048033.7,51.36,4.996,1.754,Healthcare,Portfolio_A,Gbp,Sell,2492,165.15
Trd01912,NFLX,05-02-2020,439.65,461.52,418.16,438.495,9953718,2041638869,54.06,1.384,0.678,Financial,Portfolio_C,Usd,Sell,3433,429.58
Trd00877,META,06-02-2020,614.17,681.13,607.05,438.495,42134458,5141842500,65.95,4.202,2.491,Financial,Portfolio_B,Eur,Sell,955,566.17
Trd00947,GOOGL,11-02-2020,544.82,548.98,516,521.32,11270375,2483245783,39.87,2.883,1.044,Energy,Portfolio_A,Gbp,Buy,2208,427.14
Trd01821,NVDA,11-02-2020,307.58,333.63,305.42,328.65,38941220,2475372738,0,3.285,1.949,Energy,Portfolio_C,Usd,Sell,28,340.56
Trd01892,NVDA,12-02-2020,716.9,742.94,686.9,703.75,25562169,2942058544,7.52,0.198,2.385,Financial,Portfolio_B,Usd,Sell,2623,764.52
Trd00101,AMD,13-02-2020,80.07,83.68,77.86,83.28,14975048,738243305,60.89,3.421,0.945,Technology,Portfolio_A,Gbp,Buy,2957,74.28
Trd00566,NFLX,13-02-2020,391.32,407.1,355.59,370.4,44016036,3259398879,57.17,4.761,1.402,Financial,Portfolio_B,Eur,Sell,2019,320.55
Trd01055,WFC,13-02-2020,765.83,780.05,691.81,719.79,19967745,5662518830,7.71,2.532,1.24,Technology,Portfolio_B,Eur,Sell,4052,716.86
Trd01051,BRK,14-02-2020,552.66,555.1,505.97,516.49,25002279,1783946647,35.58,2.177,0.994,Consumer,Portfolio_C,Eur,Sell,4933,478.53
Trd00903,GS,14-02-2020,713.4,760.38,688.94,753.78,38015243,2248709662,44.32,1.325,2.054,Consumer,Portfolio_C,Usd,Sell,1840,889.91
Trd01033,JPM,14-02-2020,371.24,373.63,332.41,344.89,36335663,2024706061,39.35,2.546,1.66,Technology,Portfolio_A,Usd,Sell,1024,373.88
Trd01370,JPM,18-02-2020,660.8,691.99,594.52,613.39,18598119,1797065858,78.5,4.585,0.434,Financial,Portfolio_C,Usd,Sell,3895,645.49
Trd01986,GS,19-02-2020,772.55,805.61,755.72,791.8,9174936,5969434042,75.4,0.325,1.044,Healthcare,Portfolio_C,Usd,Sell,2754,829.65
Trd01910,JPM,19-02-2020,440.57,453.01,410.65,411.17,15086127,3451981436,35.09,2.598,1.361,Technology,Portfolio_B,Usd,Buy,3749,381.28
Trd00664,NFLX,19-02-2020,604.37,622.37,544.29,557.98,36398810,1828103736,43.15,4.082,2.122,Energy,Portfolio_B,Usd,Sell,4592,467.94
Trd00908,TSLA,24-02-2020,234.34,253.66,225.57,245.92,26531076,1816903685,71.3,0.918,1.944,Consumer,Portfolio_C,Eur,Sell,4570,236.03
Trd00932,GS,25-02-2020,539.94,563.06,492.46,509.66,764633,4175171416,75.96,1.562,1.432,Consumer,Portfolio_B,Usd,Sell,1412,584.54
Trd00155,TSLA,25-02-2020,517.76,525.54,510.53,520.05,24325936,2719904664,12.24,4.497,1.402,Energy,Portfolio_B,Usd,Sell,1338,600.46
Trd01186,META,26-02-2020,713.28,734.39,683.78,697.19,21499556,4508756315,43.73,0.562,1.096,Technology,Portfolio_C,Eur,Sell,3320,733.62
Trd00138,GS,27-02-2020,485.4,517.69,467.64,512.1,35588382,1005271760,44.41,4.767,0.456,Financial,Portfolio_A,Usd,Buy,476,563.53
Trd00001,MSFT,27-02-2020,133.79,140.45,127.55,134.96,36886894,432240710.7,26.92,3.506,1.601,Energy,Portfolio_C,Usd,Sell,3530,116.13
Trd01268,WFC,27-02-2020,310.73,322.78,272.5,286.06,18694923,1287815230,59.4,1.773,1.813,Healthcare,Portfolio_B,Usd,Sell,1590,299.43
Trd01174,AAPL,28-02-2020,334.94,341.36,316.23,316.25,43670318,1949394570,7.82,2.967,0.403,Consumer,Portfolio_B,Usd,Sell,4113,288.96
Trd00321,MSFT,28-02-2020,496.24,511.28,481.63,500.79,25562169,1293671777,64.74,0.794,0.908,Technology,Portfolio_C,Usd,Sell,1020,437.57
Trd01207,INTC,02-03-2020,563.15,601.42,562.62,575.6,17883837,3259842104,54.96,4.24,1.517,Financial,Portfolio_B,Eur,Sell,1118,533.77
Trd01232,INTC,02-03-2020,61.74,63.42,60.19,62.51,46715025,316156764.5,43.73,0.441,0.51,Consumer,Portfolio_B,Gbp,Buy,1489,57.86
Trd00345,AMD,03-03-2020,148.38,161.75,144.21,159.3,25562169,822063189.6,68.59,2.334,1.781,Financial,Portfolio_A,Usd,Buy,1810,182.49
Trd00951,AMZN,03-03-2020,155.61,173.27,151.1,168.05,35010587,1006302390,28.78,1.067,0.84,Financial,Portfolio_C,Usd,Sell,3659,178.37
Trd00558,NFLX,03-03-2020,321.42,352.46,309.02,438.495,25598268,2453430071,43.73,2.636,2.319,Energy,Portfolio_B,Eur,Sell,4499,300.87
Trd00909,AMZN,04-03-2020,162.17,166,150.03,151.57,31143519,388319914.9,43.73,4.412,1.013,Healthcare,Portfolio_B,Gbp,Sell,1118,123.2
Trd01154,BRK,04-03-2020,82.34,83.39,77.36,79.79,17135836,197600000,25.37,4.002,1.402,Energy,Portfolio_C,Gbp,Sell,1980,71.33
Trd00329,AMZN,05-03-2020,587.64,635.54,586.96,612.89,10850010,4307292858,45.29,2.406,1.482,Energy,Portfolio_C,Eur,Buy,3897,704.08
Trd01307,AMZN,05-03-2020,341.1,373.48,334.2,366.92,26534283,613956595.3,73.83,4.583,0.613,Financial,Portfolio_C,Eur,Sell,1349,388.17
Trd00575,INTC,05-03-2020,54.31,55.39,49.58,438.495,40392628,372654174.2,41.57,1.312,1.402,Consumer,Portfolio_B,Usd,Sell,188,60.55
Trd00735,MSFT,05-03-2020,404.34,434.68,387.72,418.39,46639348,711197731.2,43.73,4.402,1.571,Technology,Portfolio_C,Usd,Buy,3855,366.23
Trd01054,AMZN,06-03-2020,254.81,259.37,246.48,250.24,25562169,1711002487,8.69,0.066,1.859,Technology,Portfolio_B,Eur,Buy,2108,241.24
Trd00591,META,06-03-2020,512.03,528.23,489.46,515.28,43540177,1351334167,43.73,1.227,2.191,Consumer,Portfolio_B,Eur,Sell,4285,518.49
Trd00625,BRK,09-03-2020,187.61,190.83,173.88,175.64,16069013,1191696674,77,2.163,1.874,Energy,Portfolio_A,Usd,Sell,2513,155.43
Trd00167,NFLX,09-03-2020,586.88,611.74,572.96,604.11,810288,3762555357,52.49,2.686,1.732,Energy,Portfolio_A,Eur,Sell,3443,667.46
Trd01842,AMD,10-03-2020,375.4,391.65,359.93,378.43,49766031,2361588631,43.73,1.638,0.955,Financial,Portfolio_B,Usd,Buy,4131,403.67
Trd00844,WFC,12-03-2020,298.91,312.53,297.91,306.35,43443452,2179862222,74.36,4.269,0.727,Consumer,Portfolio_A,Usd,Sell,4879,292.17
Trd01876,GOOGL,16-03-2020,613.98,641.58,610.71,610.8,25562169,3510673782,76.39,2.406,0.377,Energy,Portfolio_B,Usd,Sell,1181,524.9
Trd00627,INTC,16-03-2020,633.87,690.51,621.25,663.56,6671541,1990571840,43.73,2.625,1.574,Financial,Portfolio_B,Usd,Sell,2313,644.66
Trd01355,META,16-03-2020,774.63,776.7,752.08,762.28,6836754,1736053824,77.94,2.553,1.835,Energy,Portfolio_B,Usd,Buy,4966,833.39
Trd01489,NFLX,16-03-2020,552.73,558.72,548.65,558.53,37320982,1949394570,75.53,4.604,1.769,Energy,Portfolio_A,Eur,Sell,3963,607.64
Trd01466,AMZN,17-03-2020,336.33,346.97,309.78,321.58,5687260,2245953631,68.64,1.872,1.42,Energy,Portfolio_C,Usd,Sell,2913,328.48
Trd00700,AMD,19-03-2020,607.36,636.85,554.11,559.73,2346962,804421566.8,76.86,4.284,1.889,Healthcare,Portfolio_B,Usd,Sell,1020,669.34
Trd00083,AMD,20-03-2020,102.14,104.15,97.66,99.87,6552004,271424588.7,58.58,2.217,0.387,Consumer,Portfolio_A,Usd,Sell,1129,80.79
Trd00152,NFLX,23-03-2020,740.48,773.39,682.56,708.13,26108608,1949394570,79.38,1.749,1.317,Healthcare,Portfolio_B,Usd,Buy,483,766.93
Trd00949,BAC,24-03-2020,643.84,717.05,641.44,693.86,36779755,4030500000,39.14,2.889,0.837,Healthcare,Portfolio_A,Usd,Sell,2859,589.17
Trd00210,INTC,24-03-2020,707.19,756.12,704.89,438.495,23888320,3288427665,26.6,3.747,2.354,Consumer,Portfolio_C,Usd,Sell,2259,761.83
Trd01327,NFLX,24-03-2020,348.98,349.91,323.37,335.2,36930411,2340974453,5.83,0.734,1.557,Healthcare,Portfolio_A,Usd,Sell,1498,276.49
Trd00644,META,25-03-2020,63.7,65.7,60.89,62.15,25562169,151542520.3,62.29,2.596,0.389,Consumer,Portfolio_B,Usd,Buy,4306,50.97
Trd01597,AMZN,26-03-2020,644.07,722.7161176,691.14,670,20393477,6104442360,61.31,4.274,2.062,Technology,Portfolio_C,Usd,Sell,2550,575.87
Trd01468,TSLA,26-03-2020,108.1,113.43,98.36,101.08,16369030,597965728.4,5.49,2.63,2.298,Technology,Portfolio_A,Usd,Buy,556,96.94
Trd00089,AMD,27-03-2020,551.49,607.53,534.96,588.54,3131826,5789632183,18.63,2.406,0.459,Healthcare,Portfolio_A,Gbp,Sell,4398,476.12
Trd01929,BAC,27-03-2020,322.3,330.85,319.84,326.09,47467586,1547400000,59.43,4.778,0.737,Technology,Portfolio_C,Usd,Sell,3328,301.04
Trd00247,AAPL,31-03-2020,297.31,301.44,275.51,283,9549365,2289034463,7.81,3.889,0.623,Financial,Portfolio_B,Usd,Sell,3471,335.2
Trd00263,BRK,31-03-2020,787.52,816.61,729.38,763.12,14379712,1057192108,31.38,2.141,0.809,Energy,Portfolio_C,Eur,Sell,4224,910.72
Trd00930,META,31-03-2020,212.85,223.67,212.01,217.03,11036128,2070445799,51.44,1.336,2.308,Energy,Portfolio_B,Usd,Sell,1982,250.32
Trd01953,NFLX,31-03-2020,470.72,475.94,442.48,464.21,33416388,3679191982,44.19,3.383,1.416,Consumer,Portfolio_B,Usd,Buy,2617,430.9
Trd01743,TSLA,31-03-2020,552.65,575.97,509.37,517.16,27403233,1393769989,43.73,2.86,0.45,Consumer,Portfolio_B,Usd,Buy,1430,433.8
Trd01187,WFC,31-03-2020,319.72,320.47,281.25,295.19,13319133,2824800000,37.17,2.537,1.402,Consumer,Portfolio_A,Usd,Sell,1362,282.01
Trd01235,JPM,03-04-2020,472.94,489.24,427.13,435.25,17660677,1949394570,34.46,3.277,0.425,Consumer,Portfolio_B,Usd,Sell,4143,466.57
Trd01637,TSLA,06-04-2020,681.3,706.24,656.26,692.92,4417197,5820918807,13.83,3.41,0.782,Financial,Portfolio_A,Eur,Sell,4427,672.47
Trd01061,AMD,07-04-2020,405.47,413.47,364.91,377.8,33396336,3005836870,11.86,1.579,1.047,Technology,Portfolio_C,Usd,Buy,1355,335.69
Trd01776,MSFT,07-04-2020,591.42,609.35,563.25,599.73,36048732,1949394570,32.64,1.322,2.132,Financial,Portfolio_A,Usd,Buy,4358,542.98
Trd01250,NFLX,07-04-2020,208.14,222.21,202.87,212.92,31592390,764328505.4,43.73,3.42,1.815,Technology,Portfolio_B,Usd,Sell,2384,209.86
Trd00678,MSFT,08-04-2020,742.67,776.94,727.46,744.04,45264228,2308522491,33.24,4.197,0.49,Energy,Portfolio_C,Usd,Buy,4205,832.47
Trd00692,JPM,09-04-2020,625.2,674.24,606.12,668.1,10020584,1949394570,32.5,0.538,1.811,Financial,Portfolio_B,Usd,Sell,3916,547.22
Trd00125,NFLX,09-04-2020,395.38,415.31,388.46,414.84,23393264,3740482435,13,3.645,0.932,Consumer,Portfolio_B,Usd,Sell,2802,429.73
Trd00458,WFC,10-04-2020,540.69,549.37,519.13,438.495,25562169,2937779436,50.81,4.777,1.101,Healthcare,Portfolio_A,Eur,Buy,3350,596.27
Trd00983,JPM,13-04-2020,795.24,812.1,703.13,735.37,16610563,4585613628,9.82,4.551,2.175,Healthcare,Portfolio_A,Usd,Sell,137,786.92
Trd01364,MSFT,13-04-2020,258.15,260.2,240.75,438.495,8084461,1253091128,39.56,2.929,2.191,Consumer,Portfolio_C,Usd,Sell,17,222.24
Trd01188,JPM,14-04-2020,137.51,142.3,130.8,131.49,26950778,578260805,73.36,2.831,2.326,Energy,Portfolio_C,Usd,Sell,3539,140.21
Trd01071,AMZN,15-04-2020,53.69,55.62,48.73,50.73,41528003,392342624,56.47,3.519,1.338,Energy,Portfolio_A,Gbp,Buy,81,46.4
Trd01071,AMZN,15-04-2020,53.69,55.62,48.73,50.73,41528003,392342624,56.47,3.519,1.338,Financial,Portfolio_A,Gbp,Buy,81,46.4
Trd00607,WFC,15-04-2020,369.31,376.37,359.96,362.81,5278253,2204104854,44.45,4.975,1.564,Energy,Portfolio_B,Eur,Buy,110,335.01
Trd01136,AMZN,16-04-2020,514.82,539.16,502.97,526.64,15084540,4893526767,43.31,2.383,1.692,Technology,Portfolio_B,Usd,Buy,306,563.19
Trd01255,META,16-04-2020,274.92,288.82,263.67,276.47,623878,2038367140,35.76,2.222,0.637,Technology,Portfolio_B,Eur,Sell,3312,222.3
Trd00309,BAC,20-04-2020,406.35,422.64,358.91,374.16,38928990,1949394570,79.93,1.761,2.379,Energy,Portfolio_A,Usd,Buy,540,436.1
Trd00567,NFLX,20-04-2020,437.53,455.27,431.29,453.15,42804949,1042351490,18.62,0.709,1.126,Energy,Portfolio_C,Gbp,Buy,730,432.38
Trd01019,AMD,21-04-2020,796.71,870.56,763.89,854.01,11382553,4870521511,22.49,3.321,1.816,Consumer,Portfolio_C,Gbp,Sell,3171,763.29
Trd00695,JPM,21-04-2020,637.01,643.37,603.42,621.27,46015332,2558923531,66.29,4.507,0.746,Energy,Portfolio_A,Gbp,Buy,240,608.52
Trd00914,NVDA,21-04-2020,161.57,168.79,156.41,167.39,1679285,511150640.9,73.3,0.571,0.613,Financial,Portfolio_B,Usd,Buy,1995,153.04
Trd00450,AMZN,22-04-2020,507.21,529.12,449.37,438.495,28743221,4658267580,11.13,0.973,0.872,Financial,Portfolio_C,Usd,Sell,1707,546.52
Trd00218,BAC,22-04-2020,419.44,445.22,405.93,436.05,26816645,2180832563,76.17,0.859,1.402,Financial,Portfolio_C,Usd,Sell,1302,522.01
Trd00325,JPM,22-04-2020,237.84,242.07,213.92,222.75,13070653,631434993.8,68.77,4.067,1.027,Healthcare,Portfolio_B,Usd,Buy,3357,230.74
Trd00391,META,22-04-2020,596.83,668.78,594.41,637.54,12678717,1949394570,58.4,1.1,1.351,Technology,Portfolio_A,Gbp,Buy,1955,638.91
Trd00850,NFLX,23-04-2020,631.04,635.87,614.03,627.3,36964559,2872098696,35.1,1.644,1.695,Financial,Portfolio_C,Usd,Sell,1426,750.38
Trd01044,NFLX,23-04-2020,103.39,109.83,101.17,105.84,21840188,1949394570,13.6,2.667,1.932,Energy,Portfolio_A,Usd,Sell,971,117.68
Trd01815,AAPL,24-04-2020,252.42,260.64,234.44,237.86,19483659,1174533889,39.82,1.467,0.481,Consumer,Portfolio_A,Eur,Sell,2939,254.32
Trd01606,MSFT,27-04-2020,161.81,166.02,158.79,162.89,47372219,774771299.1,12.24,3.024,0.416,Technology,Portfolio_A,Usd,Sell,4911,165.22
  Trd00968  ,TSLA,27-04-2020,225.88,247.86,222.7,237.19,18753916,1113310563,41.29,1.603,1.402,Technology,Portfolio_B,Usd,Sell,3458,270.07
Trd00320,BAC,28-04-2020,540.1,557.93,534.73,541.33,40286249,2132875928,45.75,4.947,1.643,Technology,Portfolio_B,Usd,Sell,2796,524.83
Trd00230,GS,28-04-2020,181.75,185.59,169.94,177.54,29658092,1748342194,74.11,2.108,0.93,Energy,Portfolio_B,Usd,Buy,1795,187.45
Trd01677,GOOGL,01-05-2020,487.74,505.88,486.35,500.08,10613180,4596486320,46.45,3.772,0.493,Healthcare,Portfolio_B,Usd,Buy,4309,411.61
Trd00560,JPM,01-05-2020,688.98,755.38,684.47,438.495,43564952,2009552304,73.85,3.838,1.617,Technology,Portfolio_A,Eur,Buy,2647,661.05
Trd01750,BAC,04-05-2020,567.59,609.23,558.16,598.15,0,4381671262,57.67,0.96,1.119,Healthcare,Portfolio_C,Usd,Buy,2262,661.11
Trd01278,BRK,04-05-2020,626.43,642.95,619.78,620.76,26964261,1944937919,38.72,3.332,0.901,Technology,Portfolio_C,Usd,Sell,4749,591.98
Trd01740,GS,04-05-2020,241.44,248.66,213.28,224.49,13824592,1627058622,29.25,1.83,1.402,Healthcare,Portfolio_C,Usd,Buy,1937,228.23
Trd01214,AAPL,05-05-2020,733.48,769.36,721.86,746.97,24853549,5919489256,62.39,0.534,1.412,Technology,Portfolio_C,Gbp,Buy,4974,835.63
Trd00178,INTC,05-05-2020,539.5,589.19,521.05,565.49,41386837,5593266114,49.06,1.439,0.372,Energy,Portfolio_B,Eur,Sell,4047,605.57
Trd01621,MSFT,05-05-2020,483.26,504.64,465.89,467.41,25562169,3671647643,79.56,3.155,0.733,Technology,Portfolio_B,Usd,Buy,1733,437.76
Trd00669,NVDA,06-05-2020,703.65,706.62,658.36,683.06,20084007,6553559061,27.34,1.823,1.93,Consumer,Portfolio_C,Usd,Sell,259,768.79
Trd01688,WFC,06-05-2020,751.8,767.98,726.68,764.77,27775484,3706657410,33.52,4.42,1.402,Financial,Portfolio_A,Gbp,Buy,3165,662.08
Trd00287,JPM,07-05-2020,255.7,262.58,242.74,254.99,24206452,1115533567,8.27,3.786,1.727,Consumer,Portfolio_B,Usd,Sell,284,270.59
Trd01383,MSFT,07-05-2020,472.17,491.57,447.56,461.65,25562169,4419675061,51.11,0.507,2.478,Technology,Portfolio_C,Usd,Sell,2512,405.87
Trd01328,WFC,07-05-2020,446.53,460.9,412.43,430.53,11582286,1949394570,49.04,1.65,1.402,Consumer,Portfolio_A,Usd,Sell,3289,465.55
Trd01524,BRK,11-05-2020,593.2,610.24,532.39,553.86,33861742,1299492917,49.08,2.406,0.915,Financial,Portfolio_C,Usd,Sell,421,641.17
Trd00804,JPM,11-05-2020,360.97,390.45,351.76,377.28,18893959,2260296176,63.99,1.307,2.089,Healthcare,Portfolio_A,Eur,Sell,1032,376.92
Trd00682,AMZN,12-05-2020,789.47,848.58,764.47,811.27,30252574,820828383.1,65,2.475,1.921,Financial,Portfolio_A,Gbp,Buy,816,911.3
Trd00488,GS,12-05-2020,444.83,453.74,431.53,440.66,14805735,4138193994,35.27,0.13,1.385,Energy,Portfolio_B,Usd,Sell,92,468.03
Trd00007,GOOGL,13-05-2020,611.29,635.59,576.51,601.95,26122325,722730063.6,67.77,2.406,2.27,Healthcare,Portfolio_C,Gbp,Sell,497,632.89
Trd00994,INTC,13-05-2020,585.24,593.55,558.52,566.54,12031438,3799497677,29.06,3.374,1.402,Technology,Portfolio_A,Usd,Buy,2441,563.23
Trd00157,MSFT,13-05-2020,493.74,503.82,447.84,466.36,19617585,3160830450,17.2,0.335,1.667,Technology,Portfolio_B,Usd,Buy,2255,491.12
Trd00879,META,15-05-2020,560.97,567.19,501.35,520.33,10725775,1934649900,38.36,1.209,1.548,Consumer,Portfolio_C,Usd,Buy,1718,508.46
Trd01753,AMZN,19-05-2020,293.54,329.93,283.94,315.81,32302968,2445055971,61.25,3.628,0.329,Energy,Portfolio_B,Gbp,Buy,3205,308.19
Trd01062,AMZN,22-05-2020,121.8,130.5,120.72,127.81,1861619,715701619.1,43.73,1.637,1.402,Technology,Portfolio_A,Usd,Sell,2606,131.46
Trd00418,BRK,25-05-2020,715.49,731.41,696.78,719.02,5662525,6321247793,56.02,2.406,0.655,Technology,Portfolio_A,Eur,Sell,4705,698.68
Trd01227,GS,27-05-2020,157.47,163.27,155.75,157.52,25923014,1315331853,12.22,1.207,1.056,Technology,Portfolio_A,Usd,Sell,305,130.71
Trd00407,META,27-05-2020,266.44,270.18,239.16,250.9,40476651,1896328043,52.51,0.452,2.246,Consumer,Portfolio_B,Usd,Sell,4154,262.9
Trd00574,JPM,28-05-2020,456.29,484.63,452.12,479.79,45956096,3297597630,79,1.254,0.792,Financial,Portfolio_A,Usd,Sell,1009,401.3
Trd00937,TSLA,29-05-2020,443.96,463.01,439.91,457.68,28205009,4095381054,43.73,2.726,2.176,Technology,Portfolio_B,Usd,Sell,3630,383.85
Trd01627,AAPL,01-06-2020,441.7,486.91,433.8,473.32,9561446,2529687139,77.38,1.201,1.922,Technology,Portfolio_A,Usd,Sell,4083,519.56
Trd01183,AAPL,02-06-2020,652.95,659.6,644.57,650.29,19164207,756258657.2,16.21,1.253,1.402,Technology,Portfolio_C,Usd,Sell,3816,668.89
Trd01463,AMD,03-06-2020,105.59,108.99,96.75,101.32,25562169,379079053.3,54.39,4.126,2.448,Healthcare,Portfolio_B,Usd,Buy,4484,108.41
Trd01287,GS,04-06-2020,220.59,226.59,205.19,211.53,30693091,1244417875,13.63,1.079,1.97,Consumer,Portfolio_B,Usd,Sell,1316,182.45
Trd01230,JPM,05-06-2020,188.77,196.57,176.92,179.34,25562169,1274613677,70.72,2.406,2.104,Healthcare,Portfolio_A,Eur,Sell,4490,158.46
Trd00894,BAC,08-06-2020,283.59,290.44,269.02,282.56,19005481,612829973.4,43.73,1.941,1.16,Healthcare,Portfolio_C,Usd,Buy,2604,304.65
Trd00364,WFC,11-06-2020,124.71,129.13,122.44,122.98,18790402,574429003.7,65.74,1.585,1.402,Technology,Portfolio_A,Usd,Sell,1412,138.12
Trd00422,WFC,11-06-2020,661.25,719.53,649.83,708.73,21981561,6050250119,69.04,0.43,2.15,Technology,Portfolio_C,Usd,Sell,1550,848.12
Trd00184,AMD,15-06-2020,543.03,553.44,499.88,438.495,13028080,4404859658,53.06,1.89,0.902,Consumer,Portfolio_B,Usd,Buy,3380,496.86
Trd00915,AMD,15-06-2020,218.08,229.71,216.23,222.6,24731139,1522280596,72.3,4.16,0.837,Financial,Portfolio_C,Usd,Buy,1978,241.95
Trd01759,AMZN,15-06-2020,680.69,703.07,669.48,702.81,42271316,5203575019,49.64,0.004,1.558,Healthcare,Portfolio_A,Eur,Buy,2027,796.5
Trd01246,META,16-06-2020,686.99,750.01,676.65,733.13,31779009,1024340233,43.73,3.847,0.317,Consumer,Portfolio_A,Usd,Buy,2364,709.02
Trd00358,AAPL,17-06-2020,447.74,467.08,433.64,463.72,19581102,1925840289,9.17,1.546,1.759,Consumer,Portfolio_C,Usd,Sell,3043,396.02
Trd00744,INTC,17-06-2020,224.05,241.86,213.72,234.2,40009849,277079678,48.87,4.254,2.21,Consumer,Portfolio_C,Eur,Buy,14,194.65
Trd01480,INTC,17-06-2020,578.32,599.4,569.43,584.97,20761568,3366879071,43.73,2.406,1.65,Technology,Portfolio_A,Eur,Sell,4363,576.32
Trd00629,META,17-06-2020,157.79,158.74,146.2475152,158.74,49895472,1116471757,49.38,2.167,0.981,Healthcare,Portfolio_B,Gbp,Sell,1832,185.08
Trd00865,NVDA,17-06-2020,756.81,811.62,719.71,776.15,21804161,1949394570,54.01,1.258,0.728,Financial,Portfolio_C,Usd,Buy,1440,880.65
Trd01969,WFC,17-06-2020,464.86,487.43,432.55,444.48,3064740,1336166440,9.7,0.22,1.745,Healthcare,Portfolio_C,Usd,Sell,562,474.47
Trd01657,AMZN,18-06-2020,562.91,578.38,538.87,438.495,19544056,1987138312,49.79,3.699,1.732,Energy,Portfolio_A,Usd,Sell,742,590.98
Trd00233,META,18-06-2020,329.97,341.03,326.89,329.97,25562169,1949394570,15.54,3.749,1.775,Financial,Portfolio_A,Usd,Sell,2729,318.86
Trd01642,NFLX,18-06-2020,181.9,188.68,173.77,185.02,11757641,622548265.2,37.52,4.297,0.827,Consumer,Portfolio_B,Usd,Sell,3715,207.79
Trd00023,TSLA,18-06-2020,511.72,537.27,485.31,505.08,40012772,684038935.4,8.6,4.494,1.122,Technology,Portfolio_B,Usd,Buy,4787,574.22
Trd01924,WFC,18-06-2020,239.07,239.35,226.5,227,16931180,1011947840,47.81,0.903,1.38,Technology,Portfolio_B,Usd,Buy,359,212.54
Trd00145,TSLA,19-06-2020,310.11,313.48,293.05,305.91,6090408,479081980.1,43.73,2.406,1.795,Financial,Portfolio_A,Usd,Sell,-33,364.66
Trd00136,AMD,22-06-2020,628.48,671.05,604.7,668.23,32627974,4931189920,17.01,2.618,1.623,Technology,Portfolio_B,Usd,Sell,4694,651.91
Trd00572,AMD,22-06-2020,75.38,75.43,70.59,72.47,30498912,375161681.4,69,2.406,2.127,Energy,Portfolio_C,Usd,Buy,2559,68.47
Trd01787,INTC,22-06-2020,766.1,770.81,685.34,438.495,47559857,991060374.1,28.57,1.261,2.146,Technology,Portfolio_A,Usd,Sell,4645,573.98
Trd01578,MSFT,22-06-2020,399.58,419.23,394.26,410.27,15835861,2952006705,11.7,2.393,2.066,Financial,Portfolio_B,Usd,Buy,3601,444.48
Trd00978,JPM,23-06-2020,547.65,593.79,529.91,590.39,28173756,2697505489,79.3,1.208,0.833,Energy,Portfolio_B,Eur,Buy,264,556.88
Trd00970,AMD,24-06-2020,538.27,559.25,500.74,523.34,17221554,2222046689,77.81,2.612,1.402,Consumer,Portfolio_A,Eur,Buy,4463,552.79
Trd01636,NFLX,24-06-2020,649.11,701.5,632.86,677.46,45389772,1713068713,47.65,0.293,0.947,Healthcare,Portfolio_C,Eur,Sell,-472,593.82
Trd01913,TSLA,24-06-2020,724.5,739.62,691.72,438.495,1670205,6728021115,43.73,1.942,1.402,Consumer,Portfolio_A,Usd,Sell,3495,768.71
Trd00342,AMD,25-06-2020,307.66,321.27,292.52,310.99,25562169,2638057886,45.68,2.406,1.085,Healthcare,Portfolio_A,Usd,Buy,2680,337.37
Trd01421,AMD,25-06-2020,378.96,387.61,370.04,377.24,12660798,3342910374,48.53,2.246,1.914,Energy,Portfolio_C,Gbp,Sell,901,428.22
Trd00821,MSFT,25-06-2020,57.95,60.83,55.75,60.83,31641909,557654827.7,30.61,2.28,1.97,Technology,Portfolio_C,Gbp,Buy,722,69.77
Trd00461,NVDA,25-06-2020,261.69,272.84,255.34,267.97,29337748,826596876.1,43.73,1.913,1.908,Healthcare,Portfolio_C,Eur,Buy,2776,262.42
Trd00563,INTC,26-06-2020,293.88,294.1,274.65,288.75,23796868,2539663954,43.73,2.956,2.148,Technology,Portfolio_A,Usd,Sell,3731,272.32
Trd01956,NFLX,29-06-2020,563.19,565.34,540.52,544.72,12972577,2551442878,39.13,1.234,0.458,Healthcare,Portfolio_B,Gbp,Sell,2249,512.8
Trd01574,JPM,03-07-2020,372.5,379.71,352.56,357.78,40559997,2230464920,39,0.653,0.359,Consumer,Portfolio_B,Usd,Sell,597,291.71
Trd01610,NFLX,03-07-2020,150.41,152.14,140.97,147.5,4904174,1064420180,74.55,2.406,1.803,Consumer,Portfolio_A,Eur,Sell,135,153.46
Trd00200,TSLA,06-07-2020,272.31,273.13,245.34,253.44,24501638,2435289500,56.13,1.386,1.141,Technology,Portfolio_C,Usd,Sell,398,264.11
Trd01584,META,07-07-2020,768.01,792.83,699.89,732.82,1776592,6469326166,42.16,1.833,1.481,Technology,Portfolio_B,Usd,Buy,4565,872.53
Trd01651,NFLX,09-07-2020,574.71,576.86,518.51,545.57,26331033,4282049630,30.59,4.229,2.496,Healthcare,Portfolio_B,Gbp,Buy,487,443.39
Trd01333,TSLA,09-07-2020,434.49,455.04,395.02,402.2,44892404,2783850225,18.31,1.25,1.291,Financial,Portfolio_C,Eur,Buy,1526,448.78
Trd00750,WFC,09-07-2020,508.83,536.93,491.43,534.15,35132138,1614822516,43.73,2.406,1.772,Technology,Portfolio_B,Gbp,Buy,4276,543.65
Trd00326,META,10-07-2020,103,106.67,94.7,97.64,38817026,1949394570,49.39,4.93,0.575,Energy,Portfolio_A,Eur,Sell,3528,108
Trd01540,GS,13-07-2020,158.84,167.09,158.14,159.52,8729410,621322902.6,37.26,2.426,1.402,Healthcare,Portfolio_A,Usd,Sell,2603,173.72
Trd01819,TSLA,13-07-2020,305.58,329.32,295.01,325.33,17061030,527611084.8,56.71,4.153,1.788,Consumer,Portfolio_B,Usd,Sell,701,382.96
Trd01479,BAC,14-07-2020,294.1,331.13,288.49,317.08,6310045,1796630769,66.65,4.835,0.866,Consumer,Portfolio_C,Usd,Buy,1729,370.26
Trd01216,NFLX,14-07-2020,292.57,302.35,270.73,271.71,39227998,1457692903,34.36,0.664,1.048,Consumer,Portfolio_C,Eur,Sell,1058,287.07
Trd01096,NVDA,14-07-2020,349.06,362.57,339.48,438.495,8890534,1501160341,53.06,4.814,2.019,Financial,Portfolio_C,Usd,Sell,1702,404.96
Trd00076,BRK,15-07-2020,58.7,64.06,58.44,62.02,26057351,1949394570,29.81,4.16,1.358,Healthcare,Portfolio_C,Eur,Buy,3555,65.25
Trd00503,GOOGL,15-07-2020,151.18,154.55,145.75,149.5,21466921,1177349726,24.55,2.594,1.128,Energy,Portfolio_B,Usd,Sell,2365,161.21
Trd01747,GOOGL,17-07-2020,85.25,999999,81.62,999999,40165893,153920467.4,27.93,0.132,0.616,Healthcare,Portfolio_C,Usd,Buy,4787,79.32
Trd01147,NVDA,17-07-2020,218.23,227.57,209.53,227.42,42374423,560765640.8,51.18,2.406,1.846,Energy,Portfolio_B,Usd,Sell,340,251.59
Trd00064,META,21-07-2020,399.66,413.38,372.19,383.41,28245247,2311980320,43.73,3.377,2.281,Financial,Portfolio_A,Usd,Buy,2436,372.4
Trd01605,WFC,22-07-2020,582.41,588.5,562.03,584.2,23255810,1949394570,37.21,4.745,1.934,Energy,Portfolio_B,Eur,Sell,886,640.18
Trd00800,META,23-07-2020,177.83,179.96,161.39,164.31,26912376,1949394570,37.87,3.305,1.996,Technology,Portfolio_A,Usd,Sell,3755,195.8
Trd00548,WFC,23-07-2020,548.14,593.29,526.39,586.6,36253040,3005835776,43.73,4.567,1.878,Technology,Portfolio_B,Usd,Sell,1805,689.97
Trd00952,AMD,24-07-2020,267.94,279.87,266.7,269.8,32626294,606538998.8,52.07,0.449,0.447,Healthcare,Portfolio_A,Gbp,Sell,3934,229.43
Trd00397,BRK,24-07-2020,62.98,68.98,60.68,438.495,22122015,319452988.8,60.93,4.708,1.402,Technology,Portfolio_B,Eur,Sell,406,55.17
Trd00550,BAC,27-07-2020,72.81,77.91,69.88,76.24,39122174,386543280.4,66.64,4.933,0.403,Healthcare,Portfolio_A,Eur,Sell,4769,66.85
Trd01261,AAPL,28-07-2020,288.77,297.3,279.4,288.63,37387551,1232377943,8.84,1.535,0.635,Consumer,Portfolio_B,Usd,Buy,1747,317.78
Trd01763,AAPL,28-07-2020,676.26,684.23,650.59,656.75,44338270,2218645985,43.73,2.335,0.539,Energy,Portfolio_B,Usd,Sell,3513,730.63
Trd00799,GOOGL,28-07-2020,293.82,302.27,271.07,276.52,21609479,1843080737,18.63,1.633,0.904,Energy,Portfolio_B,Gbp,Buy,1546,225.84
Trd00565,META,28-07-2020,145.38,150.86,133.54,137.05,37126092,1949394570,28.05,4.483,2.368,Technology,Portfolio_B,Usd,Buy,2434,141.88
Trd01501,JPM,29-07-2020,480.36,501.01,427.7,445.22,25486529,1949394570,36.3,0.566,0.937,Technology,Portfolio_C,Usd,Sell,3845,416.16
Trd01318,TSLA,29-07-2020,682.29,707.28,631.53,635.08,2970477,2930693515,56.78,4.295,1.908,Technology,Portfolio_C,Gbp,Sell,2262,683.63
Trd00613,WFC,29-07-2020,523.45,553.04,515.09,547.36,1923376,4772459208,62.03,2.873,1.946,Energy,Portfolio_B,Usd,Sell,4957,446.78
Trd00159,AAPL,30-07-2020,255.65,277.31,248.43,264.52,42317596,2513682243,12.51,2.503,1.123,Consumer,Portfolio_B,Eur,Sell,4790,290.27
  Trd01427  ,AMD,30-07-2020,374.25,384.92,348.65,350.63,6241295,875506279.8,50.47,0.578,1.921,Financial,Portfolio_B,Usd,Sell,1913,316.09
Trd00790,BAC,30-07-2020,438.24,457.61,420.29,438.495,6548597,3251318946,43.73,1.692,0.601,Financial,Portfolio_A,Eur,Sell,4928,443.3
Trd00790,BAC,30-07-2020,438.24,457.61,420.29,438.495,6548597,3251318946,43.73,1.692,0.601,Consumer,Portfolio_A,Eur,Sell,4928,443.3
Trd01911,WFC,31-07-2020,605.25,611.85,543.9,569.17,27626508,2097472841,38.39,2.659,1.558,Technology,Portfolio_B,Usd,Sell,2807,486.93
Trd00406,GS,03-08-2020,360.31,373.35,345.55,368.63,25562169,1120500281,35.87,0.595,1.402,Healthcare,Portfolio_C,Usd,Sell,1516,438.72
Trd01118,WFC,03-08-2020,285.21,296.9,270.84,278.43,45809806,1055281163,68.09,2.287,0.671,Financial,Portfolio_B,Usd,Sell,1877,224.77
Trd01125,NFLX,04-08-2020,193.97,197.38,182.27,187.53,5648420,1949394570,20.89,0.731,1.585,Energy,Portfolio_A,Eur,Sell,2725,198.01
Trd00766,INTC,05-08-2020,134.62,173.6455936,139.46,138.17,20271162,1354421373,68.57,1.976,1.044,Energy,Portfolio_B,Usd,Sell,3815,128.08
Trd00679,META,05-08-2020,719.56,737.94,663.2,671.64,1990135,6236937696,43.73,1.953,0.315,Consumer,Portfolio_B,Eur,Sell,862,793.16
Trd01275,META,05-08-2020,521.22,533.4,486.51,491.4,25562169,3687991889,63.46,1.959,1.665,Healthcare,Portfolio_A,Usd,Buy,272,407.11
Trd00260,GOOGL,06-08-2020,247,255.59,235.94,239.66,25985805,839334615.7,27.46,0.372,1.633,Consumer,Portfolio_C,Gbp,Sell,2575,261.32
Trd01566,GOOGL,06-08-2020,507.09,518.15,466.73,473.61,6339627,2976164293,45.6,3.576,0.592,Energy,Portfolio_B,Usd,Sell,1688,536.91
Trd01697,NFLX,10-08-2020,203.57,455.31,187.8,438.495,43450005,258887943.8,8.29,0.795,1.402,Technology,Portfolio_C,Usd,Sell,1732,183.01
Trd01088,NVDA,11-08-2020,461.69,445.69,417.2260144,445.69,25562169,1949394570,64.93,1.218,0.815,Technology,Portfolio_B,Usd,Buy,761,442.52
Trd01905,NVDA,12-08-2020,708.29,730.88,639.83,665.03,41837684,6310106564,53.69,1.868,0.557,Consumer,Portfolio_B,Usd,Buy,1143,602.84
Trd00310,GS,13-08-2020,657.36,683.57,637.73,675.54,45149511,2369299149,24.83,2.317,1.722,Technology,Portfolio_A,Usd,Sell,3370,763.5
Trd01363,META,13-08-2020,87.47,95.32,84.03,91.22,18308395,385718296.8,46.18,1.215,0.722,Healthcare,Portfolio_A,Usd,Sell,820,89.56
Trd01181,AMZN,14-08-2020,255.17,268.52,249,263.62,25486944,1853451324,50.09,4.038,1.402,Financial,Portfolio_C,Eur,Sell,4875,225.99
Trd00907,AMD,18-08-2020,489.62,551.66,475.45,527.67,23943174,563648123.6,43.73,1.847,0.523,Healthcare,Portfolio_A,Usd,Sell,2159,572.22
Trd01674,AMD,18-08-2020,315.43,328.25,300.12,316.88,37259731,2646826708,53.15,2.406,0.839,Financial,Portfolio_B,Gbp,Sell,1481,265.76
Trd00842,BAC,18-08-2020,149.42,152.6,143.12,143.47,5675303,640769013.8,54.73,3.487,0.754,Technology,Portfolio_B,Gbp,Sell,4163,171.18
Trd00530,NVDA,18-08-2020,695.41,705.53,674.96,699.75,21150940,6158915402,53.73,4.143,1.065,Healthcare,Portfolio_B,Usd,Sell,2484,574.14
Trd01165,TSLA,20-08-2020,50.15,50.77,46.02,46.97,1420445,331528398,6.75,3.064,1.546,Financial,Portfolio_B,Usd,Sell,249,54.01
Trd00718,TSLA,21-08-2020,218.98,222.09,203.32,438.495,20212277,1830720563,16.82,2.944,1.722,Consumer,Portfolio_B,Gbp,Sell,1975,227.22
Trd00811,GOOGL,24-08-2020,501.03,557.25,476.2,540.04,35823342,2730391476,65.94,0.339,1.254,Consumer,Portfolio_B,Eur,Buy,3141,502.84
Trd01796,GOOGL,24-08-2020,349.3,365.03,332.46,356.14,25562169,1399732768,44.81,0.258,1.593,Energy,Portfolio_C,Usd,Buy,4547,337.9
Trd00647,GS,26-08-2020,268.67,275.51,254.15,266.92,27537639,1332832456,43.73,4.318,0.609,Healthcare,Portfolio_C,Gbp,Buy,2037,279.48
Trd00196,NFLX,26-08-2020,523.59,539.3,490.98,-1,16111457,1663277642,28.35,0.105,1.402,Financial,Portfolio_B,Usd,Sell,4434,403.98
Trd01032,AMD,28-08-2020,66.81,69.21,65.53,66.54,37978183,511241924.6,43.73,3.613,0.9,Financial,Portfolio_A,Usd,Sell,4212,67.18
Trd01641,META,28-08-2020,204.56,213.85,199.77,208.56,21552534,214229912.2,9.65,1.918,1.169,Financial,Portfolio_B,Eur,Sell,1026,167.2
Trd01502,MSFT,28-08-2020,149.28,153.92,135.52,139.44,2763871,712386410.4,76.74,3.403,2.022,Healthcare,Portfolio_A,Usd,Buy,864,145.59
Trd00201,TSLA,28-08-2020,429.14,448.64,423.86,434.84,6765365,559350346.2,8.67,0.232,1.841,Healthcare,Portfolio_C,Usd,Buy,2589,506
Trd01647,WFC,28-08-2020,300.18,455.31,289.68,438.495,25562169,1949394570,66.61,2.406,1.152,Healthcare,Portfolio_C,Eur,Sell,1711,277.21
Trd01103,AAPL,01-09-2020,331.43,348.67,319.33,337.69,21368984,1949394570,21.16,2.565,1.546,Financial,Portfolio_B,Eur,Sell,4508,310.4
Trd01564,AMZN,01-09-2020,124.54,126.66,122.41,125.87,21722465,1085039049,9.46,4.668,1.571,Healthcare,Portfolio_B,Usd,Sell,4855,146.73
Trd01571,META,02-09-2020,666.66,697.66,635.97,640.2,43433951,3492202012,56.56,2.517,1.602,Technology,Portfolio_B,Usd,Buy,1010,709.02
Trd00887,TSLA,02-09-2020,476.4,486.61,455.05,462.18,25562169,1949394570,54.89,2.576,0.435,Consumer,Portfolio_A,Eur,Buy,3108,546.67
Trd00376,BAC,03-09-2020,704.93,729.32,671.41,438.495,26438944,3484092162,61.75,3.769,1.859,Healthcare,Portfolio_A,Eur,Sell,1506,787.68
Trd00589,TSLA,03-09-2020,291.79,299.02,278.47,284.27,18483958,1103691067,71.82,3.42,0.489,Healthcare,Portfolio_A,Usd,Buy,2470,249.86
Trd01020,GS,04-09-2020,71.74,72.99,66.41,66.99,39145444,98505512.49,20.44,2.406,1.501,Consumer,Portfolio_A,Usd,Sell,3246,55.19
Trd01156,INTC,04-09-2020,736.91,800.79,700.72,438.495,25562169,1113356989,54.13,2.005,1.687,Technology,Portfolio_B,Eur,Sell,2512,862.57
Trd00055,NVDA,04-09-2020,512.12,515.13,484.79,438.495,31648904,1949394570,45.47,0.601,1.402,Consumer,Portfolio_A,Usd,Sell,1664,444.59
Trd01644,GS,07-09-2020,342.92,372.06,334.69,355.06,666123,848105547.6,40.6,0.234,2.104,Consumer,Portfolio_C,Eur,Sell,708,347.2
Trd01130,MSFT,07-09-2020,112.26,115.66,101.11,105.06,19040250,416545460,47.98,4.327,1.536,Technology,Portfolio_A,Gbp,Sell,278,114.77
Trd01310,AMD,08-09-2020,77.72,81.65,76.53,79.13,19782604,574254006.5,6.96,2.406,1.476,Energy,Portfolio_A,Usd,Sell,1354,74.94
Trd01208,GOOGL,08-09-2020,63.3,67.91,62.3,66.36,11254604,651882416.6,78.23,4.948,0.519,Energy,Portfolio_B,Usd,Sell,1726,65.82
Trd01144,AAPL,09-09-2020,317.98,333.42,296.8,307.73,49162636,1226000013,78.54,2.467,0.856,Healthcare,Portfolio_C,Eur,Sell,59,261.63
Trd01244,AMD,09-09-2020,798.93,868.57,773.27,841.26,661383,1301817882,77.47,4.302,1.865,Financial,Portfolio_C,Eur,Sell,846,871.87
Trd00668,GOOGL,09-09-2020,356.04,366.2,354.3,358.47,13075217,3168607023,16.54,4.471,1.968,Energy,Portfolio_A,Gbp,Sell,2585,362.06
  Trd00284  ,JPM,10-09-2020,539.53,575.1,531.87,572.56,44633541,3703913542,65.66,3.025,2.002,Consumer,Portfolio_A,Usd,Sell,3577,476.29
Trd00284,JPM,10-09-2020,539.53,575.1,531.87,572.56,44633541,3703913542,65.66,3.025,2.002,Consumer,Portfolio_A,Usd,Sell,3577,476.29
Trd00163,NFLX,10-09-2020,714.58,745.32,689.13,709.82,32643979,5726947010,43.73,1.024,1.402,Healthcare,Portfolio_B,Usd,Buy,555,730.66
Trd00307,META,11-09-2020,790.45,804.55,756.9,783.47,37986453,3890272493,48.99,2.065,1.761,Financial,Portfolio_C,Usd,Buy,1278,788.8
Trd00762,MSFT,14-09-2020,722.1,756.94,711.63,753.7,45391167,5562603712,36,3.889,1.207,Technology,Portfolio_B,Usd,Sell,3923,867.85
Trd00372,BAC,15-09-2020,684.67,707,665.1,697.78,13495121,4337096946,73.32,2.013,1.402,Consumer,Portfolio_A,Eur,Buy,1023,762.33
Trd01555,NVDA,15-09-2020,684.12,729.11,657.32,714.37,5473737,5681316745,45.67,2.125,1.697,Consumer,Portfolio_C,Usd,Sell,838,787.78
Trd01975,AMD,16-09-2020,222.38,235.8,219.12,438.495,25566480,1654101607,43.73,3.713,1.968,Consumer,Portfolio_C,Usd,Buy,2444,193.17
Trd00226,JPM,17-09-2020,769.74,793.03,743.98,777.3,5340932,5389936559,59.33,2.331,1.096,Financial,Portfolio_A,Usd,Sell,4706,744.3
Trd01736,TSLA,17-09-2020,410.98,445.81,408.25,433.32,15318832,1947506475,17.96,2.897,1.315,Technology,Portfolio_C,Usd,Sell,2280,478.96
Trd01460,AMD,18-09-2020,225.46,230.91,218.21,226.66,21416044,1705698778,59.83,4.781,0.819,Healthcare,Portfolio_C,Usd,Buy,1116,258.88
Trd01052,BAC,21-09-2020,538.76,554.77,519.22,438.495,1350712,2133452915,37.56,1.781,2.009,Healthcare,Portfolio_B,Eur,Buy,4573,478.48
Trd00580,NVDA,21-09-2020,688.16,690.94,617.26,646.29,3246904,2833372199,67.35,3.28,1.402,Energy,Portfolio_A,Usd,Sell,4633,596.38
Trd01225,AMD,22-09-2020,624.64,634.05,569.86,594.23,43204252,2919154875,75.15,2.406,1.139,Consumer,Portfolio_C,Usd,Sell,2276,616.15
Trd01037,BRK,22-09-2020,341.26,369.25,326.38,360.99,25724076,1764381222,52.86,3.729,0.68,Financial,Portfolio_C,Usd,Buy,624,306.19
Trd01304,META,22-09-2020,400.6,433.83,381.4,425.28,14544181,3461982059,65.86,2.406,1.755,Technology,Portfolio_A,Eur,Sell,4422,443.14
Trd00360,META,23-09-2020,310.03,329.1150661,324.34,298.96,4146539,2771824382,49.83,1.572,1.276,Financial,Portfolio_C,Gbp,Sell,3191,346.87
Trd00168,NVDA,24-09-2020,360.46,379.27,353.89,374.65,1780791,1949394570,43.73,1.396,0.916,Consumer,Portfolio_B,Usd,Buy,956,375.79
Trd01180,AMZN,25-09-2020,750.01,818.64,732.59,791.29,5438491,4899302895,51.42,0.782,0.766,Financial,Portfolio_C,Gbp,Sell,2426,669.57
Trd01523,BAC,25-09-2020,753.86,796.89,719.52,773.05,25024333,5452569026,79.96,3.473,2.475,Energy,Portfolio_B,Usd,Buy,4926,778.74
Trd01623,NFLX,25-09-2020,303.26,309.56,298.02,438.495,1621747,1381690579,70.42,1.224,1.89,Financial,Portfolio_A,Eur,Buy,1647,328.01
Trd01418,AMZN,28-09-2020,319.9,327.89,305.13,312,24893996,1000491648,65.62,3.51,1.402,Financial,Portfolio_C,Eur,Buy,464,266.41
Trd00893,BAC,28-09-2020,531.42,561.95,524.34,540.06,2191492,2844108797,46.1,3.424,1.422,Consumer,Portfolio_A,Gbp,Buy,2752,560.15
Trd00892,GOOGL,28-09-2020,295.94,299.04,291.32,298.58,30684587,467882623.1,53.03,1.913,2.268,Energy,Portfolio_C,Usd,Sell,2918,346.6
Trd01291,AMD,29-09-2020,477.78,509.67,458.3,493.9,27976454,1073400000,26.98,4.547,1.65,Technology,Portfolio_A,Gbp,Buy,2913,543.03
Trd00898,BAC,30-09-2020,500.77,505.56,462.9,475.06,7260068,991647369.9,11.01,3.072,1.401,Energy,Portfolio_B,Usd,Sell,3117,529.57
Trd01834,GS,30-09-2020,72.7,73.95,69.36,71.77,30014349,162628810.4,53.33,3.869,0.496,Technology,Portfolio_A,Eur,Buy,362,64.62
Trd01436,META,30-09-2020,775.4,803.56,764.86,791.95,28182675,6135889217,73.77,4.02,1.504,Energy,Portfolio_B,Usd,Buy,233,888.72
Trd00105,BRK,02-10-2020,145.26,153.25,138.83,150.06,15993933,1949394570,60.35,2.406,1.01,Consumer,Portfolio_A,Eur,Sell,4322,152.65
Trd00741,BRK,02-10-2020,432.07,445.14,420.04,426.13,8740552,4085186437,40.23,4.087,2.027,Technology,Portfolio_C,Eur,Buy,1868,439.8
Trd01441,NFLX,02-10-2020,422.73,437.12,400.68,414.98,25596546,1887731571,5.53,0.852,2.245,Energy,Portfolio_B,Gbp,Sell,542,401.08
Trd00332,TSLA,05-10-2020,560.46,599.84,534.26,593.52,17218341,5911481160,73.78,2.303,0.423,Consumer,Portfolio_C,Usd,Sell,3718,590.84
Trd01995,AAPL,07-10-2020,590.41,617.42,543.42,547.32,25562169,3747332013,22.97,4.218,1.746,Consumer,Portfolio_A,Usd,Sell,1457,587.55
Trd01288,WFC,08-10-2020,250.49,260.28,244.81,250.97,15832235,477077907.9,50.96,3.428,0.695,Technology,Portfolio_B,Usd,Buy,1924,216.89
Trd01189,WFC,09-10-2020,523.43,528.31,482.49,501.28,48927425,3846520949,49.13,2.051,0.337,Technology,Portfolio_C,Usd,Sell,426,483.41
Trd01023,GOOGL,12-10-2020,577.69,592.42,547.73,565.4,28046825,5520050521,18.51,1.461,1.233,Healthcare,Portfolio_A,Usd,Sell,1478,540.88
Trd00897,MSFT,12-10-2020,587.19,608.82,581.48,601.53,40567573,2093691333,59.02,0.491,0.516,Healthcare,Portfolio_A,Gbp,Sell,2690,712.49
Trd01499,WFC,12-10-2020,492.43,496.69,456.66,472,49244558,2005002192,37.75,3.697,2.429,Healthcare,Portfolio_C,Usd,Sell,2705,494.94
  Trd00509  ,NVDA,13-10-2020,61.7,61.86,58.64,59.13,32619996,430923415.8,36.24,2.126,0.873,Healthcare,Portfolio_A,Usd,Buy,4788,63.47
Trd00619,AAPL,14-10-2020,504.93,549.21,488.82,539.48,37672606,795086703,50.49,4.839,2.468,Financial,Portfolio_C,Usd,Sell,663,564.5
Trd01305,GS,14-10-2020,339.58,351.97,331.64,333.8,31581212,970457073.8,62.2,1.635,0.691,Consumer,Portfolio_A,Usd,Sell,4353,333.08
Trd01983,AMD,15-10-2020,683.37,709.58,629.77,651.24,25562169,2156809845,48.76,3.09,1.04,Consumer,Portfolio_C,Usd,Buy,4142,644.33
Trd01685,AMZN,15-10-2020,536.28,546.24,486.5,438.495,39736896,2093341163,23.41,0.322,1.22,Technology,Portfolio_C,Gbp,Buy,31,533.2
Trd01028,BRK,16-10-2020,797.53,835.67,779.71,807.35,9412194,7323596989,31.53,0.205,2.252,Healthcare,Portfolio_C,Gbp,Buy,4798,696.97
Trd01907,META,19-10-2020,258.89,267.87,250.97,258.31,25562169,1291879604,56.08,1.698,1.402,Consumer,Portfolio_A,Eur,Sell,2888,299.19
Trd01885,NVDA,19-10-2020,333.42,345.03,305.91,316.75,20669367,1949394570,29.53,0.893,1.883,Healthcare,Portfolio_A,Usd,Sell,360,298.7
Trd01015,WFC,20-10-2020,721.45,729.93,662.46,676.87,19666852,5830116184,65.92,4.468,2.016,Energy,Portfolio_C,Usd,Sell,4509,555.19
Trd00739,AMD,21-10-2020,333.8,368.93,320.17,359.71,25562169,2801604572,47.43,0.06,1.263,Technology,Portfolio_B,Eur,Sell,61,317.57
Trd01004,JPM,21-10-2020,126.32,136.57,120.88,438.495,20344777,741350817.2,23.08,4.348,2.414,Consumer,Portfolio_A,Usd,Sell,4117,123.79
Trd01080,AMD,22-10-2020,692.38,715.76,668.92,694.99,28704605,2665744648,43.73,2.806,1.379,Consumer,Portfolio_C,Usd,Buy,4172,646.56
Trd00748,BRK,22-10-2020,666.85,707.49,660.98,696.42,40068859,4612957939,12.05,1.704,0.728,Financial,Portfolio_C,Usd,Sell,4256,624.86
Trd01075,JPM,23-10-2020,142.73,151.16,141.65,150.89,40099885,672160327.8,34.51,1.524,1.207,Consumer,Portfolio_C,Usd,Buy,1321,176.39
Trd01671,GOOGL,27-10-2020,760.01,835.25,758,804.54,9372529,1243155095,21.74,4.903,0.874,Financial,Portfolio_C,Gbp,Buy,2360,791.56
Trd00441,NFLX,28-10-2020,597.6,617.09,546.02,438.495,48284885,2239734165,6.37,4.625,1.6,Consumer,Portfolio_B,Gbp,Sell,276,501.24
Trd00716,AAPL,29-10-2020,73.25,75.62,67.46,68.28,15532836,320928495.2,33.23,1.47,1.774,Healthcare,Portfolio_B,Usd,Buy,52,79.29
Trd00976,BRK,29-10-2020,625.06,646.85,616.42,630.07,7254496,2218519315,22.88,0.572,2.267,Financial,Portfolio_B,Usd,Buy,2003,712.72
Trd00604,META,29-10-2020,625.78,634.35,577.21,587.56,14476938,2093360531,13.31,0.686,2.424,Financial,Portfolio_C,Usd,Buy,2990,530.64
Trd00831,NFLX,29-10-2020,254.24,258.73,231.47,240.21,5377907,539862847,71.38,2.027,2.32,Healthcare,Portfolio_C,Usd,Sell,3080,271.05
Trd01585,AMD,30-10-2020,220.46,225.32,211.58,224.75,48859726,320400000,36.4,1.342,1.402,Energy,Portfolio_A,Usd,Buy,-428,207.13
Trd01634,BAC,30-10-2020,386.77,390.08,372.06,379.39,22683698,1847023414,20.74,0.706,2.422,Technology,Portfolio_B,Usd,Sell,572,384.28
Trd01633,JPM,30-10-2020,80.42,80.51,70.91,74.36,26306332,492425081.7,72.89,2.728,1.324,Healthcare,Portfolio_B,Eur,Sell,2732,86.74
Trd01462,GOOGL,03-11-2020,416.41,434.35,398.09,402.18,22004591,984812535.5,57.42,0.519,0.794,Technology,Portfolio_B,Usd,Sell,4499,359.61
Trd01025,AAPL,04-11-2020,594.3,606.08,549.56,573.59,41612334,4536891555,43.73,1.385,1.402,Healthcare,Portfolio_C,Gbp,Buy,425,646.89
Trd00667,GS,04-11-2020,401.41,418.1,376.47,392.92,8776840,1949394570,51.92,1.397,1.638,Energy,Portfolio_C,Eur,Buy,1700,456.22
Trd00123,JPM,04-11-2020,654.45,704.4,636.97,681.64,973059,5633912740,38.18,1.503,0.309,Technology,Portfolio_B,Usd,Sell,722,602.55
Trd00999,AMD,05-11-2020,118.86,120.9,114.53,114.59,36454004,886368088.3,22.74,4.143,1.005,Financial,Portfolio_A,Usd,Sell,271,100.76
Trd01648,AAPL,06-11-2020,184.08,200.6,179.92,195.79,49795099,1949394570,23.25,4.17,1.36,Consumer,Portfolio_B,Usd,Sell,4946,211.23
Trd00006,WFC,06-11-2020,530.05,565.68,521.28,438.495,13506710,3973290630,9.88,2.464,1.649,Financial,Portfolio_C,Usd,Sell,3516,611.76
Trd00468,AMD,09-11-2020,375.49,378.96,347.54,360.21,19007168,1477629328,54.99,1.962,2.344,Technology,Portfolio_A,Gbp,Buy,338,428.03
Trd00624,BAC,09-11-2020,609.93,658.21,602.4,630.03,5750157,1981256601,17.86,2.496,1.402,Technology,Portfolio_A,Gbp,Sell,4113,633.32
Trd01407,BAC,09-11-2020,145.07,149.95,132.18,134.65,22738310,1103209129,79.16,0.799,0.701,Healthcare,Portfolio_B,Gbp,Sell,99,127.73
Trd01108,JPM,09-11-2020,662.46,688.87,596.88,610.9,39275043,1509826521,34.16,2.406,0.498,Energy,Portfolio_C,Eur,Sell,4712,665.71
Trd00349,NVDA,10-11-2020,320.92,346.63,310.05,438.495,46657037,2769293058,52.69,2.815,0.587,Energy,Portfolio_C,Usd,Sell,2484,376.46
Trd01538,AMD,11-11-2020,384.23,409.03,370.69,398.13,11537130,3363040340,48.19,3.188,1.402,Financial,Portfolio_C,Gbp,Sell,3438,453.4
Trd01720,MSFT,11-11-2020,425.51,431.01,408.74,425.95,48908994,1949394570,39.6,1.123,1.013,Healthcare,Portfolio_B,Usd,Sell,4784,509.16
Trd00594,AMD,12-11-2020,131.57,136.72,125.52,135.24,13768759,722663054.4,43.73,2.382,2.251,Technology,Portfolio_B,Usd,Buy,1125,132.75
Trd00961,BRK,12-11-2020,268.07,296.29,263.4,283.42,36921235,1949394570,17.82,3.683,1.99,Healthcare,Portfolio_A,Usd,Buy,3041,250.37
Trd00498,NFLX,12-11-2020,680.5,713.42,676.57,678.46,25562169,2790719695,43.73,2.406,1.422,Healthcare,Portfolio_B,Eur,Buy,510,763.49
Trd00147,WFC,12-11-2020,221.84,232.06,204.24,205.58,24130553,1884053123,38.9,3.505,2.005,Consumer,Portfolio_B,Usd,Sell,646,168.54
Trd01049,AMD,13-11-2020,717.56,718.96,685.5,438.495,9785418,2282502730,49.46,0.756,1.626,Consumer,Portfolio_B,Usd,Buy,843,828.56
Trd01626,AMD,13-11-2020,503.33,506.18,500.42,505.95,44774217,1949394570,10.75,3.311,2.072,Technology,Portfolio_B,Gbp,Sell,4929,489.76
Trd00380,AMZN,13-11-2020,780.49,784.32,741.57,746.54,47422427,6467175984,61.98,0.374,1.821,Healthcare,Portfolio_C,Gbp,Sell,613,852.43
Trd01909,META,13-11-2020,715.8,731.52,671.83,438.495,601707,1949394570,43.73,2.406,0.642,Energy,Portfolio_C,Usd,Sell,2183,661.71
Trd01098,MSFT,13-11-2020,460.89,481.35,437.06,447.9,34437778,2467889585,79.25,0.696,1.381,Healthcare,Portfolio_B,Gbp,Sell,4148,504.3
Trd01435,AAPL,16-11-2020,516.38,557.48,511.55,537.36,25562169,2103459717,6.46,1.428,1.798,Financial,Portfolio_C,Usd,Sell,4506,529.89
Trd01314,MSFT,16-11-2020,589.32,608.18,588.64,599.82,29952955,2581913793,71.7,2.606,1.492,Technology,Portfolio_C,Gbp,Sell,516,586.95
Trd00285,NVDA,16-11-2020,183.37,188.97,175.84,178.64,23919962,929188278.5,57.21,1.175,0.812,Technology,Portfolio_A,Usd,Sell,3626,187.02
Trd01196,TSLA,16-11-2020,552.56,571.95,510.04,535.49,39929740,1949394570,26.11,2.388,0.63,Financial,Portfolio_B,Usd,Sell,1614,621.81
Trd01573,INTC,17-11-2020,392.97,427.53,381.17,408.87,34251913,3258984607,32.59,2.406,0.797,Technology,Portfolio_A,$,Sell,210,443.77
  Trd00525  ,META,17-11-2020,466.25,499.63,453.7,478.75,16844304,2431467361,41.21,1.342,1.581,Energy,Portfolio_B,Usd,Sell,3701,518.91
Trd00092,META,17-11-2020,587.3,590.54,543.86,561.25,15499106,3069949384,23.25,4.778,2.048,Energy,Portfolio_A,Eur,Buy,1379,643
Trd01741,TSLA,17-11-2020,428.37,450.63,421.74,447.44,5935811,2953515197,43.73,2.013,1.963,Healthcare,Portfolio_C,Usd,Buy,4878,373.8
Trd00425,WFC,17-11-2020,425.33,449.46,406.63,-50,14379030,4232430262,27.61,3.748,0.55,Consumer,Portfolio_A,Eur,Sell,198,382.07
Trd01870,INTC,18-11-2020,300.82,336.98,296.31,322.82,36096110,499134599.4,10.33,3.06,2.335,Consumer,Portfolio_C,Eur,Sell,2539,272.91
Trd00500,META,18-11-2020,61.65,64.32,59.22,61.45,20324055,443607857.3,60.75,4.86,0.575,Healthcare,Portfolio_B,Gbp,Sell,3255,51.07
Trd00833,MSFT,18-11-2020,106.47,110.18,101.23,106.79,23359261,282335566.8,34.32,4.533,1.173,Technology,Portfolio_C,Usd,Buy,1590,110.22
Trd01140,INTC,20-11-2020,219.09,220.34,209.89,218.2,13956276,1982753288,18.42,3.768,1.336,Healthcare,Portfolio_C,Usd,Sell,2567,180.45
Trd01134,GS,23-11-2020,62.84,64.19,62.82,63.64,20458240,487131680,17.25,2.451,1.752,Energy,Portfolio_C,Gbp,Sell,2114,54.99
Trd00337,GS,24-11-2020,626.01,656,591.66,438.495,35551306,2124721321,40.9,2.261,1.402,Technology,Portfolio_A,Gbp,Sell,4343,515.37
Trd01861,TSLA,24-11-2020,469.64,502.78,464.3,501.86,18843712,1515199151,40.68,2.406,2.499,Energy,Portfolio_C,Usd,Buy,2054,495.03
Trd00661,AAPL,25-11-2020,507.78,550.38,494.65,438.495,47074731,1949394570,50.69,2.583,1.282,Technology,Portfolio_B,Usd,Sell,1731,467.77
Trd00051,NFLX,27-11-2020,479.58,525.09,476.4,512.51,43295891,4332797978,31.85,3.146,1.318,Energy,Portfolio_B,Eur,Sell,1270,473.42
Trd00057,NVDA,27-11-2020,263.52,278.03,250.45,268.91,35517551,1370500000,69.79,1.976,2.085,Technology,Portfolio_A,Usd,Sell,2426,222.45
Trd01384,AMZN,30-11-2020,795.58,845.06,769.78,806.21,19028721,5173194808,78.49,0.605,0.644,Financial,Portfolio_A,Usd,Buy,3569,921.35
Trd00390,BAC,30-11-2020,232.97,261.81,229.08,251.54,22478912,825948443.2,43.73,2.277,1.026,Consumer,Portfolio_A,Usd,Sell,2338,258.71
Trd01340,GS,30-11-2020,774.59,787.01,758.06,771.09,25562169,3914149226,43.73,0.713,1.992,Financial,Portfolio_B,Eur,Sell,2988,835.53
Trd00645,META,30-11-2020,342.51,354.3,325.46,331.31,39558657,3233974889,60.66,4.413,1.04,Energy,Portfolio_A,Gbp,Sell,4860,332.14
Trd00527,NFLX,30-11-2020,684.19,715.68,632.61,637.47,8995455,1408586223,42.48,1.274,0.829,Financial,Portfolio_A,Usd,Buy,865,553.2
Trd00261,AAPL,01-12-2020,270.66,286.18,268.54,273.85,17175679,439972065.5,20.01,3.075,1.402,Consumer,Portfolio_C,Usd,Sell,95,242.3
Trd01639,META,01-12-2020,379.5,394.59,354.31,371.08,7525833,1638148245,50.85,1.155,1.772,Healthcare,Portfolio_A,Gbp,Sell,4521,363.37
Trd00351,INTC,02-12-2020,96.55,100.65,89.11,92.76,48787687,390844631,52.32,0.855,1.987,Healthcare,Portfolio_C,Usd,Sell,638,82.68
Trd01931,META,02-12-2020,761.6,785.03,733.26,781.21,41056911,4365455383,13.85,2.432,1.402,Technology,Portfolio_C,Gbp,Buy,2962,685.41
Trd00412,MSFT,03-12-2020,394.6,404.06,380.65,401.6,42999217,3952867275,27.48,2.115,0.436,Energy,Portfolio_A,Usd,Sell,4155,465.59
Trd00531,NVDA,03-12-2020,567.85,611.85,547.4,595.23,14587048,1749922629,55.42,2.88,1.402,Energy,Portfolio_A,Gbp,Sell,2629,610.98
Trd00296,AMD,04-12-2020,791.72,836.68,788.72,824.35,16980631,1963790476,79.01,3.198,1.733,Healthcare,Portfolio_B,Usd,Sell,1269,812.96
Trd01973,NVDA,04-12-2020,617.35,644.43,616.45,635.29,774045,6323211628,17.78,3.028,2.383,Consumer,Portfolio_C,Gbp,Buy,4936,646.32
Trd00882,NFLX,08-12-2020,280.72,291.77,264.59,266.22,43597963,2123221104,53.16,0.514,2.431,Technology,Portfolio_A,Gbp,Sell,2474,295.25
Trd01638,AMZN,09-12-2020,250.64,271.34,242.76,267.98,42471054,302744241.5,51.16,0.221,2.092,Technology,Portfolio_A,Gbp,Sell,1829,255.37
Trd01066,NVDA,10-12-2020,396.38,408.61,387.05,392.58,3088006,2818804879,34.86,3.415,1.306,Financial,Portfolio_C,Gbp,Buy,4526,336.96
Trd00389,AAPL,11-12-2020,761.45,775.14,716.94,743.99,33433219,7343118061,8.48,0.39,1.262,Energy,Portfolio_A,Usd,Sell,4365,798.71
Trd00901,GOOGL,11-12-2020,228.07,255.21,225.39,244.92,2498191,1088924117,13.24,1.22,0.727,Financial,Portfolio_A,Usd,Sell,4912,258.03
Trd00746,GS,14-12-2020,579.72,603.93,559.16,602.02,25562169,4769816500,52.43,1.649,0.607,Energy,Portfolio_B,Gbp,Buy,974,663.84
Trd00315,WFC,14-12-2020,445.49,455.12,444.36,452.16,33601254,1046044126,19.25,4.447,2.019,Technology,Portfolio_A,Usd,Sell,3666,376.97
Trd00315,WFC,14-12-2020,445.49,455.12,444.36,452.16,33601254,1046044126,19.25,4.447,2.019,Technology,Portfolio_A,Eur,Sell,3666,376.97
Trd00283,INTC,15-12-2020,255.63,262.79,249.41,250.32,2545303,2182542333,79.83,4.783,1.77,Technology,Portfolio_B,Usd,Buy,3186,282.01
Trd00378,META,15-12-2020,640.67,688.56,614.91,665.47,25562169,1488999773,53.55,2.406,1.402,Consumer,Portfolio_C,Eur,Buy,755,620.46
Trd01311,WFC,15-12-2020,334.26,342.5,309.03,315.91,37778851,2388163661,39.85,2.376,1.402,Technology,Portfolio_A,Usd,Sell,2886,261.18
Trd01440,BAC,17-12-2020,169.29,179.7873163,171.65,159.5,49352564,1581171988,62.3,1.518,0.966,Financial,Portfolio_A,Usd,Buy,4800,136.92
Trd01988,WFC,17-12-2020,506.81,531.81,451.27,438.495,2836260,1585499196,62.45,4.738,1.942,Consumer,Portfolio_B,Usd,Sell,1781,547.76
Trd00402,AMZN,21-12-2020,467.66,483.88,438.63,453.91,2886718,4180569654,26.72,2.658,1.402,Consumer,Portfolio_B,Usd,Sell,732,383.92
Trd01542,AMD,22-12-2020,548.48,586.76,545.97,562.75,25562169,1949394570,11.5,0.976,1.933,Technology,Portfolio_B,Usd,Buy,2301,530.22
Trd01158,NFLX,22-12-2020,325.1,354.87,316.72,346.74,22168733,3429874410,16.49,0.743,2.169,Energy,Portfolio_C,Usd,Sell,3842,372.28
Trd00501,AMZN,23-12-2020,357.31,369.12,346.89,360.63,38439692,1949394570,53.88,4.813,2.107,Technology,Portfolio_A,Gbp,Sell,3614,362.07
Trd01600,GOOGL,23-12-2020,207.68,223.03,204.36,212.75,19361885,1921593529,10.53,3.993,1.883,Energy,Portfolio_B,Usd,Sell,4869,245.27
Trd01076,JPM,23-12-2020,760.82,801.56,727.69,779.69,7953292,4771910198,58.14,0.941,0.761,Technology,Portfolio_C,Usd,Sell,4825,797.75
Trd01554,MSFT,23-12-2020,152.49,156.4,145.23,149.65,31825968,1239451433,18.12,0.794,1.231,Financial,Portfolio_C,Gbp,Sell,571,140.78
Trd01693,GS,24-12-2020,518.64,543.91,508.52,536.39,6455760,5039893621,64.31,1.387,0.691,Technology,Portfolio_B,Usd,Sell,1558,495.1
Trd01952,GS,24-12-2020,641.39,697.93,631.16,438.495,40919329,1590834214,43.73,0.55,1.287,Technology,Portfolio_C,Usd,Sell,2075,655.73
Trd01236,NFLX,24-12-2020,643.07,672.11,634.1,645.16,47475294,3482792389,20.63,2.406,1.114,Technology,Portfolio_A,Usd,Buy,4887,563.62
Trd01132,NVDA,24-12-2020,779.74,786.87,763.17,764.48,-500000,7312888012,12.22,3.041,0.501,Technology,Portfolio_B,Eur,Sell,3610,745.59
Trd00394,BAC,25-12-2020,757.07,812.61,740.44,777.01,24699512,5954055134,75.32,0.426,0.398,Financial,Portfolio_A,Eur,Buy,445,640.42
Trd00532,META,25-12-2020,733.43,777.39,712.06,751.04,42289911,4315471334,12.08,4.882,1.401,Healthcare,Portfolio_A,Usd,Buy,1682,770.87
Trd01175,NFLX,25-12-2020,602.09,654.8,598.91,438.495,44126402,1660369752,10.57,0.673,1.776,Consumer,Portfolio_A,Eur,Buy,1834,736.03
Trd01822,NVDA,25-12-2020,84.13,85.43,79.04,80.43,10711117,248093412.8,24.56,1.137,0.949,Energy,Portfolio_A,Usd,Sell,36,79.7
Trd00838,NVDA,28-12-2020,528.92,555.33,478.71,488.35,35307720,3326206057,48.11,2.216,1.465,Financial,Portfolio_C,Usd,Sell,3283,536.62
Trd00245,AMD,30-12-2020,770.78,806.54,726.35,438.495,41380546,4219296479,39.24,2.406,0.908,Healthcare,Portfolio_A,Usd,Sell,2735,763.64
Trd00457,BRK,30-12-2020,385.1,412.47,372.14,438.495,9956489,3016106171,10.38,0.238,0.333,Consumer,Portfolio_B,Usd,Sell,519,379.77
Trd01259,GS,30-12-2020,559.31,559.68,538.42,558.63,32950110,4351852833,36.72,2.374,1.076,Consumer,Portfolio_A,Usd,Buy,3622,522.43
Trd01380,JPM,30-12-2020,397.51,404.16,371.68,376.74,42933112,2226200739,43.85,1.066,1.249,Financial,Portfolio_A,Gbp,Sell,3917,391.63
Trd00803,MSFT,30-12-2020,681.25,689.57,670.53,684.09,48436712,6166485085,43.73,3.587,1.691,Consumer,Portfolio_A,Eur,Sell,1917,746.56
Trd00357,NVDA,30-12-2020,91.88,96.01,81.03,85.11,24263748,601080864,58.34,3.876,0.466,Financial,Portfolio_A,Usd,Sell,2247,91.41
Trd01915,GOOGL,01-01-2021,232.77,234.59,218.34,219.22,33877064,1949394570,64.48,2.406,1.567,Financial,Portfolio_A,Gbp,Sell,4351,220.92
Trd00640,AMD,07-01-2021,285.32,291.64,267.17,269.82,23639433,1960662949,60.99,2.406,1.119,Financial,Portfolio_B,Eur,Buy,4369,217.3
Trd00269,GS,11-01-2021,685.63,686.36,628.16,642.27,28919938,6405103729,61.78,0.013,0.532,Energy,Portfolio_B,Eur,Buy,3657,688.7
Trd01864,INTC,11-01-2021,401.82,407.41,388.53,391.13,38423852,2941876472,16.94,0.577,1.812,Financial,Portfolio_A,Usd,Sell,2908,435.73
Trd00473,MSFT,11-01-2021,274.15,286,269.38,280.69,20898872,300103081.8,18.58,3.317,1.381,Financial,Portfolio_A,Usd,Sell,1525,281.04
Trd01655,NVDA,11-01-2021,699.87,743.28,687.27,724.21,13344949,814408182.9,65.38,2.691,1.076,Energy,Portfolio_A,Usd,Buy,522,678.9
Trd00972,BRK,13-01-2021,416.19,425.35,389.3,409.52,25562169,1528331097,43.45,0.905,1.41,Technology,Portfolio_B,Usd,Sell,1374,489.61
Trd01612,GOOGL,13-01-2021,646.45,698.69,625.63,667.03,25513541,6140455392,71.97,3.933,1.006,Financial,Portfolio_C,Eur,Buy,902,599.08
Trd01085,AMD,14-01-2021,567.78,631.59,559.77,607.46,38021585,4935972724,36.06,3.886,1.402,Consumer,Portfolio_C,Usd,Sell,1225,664.26
Trd01027,BAC,14-01-2021,773.51,807.56,708.55,729.25,45930294,4758862350,47.59,4.047,0.308,Consumer,Portfolio_C,Usd,Sell,3669,678.11
Trd00504,NVDA,14-01-2021,234.48,241.79,221.95,222.75,22424599,1949394570,43.73,0.99,2.335,Energy,Portfolio_A,Usd,Sell,2555,223.85
Trd00819,GS,18-01-2021,689.9,691.91,613.47,642.69,11347386,5316445436,20.94,1.975,0.725,Technology,Portfolio_C,Eur,Sell,1642,571.85
Trd00367,META,18-01-2021,230.55,238.82,215.72,219.44,27644263,1836926973,22.82,2.294,0.338,Technology,Portfolio_C,Usd,Sell,4532,261.25
Trd01972,META,19-01-2021,581.82,591.8,537.34,542.75,48681799,2816558248,11.9,0.997,1.26,Financial,Portfolio_A,Gbp,Sell,616,442.39
Trd01622,NVDA,19-01-2021,720.33,738.91,659.92,677.47,43337473,2609716061,14.66,4.166,1.402,Financial,Portfolio_C,Usd,Buy,4622,802.77
Trd01204,BRK,22-01-2021,366.54,409.01,353.32,395.04,25562169,2406153086,11.44,4.403,1.924,Financial,Portfolio_A,Gbp,Sell,4190,403.47
Trd01490,GOOGL,22-01-2021,763.03,774.33,753.83,755.62,45993879,4340403690,24.3,4.27,0.686,Healthcare,Portfolio_C,Usd,Buy,2299,747.18
Trd00755,INTC,22-01-2021,630.73,652.22,603.33,630.75,32482668,2345785111,12.84,0.243,1.02,Healthcare,Portfolio_C,Gbp,Sell,875,515.8
Trd01226,WFC,22-01-2021,320.17,324.04,293.42,307.22,20498904,2139945211,42.6,1.033,1.402,Financial,Portfolio_B,Eur,Sell,4115,276.35
Trd00134,BRK,25-01-2021,430.51,461.25,409.65,458.54,31019494,817237958.9,11.71,4.395,1.146,Financial,Portfolio_B,Gbp,Sell,1940,484.94
Trd00134,BRK,25-01-2021,430.51,461.25,409.65,458.54,31019494,817237958.9,11.71,4.395,1.146,Technology,Portfolio_B,Gbp,Sell,1940,484.94
Trd00171,GOOGL,25-01-2021,523.78,535.06,491.16,499.61,24136155,4095334645,27.23,4.887,2.152,Technology,Portfolio_B,Eur,Sell,2436,572.22
Trd01659,GOOGL,25-01-2021,421.91,453.47,412.44,441.42,7139640,3525015029,23.83,1.166,2.396,Technology,Portfolio_C,Usd,Sell,3959,489.75
Trd00464,TSLA,25-01-2021,420.98,466.63,410.64,445.02,11455898,2656133911,78.72,2.124,1.402,Energy,Portfolio_C,Usd,Buy,1201,425.72
  Trd00386  ,NFLX,26-01-2021,290.68,307.89,283.92,306.86,19521055,2550355193,71.71,0.142,1.402,Financial,Portfolio_B,Usd,Sell,4476,276.42
Trd00374,GS,27-01-2021,120.51,124.98,110.88,112.76,47585856,417289917.2,14.93,2.148,1.129,Energy,Portfolio_B,Usd,Sell,4085,120.81
Trd01630,INTC,27-01-2021,263.1,266.23,253,438.495,24273085,1320738281,55.24,3.591,0.449,Technology,Portfolio_B,Usd,Sell,3984,224.46
Trd00477,AAPL,28-01-2021,266.86,274.76,244.98,253.33,5132054,1875805038,20.66,4.606,2.134,Healthcare,Portfolio_A,Gbp,Sell,-132,246.15
Trd01586,AMZN,28-01-2021,664.77,690.8554778,672.85,630.1,25562169,5212934499,63.99,4.389,2.458,Energy,Portfolio_B,Usd,Buy,3487,514.48
Trd01084,NVDA,28-01-2021,163.52,170.03,145.35,152.05,4880636,331063026.5,55.25,0.247,1.632,Healthcare,Portfolio_B,Usd,Buy,415,143.64
Trd00616,AAPL,01-02-2021,408.38,419.69,378.98,382.71,25113535,687766610.2,79.03,2.406,1.041,Consumer,Portfolio_B,Usd,Buy,3979,344.18
Trd00954,AAPL,02-02-2021,85.01,87.51,82.47,85.7,21430408,344113609.6,49.03,1.457,1.61,Technology,Portfolio_B,Usd,Sell,3643,99.91
Trd01872,AMZN,02-02-2021,723.5,781.02,720.07,778,26313888,2677929682,68.95,2.406,1.734,Consumer,Portfolio_B,Gbp,Sell,3821,839.36
Trd00219,GS,02-02-2021,767.35,803.33,757.3,438.495,13404104,2729130591,11.07,2.274,1.091,Energy,Portfolio_C,Usd,Sell,3590,861.33
Trd00048,AMZN,03-02-2021,538.58,555.42,502.16,513.1,16559201,1384222195,43.73,1.297,2.36,Consumer,Portfolio_C,Gbp,Sell,4021,531.1
Trd01401,MSFT,03-02-2021,524.33,547.21,510.28,524.11,25562169,2246852232,32.21,3.89,1.643,Financial,Portfolio_C,Eur,Buy,4080,520.08
Trd00061,NVDA,04-02-2021,690.9,722.9,669.12,709.13,25562169,3328171884,57.49,2.048,1.5,Technology,Portfolio_A,Usd,Sell,4888,790.22
Trd01745,TSLA,05-02-2021,109.51,111.29,106.68,108.81,32749958,936944303.5,37.64,0.334,0.969,Consumer,Portfolio_A,Gbp,Buy,3253,87.2
Trd01198,BAC,08-02-2021,321.52,332.47,319.37,332.37,18101572,490320200.9,69.95,1.388,1.974,Consumer,Portfolio_B,Usd,Sell,238,276.72
Trd00336,GS,08-02-2021,486.62,505.1,479.68,489.96,16508757,4643239699,43.73,2.595,1.943,Healthcare,Portfolio_A,Usd,Buy,3705,561.04
Trd00617,TSLA,08-02-2021,568.13,574.45,546.93,563.39,3462969,1678439093,62.62,4.501,1.716,Healthcare,Portfolio_A,Eur,Buy,2688,662.49
Trd01367,AMZN,09-02-2021,594.21,661.4,581.94,640.31,39101613,4604757990,74.48,0.517,1.052,Technology,Portfolio_A,Usd,Sell,872,525.09
Trd00609,GS,10-02-2021,420.65,435.24,410.61,413.55,36107533,755669989.8,56.2,4.161,1.461,Technology,Portfolio_C,Gbp,Sell,2311,421.81
Trd00348,BAC,12-02-2021,309.03,313.12,282.13,293.11,25562169,1035904379,48.98,0.238,1.402,Technology,Portfolio_B,Eur,Sell,2693,297.18
Trd00896,TSLA,12-02-2021,778.11,815.68,705.65,739.26,43281484,3494900000,43.73,2.296,1.135,Technology,Portfolio_C,Eur,Buy,1801,808.43
Trd00586,AMZN,15-02-2021,753.58,821.59,719.76,807.17,29075555,5600642677,43.73,2.406,1.252,Consumer,Portfolio_B,Eur,Buy,2220,727.67
Trd00127,JPM,16-02-2021,221.82,223.58,206.76,215.59,41508002,1949394570,43.73,4.119,0.431,Healthcare,Portfolio_A,Eur,Sell,2371,182.58
Trd01104,BRK,17-02-2021,565.37,621.28,559.66,438.495,37534305,3493362840,28.93,3.375,1.606,Consumer,Portfolio_B,Gbp,Sell,3194,497.49
Trd00911,NVDA,17-02-2021,605.34,640.25,581.15,438.495,1673798,3552287895,43.73,3.501,1.421,Financial,Portfolio_A,Usd,Buy,3225,531.05
Trd01801,WFC,17-02-2021,357.04,367.86,346.46,365.57,38902247,2083438997,36.74,0.299,1.879,Healthcare,Portfolio_C,Gbp,Sell,2565,375.22
Trd00715,AMD,18-02-2021,496.8,515.59,456.73,477.39,25097315,1278904895,73.95,0.124,2.133,Technology,Portfolio_A,Gbp,Buy,4276,397.47
Trd00620,INTC,19-02-2021,577.43,630.27,566.57,617.77,25562169,2860902754,19.1,1.089,1.55,Consumer,Portfolio_A,Eur,Sell,3868,552.95
Trd00046,JPM,19-02-2021,648.35,708.43,639.41,684.36,28362978,2492350838,73.42,1.913,0.93,Financial,Portfolio_B,Usd,Sell,2607,652.19
Trd01191,AMD,22-02-2021,343.57,358.81,329.61,333.86,16963877,3088582596,46.33,3.947,2.038,Energy,Portfolio_A,Usd,Sell,3042,379.83
Trd01400,AMD,23-02-2021,503.06,511.93,490.14,500.78,42582729,4846859324,79.67,1.9,2.08,Technology,Portfolio_A,Usd,Buy,1140,536.21
Trd00581,JPM,23-02-2021,248.81,256.45,223.74,231.26,20121529,1833860117,14.01,3.711,1.936,Consumer,Portfolio_C,Eur,Sell,419,217.44
Trd01884,GOOGL,24-02-2021,608.42,635.75,601.51,438.495,0,5814065729,43.73,2.821,1.238,Technology,Portfolio_A,Usd,Buy,1469,662.41
Trd01961,WFC,24-02-2021,580.19,606.35,518.93,542.22,43393671,4330956223,46.14,1.773,1.402,Financial,Portfolio_C,Usd,Sell,-273,619
Trd01837,AMZN,25-02-2021,272.03,287.98,263.31,278.85,29860834,1090764439,62.33,3.476,1.402,Technology,Portfolio_C,Usd,Sell,4452,277.72
Trd00885,GOOGL,25-02-2021,771.06,861.22,760.09,825.34,25562169,5244732800,28.93,0.252,1.646,Consumer,Portfolio_A,Usd,Sell,2689,800.96
Trd00459,INTC,25-02-2021,548.96,615.4047507,586.95,585.6,44682315,1950627158,30.42,1.365,1.984,Technology,Portfolio_C,Usd,Buy,3634,696.06
Trd00556,AMZN,01-03-2021,571.17,595.98,543.69,558.08,8238250,842794557.4,27.86,4.025,2.292,Healthcare,Portfolio_B,Usd,Sell,1748,615.21
Trd01234,JPM,03-03-2021,83.21,86.06,80.86,81.11,21751837,413953888.2,17.58,0.744,2.391,Technology,Portfolio_B,Usd,Sell,301,92.24
Trd00445,META,03-03-2021,202.16,210.62,191.27,198.92,5278888,587987429.1,47.41,3.267,1.444,Technology,Portfolio_A,Gbp,Buy,2397,207.54
Trd00039,TSLA,03-03-2021,284.84,302.9,276.89,438.495,5611306,1278467931,23.34,2.406,0.773,Technology,Portfolio_C,Eur,Buy,2394,270.55
Trd00788,BAC,04-03-2021,538.66,600.63,535.54,573.13,25562169,2542080288,41.51,2.837,1.57,Energy,Portfolio_C,Usd,Sell,4803,625.77
Trd00044,BRK,04-03-2021,313.31,316.49,284.73,297.58,20048328,2685496724,45.92,3.974,1.098,Energy,Portfolio_C,Usd,Sell,4416,240.28
Trd00720,GOOGL,04-03-2021,493.82,529.33,470.49,527.58,46242466,704298724.4,24.41,3.766,1.04,Energy,Portfolio_A,Eur,Sell,4246,535.96
Trd00237,WFC,04-03-2021,762.54,796.79,727.06,788.48,3960174,3291222753,19.57,0.856,1.642,Technology,Portfolio_B,Eur,Sell,2092,845.14
Trd01935,AMZN,05-03-2021,277.94,287.37,265.61,285.21,21600507,862567733.3,14.9,2.406,0.609,Healthcare,Portfolio_C,Usd,Sell,4036,287.73
Trd00817,GOOGL,05-03-2021,79.23,82.02,77.49,79.99,9492526,396848547.7,67.44,0.489,1.071,Financial,Portfolio_B,Usd,Buy,3974,86.6
Trd00249,GS,08-03-2021,479.61,484.22,443.44,456.46,39257180,1346801206,20.91,0.881,1.447,Financial,Portfolio_B,Usd,Buy,4353,464.88
Trd00825,GOOGL,09-03-2021,249.81,251.22,227.27,230.87,15217227,1100910521,43.73,2.069,1.764,Energy,Portfolio_C,Usd,Sell,1814,243.92
Trd01092,AAPL,10-03-2021,796.02,813.91,780.09,798.73,8056957,1949394570,43.99,4.446,0.488,Technology,Portfolio_A,Usd,Sell,1041,733.05
Trd01092,AAPL,10-03-2021,796.02,813.91,780.09,798.73,8056957,1949394570,43.99,4.446,0.488,Financial,Portfolio_A,Usd,Sell,1041,733.05
  Trd00431  ,BAC,10-03-2021,563.6,600.84,544.07,582.84,38851816,1949394570,43.73,2.586,0.897,Energy,Portfolio_C,Gbp,Buy,3300,698.67
Trd01519,GOOGL,10-03-2021,596.86,644.45,588.85,616.64,17564473,2862226439,76.04,2.854,0.878,Financial,Portfolio_B,Eur,Sell,3695,571.04
Trd00751,GS,12-03-2021,553.83,600.05,538.14,593.27,48752130,5628033904,34.05,0.249,2.358,Financial,Portfolio_A,Eur,Buy,4289,631.34
Trd01357,GOOGL,15-03-2021,290.56,302.42,286.44,297.16,4776901,1679679070,5.84,1.434,1.325,Financial,Portfolio_A,Eur,Sell,1845,317.51
Trd01867,BAC,16-03-2021,120.59,126.69,118.15,438.495,27140225,199737578.7,53.25,0.77,2.121,Financial,Portfolio_C,Usd,Sell,3402,102.44
Trd01374,NFLX,16-03-2021,667.14,706.56,649.13,681.08,21471983,1949394570,19.5,1.293,1.402,Financial,Portfolio_C,Eur,Sell,2563,547.47
Trd00324,AAPL,17-03-2021,674.25,711.72,645.12,698.42,47838282,4833116686,79.29,1.939,0.811,Healthcare,Portfolio_B,Gbp,Sell,4639,632.62
Trd01965,BRK,19-03-2021,777.47,825.57,740.65,814.16,5222822,6241913959,46.71,4.961,1.684,Healthcare,Portfolio_C,Eur,Sell,3814,848.56
Trd00522,INTC,19-03-2021,401.64,404.84,368.72,376.06,37770903,967636601.5,43.73,3.008,0.462,Technology,Portfolio_C,Usd,Sell,4320,326.32
Trd01128,GS,22-03-2021,544.87,558.08,519.55,438.495,25562169,1217923100,76.25,4.592,0.728,Consumer,Portfolio_A,Eur,Sell,372,613.9
Trd00447,JPM,22-03-2021,319.45,346.84,318.06,332.33,25443745,680334676.8,49.65,1.728,1.457,Financial,Portfolio_B,Usd,Sell,-59,337.33
Trd01373,GS,23-03-2021,510.07,551.87,487.29,540.68,22728664,1949394570,44.65,3.86,2.286,Consumer,Portfolio_A,Usd,Sell,406,645.17
Trd00712,WFC,23-03-2021,93.3,96.94,90.11,94.52,49250139,404142566.7,79.56,0.07,0.767,Energy,Portfolio_C,Eur,Sell,3340,82.11
Trd00840,NFLX,24-03-2021,702.51,705.7,692.55,705.7,44158588,1284354946,39.55,0.591,1.348,Consumer,Portfolio_A,Usd,Sell,1033,760.97
Trd00027,NVDA,24-03-2021,754.48,764.23,725.13,728.04,30373943,2272112370,43.58,0.06,1.402,Energy,Portfolio_C,Usd,Sell,2688,804.5
Trd00521,MSFT,29-03-2021,657.6,681.8,608.77,620.71,47097793,1605025090,62.3,1.083,1.084,Technology,Portfolio_C,Usd,Buy,4899,565.55
Trd01744,BAC,30-03-2021,156.16,163.46,150.09,438.495,49679525,1271786192,78.49,3.745,0.754,Energy,Portfolio_A,Usd,Sell,1493,144.08
Trd01067,AMZN,01-04-2021,215.51,220.35,211.2,211.52,46545968,1747338799,64.96,2.514,1.924,Technology,Portfolio_B,Usd,Sell,1243,175.25
Trd01465,GOOGL,01-04-2021,164.75,167.81,153.6,159.08,46920635,1200939462,15.83,3.514,1.009,Consumer,Portfolio_C,Eur,Buy,1548,127.3
Trd01182,TSLA,01-04-2021,207.97,209.61,200.54,200.97,28169170,311128289,43.73,2.295,2.309,Consumer,Portfolio_C,Usd,Sell,1679,176
Trd01497,TSLA,01-04-2021,589.67,642.12,570.86,617.5,25794795,1949394570,77.09,2.51,1.197,Financial,Portfolio_A,Eur,Sell,2491,568.04
Trd01212,INTC,02-04-2021,428.54,435.27,392.38,398.85,49356464,1193292991,57.22,2.683,0.638,Consumer,Portfolio_B,Usd,Sell,3433,402.06
Trd01762,INTC,02-04-2021,734.36,801.53,730.34,438.495,46031404,1773676690,7.1,2.406,1.717,Healthcare,Portfolio_A,Gbp,Buy,887,781.58
Trd01276,META,02-04-2021,693.17,721.39,613.04,643.57,2005492,2592291594,5.12,1.725,1.125,Consumer,Portfolio_A,Usd,Sell,2830,521.15
Trd01589,MSFT,06-04-2021,396.08,414.69,370.55,384.69,14903979,1822812018,58.57,1.32,2.155,Consumer,Portfolio_B,Eur,Sell,3120,389.52
Trd00721,BRK,08-04-2021,662.16,711.23,631.89,694.74,13559452,1949394570,39.64,2.839,0.562,Technology,Portfolio_C,Eur,Buy,4166,698.36
Trd00703,AMD,09-04-2021,571.59,586.59,512.28,533.34,46941575,1949394570,22.51,4.254,0.742,Technology,Portfolio_A,Usd,Sell,1789,590.15
Trd00808,GS,09-04-2021,121.71,127.49,113.16,115.46,23832766,417259508.5,15.39,4.681,0.935,Consumer,Portfolio_A,Gbp,Buy,1207,110.75
Trd01153,META,12-04-2021,696.83,725.8,667.23,694.26,25562169,1949394570,10.84,0.272,1.496,Technology,Portfolio_A,Gbp,Sell,3420,805.66
Trd00749,GS,13-04-2021,477.38,494.77,469.53,478.78,30385049,2502542842,30.48,1.425,0.911,Energy,Portfolio_C,Usd,Sell,3520,567.99
Trd00764,MSFT,13-04-2021,131.65,137.11,129.36,130.98,43110907,434073221.2,69.25,0.776,1.726,Technology,Portfolio_B,Eur,Sell,3429,116.13
Trd00232,JPM,15-04-2021,345.73,363.82,336.72,348.29,46467235,2504333967,27.98,2.406,0.791,Technology,Portfolio_C,Gbp,Sell,3597,394.79
Trd01793,JPM,16-04-2021,341.29,999999,334.45,999999,18658474,1949394570,72.28,0.773,0.888,Healthcare,Portfolio_B,Usd,Buy,3349,422.04
Trd00745,MSFT,20-04-2021,226.02,229.87,217.64,218.46,40994981,2115503068,64.41,4.503,1.402,Technology,Portfolio_C,Eur,Sell,2790,188.37
Trd00722,AAPL,21-04-2021,388.89,418.21,371.97,402.71,11172534,1950837985,20.25,0.761,2.186,Healthcare,Portfolio_C,Eur,Sell,461,440.89
Trd01141,BAC,21-04-2021,223.55,233.27,221.21,227.93,24221584,2266074590,29.81,1.874,0.529,Technology,Portfolio_B,Gbp,Sell,2310,231.9
Trd01803,NFLX,22-04-2021,279.41,280.6,254.94,438.495,36146226,2011644588,43.73,3.588,0.377,Technology,Portfolio_B,Usd,Sell,291,274.64
Trd01405,NVDA,22-04-2021,536.37,566.46,519.94,559.94,34542609,1183473506,70.52,4.292,2.369,Healthcare,Portfolio_C,Usd,Sell,1083,591.57
Trd01800,BAC,29-04-2021,161.78,178.02,155.82,171.85,31776659,548277114,26.07,2.173,2.112,Energy,Portfolio_A,Usd,Sell,170,189.93
Trd01695,META,30-04-2021,87.05,87.99,80.32,82.84,40779601,1949394570,43.73,2.243,1.402,Financial,Portfolio_A,Eur,Sell,3346,74.25
Trd01918,AMD,03-05-2021,647.08,711.49,637.03,681.54,5668529,943737979.6,67.41,0.154,0.473,Consumer,Portfolio_C,Eur,Sell,3594,720.04
Trd01689,AMZN,05-05-2021,531.17,521.48,502.0176262,521.48,32321066,789551487.3,26.73,0.447,1.308,Energy,Portfolio_B,Eur,Sell,454,582.97
Trd01516,MSFT,05-05-2021,432.7,452.18,424.24,443.86,21703103,841128015.8,37.59,1.16,1.323,Technology,Portfolio_C,Eur,Buy,4042,358.26
Trd01591,NVDA,05-05-2021,223.62,241.78,212.9,230.44,26669868,2246824566,43.73,4.723,0.511,Consumer,Portfolio_B,Usd,Sell,3329,263.07
Trd01545,AAPL,06-05-2021,290.99,311.09,286.33,305.02,32026667,2459707512,38.98,2.406,2.197,Financial,Portfolio_C,Eur,Buy,3610,364.66
Trd01692,META,06-05-2021,283.72,303.89,282.57,294.81,49426717,2934930248,73.54,4.995,0.737,Financial,Portfolio_C,Usd,Buy,3526,283.41
Trd00782,JPM,07-05-2021,549.11,587,526.21,570.48,41937395,5152045384,17.8,1.122,1.251,Financial,Portfolio_B,Gbp,Sell,3933,599.38
Trd00194,AMZN,11-05-2021,741.57,801.26,706.27,763.21,25562169,5209894317,43.73,0.126,0.834,Technology,Portfolio_A,Gbp,Buy,205,735.97
Trd01856,AMZN,11-05-2021,527.69,564.16,504.47,540.63,18429862,1949394570,21.29,0.979,1.402,Energy,Portfolio_B,Gbp,Sell,3233,621.43
Trd00323,BAC,11-05-2021,617.71,626.89,586.93,626.4,47137926,4432680763,44.23,0.42,1.204,Energy,Portfolio_A,Usd,Sell,2187,634.65
Trd01482,BAC,11-05-2021,313.24,315.06,308.52,312.3,25005939,2792709646,23.8,4.607,1.457,Technology,Portfolio_A,Gbp,Sell,461,353.35
Trd00090,AAPL,12-05-2021,298.42,323.39,297.21,318.11,44282595,2970821655,61.46,1.981,1.814,Financial,Portfolio_B,Usd,Buy,872,292.07
Trd01229,AMZN,12-05-2021,308.34,330.4,296.34,321.09,12446056,1221781807,58.57,0.316,1.402,Energy,Portfolio_C,Usd,Sell,3385,346.79
Trd00537,BRK,12-05-2021,422.39,449.22,421.86,443,39387181,2977215611,43.73,2.976,1.785,Financial,Portfolio_C,Usd,Buy,3696,442.32
Trd01272,NFLX,14-05-2021,309.42,320.26,294.11,314.7,26032177,848000375.7,53.95,1.148,1.184,Healthcare,Portfolio_A,Eur,Sell,2136,297.18
Trd01377,AMZN,17-05-2021,654.15,674.17,597.23,619.58,33456984,1949394570,52.29,0.994,1.882,Energy,Portfolio_B,Usd,Sell,4222,547.88
Trd00112,META,17-05-2021,791.64,795.07,736.97,741.52,45432859,1020588827,19.69,2.406,0.859,Financial,Portfolio_B,Eur,Buy,1730,756.83
Trd00133,META,17-05-2021,145.14,160.4,143.17,155.87,49273021,287668060.7,46.05,2.112,0.599,Energy,Portfolio_A,Eur,Buy,3124,177.82
Trd01213,TSLA,18-05-2021,267.84,281.08,261.7,275.09,6815341,1118778376,76.76,3.602,2.366,Healthcare,Portfolio_C,Eur,Sell,723,285.18
Trd00785,WFC,18-05-2021,314.67,316.64,304.38,309.19,1242904,2856345454,46.72,3.532,1.591,Healthcare,Portfolio_B,Usd,Sell,3527,349.72
Trd01021,AMZN,19-05-2021,396.05,408.42,373.92,379.17,48038179,3450789391,64.02,1.758,0.831,Technology,Portfolio_A,Gbp,Sell,2839,333.16
Trd00796,NVDA,21-05-2021,260.32,273.08,253.62,267.08,21215284,2007678018,40.02,3.749,1.614,Energy,Portfolio_C,Usd,Sell,1337,257.7
Trd01345,META,25-05-2021,144.07,153.84,136.98,149.98,40671459,199779959.1,79.26,4.301,1.402,Energy,Portfolio_B,Usd,Buy,2316,130.21
Trd01560,AMZN,26-05-2021,233.86,234.89,214.57,224.27,45240012,265800000,35.92,0.259,2.348,Financial,Portfolio_A,Gbp,Buy,1157,254.26
Trd00256,BRK,26-05-2021,213.5,228.21,213.2,224.53,34505473,2056578943,43.73,3.059,1.254,Financial,Portfolio_C,Gbp,Sell,1384,224.76
Trd00128,AAPL,27-05-2021,333.68,343.61,324.61,336.21,39526027,2757060519,67.01,2.057,1.402,Financial,Portfolio_C,Usd,Buy,1691,378.31
Trd00691,AMZN,27-05-2021,325.61,327.61,313.72,324.43,649665,1949394570,27.92,1.319,0.707,Healthcare,Portfolio_B,Gbp,Buy,1296,378.47
Trd00156,META,27-05-2021,246.79,251.24,239.08,247.85,37140893,2318366841,50.76,0.191,0.76,Energy,Portfolio_B,Gbp,Buy,3667,263.68
Trd00060,MSFT,27-05-2021,160.86,170.69,157.84,166.05,46615837,1554804858,50.54,3.867,1.402,Consumer,Portfolio_B,Usd,Sell,1095,174.81
Trd00507,NFLX,27-05-2021,794.58,858.45,768.13,856.97,12820950,2554357624,68.92,1.388,0.783,Technology,Portfolio_C,Eur,Buy,4415,789.59
Trd01518,AMZN,31-05-2021,669.65,714.72,648.19,688.71,11099307,2318365905,39.78,2.998,0.407,Financial,Portfolio_C,Usd,Sell,119,640.54
Trd01412,BRK,31-05-2021,123.46,137.19,118.62,131.11,16099925,1259645749,45.46,1.362,0.328,Healthcare,Portfolio_C,Usd,Sell,81,138.21
Trd01760,NVDA,31-05-2021,629.52,658.6,626.19,632.97,18420904,3681388966,9.69,1.898,0.448,Technology,Portfolio_B,Usd,Buy,2449,691.37
Trd00014,AMZN,01-06-2021,526.3,549.37,478.73,494.11,27052509,1853978789,57.4,2.811,1.698,Consumer,Portfolio_B,Usd,Buy,4102,400.85
Trd00135,JPM,01-06-2021,523.19,555.68,499.32,542.13,13354310,817722327.6,48.37,1.346,1.413,Financial,Portfolio_C,Usd,Sell,2744,468.18
Trd00547,AMZN,03-06-2021,765.47,806.23,752.79,438.495,25145597,5669492321,22.5,2.047,2.106,Healthcare,Portfolio_A,Gbp,Buy,2158,818.28
Trd01868,BRK,07-06-2021,688.26,708.12,625.46,657.89,44685226,4761974924,71.67,0.181,2.09,Technology,Portfolio_A,Usd,Sell,41,560.64
Trd00697,JPM,08-06-2021,764.42,815.14,743.89,802.31,25562169,5973272565,19.1,2.358,1.113,Technology,Portfolio_C,Usd,Sell,4225,669.52
Trd00140,WFC,08-06-2021,86.64,95.34,82.58,90.81,25562169,457251869.8,11.11,4.796,1.438,Consumer,Portfolio_A,Usd,Sell,4197,103.34
Trd01283,WFC,08-06-2021,779.63,843.88,741.2,832.2,25562169,2345452507,63.5,1.652,0.568,Technology,Portfolio_A,Eur,Buy,3307,767.1
Trd01785,MSFT,09-06-2021,608.09,631.27,550.58,563.13,7962744,1875595129,39.48,3.501,0.893,Energy,Portfolio_A,Usd,Sell,3109,639.68
Trd01807,BAC,11-06-2021,443.06,496.7,426.42,473.19,28405107,2537308661,43.73,4.624,1.259,Financial,Portfolio_A,Gbp,Sell,1398,531.59
Trd01599,INTC,11-06-2021,76.65,80.25,72.86,73.65,18066908,328061478.2,22.5,0.146,2.014,Healthcare,Portfolio_C,Usd,Sell,3036,87.44
Trd00072,NVDA,11-06-2021,493.52,503.02,468.92,492.5,23290205,3285624608,68.81,3.809,2.302,Technology,Portfolio_C,Usd,Sell,3951,570.64
Trd00806,AMD,15-06-2021,436.25,459.92,427.4,456,25562169,1949394570,60.43,0.939,2.256,Consumer,Portfolio_C,Usd,Buy,3414,492.75
Trd00162,GOOGL,15-06-2021,367.46,387.93,359.73,384.02,48726214,655126599.4,75.36,0.404,1.885,Energy,Portfolio_A,Gbp,Sell,2559,443.05
Trd00763,JPM,15-06-2021,658.35,714.87,650.11,692.43,39955406,3782551210,40.57,3.12,0.933,Financial,Portfolio_A,Eur,Sell,4665,823.59
Trd01397,JPM,15-06-2021,307.27,319.49,302.08,438.495,21341511,1012523092,68.33,2.406,1.402,Healthcare,Portfolio_C,Usd,Buy,3353,347.38
Trd01809,AAPL,16-06-2021,403.26,438.87,399.3,434.07,36088204,2823676570,48.6,2.973,2.285,Financial,Portfolio_A,Usd,Buy,912,476.79
Trd00058,JPM,17-06-2021,581.91,602.59,568.46,581.57,29384549,2230469832,49.1,4.094,1.153,Consumer,Portfolio_C,Usd,Buy,511,540.43
Trd00177,AMD,18-06-2021,641.55,648.49,609.4,619,40791130,2703654582,58.46,1.271,1.402,Consumer,Portfolio_B,Usd,Sell,2000,715.1
Trd01895,BRK,18-06-2021,530.1,545.13,504.26,515.6,12237337,1081728284,55.23,3.571,0.655,Healthcare,Portfolio_C,Usd,Sell,2402,491.5
Trd00366,NVDA,18-06-2021,555.65,572.29,528.22,534.42,20686449,1109351174,79.15,3.306,0.635,Consumer,Portfolio_C,Eur,Sell,2868,635.52
Trd00153,AAPL,21-06-2021,705.62,730.18,694.32,701.51,30744986,4194617312,43.73,1.083,0.895,Energy,Portfolio_A,Usd,Sell,777,652.31
Trd00153,AAPL,21-06-2021,705.62,730.18,694.32,701.51,30744986,4194617312,43.73,1.083,0.895,Energy,Portfolio_A,Usd,Sell,777,652.31
Trd01764,BAC,23-06-2021,131.22,134.14,120.72,122.44,8416957,197566245.4,17.4,1.457,0.389,Consumer,Portfolio_B,Eur,Buy,4158,100.46
Trd01114,GS,24-06-2021,228.8,238.08,206.86,211.8,2253076,1949394570,72.34,4.835,1.402,Financial,Portfolio_B,Usd,Sell,4209,200.17
Trd01926,META,25-06-2021,343.87,359.59,336.87,340.91,28818946,2267115250,27.6,0.952,2.344,Healthcare,Portfolio_A,Usd,Buy,4160,346.36
Trd01525,GOOGL,28-06-2021,618.05,642.53,601.94,606.42,9537641,2745693292,55.45,0.264,0.958,Financial,Portfolio_B,Usd,Sell,2058,553.65
Trd01060,INTC,28-06-2021,161.69,168.74,151.66,156.2,44485417,856052850.4,75.15,4.423,2.108,Financial,Portfolio_A,Usd,Buy,4507,168.58
Trd00114,META,28-06-2021,194.53,203.2,183.88,438.495,41912409,1949394570,50.11,3.164,0.867,Energy,Portfolio_A,Usd,Sell,4942,184.8
Trd00561,GS,29-06-2021,89.64,90.08,85.48,85.65,9535118,525561675.8,38.36,1.966,0.729,Energy,Portfolio_A,Eur,Sell,2777,88.08
Trd01356,INTC,29-06-2021,213.86,214.11,210.42,212.42,25681987,944785319.7,34.08,2.523,0.401,Energy,Portfolio_C,Usd,Sell,2758,174.8
Trd00383,GOOGL,30-06-2021,475.36,499.98,472.72,477.83,25562169,3156670171,10.51,2.406,2.371,Energy,Portfolio_A,Usd,Sell,3167,495.26
Trd00778,META,30-06-2021,54.37,57.05,53.62,53.88,18683409,265004523.5,58.74,1.834,0.989,Technology,Portfolio_B,Eur,Sell,1699,58.87
Trd01705,META,01-07-2021,681.33,739.75,668.58,733.05,16672246,7014844272,28.44,4.169,2.195,Technology,Portfolio_A,Usd,Sell,4114,586.75
Trd00096,NVDA,01-07-2021,421.98,446.96,417.44,436.09,22912877,1949394570,69.73,0.709,1.35,Energy,Portfolio_C,Usd,Sell,4910,362.39
Trd00381,AMD,02-07-2021,510.18,558.23,503.73,535.66,9696517,1314016833,75.74,4.843,0.475,Technology,Portfolio_A,Usd,Buy,1854,527.51
Trd01716,BRK,02-07-2021,536.22,562.92,517.8,526.01,25562169,999982882.7,20.35,4.616,2.293,Technology,Portfolio_C,Usd,Sell,2096,610.09
Trd00462,INTC,02-07-2021,740.05,755.73,694.47,714.82,11162315,7065190098,69.44,1.019,1.136,Consumer,Portfolio_A,Usd,Buy,3013,822.99
Trd00704,META,02-07-2021,372.85,379.23,344.91,358.07,23995484,1547033557,63.72,0.592,1.61,Financial,Portfolio_A,Usd,Sell,2493,420.62
Trd00677,NVDA,02-07-2021,304.17,313.56,302.42,306.76,10920088,724678473.9,48.96,4.568,1.154,Healthcare,Portfolio_A,Usd,Sell,2548,336.3
Trd00815,BAC,08-07-2021,227.69,234.24,219.83,223.99,21385099,2127512570,78.43,4.637,1.811,Financial,Portfolio_B,Eur,Buy,106,266.79
Trd01944,NFLX,08-07-2021,390.74,393.12,348.55,359.93,45698062,887406335.2,41.69,1.299,1.221,Financial,Portfolio_B,Usd,Buy,4892,401.72
Trd00906,AMD,09-07-2021,798.79,817.05,769.02,779.34,2480897,5746588964,65.65,1.673,1.946,Financial,Portfolio_A,Usd,Sell,1543,791.19
Trd01309,NVDA,12-07-2021,147.98,157.27,144.6,153.1,23644369,1340923900,9.6,4.42,0.831,Technology,Portfolio_A,Usd,Buy,774,170.68
Trd00657,INTC,14-07-2021,562.68,577.53,503.15,519.35,31679061,4303607278,17.97,2.926,1.902,Financial,Portfolio_A,Usd,Sell,1116,588.59
Trd01561,GOOGL,20-07-2021,57.97,60.74,53,54.2,35214895,408300578.2,28.71,3.58,1.67,Consumer,Portfolio_B,Eur,Sell,1356,52.68
Trd01351,GOOGL,21-07-2021,414.74,448.51,412.9,434.71,31141974,1270865556,55.47,3.732,1.601,Technology,Portfolio_C,Usd,Buy,3230,411.47
Trd01950,GOOGL,21-07-2021,540.65,552.65,480.47,497.76,43192232,1577224735,76.93,0.412,0.829,Healthcare,Portfolio_C,Usd,Buy,2391,455.03
Trd00637,BAC,22-07-2021,401.71,406.66,391.07,397.84,30374023,2081536675,26.72,4.708,0.574,Financial,Portfolio_A,Usd,Sell,1157,465.27
Trd00835,WFC,22-07-2021,660.34,701.37,650.98,438.495,46366900,2350024746,44.5,3.659,1.692,Healthcare,Portfolio_C,Usd,Sell,2596,766.23
Trd01572,GS,23-07-2021,514.83,530.33,499.04,504.91,47905843,4939655203,42.11,0.664,0.97,Technology,Portfolio_C,Usd,Sell,2862,431.63
Trd00776,INTC,23-07-2021,199.48,208.95,193.16,201.54,19963256,828479144.2,41.2,4.711,1.163,Technology,Portfolio_C,Eur,Sell,3534,240.99
Trd00724,TSLA,23-07-2021,546.89,561.28,533.81,438.495,46177659,1002018262,13.72,4.639,1.622,Financial,Portfolio_C,Usd,Sell,1891,479.12
  Trd00466  ,AMZN,27-07-2021,438.92,478.66,427.77,461.71,25562169,1669764519,60.69,2.717,1.402,Financial,Portfolio_B,Usd,Buy,4222,441.04
Trd00665,GOOGL,27-07-2021,270.12,270.35,241.97,251.35,1850718,1283836733,56.23,0.315,1.311,Financial,Portfolio_B,Usd,Sell,268,300.64
Trd01172,GOOGL,27-07-2021,482.78,508.2,458.92,500.93,24757119,1152736109,68.69,0.362,2.473,Financial,Portfolio_B,Usd,Buy,1753,453.09
Trd01091,NFLX,27-07-2021,670.6,691.02,667.6,669.81,10022679,2614488128,28.38,0.487,1.772,Energy,Portfolio_C,Eur,Buy,173,585.47
Trd01381,META,28-07-2021,308.15,351.2266232,342.01,331.82,49996444,2808060264,43.73,0.081,0.939,Healthcare,Portfolio_B,Gbp,Sell,3441,290.16
Trd01251,AAPL,30-07-2021,608.47,614.05,571.07,438.495,12509365,4458648238,78.27,2.615,0.832,Healthcare,Portfolio_C,Usd,Sell,1091,659.28
Trd00886,GOOGL,30-07-2021,642.74,657.31,636.44,651.14,36264815,1949394570,35.45,1.648,1.683,Consumer,Portfolio_C,Usd,Sell,4347,539.84
Trd00149,AAPL,02-08-2021,266.56,276.37,251.95,257.98,5822997,791701665,26.64,2.759,1.402,Energy,Portfolio_B,Usd,Buy,4201,233.53
Trd01402,GOOGL,04-08-2021,347.57,366.91,330.53,357.2,36036790,2669980700,31.49,3.334,2.383,Consumer,Portfolio_A,Usd,Sell,3973,411.78
Trd01082,META,04-08-2021,282.43,289.41,270.63,275.82,4126721,2021922231,53.27,4.227,1.604,Healthcare,Portfolio_B,Usd,Sell,3569,302.17
Trd00980,NVDA,05-08-2021,121.95,132.06,119.11,128.88,45589437,182057692.3,71.58,2.406,1.715,Technology,Portfolio_B,Gbp,Buy,4061,139.06
Trd01932,TSLA,05-08-2021,222.42,227.79,212.61,212.62,32908206,1650653470,60.77,4.005,1.193,Technology,Portfolio_C,Usd,Sell,3440,188.34
Trd01349,AMZN,09-08-2021,146.77,147.83,141,145.65,41334533,613709966.1,76.3,1.513,0.888,Consumer,Portfolio_C,Usd,Sell,4099,155.56
Trd00272,GOOGL,09-08-2021,557.57,559.29,517.45,438.495,17852070,1949394570,9.56,0.051,0.434,Healthcare,Portfolio_C,Gbp,Sell,986,578.37
Trd01942,AMZN,10-08-2021,333.04,347.84,325.45,345.22,29375796,1949394570,44.47,4.138,0.302,Technology,Portfolio_C,Usd,Sell,1292,348.88
Trd00312,BAC,10-08-2021,203.07,209.46,190.43,198.64,3050983,308328412.1,20.87,0.412,1.402,Consumer,Portfolio_C,Usd,Buy,1962,203.69
Trd01728,INTC,10-08-2021,782.64,808.36,704.51,722.07,30487978,3070550686,32.52,4.8,1.463,Financial,Portfolio_B,Eur,Sell,374,616.28
Trd00454,NVDA,12-08-2021,189.33,205.9,185.1,203.16,7853834,1919296199,43.73,4.487,2.342,Healthcare,Portfolio_A,Usd,Sell,4209,236.47
Trd00513,NFLX,16-08-2021,185.5,191.48,185.25,188.49,33040356,1215809130,74.45,1.201,2.19,Technology,Portfolio_C,Usd,Buy,287,223.14
Trd00166,BAC,17-08-2021,454.46,461.63,442.19,457.11,48084594,1949394570,73.45,0.035,1.243,Energy,Portfolio_B,Usd,Buy,3485,422.54
Trd00002,AMZN,18-08-2021,105.68,109.01,101.91,106.56,20640714,454727111,68.19,3.965,1.246,Healthcare,Portfolio_A,Gbp,Buy,1191,103.78
Trd00427,META,18-08-2021,135.56,137.27,130.76,133.79,47679576,660620769.8,50.01,4.567,0.443,Healthcare,Portfolio_B,Usd,Buy,4894,126.19
Trd01903,AMD,19-08-2021,373.29,400.45,359.15,438.495,44000896,3750372580,45.99,1.11,1.624,Healthcare,Portfolio_B,Gbp,Buy,4111,393.43
Trd01991,META,19-08-2021,326.77,336.21,305.74,313.7,46804771,904432861.8,15.58,1.462,2.107,Consumer,Portfolio_B,Gbp,Sell,2564,357.21
Trd00577,BRK,20-08-2021,562.64,582.36,545.4,577.99,6305291,2309793693,50.17,2.406,1.85,Energy,Portfolio_B,Usd,Sell,2499,678.19
Trd00098,META,20-08-2021,184.24,192,175.41,192,1352964,448517184,10.82,0.713,0.345,Healthcare,Portfolio_A,Usd,Buy,2599,198.65
Trd00295,AMD,23-08-2021,177.38,183.86,168.06,175.43,16849571,253200575,43.73,4.896,0.507,Consumer,Portfolio_B,Usd,Buy,3437,204.76
Trd01701,MSFT,23-08-2021,326.77,336.11,295.96,302.6,25562169,2912325587,10.92,2.89,1.856,Technology,Portfolio_A,Eur,Buy,4040,359.24
Trd01303,GS,24-08-2021,773.47,795.12,753.06,795.12,31957516,4222895042,22.3,4.299,2.093,Technology,Portfolio_B,Usd,Sell,3720,653.67
Trd01989,TSLA,24-08-2021,100.95,105.77,88.89,93.26,44381177,441275917.2,78.14,0.161,1.302,Consumer,Portfolio_C,Usd,Buy,461,81.84
Trd00794,BAC,25-08-2021,676.8,725.31,673.83,696.51,13222651,3113435222,43.73,3.232,2.108,Financial,Portfolio_B,Usd,Sell,1143,806.9
Trd01002,JPM,25-08-2021,701.04,727.3,677.14,724.38,25562169,811186801.7,78.05,0.708,1.402,Technology,Portfolio_B,Eur,Sell,2797,716.5
Trd01923,BAC,26-08-2021,79.57,81.81,79.09,81.16,22791745,779195814.9,46.09,3.584,0.44,Healthcare,Portfolio_A,Usd,Buy,1746,70.15
Trd00988,TSLA,27-08-2021,414.05,415.45,371.51,389.03,48313294,1090351887,14.68,4.724,0.706,Financial,Portfolio_C,Gbp,Sell,2318,465.48
Trd01105,BRK,31-08-2021,283.54,285.94,271.36,276.22,6961529,1948161982,43.73,3.537,0.808,Energy,Portfolio_A,Usd,Buy,2715,311.97
Trd01368,BAC,02-09-2021,638.57,663.2,615.52,620.62,32015454,1952698908,20.59,0.87,2.285,Technology,Portfolio_C,Eur,Sell,3539,657
Trd00482,NFLX,02-09-2021,99.69,101.92,91.48,95.69,33378488,1949394570,43.23,2.396,1.237,Technology,Portfolio_A,Eur,Buy,1198,104.2
Trd00543,MSFT,07-09-2021,221.12,222.49,206.81,208.36,25075637,1910174471,30,3.508,1.091,Consumer,Portfolio_B,Gbp,Sell,2791,196.22
Trd01294,JPM,08-09-2021,183.68,191.41,172.12,178.4,12491250,921229234.4,75.14,4.696,2.01,Healthcare,Portfolio_B,Usd,Sell,137,169.11
Trd00944,AMD,09-09-2021,373.64,383.25,343.27,438.495,27637647,1858000000,33.53,1.672,0.303,Consumer,Portfolio_B,Eur,Sell,2914,335.25
Trd00793,GS,09-09-2021,153.33,158.45,149.28,158.13,18715406,260843341.5,53.66,4.372,1.069,Healthcare,Portfolio_A,Gbp,Sell,1293,138.31
Trd01379,JPM,10-09-2021,162.28,174.93,161.43,168.19,19567281,1416493657,43.73,4.469,0.857,Financial,Portfolio_A,Usd,Sell,4564,197.09
Trd00241,NFLX,10-09-2021,748.92,827.29,724.76,438.495,43764822,7468594806,12.91,1.073,2.167,Energy,Portfolio_A,Eur,Sell,4220,872.28
Trd00243,AMD,13-09-2021,84.43,87.69,76.98,78.45,6801342,704883134.7,60.67,1.114,0.703,Healthcare,Portfolio_C,Eur,Buy,551,77.01
Trd01528,AMZN,13-09-2021,304.14,307.09,296.13,296.55,16999222,483291983.3,46.21,0.824,2.156,Energy,Portfolio_C,$,Sell,2609,269.9
Trd00174,GOOGL,13-09-2021,385.06,415.39,382.57,405.85,9698250,2954981269,68.02,4.562,1.53,Energy,Portfolio_B,Usd,Buy,4443,378.85
Trd00035,META,13-09-2021,528.51,574.66,524.58,563.26,26438508,4413277846,67.22,0.832,2.309,Energy,Portfolio_C,Gbp,Sell,4630,526.17
Trd01920,GOOGL,16-09-2021,458.11,461.33,441.4,458.77,26836846,2782928640,22.07,2.94,2.351,Financial,Portfolio_C,Usd,Buy,2429,456.29
Trd01996,NVDA,17-09-2021,318.8,333.01,308.67,327,5796997,1949394570,18.08,1.899,1.569,Healthcare,Portfolio_B,Eur,Buy,323,331.44
Trd01811,GS,20-09-2021,323.2,352.31,308.88,348.89,19962719,1000912030,51.03,3.998,2.418,Technology,Portfolio_A,Eur,Buy,4999,415.1
Trd00434,NVDA,20-09-2021,331.91,341.41,310.32,325.01,45958194,827946399.5,8.86,4.748,1.288,Healthcare,Portfolio_B,Usd,Buy,3959,263.84
Trd01900,WFC,21-09-2021,57.97,60.13,56.25,58.26,6034003,144254440,58,4.648,1.293,Consumer,Portfolio_B,Usd,Sell,2425,66.41
Trd00276,AAPL,22-09-2021,553.9,609.29,535.4,594.95,9237500,1949394570,57.62,3.652,1.402,Technology,Portfolio_C,Usd,Sell,3782,619.8
Trd01981,GS,22-09-2021,710.82,787.83,684.22,755.61,35608417,1949394570,67.9,3.131,0.46,Healthcare,Portfolio_C,Usd,Sell,4246,864.28
Trd00474,NVDA,22-09-2021,450.27,464.63,441.57,444.58,9653557,4415235570,34.1,3.346,0.418,Technology,Portfolio_C,Usd,Buy,1568,480.53
Trd01122,JPM,24-09-2021,398.81,399.73,372.93,373.17,25562169,3005389527,43.73,2.348,1.699,Healthcare,Portfolio_C,Usd,Buy,10,332.74
Trd00333,NFLX,24-09-2021,310.36,325.69,306.78,311.71,33321226,1044145273,49.67,0.635,2,Healthcare,Portfolio_B,Usd,Sell,1478,355.78
Trd00539,GOOGL,27-09-2021,296.07,309.58,278.87,438.495,11262665,1297992673,5.79,3.849,0.815,Technology,Portfolio_B,Gbp,Buy,3009,280.6
Trd00400,TSLA,27-09-2021,769.94,803.5,767.63,795.03,25562169,3674344039,43.73,0.32,1.227,Technology,Portfolio_A,Usd,Sell,4007,716.55
Trd01228,AMD,28-09-2021,528.91,541.35,501.66,518.33,25562169,4061832919,44.29,4.8,2.226,Energy,Portfolio_C,Eur,Sell,362,420.68
Trd00867,AMZN,28-09-2021,280.62,292.08,261.74,263.31,12223647,819978410.6,41.06,3.246,0.77,Financial,Portfolio_A,Eur,Sell,2088,251.06
Trd01531,GOOGL,28-09-2021,329.9,339.42,308.28,308.43,15740403,902263541.5,76.66,4.208,2.006,Technology,Portfolio_C,Usd,Sell,4232,253.1
Trd00853,MSFT,28-09-2021,450.15,477.67,437.65,457.78,16427649,1042035001,44.4,2.406,1.927,Financial,Portfolio_C,Usd,Sell,2115,457.48
Trd00399,TSLA,28-09-2021,313.93,327.55,299.32,313.78,34753561,2630156675,58.97,1.301,1.797,Consumer,Portfolio_B,Gbp,Sell,2569,328.74
Trd01725,BRK,29-09-2021,582.47,604.92,545.62,554.75,2012020,1949394570,59.09,2.011,0.686,Financial,Portfolio_C,Gbp,Sell,3047,507.1
Trd00148,META,29-09-2021,407.19,429.2,388.36,422.52,19646529,2156299554,8.69,3.476,0.807,Consumer,Portfolio_B,Usd,Sell,3252,384.43
Trd00252,GS,30-09-2021,788.31,819.76,759.75,761.76,25562169,4677177453,24.96,4.58,1.402,Energy,Portfolio_C,Eur,Sell,2390,906.15
Trd00523,NFLX,30-09-2021,380.21,423.19,366.83,405.08,25030607,3431322093,5.56,0.51,0.553,Consumer,Portfolio_B,Usd,Sell,2359,331.35
Trd00982,TSLA,30-09-2021,409.82,437.8,393.05,417.96,37938256,1155088049,24.82,1.556,2.427,Financial,Portfolio_A,Usd,Sell,2317,492.61
Trd00187,NFLX,04-10-2021,462.31,463.67,450.28,460.75,39565025,578800600.5,55.41,4.27,1.809,Technology,Portfolio_B,Gbp,Buy,2448,378.92
Trd00025,GOOGL,05-10-2021,357.9,385.16,345.8,380.28,34488127,2080435444,50.54,0.123,1.438,Consumer,Portfolio_C,Usd,Buy,2245,396.67
Trd01163,GS,05-10-2021,798.04,835.01,742.04,777.68,38043891,1226248935,32.85,0.586,1.583,Consumer,Portfolio_B,Usd,Buy,3778,776.45
Trd00334,MSFT,06-10-2021,74.55,80.45,74.42,79.13,25562169,1949394570,14.34,2.406,1.222,Financial,Portfolio_B,Usd,Sell,4283,66.07
Trd01467,AMZN,07-10-2021,761.86,820.41,739.92,803.46,25562169,3263570960,43.73,3.656,0.76,Consumer,Portfolio_A,Gbp,Sell,625,963
Trd01840,WFC,07-10-2021,286.74,311.92,279.95,297.95,33819849,483054119.1,24.6,4.791,1.23,Financial,Portfolio_A,Eur,Sell,577,271.61
Trd00612,GS,08-10-2021,76.52,76.59,72.87,74.96,26994547,555361249.3,68.03,3.683,2.104,Healthcare,Portfolio_B,Eur,Sell,656,67.45
Trd00377,JPM,08-10-2021,94.68,95.21,93.54,95.16,10813458,574753838.9,30.57,0.086,0.509,Consumer,Portfolio_C,Gbp,Buy,1641,78.63
Trd00180,GS,11-10-2021,513.64,560.81,512.52,438.495,2894026,1462854613,51.28,0.8,2.152,Healthcare,Portfolio_A,Usd,Sell,324,513.97
Trd01596,NVDA,11-10-2021,276.58,276.94,257.26,261.05,37408829,1439747398,72.63,2.406,1.846,Technology,Portfolio_A,Usd,Sell,4551,271.15
  Trd00535  ,META,13-10-2021,53.62,54.72,49.45,50.46,13529865,104679875.5,11.47,2.05,1.465,Healthcare,Portfolio_A,Usd,Sell,3888,45.48
Trd01767,AMZN,14-10-2021,474.21,511.7,464.16,488.81,41817661,3020997820,6.21,3.51,0.798,Healthcare,Portfolio_C,Usd,Sell,2538,411.31
Trd01522,BRK,18-10-2021,197.53,202.26,176.47,185.21,1737390,304580623.2,16.86,4.176,1.177,Healthcare,Portfolio_A,Usd,Buy,312,213.79
Trd00346,NFLX,18-10-2021,417.52,428.6,384.83,386.23,4469576,826525247.9,53.71,2.331,1.071,Healthcare,Portfolio_B,Usd,Buy,4678,443.49
Trd01706,WFC,18-10-2021,553.47,556.12,501.45,525.41,5063387,1904472016,71.9,2.293,1.108,Energy,Portfolio_B,Usd,Buy,889,442.16
Trd01252,MSFT,19-10-2021,263.34,282.14,250.54,276.9,36434543,1701410666,42.28,4.779,1.104,Technology,Portfolio_C,Eur,Buy,542,260.47
Trd00097,WFC,19-10-2021,269.14,272.53,256.79,266.41,1048748,841891032.5,43.73,4.722,2.399,Technology,Portfolio_C,Usd,Sell,1827,238.64
Trd00598,GS,20-10-2021,323.24,330.72,304.13,319.18,21870777,688048027.3,20.26,0.973,1.144,Healthcare,Portfolio_C,Usd,Buy,4651,265.69
Trd00502,AAPL,21-10-2021,640.25,697.83,610.48,685.2,25562169,3275618471,56.98,4.425,0.413,Energy,Portfolio_A,Gbp,Buy,4621,694.16
Trd00826,AAPL,22-10-2021,654.66,717.04,634.65,701.46,18139809,4300440121,37.72,1.295,1.391,Consumer,Portfolio_B,Gbp,Buy,4955,662.41
Trd01846,GOOGL,25-10-2021,286.68,301.66,275.12,298.73,46907623,404181988.7,7.56,2.406,0.543,Technology,Portfolio_B,Gbp,Buy,3023,344.52
Trd00411,BAC,26-10-2021,654.77,671.27,588.3,604.46,26132065,3831447081,25.16,2.406,1.402,Financial,Portfolio_C,Usd,Sell,1554,526.9
Trd00673,GS,26-10-2021,555.52,558.16,503.17,511.56,4834644,3043802462,14.29,1.403,1.402,Energy,Portfolio_B,Usd,Sell,2204,519.12
Trd01394,META,26-10-2021,602.1,659.98,597.18,634.68,15308635,927872964.7,58.71,4.723,1.402,Healthcare,Portfolio_B,Gbp,Sell,1140,560.31
Trd00869,AMD,27-10-2021,692.41,713.64,663.79,697.4,32867177,5901363930,43.73,0.032,2.363,Technology,Portfolio_C,Usd,Sell,201,622.57
Trd01007,AMZN,28-10-2021,766.81,821.61,755.67,821.14,43891728,830038694.2,49.69,2.406,1.402,Technology,Portfolio_B,Eur,Sell,1760,897.22
Trd01321,BAC,28-10-2021,185.7,193.23,176.62,189.22,27268605,1399624199,48.86,2.332,2.492,Healthcare,Portfolio_B,Usd,Sell,2132,171.31
Trd00102,JPM,28-10-2021,368.4,380.26,364.58,369.8,5758446,895613073,14.36,3.928,1.523,Consumer,Portfolio_C,Gbp,Buy,3067,377.72
Trd00767,NFLX,28-10-2021,516.82,562.17,505.22,539.83,27566456,4127535861,31.5,0.454,2.299,Consumer,Portfolio_C,Eur,Sell,3949,592.09
Trd01640,TSLA,29-10-2021,277.55,285.58,255.99,256.85,25562169,587777338,68.46,4.405,2.091,Financial,Portfolio_A,Usd,Buy,762,299.7
Trd01203,BAC,02-11-2021,308.5,312.92,279.23,291.81,12550893,1985982698,8.27,2.78,2.248,Healthcare,Portfolio_C,Usd,Sell,1218,345.32
Trd00864,BAC,03-11-2021,714.81,735.15,661.49,676.02,10178286,6350462250,70.5,4.026,2.463,Technology,Portfolio_C,Gbp,Sell,3572,636.27
Trd01703,MSFT,04-11-2021,171.49,178.84,159.71,167.39,4426890,399880147.1,61.12,2.086,2.078,Financial,Portfolio_B,Usd,Buy,3189,155
Trd00254,TSLA,04-11-2021,188.04,197.94,186.32,189.55,13378920,1443403347,43.73,2.391,1.96,Consumer,Portfolio_C,Gbp,Sell,3856,153.25
Trd01593,TSLA,04-11-2021,747.59,770.22,695.45,715.58,16626607,3298954036,10.14,3.885,0.989,Consumer,Portfolio_B,Gbp,Buy,2555,717.65
Trd00820,META,08-11-2021,543.98,562.4,509.57,521.34,13486211,1279334473,43.73,0.217,0.892,Healthcare,Portfolio_C,Usd,Buy,893,544.52
Trd00876,MSFT,08-11-2021,528.85,545.66,473.33,494.24,32216180,984814221.9,24.93,0.312,0.454,Energy,Portfolio_B,Usd,Sell,259,413.06
Trd01696,GS,10-11-2021,294.96,308.77,287.24,438.495,38433512,2188286784,34.73,3.193,2.198,Technology,Portfolio_A,Eur,Buy,4367,320.22
Trd01459,AAPL,11-11-2021,308.03,314.82,298.58,299.94,22488042,2542591380,32.27,2.546,1.402,Healthcare,Portfolio_A,Eur,Sell,856,329.82
Trd00398,GOOGL,11-11-2021,251.15,255.81,236.43,248.35,9490524,1422084634,69.63,1.845,0.401,Financial,Portfolio_C,Usd,Sell,440,215.98
Trd01551,NVDA,11-11-2021,53.59,58.09,53.02,56.81,24379799,502112003.6,42.97,1.629,0.421,Consumer,Portfolio_A,Usd,Buy,3227,54.71
Trd00965,AMD,12-11-2021,589.88,608.05,577.15,579.31,18040002,5332897874,76.28,3.988,1.199,Technology,Portfolio_B,Usd,Sell,4317,681.06
Trd00584,META,12-11-2021,297.65,331.42,294.79,321.39,9919542,1790285640,70.91,1.774,0.984,Healthcare,Portfolio_C,Usd,Buy,4019,298.09
Trd00031,BRK,16-11-2021,674.25,733.21,669.59,707.08,33623543,4221489623,22.43,2.975,2.193,Energy,Portfolio_A,Usd,Buy,235,796.06
Trd00091,GOOGL,16-11-2021,529.95,533.21,504.4,531.37,30402014,1523446823,31.11,3.123,0.76,Financial,Portfolio_A,Usd,Buy,746,513.76
Trd00432,GOOGL,16-11-2021,81.36,85.84,77.3,84.15,4696979,726112005.3,43.73,3.431,2.269,Technology,Portfolio_C,Usd,Sell,3156,94.69
Trd00052,GOOGL,19-11-2021,528.33,538.24,511.94,529.2,42001186,1632529609,43.67,4.574,1.111,Financial,Portfolio_A,Eur,Sell,1061,552.1
Trd00486,AMZN,22-11-2021,154.65,158.61,141.08,142.58,24533538,411216831.5,20.17,1.367,2.289,Healthcare,Portfolio_C,Gbp,Buy,4842,148.6
Trd00827,BRK,22-11-2021,131.46,137.69,125.63,128.45,25269033,1218543237,9999,3.054,0.361,Consumer,Portfolio_C,Eur,Sell,2953,145.26
Trd01548,GS,22-11-2021,655.03,694.8,638.49,689.8,27059804,1949394570,29.75,2.406,1.048,Energy,Portfolio_B,Usd,Sell,1617,715.38
Trd01444,AAPL,24-11-2021,66.97,70.88,65.29,69.59,8866047,369793187.6,70.14,0.388,1.09,Consumer,Portfolio_B,Usd,Buy,4510,71.63
Trd00974,AMD,24-11-2021,244.19,246.44,230.31,236.07,21665779,1610868970,5.6,3.342,1.775,Consumer,Portfolio_B,Usd,Buy,3819,238.94
Trd00095,GOOGL,26-11-2021,491.4,526.54,484.01,512.66,1151421,2987935253,43.73,3.507,1.605,Technology,Portfolio_B,Usd,Buy,535,563.63
Trd01537,GS,29-11-2021,128.13,133.72,122.43,128.55,40059116,143825982.2,36.85,1.205,1.661,Energy,Portfolio_C,Usd,Sell,3530,137.53
Trd01498,MSFT,29-11-2021,591.34,650.1,561.86,633.08,33945859,6151904254,28.3,2.406,2.497,Financial,Portfolio_C,Usd,Sell,2443,604.13
Trd00068,META,30-11-2021,174.25,176.35,153.89,161.95,7559588,1510840457,41.03,0.139,1.308,Technology,Portfolio_C,Eur,Sell,1772,139.39
Trd00847,GS,02-12-2021,708.83,743.54,688.84,691.95,18372229,2280692802,12.91,4.733,0.678,Energy,Portfolio_C,Usd,Sell,4374,570.67
Trd00950,INTC,06-12-2021,742.37,747.48,704.61,735.7,34244376,2168093922,8.05,2.896,1.597,Financial,Portfolio_C,Usd,Sell,11,612.77
Trd01289,INTC,06-12-2021,355.15,368.4,347.89,438.495,46825550,3563235714,41.09,2.406,1.21,Healthcare,Portfolio_B,Eur,Sell,1284,379.27
Trd00429,META,06-12-2021,258.92,266.88,241.7,249.34,3012893,643847992.1,74.09,3.655,2.323,Healthcare,Portfolio_B,Eur,Sell,2629,231.02
Trd00615,NVDA,06-12-2021,391.53,404.28,368.69,379.78,43306258,1339551661,61.44,0.974,0.54,Healthcare,Portfolio_C,Usd,Buy,3860,405.08
Trd00126,META,07-12-2021,793.56,797.14,761.18,793.14,22613541,6440625160,19,4.964,1.402,Technology,Portfolio_A,Gbp,Sell,1793,922.11
Trd00945,GOOGL,08-12-2021,196.55,198.5,183.1,438.495,49233464,1725504023,43.73,2.406,2.386,Energy,Portfolio_C,Eur,Sell,3318,196.17
Trd00868,JPM,09-12-2021,142.35,148.4,138.67,145.85,39331759,457822712.5,65.01,2.117,1.103,Consumer,Portfolio_A,Usd,Buy,4352,153.7
Trd01133,MSFT,09-12-2021,158.48,174.43,157.15,438.495,45855471,570064787.6,36.83,1.966,2.238,Financial,Portfolio_A,Usd,Buy,109,139.85
Trd01906,BRK,10-12-2021,469.59,470.66,441.48,459.19,11413170,1497409865,26.56,1.088,1.981,Consumer,Portfolio_C,Eur,Sell,622,479.87
Trd00361,NFLX,10-12-2021,495.4,520.14,457.31,477.19,9606705,865254269.3,33.99,2.974,2.133,Financial,Portfolio_A,Eur,Buy,579,467.19
Trd01808,GS,13-12-2021,145.67,152.71,133.47,134.69,19497721,266557436.4,56.19,4.573,1.907,Consumer,Portfolio_C,Gbp,Sell,4218,155.57
Trd00396,AAPL,15-12-2021,220.42,222.51,202.58,209.1,37275980,468516569.4,43.73,0.09,2.214,Energy,Portfolio_A,Usd,Buy,2920,187.8
Trd00992,INTC,15-12-2021,712.09,761.61,705.04,730.66,42633039,3130452125,43.73,3.683,0.735,Financial,Portfolio_C,Eur,Sell,2135,736.68
Trd01709,INTC,15-12-2021,62.88,62.95,62.72,62.86,22540399,1949394570,32.67,1.589,0.503,Technology,Portfolio_A,Usd,Buy,1213,71.73
Trd01109,META,15-12-2021,747.12,789.42,717.83,767.37,36341605,3680682531,71.57,2.444,0.594,Healthcare,Portfolio_B,Gbp,Sell,3529,901.63
Trd00435,NVDA,15-12-2021,602.38,627.05,572.47,604.76,10136240,3976507456,51.75,2.488,1.402,Energy,Portfolio_A,Eur,Sell,3302,489.64
Trd00642,TSLA,15-12-2021,550.86,562.77,496.04,516.68,18298558,2025552488,69.66,0.133,1.037,Financial,Portfolio_C,Gbp,Buy,2415,450.64
Trd01452,BAC,17-12-2021,244.32,263.53,238.61,254.51,30975694,1602856132,27.24,1.904,1.202,Energy,Portfolio_C,Usd,Sell,3327,274.25
Trd00828,GS,17-12-2021,594.6,641.69,570.28,630.81,42396972,1642801451,59.72,4.452,2.416,Financial,Portfolio_C,Eur,Sell,3068,542.18
Trd00021,BAC,20-12-2021,386.41,423.27,381.64,412.21,11836097,3744114972,36.56,2.335,1.838,Healthcare,Portfolio_A,Usd,Sell,2335,343.15
Trd00350,BRK,20-12-2021,197.83,206.56,178.6,186.41,32644953,472756824.3,45.71,0.923,0.483,Energy,Portfolio_A,Eur,Buy,59,212.68
Trd01116,WFC,20-12-2021,134.85,139.81,132.07,132.08,21713072,1150054637,63.49,3.194,1.526,Healthcare,Portfolio_A,Usd,Sell,3473,140.15
Trd00424,BAC,21-12-2021,50.06,51.69,44.14,46.43,39127110,48817105.59,21.56,3.575,1.556,Energy,Portfolio_B,Usd,Sell,2666,52.5
Trd01302,BAC,21-12-2021,590.85,602.84,589.71,590.65,32997321,5466622272,7.57,0.808,1.402,Financial,Portfolio_C,Eur,Buy,3604,593.47
Trd01700,WFC,21-12-2021,335.63,353.07,331.03,338.74,25562169,2658567016,21.93,0.082,0.368,Consumer,Portfolio_A,Gbp,Buy,3694,325.6
Trd01908,WFC,21-12-2021,553.72,569.38,529,547.24,36813844,1888880946,39.19,4.406,1.583,Financial,Portfolio_B,Eur,Sell,2112,581.96
Trd00871,INTC,22-12-2021,642.2,661.19,570.47,595.21,2480034,1949394570,43.73,0.014,1.314,Consumer,Portfolio_C,Usd,Sell,1931,594.46
Trd01074,NFLX,22-12-2021,765.69,781.93,754.76,769.74,40435055,4703193762,26.44,2.416,1.835,Healthcare,Portfolio_A,Eur,Buy,2267,840.78
Trd00369,BRK,27-12-2021,364.59,369.98,335.53,350.68,6001856,2346679021,48.67,4.462,0.552,Technology,Portfolio_C,Usd,Sell,422,298.29
Trd01962,AMZN,28-12-2021,782.56,845.62,753.52,835.5,25562169,1989854372,34.24,3.145,0.392,Consumer,Portfolio_B,Gbp,Buy,3486,901.7
Trd00781,BRK,28-12-2021,341.68,355.44,328.77,340.76,25562169,2611443565,41.38,1.987,1.835,Technology,Portfolio_B,Usd,Buy,4568,370.37
Trd01201,NVDA,28-12-2021,796.83,810.84,726.58,759.43,1366302,3422885429,26.08,4.234,1.97,Financial,Portfolio_B,Usd,Sell,4471,642.7
Trd00694,WFC,29-12-2021,407.02,445.47,401.36,434.8,38166800,1387457235,21.6,2.777,0.939,Healthcare,Portfolio_B,Usd,Sell,3772,374.22
Trd00151,BRK,31-12-2021,222.42,455.31,202.07,438.495,43311895,1467553108,14.2,2.496,1.519,Healthcare,Portfolio_C,Usd,Sell,27,194.28
Trd01391,MSFT,31-12-2021,537.23,549.72,506.47,527.08,28104564,2043120731,63.93,2.288,2.371,Consumer,Portfolio_A,Usd,Buy,3512,507.23
Trd01385,NVDA,03-01-2022,287.82,313.21,276.1,307.56,25562169,1949394570,8.29,0.647,1.286,Financial,Portfolio_A,Usd,Sell,505,264.92
Trd00274,AMZN,04-01-2022,404.11,415.73,386.99,414.6,44208421,3013890752,73.18,2.411,2.136,Energy,Portfolio_A,Eur,Sell,2664,442.67
Trd01580,AAPL,05-01-2022,779.89,797.2,731.76,735.39,20149441,6605331076,11.57,0.408,0.523,Healthcare,Portfolio_C,Eur,Sell,4166,693.98
Trd00635,INTC,05-01-2022,567.56,577.04,505.17,438.495,38092832,2454872368,60.09,4.632,1.171,Financial,Portfolio_A,Usd,Buy,2923,592.4
Trd00921,INTC,05-01-2022,799.87,837.22,749.65,766.94,19713419,4975445789,43.73,1.898,0.967,Financial,Portfolio_B,Usd,Buy,-328,780.49
Trd01810,META,05-01-2022,320.12,335.44,297.18,311.68,21186008,1458648374,49.29,4.508,1.669,Technology,Portfolio_A,Gbp,Sell,2430,281.23
Trd00141,AAPL,06-01-2022,134.68,143.4,130.55,438.495,27409042,371509057.9,21.64,4.885,1.402,Healthcare,Portfolio_C,Usd,Buy,3022,113.25
Trd01579,INTC,06-01-2022,535.48,556.85,516.58,518.82,28985206,1985198321,19.59,4.031,0.405,Technology,Portfolio_A,Usd,Buy,2460,615.84
Trd01579,INTC,06-01-2022,535.48,518.82,495.7705903,518.82,-1000,1985198321,19.59,4.031,0.405,Technology,Portfolio_A,Usd,Buy,2460,615.84
  Trd00528  ,WFC,07-01-2022,712.49,737.58,687.48,711.82,25562169,1331261424,77.77,4.905,2.129,Consumer,Portfolio_B,Usd,Buy,4006,699.87
Trd01277,WFC,12-01-2022,561.41,587.98,505.17,525.71,26415558,1215760626,20.18,2.462,2.408,Healthcare,Portfolio_B,Usd,Buy,81,573.61
Trd01068,JPM,13-01-2022,161.89,177.27,161.24,173.16,17024377,624690457.6,43.73,4.141,1.485,Healthcare,Portfolio_B,Gbp,Buy,1189,199.53
Trd01077,INTC,14-01-2022,115.64,117.91,111.77,117.55,924318,715050302.3,53.11,2.098,0.775,Energy,Portfolio_A,Usd,Sell,1878,105.77
Trd01817,TSLA,14-01-2022,568.99,602.43,554.49,577.34,10933206,3382158177,61.06,3.464,2.063,Financial,Portfolio_C,Usd,Sell,4094,654.64
Trd01205,AMZN,17-01-2022,747.31,780.36,718.98,438.495,16560428,6112371954,61.94,2.079,2.191,Technology,Portfolio_A,Usd,Sell,1123,833.93
Trd00343,NFLX,18-01-2022,752.94,805.26,744.17,786.27,25562169,976596088.7,14.88,2.583,1.547,Technology,Portfolio_A,Eur,Sell,3243,890.54
Trd01947,TSLA,18-01-2022,549.36,581.3,536.41,567.66,1761119,2158717884,66.68,4.917,0.446,Energy,Portfolio_B,Eur,Sell,3119,665.04
Trd00822,AAPL,19-01-2022,265.85,289.97,263.66,285.15,14591656,2595185509,76.79,2.406,0.851,Energy,Portfolio_A,Usd,Buy,2136,232.02
Trd00705,AMD,19-01-2022,671.15,694.11,661.65,681.83,6504810,2614510545,14.15,1.673,1.392,Energy,Portfolio_B,Usd,Buy,2888,685.99
Trd01505,MSFT,19-01-2022,744.3,819.64,744.2,797.66,33382849,6876654778,42.72,2.778,2.381,Healthcare,Portfolio_A,Eur,Buy,3898,906.97
Trd01344,TSLA,19-01-2022,703.78,731.07,628.17,654.29,7800485,3310376329,44.97,2.744,0.693,Technology,Portfolio_C,Usd,Buy,1616,690.41
Trd01389,AMZN,20-01-2022,795.98,821.13,778.3,820.22,20796559,1949394570,51.84,4.935,0.781,Technology,Portfolio_C,Usd,Sell,3210,809.86
Trd00884,TSLA,20-01-2022,249.35,262.86,242.38,253.79,49806189,361797440.6,64.45,0.904,0.604,Consumer,Portfolio_A,Usd,Sell,784,300.54
Trd01565,BRK,21-01-2022,730.97,816.98,695.93,782.61,5808577,7394734759,5000,0.355,0.514,Consumer,Portfolio_C,Usd,Sell,1407,696.59
Trd01583,JPM,21-01-2022,246.84,248.25,229.26,231.1,48095215,594198542.5,79.05,4.323,1.681,Healthcare,Portfolio_A,Usd,Sell,1492,230.73
Trd00176,META,21-01-2022,474.63,525.3270837,483.84,482.59,38020238,551085929.1,40.89,3.536,2.12,Consumer,Portfolio_B,Eur,Sell,1811,562.32
Trd00266,NVDA,21-01-2022,710.57,792.05,704.84,766.51,28154441,4799657967,33.78,2.406,1.889,Technology,Portfolio_C,Gbp,Sell,3353,623.24
Trd01874,WFC,21-01-2022,473.98,510.13,462.97,489.62,25562169,1077330960,21.21,0.405,1.946,Technology,Portfolio_C,Eur,Sell,3916,501.02
Trd01484,TSLA,24-01-2022,54.24,56.8,48.63,51.14,11362360,1949394570,50.63,4.456,1.423,Energy,Portfolio_A,Usd,Sell,3416,42.61
Trd00045,AAPL,26-01-2022,229.97,236.11,219.59,225.66,1959177,430141583.3,7.48,0.746,1.222,Consumer,Portfolio_B,Usd,Buy,2001,269.9
Trd00289,AMZN,26-01-2022,689.77,718.23,642.27,663.57,29169302,4041783636,17.62,1.719,0.52,Technology,Portfolio_B,Usd,Sell,3304,775.64
Trd01678,BAC,26-01-2022,133.88,141.68,131.62,141.55,9136639,567067560,52.54,2.406,1.877,Energy,Portfolio_A,Usd,Sell,1972,123.88
Trd01794,TSLA,26-01-2022,695.63,723.98,694.96,717.16,42837908,6667600000,69.84,2.406,1.23,Consumer,Portfolio_A,Usd,Sell,4791,711.35
Trd01794,TSLA,26-01-2022,695.63,723.98,694.96,717.16,42837908,6667579952,69.84,2.406,1.23,Consumer,Portfolio_A,Usd,Sell,4791,711.35
Trd01661,JPM,01-02-2022,659.9,669.54,631.53,647.64,10346643,3110060540,25.66,3.716,1.744,Technology,Portfolio_C,Gbp,Sell,1512,601.37
Trd01665,AMD,02-02-2022,669.94,678.54,625.39,641.74,0,5321446696,56.29,2.406,0.914,Financial,Portfolio_A,Usd,Sell,775,648.64
Trd00830,BRK,02-02-2022,303.11,313.69,288.51,307.47,19267621,1702702446,33.5,1.951,1.728,Energy,Portfolio_C,Usd,Buy,1867,303.03
Trd00830,BRK,02-02-2022,303.11,313.69,288.51,307.47,19267621,1702702446,33.5,1.951,1.728,Energy,Portfolio_C,Eur,Buy,1867,303.03
Trd00038,INTC,02-02-2022,428.01,438.81,413.11,416.6,47673785,1422058684,17.05,2.055,1.491,Energy,Portfolio_A,Usd,Sell,1388,482.13
Trd00265,MSFT,02-02-2022,239.29,242.41,230.53,242.3,41574615,1289927422,42.95,4.651,1.402,Technology,Portfolio_C,Usd,Sell,3810,283.4
Trd01625,BRK,03-02-2022,145.79,156.78,138.89,152.29,10477311,782870806.8,6.58,2.299,1.555,Financial,Portfolio_B,Usd,Sell,1218,168.28
Trd00119,BAC,04-02-2022,209.83,212.73,203.21,206.01,33806803,1949394570,16.96,0.759,1.59,Healthcare,Portfolio_C,€,Sell,3869,212.36
Trd01715,BRK,04-02-2022,90,99.32,85.56,96.43,8531834,916003998.8,14.63,1.406,1.331,Technology,Portfolio_A,Usd,Sell,3033,96.96
Trd01635,AMZN,07-02-2022,595.35,604.59,550.6,567.01,6129722,4397694405,42.57,1.523,0.83,Energy,Portfolio_A,Usd,Sell,23,592.44
Trd01014,BRK,08-02-2022,634.51,661,603.76,622.43,17762623,2337200375,61.57,2.406,1.067,Technology,Portfolio_B,Usd,Sell,2671,506.13
Trd00053,META,09-02-2022,64.88,67.72,62.79,64.68,12124603,213839971,41.06,4.085,0.56,Financial,Portfolio_C,Usd,Buy,2763,73.66
Trd00773,AMZN,11-02-2022,716.23,776.4,701.11,438.495,30868266,1829849778,38.21,2.914,0.593,Technology,Portfolio_A,Usd,Buy,3007,764.49
Trd00773,AMZN,11-02-2022,716.23,776.4,701.11,438.495,30868266,1829849778,38.21,2.914,0.593,Technology,Portfolio_A,Usd,Buy,3007,764.49
Trd00146,AAPL,14-02-2022,314.59,324.52,281.03,291.64,30156769,1949394570,43.73,1.364,1.737,Technology,Portfolio_A,Usd,Buy,1507,283.52
Trd01247,WFC,14-02-2022,400.28,423.2,387.82,406.24,31496912,1046795576,60.78,2.406,0.607,Technology,Portfolio_C,Usd,Buy,3975,345.36
Trd00910,BAC,15-02-2022,612.42,642.2,595.04,607.64,26953112,5092054797,33.29,1.446,2.258,Financial,Portfolio_A,Eur,Sell,1681,654.57
Trd00658,NFLX,15-02-2022,438.3,450.12,421.35,446.78,33461163,2230212725,65.6,2.061,1.402,Healthcare,Portfolio_A,Usd,Sell,865,532.28
Trd01131,TSLA,15-02-2022,636.93,699.22,632.05,684.5,41892928,2425561344,34.59,3.946,1.034,Technology,Portfolio_B,Usd,Buy,3249,693.43
Trd00998,AMD,16-02-2022,141.34,143.67,140.21,142.46,43445385,157666892.7,73.01,0.109,0.311,Technology,Portfolio_B,Usd,Buy,3206,129.45
Trd01281,BAC,16-02-2022,350.4,367.37,335.05,345.43,27884063,1965585821,60,2.483,0.501,Technology,Portfolio_B,Eur,Sell,4217,348.45
Trd01721,BAC,16-02-2022,236,247.17,221.2,230.98,37925643,1618272212,10.1,3.662,1.848,Technology,Portfolio_B,Usd,Sell,638,210
Trd00927,NVDA,16-02-2022,62.63,63.65,61.67,438.495,13032430,587647721.4,17.2,2.406,1.83,Technology,Portfolio_A,Usd,Buy,3797,70.52
Trd01301,NVDA,17-02-2022,473.22,476.16,433.04,437.69,5785425,2306052488,53.02,1.794,1.881,Technology,Portfolio_A,Gbp,Sell,2939,362.76
Trd00239,AMZN,18-02-2022,440.17,468.6,423.34,449.94,25562169,1211202035,67.47,2.171,1.28,Consumer,Portfolio_A,Usd,Sell,3173,480.43
Trd00672,INTC,18-02-2022,144.04,154.96,139.05,154.07,9457129,328450894,51.44,2.884,0.39,Consumer,Portfolio_B,Usd,Sell,2363,151.83
Trd00660,BRK,21-02-2022,774,838.43,744.21,804.82,30377960,1401204497,6.05,2.406,1.701,Financial,Portfolio_B,Gbp,Sell,4167,830.29
Trd01148,AMZN,22-02-2022,283.63,301.44,280.51,296.77,2787707,598409698.9,26.33,4.683,2.467,Healthcare,Portfolio_B,Usd,Sell,779,315.82
Trd01831,WFC,22-02-2022,644.96,666.77,631.29,643.5,4119216,3145190549,70.95,3.482,0.974,Energy,Portfolio_C,Usd,Sell,405,639.01
Trd00113,INTC,23-02-2022,747.33,760.9,740.15,438.495,39508289,6874813965,12.56,0.404,0.618,Financial,Portfolio_A,Usd,Sell,192,771.98
Trd00693,NVDA,23-02-2022,207.17,216.11,202.56,212.96,12453974,531776666.1,43.14,0.339,0.907,Technology,Portfolio_A,Eur,Buy,2731,202.46
Trd01699,NFLX,28-02-2022,751.32,818.46,715.04,807.17,9884470,2383112923,26.15,1.34,1,Technology,Portfolio_B,Eur,Buy,1746,917.72
Trd01448,GS,01-03-2022,472.24,493.61,427.05,439.06,25021726,2368114455,78.98,3.29,0.513,Consumer,Portfolio_B,Usd,Buy,3819,407.45
Trd01121,INTC,01-03-2022,674.84,698.51,636.35,648.76,44280357,6436631468,9.86,4.562,1.848,Energy,Portfolio_A,Usd,Sell,4182,653.88
Trd01001,META,01-03-2022,399.5,404.01,381.81,394.64,43029649,1949394570,48.05,2.139,1.104,Consumer,Portfolio_B,Usd,Sell,2422,319.9
Trd00010,TSLA,02-03-2022,527.78,568.92,523.44,563.51,25562169,1949394570,49.55,2.406,0.989,Financial,Portfolio_C,Usd,Sell,1173,564.56
Trd00706,AAPL,03-03-2022,266.2,266.5,247.94,438.495,24087238,2366639927,59.33,1.07,1.402,Healthcare,Portfolio_A,Eur,Sell,4349,222.47
Trd01171,JPM,03-03-2022,630.27,682.76,617.13,655.3,36322454,1640077632,25.48,4.698,2.26,Financial,Portfolio_A,Usd,Buy,2252,548.6
Trd01604,JPM,03-03-2022,359.44,377.48,352.49,369.32,1155437,2049975660,73.07,1.475,1.019,Technology,Portfolio_C,Eur,Sell,3381,374.93
Trd00017,MSFT,03-03-2022,224.14,239.84,220.72,232.86,25562169,1949394570,79.59,1.516,1.402,Consumer,Portfolio_C,Eur,Sell,2800,218.06
Trd01813,AAPL,04-03-2022,436.75,448.89,389.99,403.23,32021527,3259835918,43.73,0.29,1.41,Consumer,Portfolio_C,Gbp,Buy,1068,432.51
Trd01960,JPM,07-03-2022,566.44,603.59,549.15,602.38,25310205,4910425263,53.87,0.938,1.317,Energy,Portfolio_C,Usd,Buy,2905,712.57
Trd00011,MSFT,07-03-2022,67.47,72.3,66.65,69.55,23871318,1949394570,55.86,3.073,2.283,Consumer,Portfolio_A,Usd,Buy,3831,58.65
Trd00651,AMD,08-03-2022,436.37,440.2,431.73,432.26,19519563,2730999661,57.92,0.972,1.786,Healthcare,Portfolio_B,Usd,Sell,3153,462.1
Trd00408,GS,08-03-2022,226.73,237.35,226.5,228.42,30067034,1258243575,46.53,2.774,1.581,Energy,Portfolio_C,Usd,Buy,2494,191.83
Trd01933,NVDA,10-03-2022,456.38,472.35,433.73,448.07,28123392,985076070.1,33.93,4.557,1.402,Technology,Portfolio_A,Usd,Sell,3155,386.32
Trd01500,JPM,14-03-2022,206.94,210.09,186.79,194.82,30366697,1628298352,51.94,2.406,0.684,Technology,Portfolio_C,Usd,Buy,1472,202.75
Trd00713,NVDA,16-03-2022,631.17,666.04,614.66,649.24,17522754,1949394570,43.86,3.278,1.621,Healthcare,Portfolio_B,Usd,Buy,4413,624.75
Trd01797,GS,17-03-2022,360.11,374.47,327.01,333.89,27084918,531330509.3,59.8,4.774,1.59,Technology,Portfolio_A,Usd,Buy,882,384.48
Trd00977,JPM,17-03-2022,683.97,707.95,608.71,631.38,31277401,2745455541,5.25,2.406,0.632,Energy,Portfolio_A,Usd,Buy,953,637.89
Trd01738,GS,18-03-2022,748.37,759.98,682.91,709.11,25562169,5014881231,44.2,2.718,0.322,Healthcare,Portfolio_A,Usd,Sell,67,747.62
Trd00419,TSLA,21-03-2022,606.54,673.3,584.87,649.69,43306745,1949394570,64.51,4.613,1.887,Financial,Portfolio_C,Usd,Sell,2539,764.64
Trd00160,GS,23-03-2022,523.54,527.5,489.48,506.19,25562169,3951017957,41.08,4.185,0.858,Consumer,Portfolio_B,Usd,Buy,2862,486.17
Trd01249,JPM,23-03-2022,747.53,769.1,682.6,704.28,48380022,1487263290,43.73,3.675,1.694,Technology,Portfolio_C,Usd,Sell,314,762.05
Trd01664,NFLX,23-03-2022,113.52,113.96,106.53,107.62,25562169,191160347.9,43.73,0.515,1.111,Technology,Portfolio_A,Usd,Sell,339,128.5
Trd00863,BRK,25-03-2022,738.09,766.54,720.86,730.38,20978597,2963247340,66.24,4.542,0.519,Technology,Portfolio_A,Gbp,Sell,4403,696.51
Trd01984,META,25-03-2022,679.99,759.42,673.93,732.35,24302424,7046237416,70.12,4.593,1.456,Technology,Portfolio_B,Usd,Sell,3493,636.28
Trd01164,WFC,25-03-2022,333.95,348.6,324.46,328.1,28020929,1327652713,50.33,1.014,1.196,Consumer,Portfolio_A,Usd,Sell,1040,369.39
Trd01078,NVDA,28-03-2022,557.83,608.12,537.24,587.49,25645373,5775734038,53.3,4.727,1.107,Technology,Portfolio_A,Usd,Sell,3374,493.16
Trd01520,AMD,29-03-2022,278.89,282.13,268.45,280.18,25562169,2215099438,36.31,2.112,1.887,Consumer,Portfolio_B,Usd,Sell,360,324.45
Trd01319,GOOGL,29-03-2022,70.44,71.17,66.12,66.6,16950957,500873758.2,68.19,3.024,1.402,Technology,Portfolio_A,Gbp,Sell,2906,69.46
Trd01945,NVDA,29-03-2022,556.01,580.87,503.28,529.7,29202182,5254104364,70.92,3.787,1.751,Healthcare,Portfolio_A,Usd,Buy,4346,560.48
Trd01676,BRK,30-03-2022,430.67,447.73,430.55,438.495,44684748,3607974779,6.03,4.797,2.429,Consumer,Portfolio_A,Usd,Sell,2392,433.46
Trd00495,AAPL,31-03-2022,578.1,584.42,519.33,539.88,7386256,855363197,43.73,3.232,0.955,Technology,Portfolio_C,Usd,Buy,-276,557.96
Trd01680,BRK,31-03-2022,762.46,799.24,695.87,720.81,35594270,2090431172,43.73,2.406,0.765,Consumer,Portfolio_C,Usd,Sell,470,603.66
Trd00959,JPM,31-03-2022,433.46,455.07,412.56,425.1,25562169,3810212960,50.5,1.907,1.54,Consumer,Portfolio_B,Usd,Sell,3118,421.31
Trd01117,GS,01-04-2022,652.5,673.4,600.16,628.71,1867307,3274763034,72.48,0.738,0.393,Energy,Portfolio_B,Gbp,Sell,3746,618.13
Trd00480,JPM,01-04-2022,607.15,627.51,564.07,565.75,18939673,3483658806,28.66,1.594,1.355,Energy,Portfolio_A,Usd,Sell,3670,660.04
Trd01359,AAPL,04-04-2022,611.13,645.91,581.79,636.99,20215735,4037196120,67.36,3.149,1.976,Financial,Portfolio_A,Usd,Sell,610,601.07
Trd01485,AMD,04-04-2022,562.17,604.35,555.69,576.88,49968041,2128568940,37.3,1.518,1.149,Financial,Portfolio_A,Usd,Sell,3096,673.56
Trd00786,BRK,05-04-2022,350.51,359.04,334.18,346.95,7055801,1750481407,26.82,1.496,1.402,Financial,Portfolio_B,Usd,Buy,1561,285.48
Trd01827,JPM,05-04-2022,265.17,296.05,256.76,282.05,15812200,1970667837,25.71,0.072,2.051,Healthcare,Portfolio_B,Usd,Sell,2775,318.83
Trd00034,NFLX,05-04-2022,757.95,771.81,697.52,731.4,1445161,2694072404,43.9,3.609,1.402,Technology,Portfolio_A,Usd,Sell,2658,676.45
Trd00549,WFC,05-04-2022,560.34,586.71,505.17,531.5,30563840,4171227414,31.33,1.752,1.157,Energy,Portfolio_A,Usd,Sell,3251,474.42
Trd01157,TSLA,07-04-2022,338.06,340.04,335.28,335.54,48832609,2456849717,77.66,2.744,0.846,Technology,Portfolio_C,Eur,Sell,4574,381.13
Trd01157,TSLA,07-04-2022,338.06,340.04,335.28,335.54,48832609,2456849717,77.66,2.744,0.846,Technology,Portfolio_C,Eur,Sell,4574,381.13
Trd01123,BAC,11-04-2022,213.93,228.8,211.68,227.69,46303800,1268772470,44.07,3.483,0.936,Consumer,Portfolio_C,Usd,Buy,4136,253.08
Trd00631,GOOGL,11-04-2022,183.24,184.22,177.99,182.35,26775565,1949394570,26.6,4.257,2.297,Technology,Portfolio_A,Eur,Buy,138,154.31
Trd00074,WFC,11-04-2022,169.16,173.41,162.51,168,29636752,1593778368,25.19,3.072,2.352,Consumer,Portfolio_C,Usd,Buy,1427,139.27
Trd01757,AMD,12-04-2022,568.15,591.59,517.61,541.36,27015225,4850845453,39.97,3.751,1.888,Consumer,Portfolio_B,Usd,Buy,2209,487.92
Trd00280,GOOGL,12-04-2022,69.27,70.58,65.7,66.9,39462927,480386220.9,43.97,1.501,1.261,Financial,Portfolio_B,Usd,Sell,1611,62.86
Trd01008,GOOGL,12-04-2022,254.29,265.7,228.67,234.7,39959152,1332984752,24.7,1.643,2.209,Financial,Portfolio_A,Usd,Sell,2218,251.78
Trd01507,AMD,13-04-2022,724.77,748.48,723.26,728.51,10106390,1095472872,78.4,1.636,1.087,Energy,Portfolio_B,Usd,Sell,4977,773.62
Trd00251,AAPL,14-04-2022,310.71,344.5,300.66,334.49,48292146,3256632772,67.07,3.022,1.402,Energy,Portfolio_B,Usd,Buy,3035,378.54
Trd00292,BRK,14-04-2022,545.33,551.74,523.59,542.57,15250264,5099614887,51.89,0.558,1.003,Financial,Portfolio_C,Gbp,Sell,2496,509.03
Trd00520,BRK,15-04-2022,311.1,322.15,310.49,313.87,7743688,415131367.1,72.13,4.789,1.678,Technology,Portfolio_B,Eur,Buy,604,366.98
Trd00279,GOOGL,15-04-2022,166.01,171.97,157.41,158.64,28507609,558005095.2,26.68,4.011,1.983,Healthcare,Portfolio_C,Usd,Buy,2452,169.01
Trd00487,MSFT,15-04-2022,615.33,647.59,605.69,621.3,25562169,5869395627,28.16,0.135,2.121,Consumer,Portfolio_A,Usd,Buy,2329,677.95
Trd01184,TSLA,18-04-2022,577.2,609.71,554.74,606.76,43997972,2460294695,21.87,2.406,1.23,Financial,Portfolio_A,Eur,Buy,937,566.41
Trd01308,TSLA,18-04-2022,491.06,495.1,480.99,486.54,29921972,3351954080,6.13,0.474,0.993,Energy,Portfolio_B,Usd,Sell,1108,562.29
  Trd01210  ,AAPL,19-04-2022,656.02,669.69,652.61,657.02,5998083,2575586073,53.88,4.254,2.379,Healthcare,Portfolio_C,Usd,Sell,2843,693.51
Trd01602,TSLA,21-04-2022,592.6,638.03,584.03,609.44,35793031,2470286422,43.73,0.38,2.09,Energy,Portfolio_C,Eur,Sell,3873,675.74
Trd00874,GOOGL,22-04-2022,797.25,859.31,777.41,857.09,31257799,1949394570,39.14,3.599,1.299,Energy,Portfolio_B,Usd,Sell,854,806.15
Trd01570,AAPL,25-04-2022,135.04,138.55,125.2,438.495,17508592,808215659.8,67.61,3.482,1.733,Consumer,Portfolio_B,Usd,Buy,3697,108.61
Trd00470,BRK,25-04-2022,278.71,283.5,275.64,283.11,1673479,2484968865,76.39,1.261,0.483,Energy,Portfolio_C,Usd,Buy,4789,242.19
Trd01511,BRK,25-04-2022,337.21,346.12,330.25,438.495,4092737,1949394570,63.23,3.16,1.097,Financial,Portfolio_A,Gbp,Sell,2986,373.23
Trd01167,BAC,26-04-2022,216.65,239.26,213.24,227.89,19127357,1282982642,42.98,2.406,1.941,Consumer,Portfolio_A,Usd,Sell,4941,202.3
Trd01457,AAPL,27-04-2022,81.47,83.72,79.86,80.62,18432381,86276057.34,57.76,2.644,1.213,Technology,Portfolio_A,Gbp,Sell,1059,80.67
Trd00956,GS,27-04-2022,767.4,839.73,745.76,813.26,31354218,7477758982,43.73,0.885,1.625,Consumer,Portfolio_B,Gbp,Sell,1306,851.47
Trd00264,INTC,27-04-2022,185.22,193.68,179.78,438.495,26816089,554252476.1,25.25,0.507,0.33,Technology,Portfolio_B,Eur,Sell,316,168.86
Trd00590,JPM,27-04-2022,252.09,262.09,249.72,249.77,20081855,851492405.6,69.98,4.014,2.442,Financial,Portfolio_A,Usd,Buy,3976,256.2
Trd00573,AMD,28-04-2022,287.61,297.04,258.89,264.98,11916245,2351066318,43.73,0.765,0.384,Technology,Portfolio_C,Gbp,Sell,1217,220.96
Trd01450,INTC,03-05-2022,520.62,545.26,472.51,483.69,46640430,4315248074,72.68,0.404,0.393,Energy,Portfolio_B,Usd,Sell,4433,500.25
Trd00129,AMZN,04-05-2022,405.08,408.28,378.99,438.495,39803261,2900527340,41.4,3.652,1.725,Financial,Portfolio_B,Usd,Sell,3718,393.2
Trd00104,JPM,05-05-2022,155.45,162.91,149.26,158.15,28455185,1949394570,43.73,1.695,2.033,Healthcare,Portfolio_C,Eur,Sell,575,169.01
Trd00510,WFC,05-05-2022,268.04,290.77,263.31,438.495,42927385,1680905419,24.54,1.702,0.732,Energy,Portfolio_A,Usd,Buy,4539,235.41
Trd01843,INTC,06-05-2022,663.38,714.52,632.04,710.06,23550551,1583403977,43.73,2.503,1.402,Technology,Portfolio_A,Usd,Sell,4163,680.6
Trd01151,MSFT,06-05-2022,103.11,106.5,96.96,102.05,40485338,224473057.9,41.53,3.754,2.095,Energy,Portfolio_A,Eur,Sell,949,100.03
Trd00971,NVDA,10-05-2022,380.61,397.92,364.81,385.69,2376197,2947402868,70.16,1.512,1.446,Healthcare,Portfolio_A,Eur,Sell,2975,436.25
Trd01966,BRK,12-05-2022,484.66,494.49,437.8,458.36,48106681,1949394570,39.59,1.24,1.255,Technology,Portfolio_A,Usd,Sell,838,428.78
Trd00443,TSLA,16-05-2022,776.33,795.72,684.23,714.57,45127044,3108197999,30.52,2.406,1.507,Healthcare,Portfolio_C,Usd,Buy,429,628.61
Trd00220,GOOGL,17-05-2022,378.17,363.82,360.01,363.82,11611093,1949394570,23.84,0.327,1.37,Financial,Portfolio_A,Usd,Buy,1671,336.01
Trd01352,BRK,20-05-2022,480.67,485.27,449.43,470.11,19491851,2180168033,9.38,1.229,1.41,Financial,Portfolio_C,Usd,Buy,1747,522.01
Trd00981,JPM,20-05-2022,669.84,685.28,637.9,675.55,25562169,4708318684,43.48,0.627,1.402,Healthcare,Portfolio_B,Gbp,Buy,2518,789.84
Trd01888,META,23-05-2022,634.96,653.66,621.86,643.85,685555,4331278103,76.87,2.406,1.402,Technology,Portfolio_B,Usd,Sell,1361,724.61
Trd00205,GS,24-05-2022,133.39,134.01,127.99,133.39,3801639,673662585,11.73,1.645,1.834,Healthcare,Portfolio_C,Eur,Sell,3901,117.2
Trd00453,NFLX,24-05-2022,223,232.1,215.4,217.79,41969743,1020080882,52.5,4.877,1.851,Consumer,Portfolio_B,Usd,Buy,3328,182.98
Trd00928,GS,25-05-2022,677.07,695.75,634.27,638.97,16070604,2359458705,21.34,3.334,1.877,Financial,Portfolio_C,Eur,Buy,3641,757.98
Trd00810,JPM,25-05-2022,660.47,738.33,655.29,705.43,38453580,6865692708,14.24,2.406,1.816,Healthcare,Portfolio_C,Eur,Sell,4661,747.52
Trd01957,MSFT,26-05-2022,552.08,613.32,531.29,591.38,21388777,5622263262,22.27,2.438,1.402,Technology,Portfolio_A,Eur,Sell,1475,607.35
Trd01733,AMZN,27-05-2022,427.09,436.59,406.02,436.3,25562169,2672368041,14.53,3.775,0.315,Healthcare,Portfolio_B,Eur,Sell,700,421.69
Trd01575,JPM,27-05-2022,565.98,605.04,555.25,593.42,673733,2316253560,21.55,4.417,1.196,Technology,Portfolio_B,Usd,Buy,656,590.34
Trd00077,GOOGL,30-05-2022,172.82,177.09,164.61,438.495,20126672,797594004,63.52,0.544,2.447,Healthcare,Portfolio_B,Gbp,Sell,616,152.41
Trd01222,GOOGL,31-05-2022,341.77,345.01,320.36,323.42,29022612,1712628242,11.47,2.406,1.016,Financial,Portfolio_B,Usd,Buy,4504,334.91
Trd00475,BRK,01-06-2022,228.59,242.98,219.47,237.27,28751487,750917553.2,35.29,3.292,2.496,Technology,Portfolio_B,Usd,Buy,3399,230.26
Trd01439,INTC,01-06-2022,73.37,79.02,70.77,76.81,6706554,86344502.11,72.86,3.304,0.449,Consumer,Portfolio_B,Usd,Sell,1432,79.57
Trd00029,WFC,01-06-2022,346.7,361.52,344.53,354.45,31672234,910669953.6,31.22,2.836,1.244,Financial,Portfolio_C,Gbp,Sell,1708,295.13
Trd00395,MSFT,02-06-2022,571.25,619.94,561.79,599.57,11146023,4691666428,43.73,0.191,2.156,Financial,Portfolio_B,Gbp,Sell,1279,509.1
Trd00437,MSFT,07-06-2022,183.91,191.74,177.15,190.6,49805781,675608574.6,18.93,0.781,1.676,Technology,Portfolio_A,Eur,Sell,485,205.16
Trd00455,NFLX,07-06-2022,64.71,67.37,61.55,62.26,34858724,119830514.5,68.28,1.792,2.397,Energy,Portfolio_B,Usd,Sell,4293,60.5
Trd01997,TSLA,07-06-2022,475.03,516.13,459.11,493.89,30493193,2612104694,54.6,1.091,2.481,Consumer,Portfolio_C,Eur,Buy,4285,451.98
Trd01506,WFC,07-06-2022,443.85,481.02,429.05,467.13,1749669,4132633712,34.94,2.406,1.631,Technology,Portfolio_A,Usd,Buy,1155,482.6
Trd01219,META,08-06-2022,529.17,542.25,495.78,507.88,40447571,3965752031,28.44,4,1.402,Consumer,Portfolio_C,Usd,Buy,2490,456.77
Trd01393,GOOGL,09-06-2022,411.58,417.09,374.42,390.06,48160839,1949394570,76.34,4.356,1.646,Healthcare,Portfolio_A,Usd,Sell,2858,409.28
Trd01758,BAC,10-06-2022,754.66,804.5,744.81,799.74,9303494,2131396671,19.42,1.383,1.808,Consumer,Portfolio_A,Usd,Sell,1606,924.66
Trd01590,NVDA,13-06-2022,761.83,768.7,675.55,707.49,7722282,1704487030,71.43,4.976,1.402,Financial,Portfolio_C,Eur,Sell,211,764.61
Trd00496,AMD,14-06-2022,602.97,623.44,575.89,606.48,48955611,3850109100,79.21,1.172,1.886,Technology,Portfolio_C,Gbp,Sell,1676,566.9
Trd01789,AMD,14-06-2022,165.25,172.24,164.78,168.35,25562169,345774906.8,43.73,2.517,0.432,Consumer,Portfolio_B,Gbp,Sell,475,194.32
Trd00258,INTC,14-06-2022,749.48,750.69,699.35,713.96,39967045,5309025123,58.01,2.459,1.888,Energy,Portfolio_A,Usd,Sell,2255,748.16
Trd00040,NVDA,14-06-2022,744.9,758.73,724.17,728.99,46815138,3838515070,55.61,1.631,1.09,Energy,Portfolio_A,Usd,Sell,1176,729.05
Trd01470,AMD,15-06-2022,102.37,111.68,98.97,109.53,12515943,682500488.2,46.41,0.354,1.125,Consumer,Portfolio_C,Eur,Sell,1325,91.58
Trd00765,BRK,15-06-2022,193.58,203.98,186.07,198.34,48876071,1117493377,43.73,0.844,1.465,Financial,Portfolio_B,Gbp,Sell,2145,199.03
Trd01690,NVDA,15-06-2022,215.76,229.52,212,228.88,47784376,2075429367,43.49,2.406,0.319,Technology,Portfolio_A,Gbp,Sell,170,256.47
Trd01594,NVDA,16-06-2022,520.58,578.63,515.2,560.45,1561235,3181770487,37.63,4.388,0.619,Energy,Portfolio_B,Gbp,Sell,429,581.29
Trd01456,AAPL,21-06-2022,427.43,427.55,404.82,421.75,49455222,3418751049,67.05,0.04,1.859,Financial,Portfolio_B,Usd,Sell,639,439.33
Trd01714,AAPL,22-06-2022,225.58,241.57,216.19,238.56,17632660,1955168816,27.02,4.068,2.353,Technology,Portfolio_A,Gbp,Buy,1939,212.12
Trd00253,GS,22-06-2022,543.77,561.34,529,535.1,17001296,4556653682,68.63,1.779,0.725,Financial,Portfolio_B,Usd,Sell,2771,553.39
Trd01878,AAPL,23-06-2022,94.35,102.97,92.04,99.42,25562169,959509876.5,55.96,3.75,1.756,Financial,Portfolio_A,Usd,Buy,3113,83.26
Trd00164,NFLX,23-06-2022,207.64,217.83,195.46,438.495,14837237,259129541.2,39.61,1.269,1.783,Consumer,Portfolio_B,Gbp,Buy,4724,205.05
Trd01729,AMD,24-06-2022,72.2,76.64,71.53,73.14,43401493,1949394570,21.47,0.06,1.115,Technology,Portfolio_A,Eur,Buy,3333,66.62
Trd01998,BRK,24-06-2022,649.67,669.8,619.78,651.8,17967678,1582619285,44.76,2.377,1.275,Healthcare,Portfolio_A,Usd,Sell,4134,780.2
Trd01282,GS,24-06-2022,697.72,726.9,631.67,664.84,46817469,5638932873,43.73,3.993,0.491,Consumer,Portfolio_A,Usd,Sell,4496,572.6
Trd01100,WFC,27-06-2022,259.4,260.72,231.5,242.09,16599378,1687878836,55.39,4.383,1.835,Technology,Portfolio_A,Gbp,Buy,509,251.25
Trd01754,AAPL,28-06-2022,292.2,301.44,271.12,279.29,13024587,1949394570,40.67,0.602,2.054,Technology,Portfolio_A,Eur,Buy,3515,230.21
Trd00428,META,28-06-2022,686.82,735.82,677.49,726.19,40790538,1918023921,51.64,2.406,0.836,Energy,Portfolio_B,Usd,Sell,1967,616.77
Trd01862,NFLX,29-06-2022,329.44,345.67,315.44,318.7,44157828,3003746863,23.05,2.061,0.463,Financial,Portfolio_A,Usd,Sell,2694,282.87
Trd00005,BRK,30-06-2022,520.42,571.47,510.76,549.59,13619155,860962962.5,78.71,4.799,2.186,Consumer,Portfolio_B,Usd,Buy,2854,645.28
Trd01968,BRK,30-06-2022,136.11,137.36,120.74,126.37,14321702,1213342060,43.73,2.406,1.499,Energy,Portfolio_B,Gbp,Sell,1109,143.93
Trd00338,MSFT,30-06-2022,102.37,105.34,99.33,102.75,1938207,474084903.8,8.57,3.905,0.49,Technology,Portfolio_C,Usd,Buy,2403,116.87
Trd01267,INTC,04-07-2022,216.08,227.32,212.21,218.56,25562169,1949394570,32.61,1.552,1.877,Financial,Portfolio_C,Usd,Buy,970,205.56
Trd01943,NFLX,04-07-2022,532.69,580.06,523.67,573.75,13409863,3369266550,72.25,3.132,2.424,Consumer,Portfolio_C,Usd,Sell,4877,604.53
Trd00030,TSLA,04-07-2022,536.84,544.24,514.82,520.18,25562169,2200896145,60.09,4.484,1.402,Consumer,Portfolio_B,Gbp,Sell,1476,488.28
Trd01777,GS,05-07-2022,476.75,482.55,457.57,477.31,19899339,667648817.9,27.59,3.977,2.389,Energy,Portfolio_C,Eur,Sell,1378,405.75
Trd00506,NFLX,05-07-2022,347.89,360.97,334.62,348.68,7372120,3111333705,41.52,3.639,0.316,Healthcare,Portfolio_A,Eur,Buy,3996,305.47
Trd00275,INTC,06-07-2022,100.35,104.1,95.34,100.17,29468854,654203057.8,22.56,4.353,2.311,Consumer,Portfolio_C,Gbp,Sell,708,104.08
Trd00032,META,07-07-2022,720.99,729.42,697.3,697.82,28317069,1949394570,23.78,0.683,1.402,Technology,Portfolio_C,Gbp,Sell,4683,832.78
Trd01334,AAPL,08-07-2022,611.45,664.36,609.37,640.99,25338878,943865466.9,17.36,0.28,1.455,Consumer,Portfolio_A,Usd,Sell,3850,548.59
Trd00681,BAC,08-07-2022,498.93,521.35,494.18,503.64,13293424,3781823694,54.16,4.944,0.759,Financial,Portfolio_B,Usd,Sell,4304,460.23
Trd00920,META,10-07-2022,146.84,148.85,138.35,144.54,40522486,538898888.9,-30,2.173,0.49,Technology,Portfolio_A,Usd,Buy,3888,161.68
Trd00636,GOOGL,11-07-2022,543.66,599.6,537.13,438.495,39973875,1431485741,34,3.242,2.228,Technology,Portfolio_A,Usd,Sell,1172,561.72
Trd01773,WFC,11-07-2022,617.37,661.3,604.96,639.42,25562169,2716160886,43.73,2.073,0.703,Technology,Portfolio_B,Eur,Sell,4007,554.24
Trd01877,JPM,12-07-2022,647.41,672.65,627.22,642.22,25562169,2538885757,26.33,2.318,0.734,Financial,Portfolio_C,Gbp,Sell,4027,535.55
Trd00375,JPM,13-07-2022,120.31,125.97,117.46,119.88,16525360,384208806.6,61.91,2.144,1.856,Consumer,Portfolio_B,Usd,Sell,2059,134.7
Trd01771,JPM,13-07-2022,334.65,348.88,314.57,330.64,36956856,675466770.5,79.86,3.983,0.771,Technology,Portfolio_C,Usd,Buy,4549,274.8
Trd01434,WFC,13-07-2022,507.52,511.27,484.36,505.13,35718806,4282057223,43.26,4.708,2.265,Healthcare,Portfolio_C,Usd,Sell,2319,484.38
Trd01954,NVDA,14-07-2022,324.22,339.9689448,338.25,325.15,27716414,1998900000,51.64,2.174,1.693,Healthcare,Portfolio_C,Gbp,Buy,1996,334.74
Trd01387,AMD,15-07-2022,484.85,499.6,465.89,473.8,23288813,3486204291,69.26,1.605,1.924,Technology,Portfolio_C,Usd,Buy,401,448.63
Trd01559,BAC,15-07-2022,562.82,572.17,515.2,518.59,25562169,3306759057,49.22,0.454,2.015,Healthcare,Portfolio_B,Usd,Buy,2960,478.45
Trd00710,JPM,15-07-2022,247.91,254.89,238.27,243.11,35786434,511956597,69.01,1.669,0.348,Consumer,Portfolio_A,Usd,Sell,2265,223.49
Trd01778,TSLA,15-07-2022,522.6,586.22,521.04,561.04,22455134,891803376.2,72.61,4.344,2.044,Consumer,Portfolio_C,Usd,Buy,2529,618.51
Trd00743,WFC,15-07-2022,726.97,727.89,676.94,438.495,8934224,4150930062,50.6,2.406,2.281,Financial,Portfolio_C,Usd,Buy,4070,548.5
Trd01481,WFC,15-07-2022,314.04,316.4,292.17,293.77,25562169,378450083.8,7.03,4.353,0.391,Financial,Portfolio_A,Usd,Sell,4548,285.91
Trd01938,NVDA,18-07-2022,63.38,69.65,60.72,67.71,20938301,581956548.7,17.12,0.863,2.402,Healthcare,Portfolio_A,Eur,Sell,622,56.97
Trd00304,AMD,19-07-2022,300.15,320.8,292.66,306.15,7061749,1949394570,43.73,3.324,1.402,Healthcare,Portfolio_C,Gbp,Buy,2853,332.02
Trd00861,WFC,19-07-2022,75.19,78.43,72.89,78.27,25562169,330891982.2,47.19,1.924,0.388,Healthcare,Portfolio_A,Eur,Sell,1409,86.26
Trd00511,INTC,20-07-2022,283.2,289.64,259.01,264.59,40858910,2487700316,16.99,1.076,2.331,Technology,Portfolio_C,Usd,Buy,4746,242.73
Trd01475,NFLX,20-07-2022,760.48,763.31,680.22,704.07,27707988,6575245660,43.28,3.455,2.434,Financial,Portfolio_B,Usd,Sell,633,728.94
Trd00273,GOOGL,21-07-2022,771.38,818.59,736.15,787.26,10443192,5049151055,43.73,0.995,1.589,Technology,Portfolio_B,Usd,Buy,2667,890.66
Trd01748,GOOGL,21-07-2022,648.73,723.06,646.7,697.13,30713036,6042186747,33.95,1.363,1.157,Energy,Portfolio_B,Usd,Sell,1248,639.79
Trd01673,JPM,22-07-2022,323.07,333.53,302.98,317.56,44262401,817515031.8,35.46,2.406,1.454,Healthcare,Portfolio_A,Usd,Sell,3392,365.43
Trd02000,TSLA,22-07-2022,190.76,202,188.25,193.43,34904876,434562352.6,50.64,3.025,1.978,Energy,Portfolio_C,Usd,Sell,3788,158.98
Trd00993,AAPL,26-07-2022,480.51,505.77,472.17,498.79,39526967,722739726.9,20.58,0.606,0.537,Financial,Portfolio_B,Usd,Buy,3339,473.84
Trd00634,MSFT,26-07-2022,454.36,471.36,446.53,451.75,22180076,2868086663,53.66,3.265,1.24,Technology,Portfolio_C,Gbp,Buy,4264,503.96
Trd01112,MSFT,26-07-2022,89.64,90.63,85.47,86.1,42491712,433083774.9,17.11,4.001,1.505,Consumer,Portfolio_A,Usd,Sell,3058,99.94
Trd01290,NVDA,29-07-2022,199.29,212.83,198.25,205.72,42423626,938376556.7,43.73,4.745,1.726,Technology,Portfolio_C,Usd,Sell,2736,216.9
Trd00585,TSLA,29-07-2022,356.11,365.22,331.39,331.9,17335898,1949394570,43.73,4.79,2.494,Energy,Portfolio_B,Eur,Sell,1483,367.28
Trd00227,AMD,01-08-2022,484.43,491.14,475.15,476.02,25562169,830682985.2,63.91,4.505,0.947,Technology,Portfolio_C,Usd,Buy,526,458.85
Trd01567,BAC,02-08-2022,454.59,458.01,444.5,452.64,15845662,527684090.9,53.05,2.269,2.083,Technology,Portfolio_C,Usd,Buy,1200,451.27
Trd01628,MSFT,02-08-2022,414.34,448.93,405.85,447.4,33366470,731397440.2,14.61,0.997,1.019,Healthcare,Portfolio_A,Usd,Sell,2605,461.54
Trd00355,MSFT,03-08-2022,425.95,455.31,423.18,437.93,25856171,4102688960,23.85,0.013,0.828,Healthcare,Portfolio_B,Eur,Sell,2190,374.66
Trd00049,AMZN,04-08-2022,87.26,88.27,78.16,80.96,4169376,559092839.4,77.4,0.405,0.776,Energy,Portfolio_C,Usd,Sell,3800,79.65
Trd01852,GOOGL,04-08-2022,435.96,441.93,425.57,438.495,6730247,1250948402,66.11,2.406,1.839,Energy,Portfolio_C,Usd,Buy,1778,496.15
Trd01869,NVDA,04-08-2022,464.69,495.32,455.59,472.67,35931280,4408710785,43.73,1.965,2.04,Financial,Portfolio_C,Usd,Sell,733,424.91
Trd01802,META,09-08-2022,254.47,302.8205073,272.69,260.73,35892974,950133754.2,50.76,0.156,1.402,Energy,Portfolio_C,Usd,Buy,2085,304.57
Trd00306,NFLX,09-08-2022,240.87,263.95,229.29,253.42,1635468,2247892926,76.93,1.654,1.402,Energy,Portfolio_C,Usd,Buy,3116,243.79
Trd01161,NFLX,09-08-2022,701.2,770.07,671.35,747.42,23749249,4443384993,26,4.336,0.988,Energy,Portfolio_A,Usd,Sell,2214,631.2
Trd01173,AAPL,10-08-2022,514.81,536,482.94,492.09,46824273,4564811374,23.84,1.64,1.402,Healthcare,Portfolio_B,Usd,Buy,1258,448.58
Trd00964,BRK,10-08-2022,196.46,207.64,188.28,199.45,36668504,536523292.3,50.63,2.406,1.217,Healthcare,Portfolio_B,Usd,Sell,4665,218.05
Trd01329,BAC,11-08-2022,489.1,510.62,435.38,452.18,4226427,1316900092,43.73,2.854,2.155,Energy,Portfolio_C,Gbp,Buy,645,477.69
Trd01360,NFLX,11-08-2022,669.81,724.76,663.75,706,25562169,5712015844,55.26,2.406,0.342,Healthcare,Portfolio_C,Gbp,Sell,1793,592.69
Trd01176,META,12-08-2022,344.07,374.74,334.88,370.94,24875708,3591653629,76.03,0.153,0.436,Healthcare,Portfolio_A,Usd,Buy,3573,419.33
Trd00050,BAC,17-08-2022,266.99,278.62,240.56,249.43,2184096,2430838024,76.29,2.437,1.732,Energy,Portfolio_A,Usd,Sell,2060,287.93
Trd01682,BAC,17-08-2022,278.99,292.5,269.01,279.95,48948960,2541170539,40.5,0.99,2.129,Technology,Portfolio_C,Usd,Sell,900,323.82
Trd00646,AMD,18-08-2022,543.63,555.82,499.91,519.79,31160506,4356434840,41.75,0.38,0.468,Financial,Portfolio_C,Eur,Sell,2106,611.02
Trd00120,INTC,22-08-2022,674.96,719.06,648.31,716.79,2167354,1511105139,76.02,2.482,1.213,Financial,Portfolio_A,Usd,Sell,362,656.81
Trd00934,INTC,22-08-2022,104.18,108.97,100.29,101.02,30096225,277145137.4,66.05,2.401,2.144,Financial,Portfolio_C,Usd,Sell,4682,93.8
Trd00305,JPM,23-08-2022,752.75,818.29,748.48,801.76,7204119,7323335972,35.34,3.667,1.455,Consumer,Portfolio_A,Eur,Buy,2373,839.01
Trd00655,BAC,25-08-2022,458.38,470.12,412.54,438.495,25562169,676832052,65.52,1.802,2.044,Energy,Portfolio_A,Eur,Buy,3216,396.04
Trd00414,JPM,25-08-2022,374.41,394.75,365.64,388.02,971296,3615498188,47.56,0.942,2.051,Consumer,Portfolio_B,Gbp,Sell,4301,436.15
Trd00322,AAPL,29-08-2022,574.66,587.96,546.92,567.63,32407452,3741835692,17.3,3.398,1.267,Technology,Portfolio_C,Gbp,Sell,1656,561.41
Trd01494,AMD,29-08-2022,488.41,503.3,474.9,495.6,38389236,1427118361,47.47,2.785,0.948,Technology,Portfolio_B,Usd,Buy,4724,593.35
Trd01652,GS,30-08-2022,630.33,660.78,575.83,602.28,19354921,1949394570,53.74,2.406,1.241,Healthcare,Portfolio_B,Gbp,Sell,3139,552.05
Trd00918,AMZN,31-08-2022,600.48,627.68,590.27,601.73,24784670,2975012691,53.03,3.776,1.456,Energy,Portfolio_B,Usd,Buy,787,605.57
Trd01202,BRK,31-08-2022,427.66,439.08,396.92,438.495,23116418,2171811787,69.91,4.355,2.473,Technology,Portfolio_A,Eur,Sell,1834,375.06
Trd01643,GOOGL,01-09-2022,633.91,650.88,604.93,636.89,46437023,3856770828,76.06,4.609,0.846,Financial,Portfolio_A,Gbp,Buy,1130,642
Trd01317,GS,01-09-2022,198.26,211.13,192.45,201.41,1983281,234993304.8,21.42,1.499,1.174,Consumer,Portfolio_A,Usd,Sell,2106,229.66
Trd01087,BAC,02-09-2022,541.2,999999,520.91,999999,2379124,1747665119,15.19,2.739,2.434,Technology,Portfolio_A,Usd,Sell,1399,570.07
Trd01836,BRK,02-09-2022,776.13,799.71,760.03,760.2,4303482,6825255767,40.05,3.52,1.228,Healthcare,Portfolio_A,Usd,Buy,188,759.57
Trd00855,JPM,02-09-2022,225.42,240.82,225.02,232.39,14358877,401497879.1,59.3,0.619,1.29,Financial,Portfolio_C,Usd,Buy,3155,187.19
Trd01782,BAC,05-09-2022,771.91,799.2,698.71,713.2,22441137,5756513208,65.46,4.944,2.188,Technology,Portfolio_A,Eur,Sell,2321,680.42
Trd01058,GOOGL,05-09-2022,783.04,826.21,748.28,438.495,25562169,1949394570,14.08,1.461,2.419,Energy,Portfolio_A,Eur,Sell,214,740.09
Trd00675,WFC,06-09-2022,795.97,822.14,735.88,755.47,1489819,4602534772,53.77,0.896,1.976,Healthcare,Portfolio_B,Usd,Sell,1661,847.89
Trd01854,BAC,08-09-2022,712.5,735.91,671.89,693.08,39359960,4402423368,65.34,1.312,0.727,Financial,Portfolio_A,Eur,Sell,3427,730.8
Trd01916,TSLA,08-09-2022,252.19,261.75,233.7,237.97,26496776,279410571.7,50.21,4.184,0.405,Consumer,Portfolio_A,Usd,Buy,1933,268.11
Trd01043,JPM,09-09-2022,361,375.61,333.28,345.66,25562169,641523183.4,67.04,3.017,1.402,Healthcare,Portfolio_C,Usd,Sell,1484,384.72
Trd00518,WFC,09-09-2022,358.58,386.91,349.16,438.495,43148812,2898611790,29.03,4.356,0.356,Technology,Portfolio_B,Eur,Buy,2425,317.01
Trd01072,AMD,12-09-2022,706.21,729.01,631.21,661.88,28578798,1949394570,77.16,4.561,1.402,Consumer,Portfolio_B,Usd,Sell,4928,650.39
Trd01792,BAC,12-09-2022,427.21,455.54,422.19,454.66,2020002,4250882316,79.96,3.815,2.482,Energy,Portfolio_C,Usd,Sell,3821,476.49
Trd01577,AAPL,13-09-2022,176.99,196.5,171.27,438.495,4599455,583171538.4,25.16,4.988,0.856,Energy,Portfolio_C,Eur,Buy,969,192.56
Trd00552,NFLX,16-09-2022,357.14,369.04,316.76,329.91,40944347,1949394570,43.79,0.554,0.409,Energy,Portfolio_B,Usd,Sell,2127,352.21
Trd01473,TSLA,16-09-2022,483.83,495.2,434.31,455.24,11770491,2102910618,59.48,2.786,0.63,Energy,Portfolio_C,Eur,Sell,1963,468.99
Trd00118,GS,19-09-2022,652.05,698.62,622.51,698.62,41298811,1949394570,73.63,2.286,2.445,Healthcare,Portfolio_B,Eur,Sell,1556,695.28
Trd00191,INTC,19-09-2022,93.12,95.6,85.41,86.22,25562169,357911721.9,73.16,1.652,2.445,Technology,Portfolio_A,Eur,Buy,1571,92.67
Trd00314,MSFT,19-09-2022,542.59,542.72,518.61,538.36,18649192,3262786769,14.23,2.119,2.236,Energy,Portfolio_B,Usd,Sell,1691,644.09
Trd01451,BAC,22-09-2022,604.38,634.15,557.56,557.75,24031123,3006961879,69.08,3.237,1.402,Healthcare,Portfolio_C,Usd,Sell,1962,509.8
Trd01902,AAPL,23-09-2022,617.24,630.34,576.48,604.47,11910921,2343906170,38.31,2.365,1.014,Financial,Portfolio_B,Usd,Sell,2718,576.14
Trd00088,BAC,26-09-2022,413.56,416.31,380.79,399.01,41677609,749100177,78.42,2.406,1.402,Consumer,Portfolio_C,Usd,Sell,3993,412.76
Trd01053,GS,26-09-2022,531.35,597.45,530.87,570.28,33333286,2043743231,7.85,3.678,0.41,Technology,Portfolio_A,Usd,Buy,696,636.7
Trd00666,INTC,26-09-2022,640.93,715.95,610.06,689.34,36925952,5157455758,43.73,4.231,2.454,Technology,Portfolio_A,Eur,Buy,3391,795.02
Trd01921,AMZN,27-09-2022,688.29,699.48,642.01,655.23,6365516,2864225901,43.73,0.14,1.81,Consumer,Portfolio_A,Gbp,Buy,3752,698.52
Trd01022,BAC,27-09-2022,535.32,542.89,531.14,536.64,46223360,1722574689,9.49,2.406,1.832,Financial,Portfolio_C,Eur,Buy,504,456.75
Trd00330,JPM,27-09-2022,273.63,280.04,255.75,261.96,4920603,1669740899,75.82,0.911,1.02,Energy,Portfolio_C,Usd,Sell,77,273.7
Trd00175,AMD,28-09-2022,354.63,372.49,337.58,357.26,14193286,2555078863,63.12,4.864,0.574,Technology,Portfolio_B,Gbp,Buy,4732,355.67
Trd00900,BAC,28-09-2022,508.73,535.83,504.18,530.22,25562169,1619907465,43.75,3.535,2.271,Healthcare,Portfolio_A,Usd,Buy,3457,582.96
Trd01274,BAC,29-09-2022,439.76,466.3,423.84,453.68,47791697,3960287955,43.73,3.506,1.558,Healthcare,Portfolio_B,Usd,Sell,3278,406.04
Trd01449,BAC,29-09-2022,535.43,602.17,522.11,573.85,33983102,5677929559,71.76,2.406,1.683,Technology,Portfolio_B,Eur,Sell,2260,580.23
Trd01101,INTC,29-09-2022,119.11,123.63,115.93,121.22,25562169,668153124.1,70.7,2.406,0.804,Technology,Portfolio_A,Usd,Sell,3325,96.99
Trd00080,META,29-09-2022,179.29,189.57,179.11,438.495,33315022,1949394570,74.07,2.406,1.005,Consumer,Portfolio_A,Usd,Buy,31,201.82
  Trd01927  ,GS,30-09-2022,533.55,567.85,514.26,543.46,25562169,3207910689,43.73,4.644,1.519,Technology,Portfolio_C,Eur,Buy,3524,505.83
Trd00071,AMD,03-10-2022,766.98,813.49,759.03,777.88,38233973,5856425934,54.78,2.406,1.38,Energy,Portfolio_C,Eur,Sell,1821,854.76
Trd00517,AMD,03-10-2022,760.29,798.01,734.15,778.4,34043442,7180695631,30.77,2.406,0.688,Financial,Portfolio_B,Usd,Buy,134,742.53
Trd00638,MSFT,04-10-2022,681.89,686.25,662.03,438.495,42581292,3134675636,32.41,4.287,1.778,Technology,Portfolio_C,Usd,Sell,1403,640.3
Trd00347,INTC,05-10-2022,335.96,350.22,323.18,438.495,47108857,3236582477,64.38,0.889,2.427,Healthcare,Portfolio_B,Gbp,Sell,3971,368.87
Trd00515,NFLX,05-10-2022,397.4,446.37,391.01,426.85,23498801,3306732678,54.28,2.599,1.402,Technology,Portfolio_A,Usd,Sell,683,402.49
Trd00797,AMZN,06-10-2022,650.09,690.53,643.82,690.38,23738689,1732564531,9.96,0.039,0.879,Energy,Portfolio_A,Usd,Sell,4407,778.52
Trd01845,BAC,06-10-2022,537.88,577.19,523.3,558.71,25562169,1949394570,60.28,2.607,1.601,Consumer,Portfolio_C,Gbp,Buy,2486,467.69
Trd00670,NFLX,06-10-2022,424.52,428.79,394.74,400.31,43249094,2518320587,65.85,4.778,1.089,Technology,Portfolio_C,Usd,Sell,4707,354.1
Trd01553,NFLX,06-10-2022,733.65,749.56,721.1,734.53,49681904,1949394570,20.33,1.792,1.871,Healthcare,Portfolio_C,Eur,Buy,2302,588.03
Trd01848,AMZN,07-10-2022,446.78,459.29,434.76,457.54,22894221,2142151493,27.64,2.406,1.061,Technology,Portfolio_B,Eur,Buy,364,385.6
Trd00557,BRK,07-10-2022,724.34,739.46,654.05,438.495,3453764,4829393614,49.66,0.619,1.469,Healthcare,Portfolio_A,Usd,Sell,1892,796.34
Trd00421,NFLX,11-10-2022,605.93,645.67,598.9,615.58,30827286,4108707793,39.96,4.301,1.643,Financial,Portfolio_A,Usd,Sell,4829,675.02
Trd01833,AAPL,12-10-2022,613.66,630.71,579.39,602.97,46448182,4683913771,11.55,3.595,1.816,Technology,Portfolio_B,Eur,Sell,614,632.47
Trd01041,GS,12-10-2022,530.39,539.85,503.58,438.495,48911078,2346385501,45.86,4.545,0.893,Energy,Portfolio_B,Eur,Sell,290,496.25
Trd01149,BRK,14-10-2022,715.28,736.79,704.67,709.31,2285278,1988522213,57.69,3.445,0.595,Healthcare,Portfolio_A,Usd,Sell,1563,698.47
Trd01631,INTC,14-10-2022,182.39,186.52,161.14,168.72,8849913,749966642.6,64.01,2.808,1.402,Financial,Portfolio_B,Usd,Sell,1160,162.08
Trd01964,NVDA,14-10-2022,663.85,679.24,657.47,665.41,17728790,1559876081,25.83,1.015,1.53,Healthcare,Portfolio_A,Usd,Buy,2848,695.45
Trd00774,MSFT,18-10-2022,385.99,387.17,346.61,361.22,1100012,484076701.5,38.63,0.168,2.412,Financial,Portfolio_C,Gbp,Sell,2800,426.7
Trd01185,AAPL,19-10-2022,185.98,203.04,182.18,197.08,29800049,1949394570,47.12,2.483,1.274,Financial,Portfolio_B,Eur,Buy,4019,202.62
Trd01353,AMD,21-10-2022,577.05,647.92,552.23,618.32,38802943,4597010101,63.39,3.932,1.526,Energy,Portfolio_B,Usd,Sell,4092,620.17
Trd00442,META,21-10-2022,570.05,571.75,525.24,542.85,45333662,4926513577,32.2,2.063,2.076,Financial,Portfolio_A,Usd,Buy,3267,550.89
Trd00255,AAPL,24-10-2022,452.69,472.29,428.51,443.75,11308658,2613176744,43.73,3.914,1.402,Technology,Portfolio_B,Usd,Sell,2966,531.57
Trd01974,GS,24-10-2022,498.06,531.4,477.91,523.06,33632222,4530548526,32.49,0.592,1.402,Consumer,Portfolio_C,Usd,Sell,1766,596.93
Trd00240,MSFT,24-10-2022,340.51,362.6467948,354.35,336.92,4333948,786745261.2,43.73,2.579,2.234,Technology,Portfolio_C,Usd,Sell,1208,323.88
Trd00938,INTC,26-10-2022,448.3,463.55,434.57,445.03,40832100,3398156514,77.88,2.598,0.394,Technology,Portfolio_A,Usd,Buy,2950,426.84
Trd01432,INTC,26-10-2022,246.15,254.75,234.08,438.495,26454033,2043134759,32.2,3.942,1.402,Technology,Portfolio_A,Usd,Sell,954,291.19
Trd01155,META,26-10-2022,485.71,509.9,474.08,506.32,47555750,3563141938,77.9,3.261,1.583,Technology,Portfolio_B,Usd,Sell,4785,456.75
Trd01386,JPM,28-10-2022,462.88,499.76,460.23,438.495,36687756,989133253.9,38.96,3.523,1.402,Technology,Portfolio_A,Usd,Buy,2043,564.87
Trd00131,NVDA,28-10-2022,219.15,242.02,214.13,233.99,38294361,831249475,47,2.644,2.076,Consumer,Portfolio_C,Eur,Sell,745,273.44
Trd01526,TSLA,28-10-2022,562.96,608.32,557.79,438.495,42278491,750846487,24.09,1.379,0.84,Consumer,Portfolio_C,Eur,Sell,3761,659.46
Trd01454,AMZN,31-10-2022,746.75,810.69,735.99,781.25,43224518,6268855469,43.73,1.326,2.004,Financial,Portfolio_A,Eur,Sell,98,779.94
Trd00600,GS,31-10-2022,554.02,569.8,512.3,536.75,26276557,945912378,53.82,1.045,1.432,Healthcare,Portfolio_B,Eur,Sell,4554,493.47
Trd00829,NFLX,31-10-2022,731.63,761.38,700.59,708.99,15683945,2363962669,7.41,0.757,2.002,Consumer,Portfolio_A,Gbp,Sell,4125,683.76
Trd00656,AMD,03-11-2022,411.21,430.34,393.53,401.87,38741489,2069674304,34.7,4.206,2.081,Technology,Portfolio_B,Gbp,Sell,2966,392.34
Trd01839,AMZN,03-11-2022,334.27,339.57,308.97,322.21,10796208,2140098521,76.02,1.534,1.567,Financial,Portfolio_A,Usd,Sell,2874,368.52
Trd00197,NVDA,07-11-2022,244.82,246.11,219.37,225.66,13553240,2086039628,52.58,0.055,0.475,Energy,Portfolio_A,Usd,Sell,3060,198.95
Trd00818,WFC,07-11-2022,354.34,359.21,320.34,336.22,13635206,1513636551,73.74,2.406,2.442,Technology,Portfolio_A,Eur,Sell,4470,316.83
Trd01024,AMZN,09-11-2022,477.47,495.42,455.83,458.84,3464701,1100295567,67.83,1.67,0.854,Financial,Portfolio_A,Usd,Buy,114,415.86
Trd00533,GOOGL,09-11-2022,633.77,642.39,574.82,597.06,32604619,3497859292,6.5,1.858,1.402,Technology,Portfolio_B,Usd,Sell,4593,534.93
Trd00533,GOOGL,09-11-2022,633.77,688.3566242,642.39,597.06,32604619,3497859292,6.5,1.858,1.402,Technology,Portfolio_B,Usd,Sell,4593,534.93
Trd00291,MSFT,09-11-2022,653.54,653.6,605.87,622.6,32130236,5317073731,44.6,4.38,0.644,Technology,Portfolio_B,Usd,Sell,2954,556.05
Trd00340,WFC,09-11-2022,142.26,153.3,136.77,438.495,40054004,906090767.8,44.99,0.412,2.494,Technology,Portfolio_A,Gbp,Sell,2192,155.78
Trd01698,AMZN,10-11-2022,227.4,243.91,220.24,236.7,20906293,1554763950,73.88,2.614,1.477,Consumer,Portfolio_B,Usd,Sell,600,222.36
Trd01337,INTC,10-11-2022,734.34,742.92,686.46,708.69,25562169,4022252303,50.77,2.883,1.395,Healthcare,Portfolio_A,Usd,Sell,481,699.25
Trd01056,AMZN,11-11-2022,688.15,702.86,648.86,664.65,30003523,1153171738,39.8,3.678,1.212,Consumer,Portfolio_B,Eur,Sell,4038,534.29
Trd01746,TSLA,11-11-2022,767.56,790.08,746.42,786.54,48215598,2373736820,43.73,4.146,2.223,Healthcare,Portfolio_A,Gbp,Sell,2932,850.31
Trd01832,WFC,11-11-2022,632.03,639.15,586.69,600.34,13690595,4114519641,14.32,0.926,1.422,Financial,Portfolio_B,Gbp,Buy,585,508.85
Trd01707,INTC,15-11-2022,707.73,790.88,699.51,763.72,46313960,1953936379,36.93,2.406,2.054,Healthcare,Portfolio_C,Usd,Buy,1507,834.22
  Trd01737  ,TSLA,15-11-2022,95.61,98.63,92.37,95.85,27658121,403213824.5,8.2,2.434,0.363,Healthcare,Portfolio_C,Usd,Sell,4713,107.98
Trd01860,BRK,16-11-2022,603.91,623.48,574.71,618.1,24439448,3058400831,39.11,0.642,0.608,Financial,Portfolio_C,Usd,Sell,2765,565.04
Trd00087,AAPL,18-11-2022,225.3,236.45,217.8,230.89,22246915,1347575632,72.63,4.718,0.97,Healthcare,Portfolio_C,Usd,Buy,53,198.92
Trd01608,AMD,18-11-2022,720.28,738.54,669.31,673.55,32622998,5732167123,79.35,0.777,1.912,Energy,Portfolio_B,Eur,Buy,4994,645.77
Trd01215,JPM,18-11-2022,493.04,493.68,458.35,459.27,11189588,2778514150,5.76,4.729,1.056,Financial,Portfolio_A,Usd,Sell,4448,538.73
Trd00839,MSFT,18-11-2022,218.76,221.61,203.36,211.95,44988828,1544262613,72.03,3.631,0.431,Healthcare,Portfolio_B,Usd,Sell,2188,215.58
Trd01829,TSLA,18-11-2022,582.45,582.95,548.01,554.88,20699805,1099200000,73.74,1.099,2.092,Financial,Portfolio_A,Usd,Sell,2057,489.74
Trd00812,NFLX,21-11-2022,281.53,295.12,262.14,267.17,24056747,2401700000,16.47,4.632,1.461,Healthcare,Portfolio_A,Eur,Buy,4592,243.3
Trd01718,GOOGL,22-11-2022,626.6,681.4,611.86,655.81,25562169,4423460092,-30,0.449,0.48,Technology,Portfolio_A,Gbp,Sell,2934,757.65
Trd01496,NVDA,23-11-2022,436.03,437.97,414.54,420.15,17892140,1661915509,19.67,2.173,0.311,Energy,Portfolio_A,Usd,Sell,2205,346.85
Trd00519,WFC,23-11-2022,185.72,208.68,185,199.86,36579443,391795551,79.05,0.064,1.402,Consumer,Portfolio_A,Usd,Sell,3578,199.23
Trd01724,NFLX,29-11-2022,399.89,400.67,354.95,438.495,3152562,2888817356,40.01,2.326,1.99,Financial,Portfolio_C,Gbp,Sell,902,331.03
Trd00317,TSLA,29-11-2022,238.65,244.72,235.98,239.56,5492601,1949394570,34.87,3.399,1.832,Technology,Portfolio_A,Usd,Sell,2016,230.9
Trd01891,BRK,30-11-2022,330.38,346.89,310.7,320.75,2926776,2401859395,31.83,2.198,0.797,Energy,Portfolio_C,Usd,Sell,4250,362.82
Trd00955,AMZN,01-12-2022,393.01,414.9,377.17,410.94,47281789,2492187957,37.75,3.474,2.428,Healthcare,Portfolio_C,Usd,Buy,4057,424.63
Trd01411,GS,01-12-2022,339.85,360.22,323.63,353.23,25562169,627345664,5.54,0.226,2.075,Financial,Portfolio_C,Usd,Sell,3679,371.32
Trd01243,META,01-12-2022,616.65,629.34,568.15,580.87,4971206,1949394570,33.84,2.213,2.493,Technology,Portfolio_B,Gbp,Buy,483,639.76
Trd00926,MSFT,01-12-2022,624.58,630.66,584.44,595.9,7729799,3468137404,78.88,4.907,1.42,Energy,Portfolio_C,Gbp,Buy,1119,513.02
Trd01607,GOOGL,02-12-2022,591.07,606.7,533.29,548.37,41824884,1544510975,75.51,3.228,1.217,Healthcare,Portfolio_B,Gbp,Sell,740,619.28
Trd00471,WFC,08-12-2022,333.59,367.6,332.26,355.28,41261111,1949394570,35.71,3.141,1.094,Healthcare,Portfolio_A,Usd,Buy,3655,298.9
Trd01510,BRK,09-12-2022,724.15,762.36,707.41,735.42,24040944,4571974500,75.96,3.525,1.903,Energy,Portfolio_C,Eur,Sell,3386,643.01
Trd01339,NVDA,10-12-2022,126.32,127.29,122.03,123.92,45705274,1151114070,54.88,3.283,0.756,Healthcare,Portfolio_A,Usd,Sell,2335,115.14
Trd01527,GS,12-12-2022,276.99,284.97,263.98,271.38,28203739,1634463936,65.34,1.764,1.402,Healthcare,Portfolio_B,Usd,Buy,567,229.09
Trd00041,BRK,13-12-2022,645.78,681.07,632.71,650.64,24915294,2910327034,24.12,4.438,1.222,Healthcare,Portfolio_A,Gbp,Buy,4794,720.88
Trd01169,WFC,13-12-2022,645.18,657.81,591.73,600.41,27928200,5520497364,73.29,1.005,0.815,Consumer,Portfolio_B,Eur,Sell,2199,656.8
Trd00013,INTC,14-12-2022,501.2,512.18,489.87,499.29,24942220,4703979850,13.5,2.302,0.498,Technology,Portfolio_A,Usd,Buy,4552,467.46
Trd01330,META,16-12-2022,179.77,186.62,173.39,179.68,1744059,825832458.7,32.84,4.836,1.815,Financial,Portfolio_B,Usd,Sell,1458,175.07
Trd01079,BRK,19-12-2022,659.58,676.54,658.48,674.93,25562169,1397629521,32.75,4.309,1.402,Consumer,Portfolio_A,Gbp,Buy,3460,611.39
Trd00490,MSFT,19-12-2022,196.62,196.84,195.18,195.41,27150552,1876114019,75.45,2.399,1.402,Financial,Portfolio_B,Gbp,Buy,465,162.66
Trd00328,MSFT,20-12-2022,306.54,328.94,296.82,319.16,25758177,2284074604,79.38,4.75,0.554,Healthcare,Portfolio_B,Usd,Sell,2293,304.39
Trd01967,META,21-12-2022,378.8,400.5,369.22,392.15,42021585,3577071518,60.25,3.122,0.569,Energy,Portfolio_B,Usd,Sell,3748,405.51
Trd01788,MSFT,21-12-2022,233.28,237.66,207.58,217.96,16211547,720529116.6,72.9,4.26,0.759,Healthcare,Portfolio_C,Usd,Buy,4394,240.4
Trd01135,TSLA,21-12-2022,343.01,353.43,316.07,323.36,3389328,1223319061,11.21,2.406,1.829,Technology,Portfolio_B,Eur,Buy,1086,382.36
Trd01012,GOOGL,23-12-2022,373.1,388.78,368.59,385.49,23733899,1394909057,19.45,3.141,1.322,Energy,Portfolio_A,Gbp,Sell,872,428.31
Trd01110,AMD,27-12-2022,167.98,179.98,160.55,175.34,6339397,1496910544,37.06,3.791,0.775,Energy,Portfolio_A,Usd,Sell,2681,188.93
Trd01458,META,27-12-2022,606.31,650.1681234,626.18,588.29,10948835,5016816521,27.8,2.841,2.18,Consumer,Portfolio_A,Usd,Buy,2450,574.8
Trd01503,META,27-12-2022,626.93,631.41,597.63,600.89,32468179,3821272225,40,2.406,1.402,Consumer,Portfolio_A,Eur,Sell,168,615.06
Trd00093,NFLX,27-12-2022,179.83,184.9,170.7,176.22,12534557,1540666789,11.51,4.175,0.868,Technology,Portfolio_C,Usd,Buy,4713,189.1
Trd00499,NFLX,27-12-2022,577.32,613.15,549.78,604.43,35573378,2306403940,75.43,2.406,1.127,Energy,Portfolio_C,Usd,Sell,3241,503.26
Trd01192,AMD,29-12-2022,799.71,823.15,736.99,753.15,27970803,7194174659,13.57,1.539,0.536,Technology,Portfolio_A,Usd,Sell,381,653.86
Trd01547,META,29-12-2022,423.89,446.77,418.87,441.53,42999669,3227052698,43.73,3.634,2.063,Consumer,Portfolio_C,Usd,Buy,601,499.66
Trd01483,NVDA,30-12-2022,604.82,630.18,560.7,567.04,13876491,1380599506,43.73,4.675,1.833,Technology,Portfolio_C,Usd,Buy,2185,461.92
Trd00559,TSLA,30-12-2022,156.64,162.29,153.18,154.39,33574848,621519022.8,61.52,4.95,1.15,Healthcare,Portfolio_A,Usd,Buy,4601,160.12
Trd01145,WFC,30-12-2022,687.14,639.62,617.71,639.62,25562169,2726964863,43.73,3.917,1.135,Technology,Portfolio_A,Eur,Sell,4957,667.46
Trd01598,BRK,02-01-2023,209.55,214.12,197,205.67,20335777,1637662800,27.52,0.63,0.594,Healthcare,Portfolio_A,Usd,Buy,1977,190.08
Trd00214,GOOGL,02-01-2023,298.07,306.61,290.83,290.84,35348960,643695522.4,39.35,0.609,0.49,Technology,Portfolio_B,Usd,Sell,2341,331
Trd00641,WFC,02-01-2023,402.98,446.59,398.24,429.87,3399027,1479521837,26.79,1.961,1.402,Energy,Portfolio_B,Usd,Sell,4517,349.69
Trd01994,AMD,03-01-2023,741.66,827.07,706.2,789.54,32085762,1836717166,42.11,0.997,1.506,Technology,Portfolio_B,Usd,Sell,4518,655.55
Trd01562,META,03-01-2023,97.98,98.81,93.01,93.8,37475827,1949394570,74.29,4.443,1.48,Healthcare,Portfolio_A,Gbp,Sell,2483,101.96
Trd01029,GS,04-01-2023,655.93,720.41,638.86,708.24,19979680,2911715580,23.76,2.38,2.094,Consumer,Portfolio_A,Usd,Sell,1237,645.68
Trd00022,META,04-01-2023,356.5,373.42,343.82,350.6,25562169,1703670580,18.62,4.503,2.2,Financial,Portfolio_C,Usd,Buy,1723,353.01
Trd00963,META,04-01-2023,637.71,674.22,606.78,438.495,6484726,3734534454,33.48,0.118,1.599,Technology,Portfolio_B,Usd,Sell,660,628.57
Trd01177,META,04-01-2023,223.01,231.48,214.25,221.23,41300444,537393332.7,57.53,2.406,1.244,Healthcare,Portfolio_B,Usd,Sell,2955,204.41
Trd01790,NVDA,04-01-2023,567.61,587.7,531.24,548.67,29589899,5310067764,75.44,1.926,1.402,Consumer,Portfolio_B,Usd,Sell,3793,516.72
Trd01269,GS,05-01-2023,181.18,187.74,177.38,177.7,42708146,783432564.9,25.4,1.848,2.177,Energy,Portfolio_C,Eur,Sell,1426,161.24
Trd01003,TSLA,05-01-2023,96.56,101.66,92.62,99.62,11946816,529100000,62.2,1.517,0.818,Energy,Portfolio_A,Usd,Sell,2209,81.48
Trd00161,BRK,06-01-2023,723.69,755.18,649.55,676.04,6147255,2687805916,55.2,0.279,1.197,Technology,Portfolio_B,Eur,Sell,4132,695.6
Trd01223,GS,11-01-2023,273.94,276.84,265.68,271.14,25861961,2202183625,10.05,4.176,1.778,Energy,Portfolio_C,Eur,Buy,272,243.7
Trd00281,JPM,11-01-2023,568.89,597.03,551.24,438.495,26040334,2769178871,40.5,3.478,1.627,Technology,Portfolio_B,Eur,Sell,684,474.91
Trd00737,NFLX,12-01-2023,565.53,594.39,550.94,586.72,26779369,5584506570,7.78,2.406,0.465,Financial,Portfolio_C,Usd,Buy,307,515.84
Trd01358,BAC,16-01-2023,645.9,688.66,617.47,680.25,45448137,3243698658,32.06,4.623,2.278,Consumer,Portfolio_C,Usd,Sell,3757,629.13
Trd00335,NFLX,16-01-2023,285.85,288.8,264.21,270.56,10307344,1608483258,33.12,1.822,0.642,Technology,Portfolio_C,Usd,Buy,2387,247.06
Trd01271,TSLA,16-01-2023,273.33,300.94,261.8,293.67,42847645,2378507629,79.01,2.406,1.402,Technology,Portfolio_C,Usd,Buy,3606,235.61
Trd00979,GOOGL,18-01-2023,513.55,547.06,489.74,529.03,34217550,4576922090,26.15,1.843,0.563,Financial,Portfolio_C,Usd,Sell,2303,562.01
Trd01881,BRK,20-01-2023,56.29,58.1,55.56,56.95,42091001,520135683.1,70.62,0.851,0.962,Energy,Portfolio_A,Usd,Sell,2275,45.86
Trd01395,GOOGL,20-01-2023,777.23,838.51,773.45,438.495,44714532,6542109613,43.73,0.265,2.066,Financial,Portfolio_A,Usd,Sell,2766,737.84
Trd01755,AMD,25-01-2023,331.99,351.7,318.82,345.42,15483376,1777624929,58.68,0.184,1.422,Consumer,Portfolio_C,Usd,Sell,3384,356.57
Trd01691,INTC,25-01-2023,525.36,530.16,519.96,528.48,6543205,688348899.4,74.09,2.879,2.42,Energy,Portfolio_C,Usd,Buy,2763,491.43
Trd01013,GOOGL,26-01-2023,369.9,382.97,369.14,370.38,25562169,2089906188,76.72,1.989,1.697,Technology,Portfolio_B,Usd,Sell,468,417.48
Trd01090,AAPL,30-01-2023,777.14,802.54,727.22,752.67,37581350,2312883406,74.43,0.287,1.137,Technology,Portfolio_C,Usd,Sell,4762,651.76
Trd01654,GOOGL,30-01-2023,456.2,502.58,454.03,479.51,17355908,517555761.9,49.88,1.748,1.17,Energy,Portfolio_B,Usd,Sell,89,446.6
Trd00990,GS,31-01-2023,449.16,454.24,429.18,434.87,8687920,1297605984,23.59,3.285,1.7,Consumer,Portfolio_C,Gbp,Buy,2005,479.6
Trd01781,AMD,01-02-2023,225.08,251.07,214.45,240.97,20224340,1711207731,42.01,1.056,1.402,Financial,Portfolio_A,Eur,Buy,428,262.85
Trd01372,MSFT,01-02-2023,351.1,367.05,341.35,365.44,32669948,1949394570,63.59,4.359,1.575,Technology,Portfolio_A,Usd,Sell,3651,354.33
Trd01669,AMD,03-02-2023,137.94,140.47,136.48,138.95,9563125,1949394570,61.1,1.703,2.464,Healthcare,Portfolio_B,Usd,Sell,669,159.5
Trd01239,WFC,03-02-2023,437.56,447.78,429.83,447.13,43067392,2537952357,43.73,4.66,1.11,Energy,Portfolio_B,Gbp,Sell,1819,436.59
Trd01115,BAC,06-02-2023,347.56,366.85,338.54,363.02,39480363,943790649.6,41.59,3.512,1.919,Healthcare,Portfolio_B,Usd,Buy,4423,386.86
Trd01615,GS,06-02-2023,401.38,406.09,379.66,399.35,18705066,3312722863,55.5,1.162,2.478,Technology,Portfolio_A,Gbp,Sell,1649,322.31
Trd00084,META,06-02-2023,576.45,590.24,554.4,562.55,31162136,3522704977,38.81,2.406,0.707,Financial,Portfolio_C,Usd,Buy,2405,631.46
Trd00719,NVDA,06-02-2023,668.48,720.51,663.41,438.495,30350921,6471868839,21.27,0.49,1.486,Energy,Portfolio_B,Usd,Sell,4932,675.57
Trd00699,TSLA,07-02-2023,266.66,278.04,242.16,253.63,33637913,2328465686,77.86,3.338,0.505,Healthcare,Portfolio_B,Usd,Sell,317,259.77
Trd00551,NVDA,08-02-2023,591.35,604.27,539.04,556.87,20183894,5487035015,54.27,0.298,2.005,Healthcare,Portfolio_B,Gbp,Buy,264,512.66
Trd00862,BAC,09-02-2023,357.59,369.71,355.86,357.58,17723869,1949394570,73.83,2.406,2.151,Financial,Portfolio_C,Eur,Sell,3893,328.78
Trd00209,JPM,09-02-2023,656.55,676.25,606.41,637.6,41102319,4295516938,8.09,4.091,1.256,Energy,Portfolio_C,Gbp,Sell,4909,612.33
Trd00805,META,09-02-2023,414.16,420.98,401.02,410.28,25562169,3583200000,38.42,4.868,1.072,Financial,Portfolio_C,Usd,Sell,158,421.57
  Trd01937  ,AAPL,10-02-2023,644.44,680.48,631.61,659.79,15737155,3975931488,36.33,3.458,1.28,Energy,Portfolio_A,Usd,Sell,881,729.02
Trd00250,GS,10-02-2023,600.87,606.24,539.58,553.7,18548779,1747060818,32.86,0.066,1.671,Technology,Portfolio_B,Gbp,Sell,2683,462.41
Trd01241,INTC,10-02-2023,195.67,203.03,178.73,438.495,21648788,1584036153,50.21,4.578,1.661,Financial,Portfolio_A,Usd,Sell,2093,208.77
Trd01513,AAPL,13-02-2023,558.35,598.17,536.66,580.99,7545112,1949394570,62.15,2.589,1.749,Energy,Portfolio_B,Usd,Sell,142,466.74
Trd01859,INTC,13-02-2023,79.72,81.92,73.79,74.49,33901992,682505239.3,60.06,0.711,1.089,Financial,Portfolio_A,Gbp,Buy,2890,87.58
Trd00962,JPM,13-02-2023,125.01,130.9,115.21,438.495,48739604,440169664,18.01,1.935,0.557,Technology,Portfolio_A,Gbp,Buy,2881,135.43
Trd01431,AMD,14-02-2023,721.08,728.48,649.69,665.73,11924980,3370308720,29.96,0.878,1.402,Technology,Portfolio_B,Gbp,Buy,2010,547.92
Trd01322,AMZN,15-02-2023,313.69,326.04,311.26,316.46,21886632,2355638049,39.67,1.445,1.324,Energy,Portfolio_B,Usd,Buy,2655,273.08
Trd01977,JPM,15-02-2023,230.49,244.44,227.34,241.12,20426007,479406840,76.23,1.635,0.476,Energy,Portfolio_A,Gbp,Buy,4078,272.97
Trd00242,INTC,16-02-2023,681.24,697.92,657.77,659.94,34491990,1606505141,19.84,4.979,1.897,Financial,Portfolio_A,Usd,Sell,652,671.58
Trd00730,AMZN,17-02-2023,174.62,192.09,173.33,188.4,23645654,1771681195,63.83,0.007,2.347,Technology,Portfolio_A,Usd,Buy,4864,173.4
Trd01858,AMZN,20-02-2023,310.94,321.11,296.97,307.25,41225272,348442085.8,18.73,4.707,2.211,Consumer,Portfolio_C,Eur,Sell,436,265.67
Trd00553,NVDA,20-02-2023,657.88,706.37,629.36,702.14,19981914,4443389775,14.74,4.531,1.966,Technology,Portfolio_A,Eur,Sell,1114,595.15
Trd00478,AMD,22-02-2023,113.38,120.19,109.91,117.97,44762871,914416024.2,43.73,2.083,1.81,Technology,Portfolio_B,Eur,Sell,3904,110.35
Trd00582,JPM,22-02-2023,332.6,345.66,306.13,321.26,36334164,783024024.8,43.73,2.796,1.402,Healthcare,Portfolio_A,Usd,Sell,1093,298.11
Trd01609,NFLX,22-02-2023,369.86,403.96,360.37,392.92,40051857,2241672253,43.73,0.841,2.252,Healthcare,Portfolio_B,Usd,Buy,4345,447.33
Trd00924,BRK,23-02-2023,591.77,619.37,590.79,618.45,48733025,3910277526,49.87,0.47,1.402,Consumer,Portfolio_B,Usd,Sell,3408,536.89
Trd01959,AMD,27-02-2023,371.18,403.886377,397.55,392.3,6319264,2708523545,23.72,2.406,0.311,Financial,Portfolio_A,Usd,Sell,1224,377.85
Trd01471,META,27-02-2023,298.24,328.92,292.09,319.78,34119916,1471442407,72.11,4.366,2.102,Energy,Portfolio_C,Usd,Buy,1071,289.55
Trd00995,WFC,27-02-2023,168.86,180.97,166.25,175.46,27282647,1949394570,71.44,2.664,1.13,Healthcare,Portfolio_B,Eur,Sell,4268,205.44
Trd00733,INTC,28-02-2023,637.04,676.37,635.23,674.56,15023690,4452454866,47.72,0.423,0.915,Financial,Portfolio_C,Usd,Sell,2944,758.22
Trd00997,WFC,28-02-2023,497.74,539.55,495.98,535.3,28143505,4955949255,42.37,4.327,0.848,Technology,Portfolio_B,Usd,Buy,2039,634.61
Trd00597,INTC,01-03-2023,93.18,97.45,90.62,91.53,6618607,1949394570,53.05,1.228,1.014,Consumer,Portfolio_A,Usd,Sell,4080,88.9
Trd00009,JPM,01-03-2023,279.56,279.75,258.89,0,36956762,1919868974,33.73,2.722,0.52,Consumer,Portfolio_A,Gbp,Buy,1568,249.38
Trd00142,INTC,02-03-2023,286.6,314.21,276.97,438.495,23011814,2532488739,73.82,1.036,0.756,Energy,Portfolio_A,Usd,Buy,2497,323.27
Trd00857,NVDA,02-03-2023,694.61,695.26,655.85,669.72,32094800,2247400000,73.14,4.693,0.51,Financial,Portfolio_C,Usd,Sell,1248,583.7
Trd01375,AAPL,03-03-2023,708.58,712.4,671.68,678.71,21674539,2932007517,47.43,0.106,1.885,Technology,Portfolio_B,Eur,Sell,4863,697.06
Trd01775,AAPL,03-03-2023,213.35,220.3,208,215.92,18292841,814067629.8,68.34,3.652,2.471,Consumer,Portfolio_A,Gbp,Buy,3930,202.77
Trd00359,INTC,03-03-2023,533.73,584.14,519.29,568.59,762526,4233790508,68.17,1.902,0.461,Healthcare,Portfolio_C,Gbp,Buy,3847,550.16
Trd01898,WFC,06-03-2023,446.98,465.73,443.23,463.05,43927247,1687928845,43.73,1.29,2.126,Financial,Portfolio_A,Usd,Buy,457,462.83
Trd00872,JPM,07-03-2023,57.24,57.79,54.34,55.07,38298411,413851765.9,72.97,2.406,2.407,Healthcare,Portfolio_B,Eur,Buy,4751,64.95
Trd00583,TSLA,07-03-2023,225.86,237.92,221.46,232,26323388,1949394570,41.02,0.645,2.414,Healthcare,Portfolio_B,Eur,Buy,1242,212
Trd01065,TSLA,07-03-2023,243.07,248.9,220.4,227.62,25799846,1535393866,43.73,3.056,1.499,Consumer,Portfolio_B,Usd,Sell,4075,205.69
Trd00652,AMZN,08-03-2023,93.83,97.31,84.78,88.16,31539166,669580225.1,67.9,0.482,1.255,Consumer,Portfolio_B,Gbp,Sell,1560,73.88
Trd01050,GS,08-03-2023,152.38,153.42,140.59,147.57,22332065,472489626,43.73,3.529,0.536,Consumer,Portfolio_C,Gbp,Sell,899,155.94
Trd00711,NVDA,08-03-2023,82.96,83.25,78.24,78.79,15227093,344017940.6,72.84,4.394,1.338,Consumer,Portfolio_B,Usd,Buy,3616,94.45
Trd00611,GS,09-03-2023,243.41,251.16,232.39,438.495,4655361,905437172.6,42.25,4.616,0.699,Financial,Portfolio_B,Gbp,Sell,3548,258.19
Trd00922,GS,09-03-2023,407.38,422.42,396.17,397.87,17844987,1297518525,31.32,3.365,0.572,Energy,Portfolio_B,Gbp,Sell,2749,397.07
Trd00935,NFLX,10-03-2023,50.99,52.57,46.47,48.45,43822679,466045152.8,43.73,0.987,2.34,Energy,Portfolio_B,Eur,Buy,3705,57.07
Trd01129,AMD,13-03-2023,796.58,864.72,792.85,837.52,37512716,1949394570,63.62,0.732,1.402,Energy,Portfolio_C,Eur,Sell,1222,686.72
Trd00403,AMZN,14-03-2023,91.86,92,86.46,87.62,25562169,90200233.76,71.74,4.429,1.296,Healthcare,Portfolio_C,Usd,Sell,3080,93.85
Trd00024,GS,14-03-2023,585.93,607.94,565.85,601.01,15530033,1327868489,30.2,2.617,2.257,Technology,Portfolio_B,Usd,Sell,2899,673.02
Trd00953,AMZN,15-03-2023,330.61,346.7,322.39,346.47,19721012,3036460308,40.62,4.128,1.599,Healthcare,Portfolio_C,Eur,Sell,901,293.55
Trd00111,INTC,15-03-2023,138.1,151.84,134.82,147.42,37685782,807924548.3,33.91,3.597,0.741,Energy,Portfolio_A,Usd,Sell,2947,119.35
Trd01939,AMD,16-03-2023,307.63,329.43,299.27,319.74,36638839,2689905794,23.72,2.406,0.922,Technology,Portfolio_C,Usd,Buy,4778,276.19
Trd01875,TSLA,16-03-2023,294.15,305.26,287.24,292.04,2126088,1962085926,21.09,4.463,2.11,Consumer,Portfolio_B,Usd,Sell,2496,288.32
Trd00299,WFC,16-03-2023,691.4,713.28,643.71,656.86,41509719,1990195810,15.02,0.773,2.156,Technology,Portfolio_A,Eur,Sell,3406,640.64
Trd00989,GS,17-03-2023,677.6,740.81,663.55,713.61,43491905,5473472192,55.23,1.545,1.161,Financial,Portfolio_A,Eur,Sell,2183,706.01
Trd01245,META,17-03-2023,448.76,458.78,429.84,438.495,26878294,666941852.5,33.31,1.293,1.788,Technology,Portfolio_B,Gbp,Sell,621,442.02
Trd01857,MSFT,17-03-2023,332.76,347.27,293,306.47,46903620,986878451.1,79.34,1.496,1.86,Healthcare,Portfolio_A,Usd,Sell,656,288.99
Trd00588,AMD,20-03-2023,654.52,667.01,626.73,662.09,30912289,825682507.7,43.29,1.16,1.78,Technology,Portfolio_B,Gbp,Sell,3369,727.12
Trd01549,MSFT,20-03-2023,236.1,248.76,230.36,237.96,17264724,2124291764,20.13,2.406,1.834,Consumer,Portfolio_A,Gbp,Buy,1804,279.58
Trd00485,NFLX,20-03-2023,186.96,196.65,182.62,194.78,37614192,674821153.4,76.01,1.247,0.468,Energy,Portfolio_B,Gbp,Sell,1190,197.92
Trd01766,TSLA,20-03-2023,207.16,208.92,199.44,201.63,1282925,434525352.7,9.55,4.889,0.346,Financial,Portfolio_C,Eur,Sell,3893,196.51
Trd00440,WFC,20-03-2023,311.21,319.88,300.15,307.3,20264821,1684286409,6.22,0.072,1.561,Consumer,Portfolio_C,Usd,Sell,439,317.06
Trd01031,JPM,21-03-2023,127.15,131.38,120.67,126.45,40116509,524622588.3,38.22,1.907,1.402,Financial,Portfolio_C,Usd,Buy,1236,103.91
Trd00942,MSFT,21-03-2023,497.5,512.34,473.57,489.33,523948,3720366203,43.73,3.667,1.464,Healthcare,Portfolio_A,Usd,Sell,274,554.39
Trd01040,MSFT,21-03-2023,516.86,531.11,514.2,526.67,3236584,1109293947,38.07,1.886,0.613,Technology,Portfolio_C,Usd,Sell,2893,605.85
Trd01256,BRK,23-03-2023,769.9,846.96,748.36,820.57,12160505,5618487101,70.9,2.492,1.151,Consumer,Portfolio_B,Usd,Buy,1405,912.04
Trd00941,JPM,23-03-2023,664.2,678.38,614.92,633.34,47633774,1602592136,13.85,1.896,0.612,Financial,Portfolio_A,Eur,Buy,1662,754.94
Trd01323,META,23-03-2023,60.64,63.33,56.16,58.02,38130078,1949394570,38.21,2.91,1.081,Technology,Portfolio_A,Gbp,Buy,297,61.43
Trd00792,MSFT,23-03-2023,664.98,697.26,622.74,634.09,48579415,4406894430,39.06,4.649,0.508,Consumer,Portfolio_B,Usd,Sell,317,605.02
Trd00259,WFC,24-03-2023,123.22,123.61,120.12,123.48,23441823,860863416.8,43.73,2.418,0.888,Financial,Portfolio_B,Usd,Sell,4709,146.37
Trd00158,AMD,28-03-2023,237.15,238.41,224.36,227.02,32068504,1949394570,26.7,4.54,1.402,Technology,Portfolio_B,Usd,Sell,926,248.37
Trd00771,INTC,28-03-2023,790.15,811.57,764.78,775.36,31669565,7593264856,23.53,0.229,0.685,Technology,Portfolio_A,Usd,Sell,4884,840.05
Trd00108,MSFT,28-03-2023,768.19,783.03,734.76,767.42,20990343,5674549822,19.61,2.406,1.405,Consumer,Portfolio_C,Gbp,Buy,405,906.53
Trd01684,MSFT,28-03-2023,431.07,433.24,399.69,403.06,44532149,2376496979,7.38,0.34,2.402,Energy,Portfolio_A,Usd,Sell,3552,444.39
Trd00203,BRK,30-03-2023,698.5,742.34,664.11,438.495,38171484,980558043.3,49.73,1.426,1,Technology,Portfolio_C,Usd,Sell,3134,576.79
Trd00824,GS,30-03-2023,457.55,476.11,437.31,439.72,45556179,2803636252,53.1,2.503,1.6,Technology,Portfolio_B,Eur,Buy,339,369.93
Trd01392,TSLA,30-03-2023,542.6,553.99,506.3,511.34,48199110,1344928002,46.32,0.9,1.284,Technology,Portfolio_C,Usd,Buy,1992,526.73
Trd00213,AAPL,31-03-2023,587.33,593.9,544.24,549.71,1357762,1949394570,26.77,1.926,1.409,Energy,Portfolio_C,Usd,Sell,4861,622.02
Trd00154,WFC,31-03-2023,581.47,594.93,537.47,544.94,39726026,2458460844,56.69,2.195,2.304,Consumer,Portfolio_C,Usd,Sell,2002,544.7
Trd00542,META,05-04-2023,571.88,627.23,570.52,598.01,25275605,1529344196,65.39,2.211,2.24,Energy,Portfolio_B,Gbp,Sell,1634,592.31
Trd00452,BAC,06-04-2023,207.36,211.33,191.69,193.34,41133037,1136296688,41.95,4.713,2.195,Consumer,Portfolio_B,Usd,Sell,2448,186.75
Trd00680,JPM,06-04-2023,180.38,195.92,172.8,191.75,15872580,271772452.3,43.73,1.478,1.474,Technology,Portfolio_C,Gbp,Sell,2508,210.39
Trd01786,NVDA,06-04-2023,446.73,463.17,431.12,442.35,25562169,686471021.6,53.48,2.139,1.694,Energy,Portfolio_C,Eur,Sell,1672,386.04
Trd01552,BRK,07-04-2023,395.74,410.46,389.35,410.23,45538517,2795347423,72.73,4.13,1.402,Energy,Portfolio_B,Usd,Sell,3965,472.1
Trd01408,MSFT,07-04-2023,526.85,540.02,509.26,527.76,39760169,918367842.2,22.77,0.105,2.251,Healthcare,Portfolio_C,Usd,Sell,3447,599.1
Trd00973,GOOGL,10-04-2023,91.51,97.43,89.48,96.76,21609530,1949394570,47.85,2.474,1.885,Energy,Portfolio_C,Gbp,Sell,847,81.59
Trd01285,META,10-04-2023,389.17,390.75,358.12,362.5,45689003,1215260225,28.88,1.932,2.233,Energy,Portfolio_B,Eur,Sell,2877,416.59
Trd01120,GOOGL,11-04-2023,317.9,337.37,302.08,334.38,22116603,1687205241,43.73,1.354,1.429,Consumer,Portfolio_C,Usd,Sell,2105,390.59
Trd00905,NVDA,11-04-2023,82.94,86.7,77.39,80.39,46833507,1949394570,79.55,1.969,0.854,Healthcare,Portfolio_C,Usd,Buy,1911,79.03
Trd01613,AMZN,12-04-2023,656.17,675.15,629.77,665.07,42244495,3375737033,59.8,4.559,0.985,Financial,Portfolio_A,Usd,Buy,1609,675.77
Trd01086,META,12-04-2023,78.43,82.28,78.34,80.63,37450339,715678733.6,63.51,3.352,2.211,Financial,Portfolio_B,Usd,Buy,3943,88.52
Trd00702,BRK,17-04-2023,168.84,169.67,156.9,157.99,8778970,340581412.9,11.56,0.202,0.941,Consumer,Portfolio_C,Eur,Sell,26,188.19
Trd00860,NVDA,17-04-2023,444.37,499.17,423.77,476.19,28575475,814199662,43.73,2.406,0.485,Financial,Portfolio_C,Eur,Sell,1587,408.4
Trd00734,WFC,17-04-2023,339.14,340.87,321.15,334.04,19430572,3155486145,8.29,2.651,0.362,Healthcare,Portfolio_A,Eur,Sell,1867,355.91
Trd01233,AMZN,18-04-2023,464.92,510.57,444.49,494,20726190,1949394570,23.58,0.279,1.876,Technology,Portfolio_A,Usd,Sell,2054,567.34
Trd00592,NVDA,18-04-2023,680.33,727.75,655.05,696.12,27457186,6464439022,40.89,4.427,0.812,Healthcare,Portfolio_C,Gbp,Sell,2658,690.09
Trd00779,NVDA,18-04-2023,406.68,424.82,399.2,-1,26584298,416780563.5,27.39,1.011,0.56,Healthcare,Portfolio_C,Usd,Buy,725,423.06
Trd01970,BAC,19-04-2023,101.12,101.46,95.42,95.97,25562169,359512737.2,13.26,1.013,1.603,Energy,Portfolio_B,Usd,Sell,4595,83.8
Trd00760,GS,19-04-2023,332.71,367.72,317.02,355.44,10398261,1439593847,45.27,0.606,1.402,Energy,Portfolio_A,Usd,Buy,4677,394.69
Trd01293,GS,19-04-2023,336.15,360.76,329.09,438.495,25954263,2219973371,42.84,2.406,1.142,Energy,Portfolio_A,Usd,Buy,188,303.59
Trd01042,AAPL,20-04-2023,231.21,239.99,228.06,239.75,11362455,848284648.8,43.73,2.69,1.475,Financial,Portfolio_B,Usd,Buy,2073,248.42
Trd00569,GOOGL,20-04-2023,443.3,453.39,430.1,448.13,8539899,888994916.4,63.98,2.512,1.402,Healthcare,Portfolio_C,Usd,Buy,781,505.16
Trd00848,NVDA,20-04-2023,516.49,526.28,463.97,475.75,7245257,2246299773,61.95,2.748,1.211,Healthcare,Portfolio_B,Eur,Buy,65,568.07
Trd01010,NVDA,21-04-2023,410.04,447.14,399.88,439.09,9289210,4107784428,12.38,2.428,0.583,Financial,Portfolio_B,Eur,Buy,4226,516.56
Trd00578,AAPL,24-04-2023,395.17,414.04,392.12,404.9,26700774,552569864.3,17.86,2.406,1.051,Technology,Portfolio_C,Usd,Buy,872,484.03
Trd00890,MSFT,25-04-2023,56.17,61.48,55.99,58.55,42594517,539501305,43.68,0.989,1.249,Technology,Portfolio_A,Usd,Sell,1598,63.36
Trd00387,NVDA,25-04-2023,696.4,723.96,677.42,713.22,25562169,1529363352,51.67,0.329,2.307,Consumer,Portfolio_C,Gbp,Sell,3360,686.23
Trd01399,WFC,25-04-2023,562.65,593.69,546.62,590.49,16918943,1949394570,5.13,0.615,0.336,Energy,Portfolio_B,Usd,Buy,4110,622.04
Trd01587,GOOGL,27-04-2023,560.83,578.85,548.37,550.64,39205680,4069798411,74.08,4.217,0.378,Energy,Portfolio_B,Usd,Buy,2636,591.81
Trd01756,JPM,27-04-2023,192.24,201.06,177.17,184.17,25562169,1279031919,70.36,2.679,1.661,Healthcare,Portfolio_B,Eur,Sell,4268,200.75
Trd00731,WFC,01-05-2023,723.74,766.22,723.62,738.31,14601136,6059901556,16.74,3.176,1.738,Consumer,Portfolio_A,Eur,Sell,4198,870.54
Trd01159,INTC,02-05-2023,698.29,754.44,684.84,720.22,876989,966553965.7,62.88,1.838,1.382,Energy,Portfolio_B,Usd,Buy,180,612.5
Trd00188,BAC,03-05-2023,256.19,259.69,240.24,438.495,42347484,411904389,79.52,3.563,1.402,Financial,Portfolio_A,Eur,Sell,255,246.9
Trd00917,GS,04-05-2023,715.2,735.89,686.69,702.46,37417751,1644027550,16.99,2.232,0.94,Technology,Portfolio_A,Usd,Sell,-245,797.34
Trd01018,INTC,05-05-2023,371.76,384.33,356.41,359.34,4304993,3576026630,78.95,2.406,2.039,Healthcare,Portfolio_A,Usd,Buy,2976,396.41
Trd01324,AMD,08-05-2023,84.09,90.24,82.54,88.21,2894707,402120545.3,38.56,2.406,1.181,Healthcare,Portfolio_A,Usd,Sell,4386,83.63
Trd00026,AAPL,09-05-2023,629.02,706.62,608.59,677.25,9054455,3660035085,63.34,4.458,0.575,Energy,Portfolio_B,Usd,Sell,832,614.86
Trd00813,AMD,09-05-2023,55.84,57.59,54.25,56.19,3521405,235789984.6,64.52,1.563,1.37,Technology,Portfolio_A,Usd,Sell,2049,60.28
Trd01297,NVDA,09-05-2023,605.51,631.37,542.69,566.54,35243130,3101475074,75.52,2.406,2.107,Technology,Portfolio_A,Usd,Sell,2591,622.65
Trd01917,BRK,11-05-2023,604.22,625.03,567.8,590.72,27578499,4947023628,58.16,4.821,1.394,Healthcare,Portfolio_C,Usd,Sell,1249,574.46
Trd01769,INTC,11-05-2023,668.63,699.02,630.98,645.31,42004016,5085000210,50.71,3.975,0.997,Consumer,Portfolio_A,Usd,Sell,1732,731.17
Trd00662,NVDA,11-05-2023,297.85,327.03,294.79,319.5,25562169,2901719768,43.73,0.71,1.345,Energy,Portfolio_A,Eur,Buy,4161,306.35
Trd00439,META,12-05-2023,117.6,120.84,114.54,115.4,3868934,134694187.6,16.62,0.496,2.15,Financial,Portfolio_A,Usd,Buy,848,93.27
Trd00783,MSFT,12-05-2023,620.79,646.19,567.9,577.39,5979417,2465488789,37.77,4.688,0.758,Consumer,Portfolio_C,Eur,Buy,3497,663.47
Trd00783,MSFT,12-05-2023,620.79,646.19,567.9,577.39,5979417,2465488789,37.77,4.688,0.758,Consumer,Portfolio_C,Eur,Buy,3497,663.47
Trd00929,TSLA,12-05-2023,213.42,221.34,212.32,217.02,18717802,1282118135,43.73,1.06,1.175,Energy,Portfolio_C,Usd,Sell,1475,173.69
Trd00130,GS,15-05-2023,237.9,247.13,232.97,238.01,17781115,1311686677,77.09,2.406,0.851,Technology,Portfolio_C,Usd,Sell,3267,203.65
Trd01946,AMZN,16-05-2023,266.11,285.5,262.62,282.41,18093503,1949394570,43.73,4.752,1.34,Technology,Portfolio_B,Usd,Sell,814,328.57
Trd01292,GS,16-05-2023,240.44,244.79,224.78,232.95,32288952,1525300000,63.98,3.659,1.749,Healthcare,Portfolio_A,Usd,Buy,2359,232.05
Trd00132,AMD,19-05-2023,347.26,349.49,328.73,341.81,43358803,400688823.4,67.05,3.695,0.985,Healthcare,Portfolio_C,Usd,Buy,426,356.28
Trd00448,TSLA,22-05-2023,578.44,603.11,573.68,594.69,25980964,5886557400,50.89,1.279,0.5,Healthcare,Portfolio_B,Eur,Sell,2174,488.93
Trd00493,TSLA,22-05-2023,293.13,308.6,283.96,296.01,47905299,1949394570,31.01,2.504,0.32,Financial,Portfolio_B,Usd,Sell,1431,349.26
Trd00605,WFC,22-05-2023,587.4,597.9,566.3,580.37,33622519,3024515262,8.35,1.986,1.05,Technology,Portfolio_B,Gbp,Sell,1164,645.13
Trd00816,BAC,25-05-2023,510.28,512.74,501.55,502.59,9815624,713144049.4,24.64,2.265,0.352,Financial,Portfolio_B,Usd,Sell,2922,569.06
Trd01650,BRK,25-05-2023,238.57,244.25,212.4,223.33,4013963,1893444669,35.9,2.282,0.84,Energy,Portfolio_B,Usd,Buy,4960,216.46
Trd00193,BAC,30-05-2023,107.49,111.9,98.97,101.15,31357358,854445305.4,23.12,1.196,2.3,Healthcare,Portfolio_B,Usd,Sell,2402,112.98
Trd00033,GS,30-05-2023,783.41,798.95,718.79,725.57,18284357,2673599201,10.71,4.769,1.047,Energy,Portfolio_C,Usd,Buy,488,654.47
Trd00987,INTC,30-05-2023,392.34,433.56,376.84,421.18,48755605,3911908047,6.7,0.695,0.905,Technology,Portfolio_A,Usd,Buy,2872,404.35
Trd00754,JPM,31-05-2023,429.71,436.92,385.92,400.38,22958752,3923678357,50.96,0.111,0.646,Financial,Portfolio_B,Gbp,Buy,4718,364.44
Trd00173,WFC,31-05-2023,749.24,768.17,715.42,762.52,5556256,7289970282,66.54,0.76,0.589,Consumer,Portfolio_A,Gbp,Sell,4454,704.65
Trd01038,AMD,01-06-2023,534.79,556.56,475.88,492.71,22955584,3845396090,59.77,2.406,2.078,Technology,Portfolio_B,Gbp,Sell,2917,578.59
Trd01453,AMZN,01-06-2023,519.57,553.87,518.14,529.44,15895409,1034346280,13.22,2.406,1.33,Healthcare,Portfolio_C,Usd,Sell,744,423.83
Trd00223,META,01-06-2023,429.38,455.31,427.68,438.495,25562169,1251111658,41.22,0.637,1.955,Financial,Portfolio_C,Eur,Sell,1066,440.13
Trd00094,AMZN,07-06-2023,703.16,715.49,662.53,695.29,33620860,786476588.2,55.04,4.65,0.711,Technology,Portfolio_B,Gbp,Sell,3771,808.19
Trd01686,GS,07-06-2023,316.11,327.3,309.74,318.93,7137085,2643152468,43.73,1.798,0.532,Financial,Portfolio_A,Usd,Buy,263,287.96
Trd01883,INTC,07-06-2023,295.09,319.09,292.09,309.68,17232361,2849910717,44.56,2.365,1.912,Technology,Portfolio_C,Eur,Sell,4624,297.24
Trd01949,INTC,08-06-2023,530.07,566.18,529.98,546.95,16445817,2501158594,18.92,4.317,1.329,Energy,Portfolio_A,Usd,Buy,253,481.54
Trd00139,WFC,08-06-2023,779.61,813.54,719.05,748.49,30844526,2434337230,47.78,0.628,0.381,Energy,Portfolio_A,Eur,Buy,1607,698.38
Trd01326,WFC,08-06-2023,476.55,516.73,472.77,495.57,21155885,4751115324,65.97,4.356,1.856,Financial,Portfolio_A,Usd,Buy,1346,412.15
Trd01595,MSFT,09-06-2023,735.87,767.36,678.19,687.38,40997173,2537815209,16.98,3.753,1.76,Technology,Portfolio_A,Usd,Sell,4841,639.52
Trd00759,GS,12-06-2023,750.72,782.13,735.5,772.43,44793494,6638177680,40.73,2.406,1.901,Technology,Portfolio_C,Eur,Sell,4389,723.38
Trd00622,AMD,13-06-2023,627.89,684.48,618.29,662.67,7218238,895866886.4,19.94,1.118,0.47,Consumer,Portfolio_C,Usd,Buy,3087,698.26
Trd00043,MSFT,13-06-2023,183.94,193.48,178.61,192.34,22857421,1949394570,47.85,1.761,1.701,Financial,Portfolio_B,Usd,Sell,1077,195.29
Trd01951,TSLA,13-06-2023,172.96,221.8608852,175.6,172.45,28400495,1629752004,66.78,2.406,1.351,Technology,Portfolio_A,Usd,Sell,1959,139.78
Trd01978,AMD,14-06-2023,731.26,783.86,698.33,761.78,3911116,2514390487,76.21,0.495,1.669,Energy,Portfolio_C,Usd,Buy,3995,811.69
Trd00246,NFLX,15-06-2023,719.15,737.17,698.52,715.97,6338564,2908328850,42.27,2.563,2.447,Financial,Portfolio_A,Usd,Sell,3588,816.67
Trd00436,WFC,15-06-2023,316.35,322.49,297.39,300.17,39364318,1004665988,79.02,2.406,1.819,Financial,Portfolio_C,Eur,Sell,451,285.85
Trd00415,AMZN,16-06-2023,370.41,394.44,357.85,388.92,23988428,2283509944,43.73,3.703,0.966,Technology,Portfolio_A,Usd,Sell,170,343.81
Trd01980,AAPL,19-06-2023,303.59,323.14,292.51,319.08,25562169,1139017323,60.76,4.692,1.571,Healthcare,Portfolio_B,Usd,Sell,3399,319.55
Trd00392,AMZN,19-06-2023,191.43,203.25,186.17,193.82,27210471,1949394570,43.73,3.783,2.089,Financial,Portfolio_B,Gbp,Sell,1271,186.84
Trd01999,AMZN,19-06-2023,103.01,103.38,96.46,99.31,21526975,474673596,74.46,4.297,1.134,Energy,Portfolio_C,Usd,Sell,854,98.69
Trd01717,JPM,20-06-2023,255,260.33,240.56,250.01,25562169,715488618.4,15.09,1.752,2.494,Consumer,Portfolio_A,Eur,Buy,4276,248.74
Trd00544,NFLX,20-06-2023,125.32,134.73,123.54,134.43,3194034,589140147.2,19.31,2.597,1.96,Healthcare,Portfolio_B,Usd,Sell,426,117.52
Trd01687,AMZN,21-06-2023,106.06,110.18,97.88,438.495,36273751,140198347,53.52,0.918,1.469,Energy,Portfolio_B,Usd,Sell,4899,82.96
Trd00037,JPM,21-06-2023,151.51,157.1,145.05,146.41,11483173,770023044,7.31,4.752,2.499,Consumer,Portfolio_A,Usd,Buy,1658,125.54
Trd00632,NVDA,21-06-2023,440.94,453.18,430.01,443.25,34060030,1206792450,43.73,2.135,2.091,Healthcare,Portfolio_C,Eur,Sell,1930,400.87
Trd00423,TSLA,22-06-2023,98.28,102,91.66,95.52,25562169,635436197.3,24.92,3.236,1.582,Technology,Portfolio_C,Eur,Sell,560,81.66
Trd00925,AAPL,27-06-2023,591.06,596.28,528.71,438.495,39462425,1755363222,29.7,2.01,2.495,Energy,Portfolio_A,Usd,Buy,4277,532.1
Trd00341,WFC,27-06-2023,770.33,784.4,718.11,722.84,29722371,2616228302,5.01,3.328,2.332,Technology,Portfolio_B,Gbp,Buy,2786,832.87
Trd01582,JPM,29-06-2023,603.8,639,586.5,633.37,30548327,6051643238,7.62,1.722,0.789,Energy,Portfolio_B,Gbp,Sell,3847,684.08
Trd01113,NFLX,29-06-2023,639.27,645.78,584.05,592.55,27829395,2467017930,12.45,1.832,1.838,Energy,Portfolio_B,Gbp,Sell,3359,565.78
Trd01925,GS,30-06-2023,505.5,570.88,498.43,438.495,25562169,4731024665,77.87,2.377,2.411,Consumer,Portfolio_B,Usd,Sell,1646,471.19
Trd01415,MSFT,30-06-2023,439.03,439.79,417.79,438.495,47526191,674446696.1,75.34,2.362,0.665,Healthcare,Portfolio_C,Usd,Buy,2534,386.62
Trd00895,NVDA,30-06-2023,676.17,722.69,658.32,709.67,37341047,2539752803,64.03,2.622,0.77,Financial,Portfolio_C,Usd,Buy,2268,717.68
Trd01419,AAPL,03-07-2023,472.51,490.16,467.38,485.56,26528238,1805621382,41.08,0.951,0.661,Financial,Portfolio_C,Usd,Sell,4859,517.72
Trd01702,WFC,04-07-2023,285.84,288.23,265.05,273.99,29982208,1949394570,64.61,3.572,1.878,Energy,Portfolio_B,Usd,Sell,3224,258.26
Trd00939,GOOGL,05-07-2023,656.08,707.18,623.74,675.86,28639075,2343500619,9.26,2.406,1.402,Technology,Portfolio_C,Usd,Sell,1476,709.12
Trd00192,INTC,05-07-2023,221.98,225.23,199.47,207.79,36747595,786951015.2,43.73,2.406,1.656,Financial,Portfolio_B,Gbp,Sell,4568,205.7
Trd01137,NVDA,05-07-2023,446.62,451.26,428.13,443.65,36675151,1125335084,12.93,2.199,0.896,Financial,Portfolio_C,Usd,Buy,2754,414.45
Trd01168,AMD,06-07-2023,578.22,606.66,576.92,580.38,7447887,3280172531,57.55,4.734,0.303,Financial,Portfolio_B,Usd,Buy,2264,599.75
Trd00143,GOOGL,06-07-2023,98.03,106.47,97.16,103.7,24887787,331113581.5,19.68,1.106,1.402,Energy,Portfolio_B,Gbp,Sell,1965,107.45
Trd01887,AMD,10-07-2023,494.56,506.32,457.09,457.64,35459329,3677163943,13.36,0.86,2.143,Healthcare,Portfolio_C,Eur,Sell,3447,384.07
Trd01588,NFLX,10-07-2023,298.46,318.04,287.24,310.85,11636636,872208108.9,75.85,2.809,1.243,Technology,Portfolio_C,Eur,Buy,3046,280.32
Trd00231,AAPL,11-07-2023,289.53,305.17,275.67,294.01,44181070,2307155272,78.63,2.406,0.568,Healthcare,Portfolio_A,Usd,Sell,1558,317.86
Trd01569,GS,11-07-2023,172.91,173.78,168.6,171.26,29138997,284239537,5.66,2.406,1.402,Technology,Portfolio_A,Gbp,Sell,1565,153.85
Trd01899,NVDA,11-07-2023,753.38,760.84,706.72,721.81,30377237,1949394570,43.73,1.709,2.266,Energy,Portfolio_B,Gbp,Sell,2223,690.75
Trd01851,GOOGL,12-07-2023,222.27,223.73,217.73,218.21,26346264,1862548912,48.27,3.171,2.434,Consumer,Portfolio_A,Eur,Buy,3278,191.68
Trd00012,GS,12-07-2023,506.15,519.71,481.39,504.54,13524584,2199882190,66.4,0.469,0.824,Technology,Portfolio_A,Eur,Buy,1175,482.3
Trd01350,WFC,12-07-2023,285.64,298.85,260.85,273.57,44019621,1910361196,46.74,2.403,1.891,Consumer,Portfolio_B,Gbp,Sell,2248,229.04
Trd00179,GOOGL,17-07-2023,127.88,132.57,120.8,122.65,12893654,144551487.9,10.43,1.268,2.324,Financial,Portfolio_A,Usd,Buy,2556,145.35
Trd01624,GS,17-07-2023,263.75,274.22,259.04,268.89,21437742,1534305969,43.73,3.494,1.124,Financial,Portfolio_B,Usd,Sell,1522,316.74
Trd01017,BRK,19-07-2023,147.28,150.24,141.14,144.17,10651609,1023204910,77.11,2.083,2.4,Financial,Portfolio_C,Usd,Buy,4159,153.13
Trd00483,JPM,20-07-2023,482.47,517.39,474.92,517.24,3425720,3834735119,47.26,1.941,1.402,Healthcare,Portfolio_A,Gbp,Sell,122,608.63
Trd01761,NVDA,20-07-2023,490.38,505.16,479.17,495.51,49351904,4680046859,69.16,1.362,0.481,Financial,Portfolio_A,Usd,Buy,4135,447.81
Trd01016,BAC,24-07-2023,536.93,540.52,517,438.495,35294950,2095127844,25.46,4.176,0.555,Energy,Portfolio_C,Usd,Sell,3349,465.13
Trd00780,BRK,25-07-2023,362.67,369.65,322.16,336.23,10087393,2528268372,77.34,0.773,1.485,Energy,Portfolio_C,Usd,Sell,235,298.94
Trd01799,JPM,25-07-2023,178.87,185.42,160.9,167.59,25562169,852943606.9,72.17,2.485,1.694,Healthcare,Portfolio_C,Gbp,Sell,1094,168.34
Trd01064,BRK,26-07-2023,393.5,428.75,391.92,438.495,36504691,839704366.8,5.52,4.411,0.492,Technology,Portfolio_A,Usd,Sell,4275,474.41
Trd01963,AMD,27-07-2023,168.1,178.83,161.05,171.22,11893991,1949394570,48.04,0.107,1.874,Technology,Portfolio_B,Usd,Sell,4126,171.44
Trd00986,INTC,27-07-2023,353.65,393.12,344.03,380.34,5492565,3777387406,62.63,2.406,2.418,Energy,Portfolio_B,Gbp,Sell,1419,369.81
Trd00832,BRK,28-07-2023,463.37,503.81,462.43,496.79,46408390,946022293.3,43.73,2.13,1.728,Technology,Portfolio_B,Usd,Buy,1191,515.09
Trd01617,MSFT,28-07-2023,412.19,432.7,393.99,410.58,26430760,780181652.5,72.51,3.863,1.393,Technology,Portfolio_A,Usd,Buy,1522,341.15
Trd00873,META,31-07-2023,711.2,734.95,654.58,665.34,34273695,1949394570,20.21,4.77,2.359,Consumer,Portfolio_B,Usd,Buy,3560,603.96
Trd00610,GS,01-08-2023,356.77,373.29,330.48,337.65,30309275,3349308370,74.03,3.792,1.04,Energy,Portfolio_A,Usd,Sell,4536,321.34
Trd00368,JPM,02-08-2023,489.66,513.23,469.28,472.45,47610100,3492928679,19.97,4.787,1.726,Technology,Portfolio_A,Usd,Sell,1905,493.79
Trd00729,INTC,03-08-2023,641.59,667.38,637.54,639.67,35381714,3723801804,60.86,1.473,0.389,Financial,Portfolio_C,Usd,Buy,2943,598.99
Trd00297,NVDA,03-08-2023,623.41,642.67,598.63,613.21,5834699,1682407862,43.73,3.687,1.228,Technology,Portfolio_A,Gbp,Buy,3768,687.3
Trd00698,BRK,04-08-2023,795.31,816.53,752.5,790.58,25562169,4050556395,46.21,2.364,1.051,Technology,Portfolio_C,Usd,Buy,84,853.53
Trd00150,INTC,04-08-2023,568.62,585.35,545.71,584.81,4247681,1034860477,39.41,2.207,0.475,Financial,Portfolio_A,Usd,Buy,221,482.49
Trd00958,AMZN,08-08-2023,717.47,786.17,696.18,764.72,22265318,1949394570,73.47,0.32,1.402,Technology,Portfolio_A,Usd,Buy,1349,665.02
Trd01348,AMZN,08-08-2023,359.53,394.03,359.42,377.7,25562169,710626308.9,44.41,2.216,0.842,Consumer,Portfolio_B,Eur,Buy,4537,449.18
Trd01298,INTC,08-08-2023,781.87,782.33,748.68,761.41,18505115,5183464562,42.84,4.634,2.029,Healthcare,Portfolio_B,Usd,Sell,523,685.21
Trd00579,META,08-08-2023,287.45,289.52,266.09,268.34,25562169,964602334.7,31.64,2.406,1.974,Healthcare,Portfolio_A,Eur,Buy,1368,241.91
Trd01495,WFC,08-08-2023,238.74,256.26,235.55,250.14,45140100,2242763995,24.53,2.406,1.647,Healthcare,Portfolio_B,Eur,Buy,2746,214.94
Trd00608,META,09-08-2023,680.27,721.51,658.89,704.51,5950588,1622425238,71.07,2.069,0.869,Financial,Portfolio_C,Eur,Sell,4146,838.32
Trd01390,BAC,15-08-2023,715.87,735.85,675.99,700.87,47354556,3590701389,11.81,2.605,1.191,Healthcare,Portfolio_A,Usd,Buy,1418,782.38
Trd00410,NVDA,15-08-2023,672.31,692.82,659.73,669.91,31829827,4601115387,42.18,0.212,1.755,Technology,Portfolio_C,Eur,Sell,10,655
Trd01206,WFC,16-08-2023,542.37,550.62,521.62,544.96,44849690,3492875343,43.73,1.372,0.784,Financial,Portfolio_B,Eur,Buy,4592,618.88
Trd01871,AAPL,17-08-2023,559.19,612.16,540.4,597.8,31027379,915873239.4,15.68,1.306,2.021,Healthcare,Portfolio_A,Gbp,Buy,521,689.91
Trd01312,AMD,17-08-2023,547.74,581.3,522.49,555.9,39893750,2564965960,43.73,4.182,2.138,Financial,Portfolio_C,Eur,Sell,2111,580.09
Trd01036,GOOGL,17-08-2023,775.56,797.34,759.47,759.6,46913525,7088245380,44.9,2.513,1.108,Energy,Portfolio_C,Usd,Sell,3329,898.11
Trd01742,AMZN,18-08-2023,588.68,615.11,568.07,591.5,28234596,3613404295,67.15,2.088,1.111,Healthcare,Portfolio_C,Usd,Sell,3913,649.09
Trd00066,MSFT,21-08-2023,340.92,354.27,327.86,346.46,26389285,403261424.1,56.25,0.143,1.582,Consumer,Portfolio_A,Usd,Buy,2809,348.84
Trd00618,GOOGL,22-08-2023,381.93,398.02,357.44,372.73,36224447,2480606860,78.73,2.406,1.469,Technology,Portfolio_B,Usd,Sell,1364,369.94
Trd01727,META,22-08-2023,460.52,475.07,442.84,445.06,32562735,1932268045,58.42,1.955,0.959,Financial,Portfolio_C,Gbp,Sell,2591,523.36
Trd01619,BRK,23-08-2023,673.05,720.07,662.98,438.495,39771835,6881535468,60,0.885,0.944,Technology,Portfolio_B,Eur,Sell,3161,621.71
Trd00996,AMD,25-08-2023,387.86,419.71,387.58,409.75,17573658,3947908880,42.37,2.938,1.622,Technology,Portfolio_A,Usd,Sell,3580,328.07
Trd01423,NFLX,25-08-2023,776.28,793.17,741.36,775.77,19085886,4722794668,74.61,3.769,2.043,Consumer,Portfolio_B,Gbp,Sell,3692,666.62
Trd00494,AMD,28-08-2023,674.87,726.68,670.13,710.43,7299569,1307413565,58.98,1.52,0.648,Consumer,Portfolio_C,Eur,Sell,3296,672.73
Trd01248,GS,28-08-2023,701.42,737.45,681.27,716.91,22769787,5884701250,48.09,4.895,0.399,Financial,Portfolio_A,Usd,Buy,2990,750.04
Trd01414,AAPL,29-08-2023,58.04,58.5,52.98,54.09,12073764,196247012.1,17.01,1.174,1.742,Financial,Portfolio_C,Usd,Buy,4000,62.74
Trd00814,GOOGL,29-08-2023,395.49,402.06,393.01,396.94,28999374,953901597.7,12.65,2.656,1.116,Consumer,Portfolio_A,Gbp,Buy,4638,343.51
Trd01509,GOOGL,29-08-2023,549.78,565.27,505.32,525.75,4939002,3649818013,62.07,2.406,1.612,Healthcare,Portfolio_A,Eur,Buy,3039,625.29
Trd00202,BRK,30-08-2023,625.45,642.36,574.72,604.11,36372953,1002105521,34.08,2.461,1.247,Technology,Portfolio_B,Usd,Sell,4122,606.01
Trd00969,GS,30-08-2023,88.94,91.77,83.57,83.85,25499195,196633700.3,9.49,1.763,2.179,Financial,Portfolio_B,Gbp,Buy,4870,86.73
Trd01751,GS,30-08-2023,436.38,440.1,404.72,405.33,46488674,1707290493,19.56,2.128,2.348,Consumer,Portfolio_B,Usd,Buy,2073,382.68
Trd01958,INTC,31-08-2023,56.05,62.23,55.18,59.99,21308541,325209149.4,29.62,0.837,1.662,Energy,Portfolio_C,Gbp,Buy,1794,60.34
Trd01406,MSFT,31-08-2023,126.87,137.44,123.62,133.24,25171469,996910740.3,33.59,3.677,1.182,Technology,Portfolio_A,Usd,Buy,3640,155.86
Trd01178,META,01-09-2023,596.41,601.84,539.61,565.79,23049611,1581453208,31.29,2.295,0.898,Healthcare,Portfolio_A,Usd,Sell,3598,633.88
Trd00966,WFC,01-09-2023,362.37,368.36,337.32,341.79,48631354,2213522614,29.96,4.467,0.655,Consumer,Portfolio_B,Gbp,Buy,716,354.14
Trd01672,BRK,04-09-2023,663.74,665.32,609.28,636.4,47740653,3447907012,22.09,4.867,0.332,Energy,Portfolio_B,Eur,Buy,1466,573.21
Trd00308,JPM,04-09-2023,417.91,445.28,411.51,440.87,11968240,449771606.2,43.73,3.36,2.157,Financial,Portfolio_A,Usd,Sell,4140,451.96
Trd00875,AMD,05-09-2023,232.49,237.96,207.21,216.57,30630989,217694431.4,60.46,2.127,1.458,Technology,Portfolio_A,Usd,Sell,4898,202.96
Trd00690,INTC,06-09-2023,609.45,627.83,584.3,586.5,25562169,1361406674,48.86,0.987,1.834,Energy,Portfolio_B,Gbp,Buy,316,689.66
Trd01039,META,08-09-2023,502.45,528.68,501.81,513.3,16740500,1949394570,43.73,2.201,0.979,Energy,Portfolio_A,Usd,Sell,2410,538.27
Trd01955,MSFT,08-09-2023,695.95,706.75,662.84,675.27,35732967,1577713658,49.34,3.987,2.474,Energy,Portfolio_A,Usd,Sell,3177,620.14
Trd01143,WFC,11-09-2023,754.32,780.98,674.81,706.44,5939467,5294954300,10,1.139,1.402,Energy,Portfolio_B,Usd,Buy,4364,698.11
Trd00388,MSFT,12-09-2023,528.2,574.64,501.95,559.56,39576865,944675491.3,35.66,2.482,2.234,Energy,Portfolio_C,Eur,Sell,1574,664.04
Trd00056,AAPL,14-09-2023,383.73,418.13,372.01,404.4,21886686,1452819132,18.89,1.898,1.746,Healthcare,Portfolio_A,Usd,Buy,1497,437.81
Trd00880,AMZN,14-09-2023,772.75,805.23,706.81,722,11803604,1853702510,35.63,1.685,1.174,Energy,Portfolio_A,Gbp,Buy,2603,674.15
Trd01824,TSLA,14-09-2023,66.59,69.1,64.62,67.37,49017025,546727424.2,66.26,1.813,0.9,Healthcare,Portfolio_B,Eur,Sell,1085,56.25
Trd01948,JPM,18-09-2023,402.79,419.07,388.46,401.24,33017999,2590434731,43.5,3.894,2.044,Technology,Portfolio_A,Gbp,Buy,3013,437.09
Trd00085,AMZN,20-09-2023,505.07,558.697607,520.08,490.93,36171835,744435451.5,38.35,0.434,2.32,Financial,Portfolio_B,Usd,Sell,252,486.7
Trd00106,NVDA,20-09-2023,401.03,428.22,398.91,438.495,19182586,3807593091,17.59,2.347,1.047,Technology,Portfolio_A,Gbp,Buy,1390,432.99
Trd01732,NVDA,20-09-2023,166.76,171.95,152.6,158.17,9285617,992340074.1,67.61,0.212,2.208,Healthcare,Portfolio_B,Usd,Buy,3076,164.71
Trd00505,JPM,21-09-2023,699.08,715.62,640.53,648.7,41952266,907677257.5,78.2,2.202,0.376,Technology,Portfolio_A,Usd,Buy,976,717.3
Trd01656,JPM,26-09-2023,111.82,115.66,107.21,109.72,35785675,596519551.7,55.91,2.229,1.186,Energy,Portfolio_A,Usd,Sell,4397,115.74
Trd01667,AMZN,27-09-2023,234.4,257.01,230.55,247.89,24869230,318653423.1,15.72,4.972,1.267,Energy,Portfolio_A,Eur,Buy,3461,203.23
Trd01106,AMD,28-09-2023,792.11,815.54,733.68,742.85,9513691,2000671848,71.57,0.438,1.146,Technology,Portfolio_C,Usd,Sell,3024,805.92
Trd01847,GOOGL,28-09-2023,128.78,135.1,122.56,128.6,38006667,1216423285,54.56,3.324,1.475,Healthcare,Portfolio_B,Eur,Sell,1899,109.67
Trd01683,WFC,28-09-2023,467.33,468.05,441.41,458.53,20573117,637785884.1,6.12,1.088,1.251,Technology,Portfolio_C,Usd,Sell,414,543.08
Trd00723,GOOGL,29-09-2023,138.79,139.55,132.32,132.53,25562169,399306661.1,31.42,0.836,2.19,Energy,Portfolio_C,Eur,Buy,3893,113.91
Trd00116,TSLA,02-10-2023,77.72,81.24,77.72,79.24,33065994,406495336.2,52.83,3.871,2.345,Consumer,Portfolio_B,Usd,Sell,3245,93.69
Trd00446,TSLA,03-10-2023,542.29,580.66,521.14,565.3,31269801,3211050413,7.57,3.645,0.508,Healthcare,Portfolio_C,Usd,Sell,730,468.77
Trd00352,AMD,04-10-2023,294.19,302.52,274.83,278.57,6850764,2049411076,50.21,0.449,1.852,Consumer,Portfolio_C,Eur,Buy,3305,293.74
Trd01461,AMD,04-10-2023,192.73,199.24,182.1,183.04,24085631,824144189.4,23.34,4.338,1.402,Healthcare,Portfolio_C,Usd,Sell,1432,207.93
Trd01009,INTC,04-10-2023,377.29,379.91,353.81,356.6,13067778,3118597516,32.21,2.406,0.948,Healthcare,Portfolio_A,Usd,Buy,2038,289.4
Trd00747,JPM,09-10-2023,207.21,213.24,194.73,195,697565,1520091495,43.73,4.111,1.044,Technology,Portfolio_B,Gbp,Sell,3914,227.77
Trd01425,META,10-10-2023,85.54,90.39,83.26,87.78,12896706,97085908.92,43.73,3.497,1.936,Consumer,Portfolio_C,Usd,Sell,2521,79.69
Trd01517,JPM,11-10-2023,473.26,519,463.16,438.495,46682303,3872039717,40.45,4.397,1.822,Technology,Portfolio_C,Usd,Buy,246,500.82
Trd00228,AAPL,12-10-2023,283.02,294.73,276.09,287.04,40530569,1949394570,43.97,3.66,1.721,Financial,Portfolio_B,Usd,Sell,2213,294.97
Trd00078,BRK,12-10-2023,300.22,306.53,287.27,296.33,6091225,2064354201,43.07,2.786,2.448,Energy,Portfolio_A,Eur,Sell,4357,296
Trd00229,MSFT,12-10-2023,533.34,551.74,499.93,521.61,23777581,3558428114,5.5,1.311,1.469,Healthcare,Portfolio_B,Usd,Sell,2828,507.85
Trd01257,TSLA,12-10-2023,136.54,145.32,135.83,138.69,30798224,448524846.9,36.34,1.873,2.224,Financial,Portfolio_B,Gbp,Sell,1489,143.03
Trd00659,META,13-10-2023,605.65,651.92,587.02,636.37,2544743,1593082931,67.55,4.337,1.596,Energy,Portfolio_C,Usd,Sell,4653,667.14
Trd01224,NVDA,13-10-2023,675,697.5,648.02,666.21,25086315,2210184986,7.11,4.567,0.436,Energy,Portfolio_A,Usd,Sell,831,615.23
Trd01073,BRK,17-10-2023,307.68,289.92,279.8201208,289.92,49717786,1739053229,15.27,0.677,1.812,Energy,Portfolio_A,Eur,Sell,1162,240.4
Trd01057,GS,17-10-2023,584.27,609.32,522.85,549.51,25562169,4544620246,27.55,0.511,2.179,Technology,Portfolio_B,Gbp,Sell,975,448.71
Trd01666,WFC,17-10-2023,794.44,842.65,758.17,832.4,9076852,7170073846,65.65,4.6,1.696,Healthcare,Portfolio_B,Usd,Sell,2448,846.17
Trd00732,META,18-10-2023,137.39,141.02,123.87,126.49,49315313,204511941.3,60.63,3.995,1.402,Financial,Portfolio_A,Gbp,Sell,700,143.56
Trd01535,NFLX,18-10-2023,190.41,196.28,176.55,182.14,28296760,1949394570,11.69,2.374,1.013,Consumer,Portfolio_A,Usd,Sell,2100,204.31
Trd01941,AMD,19-10-2023,394.49,410.57,353.87,367.51,36384363,1645633338,76.38,2.406,1.687,Technology,Portfolio_A,Eur,Sell,4121,435.7
Trd01152,AMZN,19-10-2023,350.92,361.31,334.15,438.495,8485889,1133988709,15.14,2.224,1.402,Consumer,Portfolio_A,Gbp,Sell,4559,281.82
Trd00653,INTC,19-10-2023,284.01,295.91,265.93,266.8,17391983,1949394570,21.76,1.276,1.402,Consumer,Portfolio_B,Eur,Buy,2344,271.32
Trd00596,NFLX,19-10-2023,177.23,183.89,172.82,177.39,10275359,1658191164,43.73,3.025,0.527,Technology,Portfolio_B,Usd,Buy,4333,197.79
Trd01447,AAPL,20-10-2023,257.58,269.83,245.56,258.05,28525533,1352859639,58.58,3.777,0.668,Technology,Portfolio_A,Eur,Buy,4728,237.2
Trd00654,AMZN,20-10-2023,466.3,517.34,451.15,503.02,25562169,4989024795,29.26,2.421,1.843,Technology,Portfolio_A,Usd,Sell,1235,556.65
Trd01095,GS,25-10-2023,593.5,632.32,578.17,605.17,4130466,3470902306,44.71,3.873,1.04,Technology,Portfolio_B,Usd,Sell,3808,646.94
Trd00823,AMD,26-10-2023,774.22,809.57,742.92,766.65,4740209,4881091120,14.12,3.492,0.738,Technology,Portfolio_A,Usd,Sell,3780,702.51
Trd01704,TSLA,27-10-2023,156.59,173.48,153.69,165.24,14582445,1206617180,50.1,2.406,0.812,Healthcare,Portfolio_C,Usd,Sell,1513,195.86
Trd00630,META,30-10-2023,650.09,705.57,635.13,698.23,25681143,3082922150,43.73,0.612,1.659,Technology,Portfolio_B,Usd,Sell,3231,731.43
Trd00913,MSFT,30-10-2023,247.7,255.57,236.42,254.31,3364078,2287261851,37.45,1.848,2.404,Energy,Portfolio_A,Eur,Sell,131,227.65
Trd01504,TSLA,31-10-2023,303.39,306.82,281.86,282.03,47253225,647403531.4,10.99,0.358,1.128,Technology,Portfolio_B,Usd,Sell,3779,319.59
Trd00198,BAC,01-11-2023,176.28,178.34,170.87,175.79,25562169,756081227.9,12.94,4.556,1.32,Consumer,Portfolio_B,Usd,Sell,4702,204.2
Trd00144,AMZN,02-11-2023,389.27,400.75,368.16,378.39,35750532,894550285.4,12.62,0.821,1.096,Technology,Portfolio_C,Usd,Sell,2601,370.09
Trd00036,INTC,02-11-2023,591.75,602.28,559.28,561.01,36588241,5516570657,44.61,2.368,0.77,Consumer,Portfolio_B,Eur,Sell,2716,585.18
Trd01315,NFLX,02-11-2023,646.35,665.13,593.84,0,23160571,1674601185,43.73,0.76,0.65,Consumer,Portfolio_A,Usd,Buy,1255,720.93
Trd01818,AAPL,03-11-2023,185.14,210.5826254,188.87,184.41,8676334,1837167475,23.42,1.757,0.961,Technology,Portfolio_C,Gbp,Buy,3150,182.46
  Trd00943  ,META,03-11-2023,494.15,510.38,455.03,464.65,3357139,1992356008,78.58,2.16,2.378,Healthcare,Portfolio_A,Usd,Sell,1075,473.47
Trd01476,GS,07-11-2023,693.62,715.58,641.52,671.02,28951266,1321775867,9.93,4.724,1.468,Healthcare,Portfolio_B,Usd,Sell,196,572.11
Trd01218,AMZN,08-11-2023,148.54,159.19,142.35,152.99,48692536,1191489945,43.33,3.826,2.424,Technology,Portfolio_A,Gbp,Sell,4708,163.02
Trd01735,BRK,08-11-2023,371.93,372.89,349.19,438.495,25562169,2629011185,43.73,1.441,0.375,Healthcare,Portfolio_B,Gbp,Sell,1264,305.24
Trd00576,GS,08-11-2023,625.21,640.67,618.83,438.495,38456406,5923244862,31.54,0.184,1.565,Technology,Portfolio_A,Usd,Sell,1532,532.59
Trd00248,AAPL,09-11-2023,362.04,377.58,346.35,375.28,27924011,1949394570,65.52,0.712,0.46,Technology,Portfolio_B,Usd,Buy,4631,404.85
Trd01299,BRK,13-11-2023,771.99,798.87,738.28,746.66,14771862,1272034616,44.78,2.969,0.78,Technology,Portfolio_A,Usd,Sell,3450,870.17
Trd01396,MSFT,15-11-2023,419.39,466.35,415.45,449.41,41849799,501531223.6,78.11,4.354,1.757,Financial,Portfolio_B,Usd,Buy,2535,380.24
Trd01533,MSFT,15-11-2023,668.68,679.19,594.13,625.4,18699164,3856950620,51.62,2.848,2.234,Consumer,Portfolio_A,Usd,Buy,4701,727.7
Trd00298,WFC,15-11-2023,485.8,522.93,481.36,519.06,46802297,1949394570,19.81,2.06,2.321,Healthcare,Portfolio_B,Usd,Buy,2419,543.41
Trd01111,BAC,16-11-2023,725.05,806.41,716.83,769.72,23058668,2903379991,63.28,3.363,1.6,Technology,Portfolio_A,Usd,Buy,851,865.82
Trd01576,BAC,16-11-2023,351.89,358.89,333.44,341.97,30180881,1869035325,36.48,4.087,1.972,Technology,Portfolio_B,Gbp,Sell,906,397.62
Trd00787,GOOGL,16-11-2023,626.35,630.77,601.77,609.26,6018832,1949394570,19.52,3.514,1.863,Energy,Portfolio_C,Gbp,Sell,1770,503.78
Trd00020,META,17-11-2023,326,349.22,324.98,336.33,35677954,1080151038,43.73,3.236,2.301,Technology,Portfolio_B,€,Buy,3200,314.67
Trd00339,TSLA,17-11-2023,640.1,680.89,627.7,656.23,613371,1224311249,13.56,0.713,2.002,Consumer,Portfolio_B,Gbp,Sell,4993,758.7
Trd00472,META,21-11-2023,55.27,57.61,49.98,52.37,44349591,73872493.56,10.93,2.406,2.283,Technology,Portfolio_A,Eur,Buy,4069,42.13
Trd01170,NFLX,21-11-2023,546.56,613.6,546.19,586.17,16658375,4572177583,42.59,2.944,2.282,Technology,Portfolio_C,Gbp,Buy,135,507.65
Trd01783,TSLA,21-11-2023,655.97,725.88,652.58,703.51,47854306,6750072220,48.58,0.079,0.311,Healthcare,Portfolio_A,Usd,Buy,1671,751.87
Trd00671,TSLA,22-11-2023,349.69,354.93,333.5,347.53,36167069,1205564194,11.4,1.495,1.296,Consumer,Portfolio_A,Gbp,Sell,1078,408.9
Trd01779,WFC,22-11-2023,540.72,578.36,537.11,571.7,24911773,2615918543,19.31,3.273,2.113,Energy,Portfolio_C,Eur,Sell,2234,492.61
Trd00286,BAC,23-11-2023,188.95,194.71,183.86,187.49,9763700,1448635298,32.12,0.43,1.111,Healthcare,Portfolio_A,Eur,Sell,1424,198.44
Trd01398,GS,23-11-2023,491.48,524.92,488.38,510.35,21662206,860321491.8,57.54,4.618,1.94,Healthcare,Portfolio_A,Eur,Sell,4543,434.04
Trd01987,GS,23-11-2023,797.34,874.74,763.26,858.34,4373278,1949394570,23.68,3.522,1.605,Consumer,Portfolio_A,Usd,Sell,2015,720.81
Trd00727,INTC,24-11-2023,590.46,613.01,575.52,587.05,25470942,1698078522,53.87,4.895,0.394,Financial,Portfolio_B,Usd,Sell,3647,479.76
Trd01338,AMD,27-11-2023,583.26,612.14,533.71,546.42,18260313,1258854964,44.37,3.756,2.495,Healthcare,Portfolio_A,Usd,Sell,-369,512.49
Trd00047,BRK,27-11-2023,425.92,472.8,418.73,456.87,4792585,744611294.7,18.1,4.806,0.875,Technology,Portfolio_B,Usd,Buy,4305,441.1
Trd01284,WFC,27-11-2023,331.91,332.02,323.37,326.82,29919232,1782936769,62.76,2.406,1.323,Consumer,Portfolio_C,Eur,Buy,4092,280.39
Trd00603,BRK,28-11-2023,431.32,435.55,403.12,420.68,40190712,3341222294,43.73,0.879,1.681,Consumer,Portfolio_C,Eur,Sell,3529,478.05
Trd00015,GS,29-11-2023,545.55,567.09,492.43,515.27,22719078,947841741.4,68.39,3.928,1.402,Energy,Portfolio_A,Usd,Sell,4667,600.03
Trd00512,META,29-11-2023,570.35,630.83,550.49,615.47,44056733,2766766605,58.15,3.789,0.418,Technology,Portfolio_A,Gbp,Buy,632,694.43
Trd00099,NFLX,30-11-2023,627.46,658.51,601.33,644.25,25562169,3862776111,71.67,1.326,0.409,Financial,Portfolio_A,Eur,Sell,4316,683.4
Trd00385,NFLX,30-11-2023,596.3,661.22,572.48,643.94,44719868,4369100703,5.9,1.44,0.811,Healthcare,Portfolio_B,Eur,Buy,4839,685.81
Trd01544,WFC,30-11-2023,576.06,620.01,567.59,438.495,39167596,5656908830,46.67,0.214,1.358,Energy,Portfolio_A,Eur,Sell,3046,546.72
Trd01455,WFC,05-12-2023,630.41,666.39,604,639.85,37245299,4771928997,69.64,0.334,1.546,Healthcare,Portfolio_C,Gbp,Sell,3618,654.7
Trd00469,BAC,07-12-2023,555.12,591.56,546.39,579.11,48842585,1949394570,78.2,4.972,1.13,Consumer,Portfolio_B,Usd,Buy,843,551.04
Trd00769,BAC,07-12-2023,172.57,184.24,166.57,183.48,36777703,1095622014,45.49,4.706,2.089,Energy,Portfolio_A,Usd,Sell,1044,209.3
Trd01646,GOOGL,07-12-2023,438.69,451.27,422.88,429.53,23280149,4184439166,24.82,1.346,1.765,Technology,Portfolio_A,Usd,Sell,1855,453.78
Trd01940,WFC,07-12-2023,612.22,637.01,607.66,622.44,31872577,1164801849,26.57,2.136,2.005,Energy,Portfolio_C,Eur,Sell,529,579.18
  Trd00570  ,NVDA,08-12-2023,506,530.56,481.1,529.03,9741336,4451978959,44.52,1.792,0.564,Technology,Portfolio_C,Gbp,Sell,1553,570.76
Trd01795,TSLA,08-12-2023,598.66,613.46,565.71,574.47,25402169,3688000000,32.49,3.178,2.298,Healthcare,Portfolio_C,Usd,Sell,1390,597.27
Trd01253,INTC,12-12-2023,568.76,594.57,545.13,564.02,34892437,3548891675,71.4,4.068,2.383,Energy,Portfolio_B,Usd,Sell,2046,630.45
Trd00344,NVDA,15-12-2023,526.2,553.41,512.15,538.98,6610456,4733737914,27.83,2.765,1.455,Energy,Portfolio_A,Usd,Sell,3173,433.66
Trd00933,NVDA,15-12-2023,220.66,225.94,210.59,438.495,6607281,1368907853,57.13,4.674,1.849,Consumer,Portfolio_C,Gbp,Sell,2804,248.44
Trd00738,MSFT,18-12-2023,543.08,558.52,509.16,534.94,40746586,1428168904,15.59,1.324,1.329,Technology,Portfolio_B,Usd,Sell,3858,523.13
Trd00062,META,19-12-2023,741.14,752.66,731.9,742.59,6732542,4465803336,23.81,1.631,1.678,Financial,Portfolio_B,Usd,Sell,4138,651.97
Trd01048,BAC,20-12-2023,587.1,591.63,542.73,555.68,26781293,1451098307,17.56,1.563,1.799,Consumer,Portfolio_B,Eur,Buy,4274,453.8
Trd00538,GOOGL,20-12-2023,680.29,712.23,676.98,681.98,23048581,5731012110,26.74,2.102,1.516,Technology,Portfolio_A,Usd,Sell,958,586.05
Trd01886,META,20-12-2023,98.68,99.98,92.59,438.495,47389245,185491835.5,23.48,2.641,1.214,Technology,Portfolio_C,Usd,Buy,2330,79.95
Trd01592,TSLA,22-12-2023,553.06,600.97,544.03,586.19,6414338,3102021345,56.79,2.294,0.777,Financial,Portfolio_B,Usd,Sell,2383,538.03
Trd01855,GOOGL,25-12-2023,220.96,229.77,201.31,438.495,47928573,1508555040,43.73,2.429,0.424,Technology,Portfolio_B,Gbp,Sell,3668,179.41
Trd01784,BAC,26-12-2023,271.94,281.59,258.02,265.99,15887622,1659054107,67.94,0.478,0.469,Technology,Portfolio_C,Usd,Buy,4360,290.54
Trd00753,BAC,29-12-2023,211.82,227.39,211.08,438.495,9828508,608987214.7,78.72,0.568,2.312,Technology,Portfolio_C,Usd,Sell,4578,181.18
Trd01371,AMZN,02-01-2024,136.04,137.4,130.29,132.81,6117884,979066953,10.67,4.448,1.579,Technology,Portfolio_B,Gbp,Sell,82,114.86
Trd00602,TSLA,02-01-2024,567.31,586.54,567.27,576.31,14563399,2697452381,49.24,1.546,1.79,Healthcare,Portfolio_B,Gbp,Sell,1433,607.34
Trd01262,META,03-01-2024,528.47,541.49,506.12,523.75,25980500,4393621954,52.93,4.863,2.421,Energy,Portfolio_A,Eur,Buy,86,458.38
Trd00562,AMZN,04-01-2024,70.82,71.07,66.2,67.97,39290380,397172499.5,43.73,0.457,1.174,Energy,Portfolio_B,Eur,Sell,968,69.63
Trd01890,GS,04-01-2024,397.9,437.44,390.46,421.11,21934947,2015038301,47.94,2.406,0.752,Energy,Portfolio_C,Gbp,Sell,2354,436.23
Trd01220,NVDA,09-01-2024,465.08,504.09,443.12,496.81,42622687,3230967071,34.33,0.965,1.402,Consumer,Portfolio_B,Usd,Sell,2100,437.1
Trd00789,META,11-01-2024,352.46,357.76,334.49,438.495,15175958,2291685724,21.78,0.105,0.697,Consumer,Portfolio_B,Usd,Sell,704,358.48
Trd01976,META,11-01-2024,451.03,466.5,417.41,429.07,35404163,4069258689,13.8,1.298,2.119,Healthcare,Portfolio_B,Usd,Buy,1101,404.87
Trd00409,AMD,12-01-2024,697.23,723.54,681.83,716.19,35497942,4656622976,78.43,0.893,0.548,Energy,Portfolio_B,Usd,Sell,773,665.48
Trd01681,MSFT,12-01-2024,381.03,397.59,361.87,368.62,44775290,3287283491,8.88,2.406,0.842,Consumer,Portfolio_B,Usd,Sell,1018,401.65
Trd01823,INTC,15-01-2024,500.48,522.52,481.63,501.94,4579510,2512471211,22.62,4.501,1.758,Consumer,Portfolio_C,Usd,Buy,335,532.84
Trd00059,META,15-01-2024,597.9,645.34,570.34,638.55,46869918,4577749625,63.43,2.406,1.859,Technology,Portfolio_B,Gbp,Buy,2916,694.59
Trd01035,GS,16-01-2024,395.54,430.26,382.42,426.08,44979258,1350778416,13.79,4.749,2.059,Consumer,Portfolio_C,Usd,Sell,3865,444.76
Trd00356,BAC,17-01-2024,742.7,795.41,722.76,783.46,12087754,7113184548,26.94,4.292,0.895,Technology,Portfolio_A,Gbp,Sell,1459,715.88
Trd01388,INTC,17-01-2024,449.46,487.88,432.64,467.38,35421002,1343237033,40.2,0.447,0.918,Technology,Portfolio_C,Usd,Sell,3969,394.69
Trd01904,JPM,17-01-2024,514.89,516.5,487.11,493.82,9014777,3103924869,32.26,4.895,1.818,Financial,Portfolio_C,Gbp,Buy,1820,495.25
Trd00554,META,17-01-2024,410.4,432.63,405.79,426.72,15541372,3363040061,57.39,3.918,1.267,Technology,Portfolio_C,Eur,Sell,4000,437.5
Trd01668,NVDA,17-01-2024,52.49,56.12,50.41,55.99,11607150,134402203.3,35.78,1.953,1.199,Technology,Portfolio_B,Eur,Sell,712,44.94
Trd01342,TSLA,23-01-2024,694.97,762.16,687.71,438.495,44133645,5241222009,14.39,4.114,1.37,Financial,Portfolio_B,Eur,Buy,3771,635.67
Trd01026,AAPL,24-01-2024,640.86,692.57,625.56,659.9,25254786,3483592303,58.37,4.747,1.099,Energy,Portfolio_C,Usd,Sell,2359,640.61
Trd00416,TSLA,24-01-2024,674.87,720.73,662.82,719.61,46952096,4736382349,56.21,2.489,2.209,Financial,Portfolio_B,Usd,Sell,1767,657.08
Trd00172,BAC,25-01-2024,448.87,490.92,444.73,484.13,25562169,3786531294,40.97,0.89,2.241,Financial,Portfolio_B,Usd,Sell,1719,387.56
Trd01063,INTC,25-01-2024,508.82,561.37,490.77,538.68,11477375,4460072704,5.28,4.889,1.584,Healthcare,Portfolio_C,Usd,Sell,4632,560.61
Trd01089,JPM,25-01-2024,341.22,351.83,330.7,332.67,36865203,677853049.4,38.33,2.406,1.18,Healthcare,Portfolio_B,Usd,Sell,3005,324.59
Trd00984,NVDA,26-01-2024,240.26,260.3,234.21,251.51,27372504,2312943304,64.57,0.002,1.073,Consumer,Portfolio_C,Usd,Buy,4871,273.24
Trd01313,NVDA,29-01-2024,277.94,282.07,249.01,261.82,25562169,2494087894,51.42,1.649,2.098,Technology,Portfolio_A,Usd,Sell,-87,283.73
Trd00546,AMD,31-01-2024,577.23,610.89,556.29,608.6,18322969,4646661609,73.85,3.724,1.402,Energy,Portfolio_C,Usd,Buy,4398,526.35
Trd00529,AMZN,01-02-2024,252.77,281.66,243.62,272.5,21947101,1936965425,47.13,2.532,1.402,Technology,Portfolio_C,Usd,Buy,3060,221.64
Trd01426,BAC,01-02-2024,680.62,692.58,656.65,438.495,29468404,915831467.9,7.59,3.409,2.19,Healthcare,Portfolio_B,Eur,Sell,2288,546.52
Trd00845,NFLX,01-02-2024,648.52,706.02,645.73,673.83,17720150,3394422668,7.83,0.966,0.932,Healthcare,Portfolio_C,Gbp,Sell,2625,608.89
Trd00107,TSLA,01-02-2024,223.47,252.9,216.87,241.08,25483363,1258464119,25.14,1.37,2.148,Energy,Portfolio_A,Usd,Buy,1966,256.59
Trd00967,INTC,02-02-2024,450.31,463.42,441.66,453.44,30152847,1949394570,39.46,4.375,1.674,Technology,Portfolio_C,Usd,Buy,1710,395.87
Trd00891,NVDA,02-02-2024,83.11,86.7,80.8,80.9,37523541,563134625.7,29.36,0.16,1.753,Technology,Portfolio_A,Usd,Sell,448,86.05
Trd01237,INTC,05-02-2024,729.38,770.66,711.08,767.73,28725836,3547323336,74.26,1.944,1.395,Technology,Portfolio_C,Usd,Sell,2585,625.19
Trd00728,TSLA,05-02-2024,449.46,462.59,404.12,419.97,18443522,3897443391,19.54,4.518,1.082,Energy,Portfolio_B,Usd,Sell,334,357.25
Trd01160,AAPL,06-02-2024,562.61,618.93,541.99,606.94,28152511,3549956857,9999,2.406,2.328,Technology,Portfolio_A,Eur,Sell,1812,715.5
Trd01006,GOOGL,06-02-2024,202.1,209.87,192.65,194.53,21589690,1619158005,42.31,1.042,1.362,Energy,Portfolio_B,Usd,Buy,2738,210.65
  Trd00916  ,AMZN,08-02-2024,94.59,95.23,87.71,92.12,15402866,276460779.3,38.22,2.947,2.499,Healthcare,Portfolio_B,Eur,Sell,4445,100.84
Trd01472,BRK,08-02-2024,769.74,804.59,723.39,755.49,37968991,1667377007,6.78,1.234,2.328,Energy,Portfolio_A,Usd,Sell,2282,840.4
Trd00165,GS,09-02-2024,400.9,435.36,395.23,414.87,37329847,1519252281,43.42,1.889,1.679,Consumer,Portfolio_A,Eur,Sell,4070,403.63
Trd00404,NVDA,09-02-2024,464.37,500.23,442.32,487.37,25474820,2784561690,43.73,1.607,0.405,Healthcare,Portfolio_B,Eur,Buy,658,509.37
Trd00639,GOOGL,12-02-2024,467.1,482.29,461.93,474.22,11608911,3271822561,43.91,3.566,0.939,Technology,Portfolio_A,Eur,Sell,3389,524.97
Trd00449,BRK,13-02-2024,544.56,569.96,492.82,501.42,40440846,3827870365,76.27,4.933,0.851,Technology,Portfolio_A,Usd,Sell,3169,585.36
Trd01424,JPM,13-02-2024,555.67,572,498.35,511.97,12240484,1610644821,71.93,0.917,1.036,Energy,Portfolio_A,Usd,Sell,2518,610.33
Trd01936,JPM,13-02-2024,114.14,117.87,111.84,112.78,48465481,127350950.4,14.87,4.428,2.372,Financial,Portfolio_A,Eur,Sell,2349,116.84
Trd00277,BAC,14-02-2024,237.27,261.2,225.81,253.65,14405116,879412159.5,-30,4.192,0.686,Healthcare,Portfolio_C,Gbp,Sell,4514,248.68
Trd01195,GOOGL,15-02-2024,461.79,473.73,448.6218032,473.73,849982,1005626938,58.5,4.219,1.402,Technology,Portfolio_B,Eur,Sell,4203,444.83
Trd01126,GS,19-02-2024,770.25,797.36,723.15,728.39,22015002,3913894407,43.73,0.188,2.233,Technology,Portfolio_C,Gbp,Sell,3706,627.72
Trd01491,GS,19-02-2024,738.18,750.29,695.08,717.43,43704963,2032781228,51.29,1.18,1.402,Healthcare,Portfolio_C,Eur,Sell,4362,835.6
Trd00481,WFC,20-02-2024,494.34,530.48,486.05,508.95,17265938,3923813644,44.14,3,2.321,Consumer,Portfolio_A,Gbp,Sell,3748,569.27
Trd00081,AAPL,22-02-2024,378.91,382.52,365.28,369.19,10665354,1543553486,8.78,2.975,1.402,Consumer,Portfolio_A,Eur,Buy,2264,433.57
Trd00836,MSFT,23-02-2024,469.23,498.0472598,475.32,455.9,38014843,1946406695,19.28,1.536,1.401,Consumer,Portfolio_A,Eur,Sell,3037,428.41
Trd01097,BAC,26-02-2024,597.42,616.34,547.51,569.6,13772700,5595999315,55.98,1.608,0.605,Energy,Portfolio_C,Gbp,Sell,713,644.79
Trd01611,AMD,27-02-2024,68.16,68.63,65.47,66.37,2009455,470685022.6,14.65,4.605,1.157,Consumer,Portfolio_A,Eur,Sell,2747,69.09
Trd00195,META,27-02-2024,314.39,331.05,311.56,328.7,29233458,2381358200,44.14,2.729,1.847,Financial,Portfolio_A,Usd,Buy,936,323.34
Trd00674,TSLA,27-02-2024,220.95,231.03,207.44,214.56,28617195,1951551721,43.73,1.025,1.56,Energy,Portfolio_C,Usd,Sell,4602,231.62
Trd00353,AAPL,01-03-2024,516.44,523.75,474.7,488.48,14976125,773607729.9,43.73,3.485,0.333,Energy,Portfolio_B,Usd,Sell,2107,502.56
Trd01922,GS,01-03-2024,183.93,199.43,176.32,190.99,11106772,1615780175,39.01,4.819,0.354,Financial,Portfolio_B,Gbp,Sell,3473,195.67
Trd00222,BAC,04-03-2024,380.26,405.44,364.88,398.67,37156693,3701569621,64.93,3.218,1.976,Financial,Portfolio_A,Usd,Sell,1230,395.36
Trd01534,GS,04-03-2024,153.02,167.44,152.55,159.51,36646040,880659973.8,50.43,0.425,1.483,Energy,Portfolio_B,Usd,Buy,178,138.72
Trd01488,MSFT,04-03-2024,712.13,789.17,710.95,755.19,36157082,1485417195,14.28,1.273,0.998,Energy,Portfolio_C,Eur,Buy,1913,612.62
Trd01138,BRK,05-03-2024,391.4,402.84,367.1,369.3,2206486,1949394570,31.58,4.716,1.402,Technology,Portfolio_C,Usd,Buy,1045,412.11
Trd01142,BRK,05-03-2024,213.25,237.96,206.41,227.4,28721553,2064038851,65.53,3.372,1.124,Technology,Portfolio_A,Gbp,Buy,2996,268.56
Trd00859,GS,05-03-2024,738.67,743.62,707.46,730.41,27094950,1315456723,43.73,2.033,0.387,Financial,Portfolio_A,Usd,Sell,2453,709.88
Trd01889,NFLX,05-03-2024,544.77,566.33,525.47,539.1,36948006,2566100000,10.56,2.033,1.913,Technology,Portfolio_C,Usd,Buy,2189,603.91
Trd00288,TSLA,05-03-2024,743.64,796.83,742.77,794.99,35813218,7302100000,38.17,1.699,0.709,Consumer,Portfolio_A,Usd,Buy,2794,773.87
Trd00881,TSLA,05-03-2024,629.65,683.52,605.82,679.55,47406906,1276325374,28.26,0.39,2.438,Energy,Portfolio_B,Usd,Sell,4648,659.95
Trd01660,JPM,08-03-2024,509.91,523.32,480.66,438.495,34283353,1411081513,53.98,1.723,0.953,Technology,Portfolio_C,Usd,Buy,4879,553.31
Trd00564,AMD,12-03-2024,178.11,184.56,157.91,166.22,21624062,1523122729,43.73,2.406,2.149,Technology,Portfolio_A,Gbp,Sell,1862,149.24
Trd01046,BRK,12-03-2024,462.51,472.91,416.03,438.495,7508308,4269801497,9.35,0.137,0.683,Technology,Portfolio_C,Usd,Sell,2253,486.43
Trd00318,GOOGL,12-03-2024,285.48,295.09,278.4,293.95,16217193,1774682854,56.6,2.406,1.31,Consumer,Portfolio_C,Eur,Buy,1919,271.35
Trd01409,NVDA,12-03-2024,510.7,523.89,494.93,438.495,12335634,2700903122,65.03,3.233,1.402,Consumer,Portfolio_B,Gbp,Sell,4091,556.9
Trd01826,JPM,13-03-2024,443.72,450.96,417.73,432.89,45173964,2427152327,70.42,3.764,1.445,Consumer,Portfolio_C,Usd,Sell,1110,431.84
Trd01045,NVDA,13-03-2024,192.51,198,191.25,196.86,19250926,1949394570,46.92,3.78,1.402,Financial,Portfolio_B,Usd,Buy,4062,195.48
Trd00540,MSFT,14-03-2024,162.41,165.76,146.06,149.63,25562169,912053205.7,69.03,1.646,1.923,Energy,Portfolio_A,Usd,Sell,4981,165.7
Trd01119,WFC,14-03-2024,597.73,627.71,569.3,600.53,25562169,5373764636,43.04,2.406,1.714,Technology,Portfolio_C,Usd,Sell,694,683.8
Trd00373,GOOGL,15-03-2024,151.07,161.91,150.15,160.69,22258856,286365649,31.25,4.262,0.699,Healthcare,Portfolio_B,Usd,Sell,2753,181.68
Trd00327,NVDA,15-03-2024,725.04,805.96,709.73,778.8,42062503,2116759709,31.43,4.802,0.301,Technology,Portfolio_A,Usd,Sell,1849,933.84
Trd00460,TSLA,15-03-2024,74.85,79.72,74.17,76.77,23727468,721848196.3,79.05,1.082,1.355,Healthcare,Portfolio_B,Usd,Sell,3989,82.4
Trd00110,AMD,18-03-2024,717.55,761.21,682.39,728.05,45052935,6149305417,39.82,0.954,1.823,Energy,Portfolio_A,Gbp,Sell,3291,773.73
Trd01853,GOOGL,18-03-2024,654.01,672.09,624.28,438.495,36549592,3356673473,23.47,2.406,1.793,Consumer,Portfolio_B,Eur,Sell,376,550.36
Trd01798,JPM,18-03-2024,584.74,622.39,557.02,597.75,26981195,1949394570,34.05,4.211,2.335,Consumer,Portfolio_B,Usd,Buy,2577,714.54
Trd00912,WFC,18-03-2024,422.33,424.02,395.16,398.09,14365553,1093857371,69.32,2.28,2.487,Consumer,Portfolio_B,Usd,Sell,769,356.13
Trd00761,AMZN,19-03-2024,388.28,417.5,372.83,404.88,31997830,2745830569,52.97,4.512,0.626,Technology,Portfolio_B,Eur,Buy,1143,365.46
Trd00948,GS,19-03-2024,668.86,740.97,648.92,710.51,20800928,3052598928,45.04,2.406,0.758,Financial,Portfolio_A,Gbp,Buy,3602,690.56
Trd00465,JPM,19-03-2024,590.7,610.26,573.79,438.495,9656096,3849664535,43.59,0.147,1.397,Technology,Portfolio_A,Eur,Sell,4947,582.8
Trd01486,JPM,19-03-2024,128.41,141.93,127.31,136.75,25562169,731795745,72.19,4.731,1.799,Financial,Portfolio_C,Usd,Sell,3529,146.13
Trd00221,WFC,19-03-2024,641.09,644.65,599.21,614.4,43946343,5403732787,60,2.406,1.402,Financial,Portfolio_A,Usd,Sell,4387,662.85
Trd00267,WFC,19-03-2024,783.35,844.75,752.54,812.31,26717513,1949394570,44.9,3.606,1.914,Energy,Portfolio_A,Usd,Buy,2026,916.23
Trd00649,GS,20-03-2024,388.91,405.68,358.72,377.04,543404,3468580234,19.55,2.235,1.156,Technology,Portfolio_A,Usd,Sell,1025,371.75
Trd01712,JPM,20-03-2024,423.33,475.47,403.94,453.1,48580814,520760969.9,49.8,1.725,0.331,Consumer,Portfolio_B,Usd,Sell,1233,460.23
Trd00070,NVDA,20-03-2024,604.08,610.88,565.13,582.36,35675717,4875722911,71.92,4.171,1.013,Healthcare,Portfolio_B,Usd,Buy,1557,645.14
Trd01417,WFC,20-03-2024,286.73,293.19,263.35,265,5062578,1939206930,18.77,0.659,2.31,Energy,Portfolio_C,Usd,Buy,349,317.12
Trd01825,AMZN,21-03-2024,172.36,187,171.71,183.63,12594047,1616417215,28.1,0.251,2.427,Healthcare,Portfolio_C,Gbp,Buy,1387,180.74
Trd00526,MSFT,21-03-2024,775,794.32,755.17,760.92,37646426,1949394570,70.78,0.31,0.372,Energy,Portfolio_C,Usd,Sell,1430,758.4
Trd00018,AAPL,25-03-2024,493.55,505.15,455.5,476.47,26328407,2524000000,79.26,2.406,0.679,Energy,Portfolio_A,Usd,Sell,3354,484.26
Trd01550,AAPL,25-03-2024,591.51,606.19,556.1,572.67,42673863,2415093703,43.73,4.387,2.269,Energy,Portfolio_B,Usd,Sell,668,569.79
Trd01550,AAPL,25-03-2024,591.51,606.19,556.1,572.67,42673863,2415093703,43.73,4.387,2.269,Energy,Portfolio_B,Usd,Buy,668,569.79
Trd00849,BRK,25-03-2024,673.47,690.6,628.24,438.495,13951146,4292477384,43.73,4.452,0.726,Healthcare,Portfolio_A,Usd,Buy,2456,650.61
Trd01258,INTC,26-03-2024,205.55,213.38,193.56,438.495,39707650,361476536.6,43.73,2.078,0.343,Technology,Portfolio_B,Usd,Buy,1083,192.48
Trd01231,META,26-03-2024,357.29,381.07,356.69,378.07,45789772,524882142.4,37.13,2.549,1.852,Financial,Portfolio_B,Gbp,Buy,2942,416.39
Trd01865,META,26-03-2024,226.22,232.58,219.91,231.12,25381237,1144843675,71.49,4.732,1.397,Financial,Portfolio_B,Gbp,Sell,783,245.43
Trd00791,BRK,27-03-2024,151.44,163.75,144.32,162.3,41661469,431275894.8,55.62,2.406,2.012,Technology,Portfolio_C,Usd,Buy,1206,189.21
Trd01059,JPM,27-03-2024,63.36,70.54,60.26,67.87,11318961,193908322.9,67.37,0.638,2.361,Consumer,Portfolio_A,Usd,Buy,181,55.56
Trd01378,TSLA,27-03-2024,126.72,132.03,123.02,123.21,21543267,154746585.2,41.57,0.995,1.416,Technology,Portfolio_A,Usd,Sell,3295,106.56
Trd01896,INTC,28-03-2024,707.81,731.15,686.45,710.12,25562169,1492021060,50.96,3.032,1.119,Consumer,Portfolio_A,Gbp,Buy,3005,640.95
Trd01437,WFC,28-03-2024,637.05,680.43,635.45,662.28,6365186,4494028098,44.75,3.924,0.911,Technology,Portfolio_A,Usd,Sell,1749,774.57
Trd01474,GOOGL,29-03-2024,407.21,435.14,403.77,433.81,35676064,1293868692,55.87,0.709,1.772,Healthcare,Portfolio_C,Usd,Sell,4788,361.71
Trd00923,META,29-03-2024,637.35,652.71,588.18,601.08,28892430,1949394570,22.41,4.272,2.316,Consumer,Portfolio_C,Usd,Sell,4929,523.45
Trd01629,AAPL,01-04-2024,420.94,455.26,419.19,452.48,1021581,1630748327,62.15,1.837,0.823,Consumer,Portfolio_A,Gbp,Sell,3006,474.52
Trd00633,WFC,01-04-2024,196.89,210.12,190.02,202.59,38551785,1311300000,20.8,3.875,1.221,Technology,Portfolio_B,Usd,Sell,4700,184.85
Trd00420,AAPL,02-04-2024,189.35,190.96,179.27,181.18,33381370,1565647040,27.33,3.606,1.118,Financial,Portfolio_C,Gbp,Buy,4134,152.82
Trd00606,BRK,02-04-2024,570.74,594.87,550.02,594.75,34784276,5390447634,43.73,2.484,1.735,Energy,Portfolio_C,Usd,Sell,1993,488.89
Trd00628,MSFT,02-04-2024,321.36,324.79,302.33,303.53,618900,2254765320,36.93,3.682,1.402,Technology,Portfolio_B,Usd,Sell,1472,333.69
Trd00878,NVDA,02-04-2024,704.36,737.2,650.26,652.53,27899509,2352904420,72.74,1.193,1.72,Healthcare,Portfolio_B,Gbp,Sell,2766,614.93
Trd01581,TSLA,03-04-2024,657.96,663.89,639.67,647.34,28742941,4197608259,43.73,4.056,1.402,Energy,Portfolio_A,Gbp,Sell,2298,568.78
Trd01780,WFC,03-04-2024,484.62,485.34,470.35,472.33,11658662,3352675802,68.75,3.943,0.827,Technology,Portfolio_A,Gbp,Sell,3955,513.09
Trd00073,AMZN,04-04-2024,710.33,727.05,631.9,654.54,20780050,4514458597,75.48,2.994,1.2,Technology,Portfolio_A,Gbp,Sell,3003,698.82
Trd00211,MSFT,04-04-2024,106.16,108.88,98.6,102.86,30842651,294500523.2,49.32,1.779,0.37,Consumer,Portfolio_B,Usd,Sell,3071,87.46
Trd00688,NFLX,04-04-2024,190.42,195.34,180.02,185.55,42263116,734082373.1,65.99,1.782,1.402,Consumer,Portfolio_B,Gbp,Sell,2562,220.81
Trd00593,AAPL,07-04-2024,543.47,559.97,512.87,536.4,22675760,4638524900,52.13,3.021,1.639,Energy,Portfolio_B,Usd,Buy,4820,617.88
Trd01645,MSFT,08-04-2024,546.36,557.8,525.24,545.54,33864686,1949394570,31.63,0.453,0.325,Healthcare,Portfolio_A,Usd,Buy,4244,643.04
Trd00919,BRK,10-04-2024,73.74,76.37,68.65,438.495,42255210,250783788.1,23.95,2.406,1.07,Consumer,Portfolio_A,Gbp,Sell,3162,83.64
Trd01179,GOOGL,10-04-2024,412.48,431.99,397.19,408.02,19649534,1383058050,34.78,3.402,1.568,Financial,Portfolio_C,Usd,Buy,1767,487.82
Trd00684,BRK,11-04-2024,497.4,518.39,479.35,438.495,32556071,2918218643,7.24,2.927,1.783,Technology,Portfolio_A,Usd,Buy,302,450.68
Trd01316,GOOGL,12-04-2024,612.72,636.88,560.6,573.61,35851835,2503750863,65.71,2.663,0.421,Energy,Portfolio_B,Usd,Sell,2388,467.58
Trd00752,INTC,12-04-2024,435.5,436.78,428.3,431.08,34953158,2870211683,12.87,0.076,2.081,Technology,Portfolio_A,Usd,Sell,2105,351.08
Trd01416,MSFT,12-04-2024,515.66,539.98,506,520.72,3942419,4109616490,6.28,3.654,2.29,Healthcare,Portfolio_B,Usd,Sell,1019,603.51
Trd01765,AMZN,15-04-2024,327.58,367.97,321.53,351.88,44152394,1104278613,43.73,2.407,2.409,Consumer,Portfolio_B,Usd,Sell,3296,317.56
Trd01336,AAPL,16-04-2024,259.18,264.91,239.2,244.4,48068497,728443976,70.09,3.394,0.765,Energy,Portfolio_B,Usd,Buy,1923,207.77
Trd00365,TSLA,16-04-2024,90.09,101.84,86.06,97.13,49931686,347288023.6,77.74,3.272,1.585,Financial,Portfolio_B,Gbp,Sell,1574,94.94
Trd01879,AMD,17-04-2024,739.44,775.26,674.16,438.495,37514909,5013580820,18.19,3.925,0.465,Consumer,Portfolio_A,Usd,Sell,4233,819.31
Trd01443,MSFT,17-04-2024,151.44,163.5,149.79,159.92,14400861,514536683,75.63,2.436,2.056,Technology,Portfolio_C,Usd,Buy,3078,167.95
Trd01514,BAC,18-04-2024,110.48,115.13,110.12,438.495,26687256,542328860.4,8.69,0.972,1.402,Financial,Portfolio_B,Gbp,Sell,4796,128.34
Trd01093,BRK,18-04-2024,413.84,426.52,377.14,438.495,20356185,1066322182,79.38,2.974,1.676,Financial,Portfolio_C,Gbp,Buy,1469,410.34
Trd00687,JPM,18-04-2024,103.71,103.85,96.17,97.75,13124780,610951185,63.22,4.394,2.17,Energy,Portfolio_A,Gbp,Buy,1226,109.14
Trd00189,MSFT,18-04-2024,150.07,159.26,143.61,156.45,17356558,259975311.8,33.67,3.272,0.512,Technology,Portfolio_A,Usd,Sell,4537,161.65
Trd00181,GOOGL,19-04-2024,421.89,435.86,420.19,426.01,41885726,578959518.3,19.4,3.274,2.151,Financial,Portfolio_B,Usd,Buy,1141,461.98
Trd00204,GOOGL,19-04-2024,111.94,118.81,108.47,117.26,25902946,504545976.2,43.73,1,2.444,Technology,Portfolio_B,Usd,Sell,452,107.86
Trd01190,JPM,19-04-2024,203.19,215.02,194.38,205.44,34057332,426600000,52.65,2.24,1.133,Energy,Portfolio_A,Usd,Sell,2478,187.18
Trd00282,MSFT,22-04-2024,548.92,614.48,524.86,587.51,43778205,5373526850,63.28,2.406,1.402,Financial,Portfolio_C,Usd,Sell,4466,582.3
Trd01266,MSFT,22-04-2024,522.77,535,491.88,498.89,25562169,2503390608,43.73,4.068,1.978,Consumer,Portfolio_C,Eur,Sell,3466,576.15
Trd01433,AMZN,23-04-2024,653.24,673.31,624.95,633.67,9491163,686208847,7.62,0.446,1.918,Financial,Portfolio_B,Eur,Buy,3106,754.12
  Trd00708  ,BRK,23-04-2024,621.4,661.58,610.62,635.09,26533700,5355174144,19.54,3.332,0.894,Energy,Portfolio_C,Usd,Buy,1340,623.53
  Trd00271  ,JPM,23-04-2024,346.23,360.25,319.15,323.8,6949859,1016116456,26.05,4.174,1.402,Healthcare,Portfolio_A,Gbp,Sell,4615,312.19
Trd00303,AMZN,24-04-2024,574.96,595.11,550.94,568.48,19787467,3133146254,72.24,3.052,0.418,Consumer,Portfolio_A,Usd,Sell,3539,645.92
Trd01295,GS,24-04-2024,605.09,634.92,590.13,601.19,31384122,1491064224,43.73,0.61,2.034,Technology,Portfolio_C,Usd,Sell,4223,689.8
Trd01726,META,24-04-2024,269.05,270.39,252.15,264.9,6531012,2048912229,43.73,3.847,0.464,Technology,Portfolio_C,Usd,Sell,1911,273.29
Trd01332,NVDA,24-04-2024,254.97,276.45,250.04,273.15,26528509,1949394570,26.45,3.806,1.189,Healthcare,Portfolio_A,Usd,Buy,4988,322.95
Trd01719,WFC,24-04-2024,376.71,399.16,358.46,385.11,28826766,3240693718,56.52,3.847,1.402,Healthcare,Portfolio_A,Eur,Sell,1444,328.28
Trd01710,AAPL,25-04-2024,669.27,696.97,625.37,641.31,33526662,2543508569,10.38,3.719,0.703,Technology,Portfolio_B,Usd,Sell,4171,651.89
Trd01990,NFLX,25-04-2024,444.73,447.77,439.26,444.9,25557858,3107188274,19.57,2.765,0.76,Energy,Portfolio_A,Gbp,Sell,4162,530.85
Trd01816,GS,26-04-2024,347.69,362.05,339.22,352.62,19561741,3010091263,40.17,4.083,2.322,Technology,Portfolio_C,Gbp,Buy,2183,368.28
Trd01512,JPM,26-04-2024,227.65,243.47,224.26,237.8,49548913,460629063.2,50.81,3.611,1.232,Financial,Portfolio_C,Usd,Sell,971,222.83
Trd00866,NFLX,26-04-2024,222.42,234.63,216.92,227.8,32725099,962109199.6,44.66,4.916,1.402,Healthcare,Portfolio_B,Usd,Sell,3089,209.27
Trd01649,AAPL,30-04-2024,280.1,295.66,266.38,293.77,38287389,352926171.1,27.92,3.579,2.497,Energy,Portfolio_B,Usd,Buy,4129,341.57
Trd01536,GS,30-04-2024,243.22,254.49,241.56,250.07,48433370,1949394570,11.07,4.878,1.627,Financial,Portfolio_A,Usd,Buy,4085,216.82
Trd00904,AAPL,01-05-2024,770.32,802.34,732.82,784.7,3881707,7494809377,30.27,0.381,0.354,Consumer,Portfolio_B,Eur,Sell,3189,838.69
Trd00696,WFC,01-05-2024,268.84,299.24,262.86,290.02,36063332,1391856734,25.38,2.158,2.155,Energy,Portfolio_C,Gbp,Sell,1904,292.08
Trd00497,AMD,02-05-2024,590.72,620.75,588.03,617.08,25562169,1441526649,54.04,3.831,0.589,Healthcare,Portfolio_B,Usd,Buy,444,516.58
Trd00801,INTC,02-05-2024,669.67,690.98,608.14,633.46,25562169,3438718606,56.19,1.702,1.015,Energy,Portfolio_A,Eur,Buy,1119,652.22
Trd00313,META,02-05-2024,629.38,655.81,566.29,438.495,33274919,1476138616,5.16,3.146,1.108,Consumer,Portfolio_A,Usd,Sell,3188,653.32
Trd00683,TSLA,02-05-2024,481.03,483.54,436.18,449.61,41957473,4405726592,40.02,1.229,0.585,Financial,Portfolio_B,Usd,Buy,606,384.94
Trd00316,WFC,02-05-2024,136.54,140.9,133.22,138.16,32732690,380376723.8,32.29,3.128,2.497,Healthcare,Portfolio_C,Gbp,Sell,907,127.92
Trd00536,TSLA,03-05-2024,426,428.19,422.36,424.35,-1000,2977597327,43.52,3.842,1.963,Technology,Portfolio_B,Usd,Sell,1248,421.61
Trd01193,GOOGL,06-05-2024,593.43,627.89,590.25,438.495,25844144,695623645.9,49.81,0.907,1.422,Technology,Portfolio_C,Gbp,Buy,2880,681.25
Trd00587,NVDA,07-05-2024,325.58,337.57,312.03,438.495,1372033,614857633.9,9.35,0.129,1.402,Financial,Portfolio_C,Usd,Sell,3370,342.85
Trd01558,BAC,08-05-2024,778.07,830.07,755.17,826.69,47418609,5953733751,68.98,3.904,1.402,Consumer,Portfolio_A,Usd,Buy,3840,859.79
Trd00463,INTC,08-05-2024,444.66,446.64,433.29,436.95,14557942,777105088.2,75.9,0.537,0.562,Energy,Portfolio_A,Eur,Buy,3951,498.64
Trd00137,GS,09-05-2024,192.02,200.81,183.52,191.69,4442012,1853038093,14.2,3.449,1.544,Energy,Portfolio_B,Usd,Sell,2790,204.63
Trd01863,MSFT,10-05-2024,653.67,720.95,634.23,690.43,46339472,6192049650,53.29,3.457,1.538,Technology,Portfolio_A,Gbp,Sell,2874,783.65
Trd00413,AAPL,13-05-2024,459.62,474.87,430.09,448.42,9616704,855514061.2,15.72,0.322,0.505,Financial,Portfolio_B,Usd,Buy,3278,363.9
Trd00433,GS,13-05-2024,768.89,802.62,698.53,712.71,3260598,3517757670,30.25,0.15,1.565,Healthcare,Portfolio_B,Usd,Buy,3305,695.3
Trd01873,AMZN,14-05-2024,562.85,564.81,540.56,438.495,41033043,4639344029,75.82,3.076,1.131,Financial,Portfolio_A,Gbp,Buy,3261,610.47
Trd01366,AMD,15-05-2024,250.21,261.05,241.56,253.13,48482528,2503309391,33.3,4.281,0.546,Healthcare,Portfolio_B,Usd,Sell,3054,252.07
Trd00100,AMZN,15-05-2024,549.22,553.38,500.34,514.25,26509284,779027554.3,9.02,0.229,2.253,Consumer,Portfolio_A,Usd,Sell,585,584.56
Trd00809,AAPL,16-05-2024,268.9,274.5,243.64,438.495,16965647,1949394570,20.57,0.573,1.291,Healthcare,Portfolio_C,Usd,Sell,264,242.89
Trd00555,MSFT,16-05-2024,158.9,160.61,146.13,149.04,25562169,1003610917,31.8,2.571,2.239,Healthcare,Portfolio_A,Usd,Buy,4813,148.46
Trd01632,AAPL,17-05-2024,99.3,110.27,94.37,106.95,16011584,811180349.6,17.2,4.968,1.719,Technology,Portfolio_C,Usd,Buy,4786,125.02
Trd01515,TSLA,17-05-2024,285.56,292.03,265.5,271.87,45214128,758100795.2,72.94,1.098,1.999,Energy,Portfolio_C,Usd,Buy,456,317.39
Trd00004,WFC,17-05-2024,745.84,781.35,685.74,689.27,12404815,1942685438,13.77,0.529,1.622,Healthcare,Portfolio_A,Usd,Sell,3711,788.42
Trd00115,NVDA,20-05-2024,211.9,216.94,189.12,195.91,26938318,378245004.3,33.85,0.921,1.402,Consumer,Portfolio_C,Usd,Sell,3296,189.29
Trd01221,TSLA,20-05-2024,272.73,275.06,264.82,265.34,20558273,1347568726,76.23,3.358,0.647,Consumer,Portfolio_C,Eur,Buy,3057,223.02
Trd00063,GOOGL,21-05-2024,549.39,573.87,533.08,565.21,4110583,3433350623,14.48,3.558,2.111,Energy,Portfolio_A,Usd,Sell,3649,599.09
Trd01541,MSFT,21-05-2024,693.61,697.67,627.99,655.33,23164807,6424158704,77.66,4.628,1.128,Energy,Portfolio_A,Gbp,Sell,3644,738.67
Trd01030,BRK,22-05-2024,469.06,473.1,442.59,438.495,49283239,1560479616,34.07,2.452,1.528,Consumer,Portfolio_C,Eur,Sell,3422,431.56
Trd00042,INTC,22-05-2024,89.5,95.4,87.29,92.34,40501604,691819128.9,29.68,2.406,1.071,Consumer,Portfolio_B,Usd,Sell,117,78.83
Trd00479,TSLA,23-05-2024,597.5,630.24,574.6,614.46,34627448,5171069239,52.42,0.971,0.447,Technology,Portfolio_B,Usd,Buy,1229,511.63
Trd01543,GS,24-05-2024,586.65,598.12,565.81,567.61,44174091,1350311269,57.43,2.695,1.528,Healthcare,Portfolio_B,Usd,Buy,1998,508.4
Trd01849,NFLX,27-05-2024,256.99,264.24,249.31,250.52,13826016,1425566524,42.82,1.907,1.364,Energy,Portfolio_C,Usd,Sell,2218,241.89
Trd01005,TSLA,27-05-2024,108.15,110.9,103.46,106,5513348,367635984,47.72,1.711,1.358,Energy,Portfolio_C,Eur,Buy,1113,104.72
Trd00726,AMZN,28-05-2024,618.93,642.96,592.41,623.17,25562169,4880901752,49.91,0.069,0.963,Healthcare,Portfolio_C,Gbp,Buy,2427,561.01
Trd00212,JPM,28-05-2024,397.91,445.83,384.76,425.5,3522358,2145259945,59.77,3.376,0.34,Technology,Portfolio_B,Usd,Sell,3710,374.81
Trd00234,AMZN,30-05-2024,756.82,790.35,715.98,747.83,42455096,1305841302,51.86,1.692,1.454,Healthcare,Portfolio_C,Usd,Sell,727,687.94
Trd01894,NFLX,30-05-2024,74.42,81.72,74.3,78.51,27228176,504880223.8,26.41,1.808,0.393,Technology,Portfolio_C,Eur,Sell,4953,69.56
Trd00121,META,03-06-2024,115.36,120.34,112.39,119.82,15036840,485209891.8,43.73,0.389,1.876,Financial,Portfolio_C,Gbp,Buy,995,124.17
Trd01107,NFLX,03-06-2024,499.04,523.1,495.36,496.47,42392622,3786361718,12.22,0.242,2.43,Financial,Portfolio_B,Usd,Buy,2354,593.49
Trd01663,WFC,04-06-2024,320.04,343.82,306.24,329.52,3334927,2152911012,6.93,3.251,1.022,Energy,Portfolio_A,Usd,Sell,4241,391.04
Trd01430,JPM,05-06-2024,221.16,230.26,216.46,221.99,28101280,1348153262,44,0.687,1.91,Technology,Portfolio_B,Eur,Sell,47,212.47
Trd01618,META,06-06-2024,607.49,647.88,598.29,627.6,8466530,4634645879,5000,0.321,1.068,Energy,Portfolio_B,Usd,Sell,731,588.75
Trd01563,NFLX,07-06-2024,396.62,431.63,382.69,412.14,4990777,2939845313,21.39,4.161,2.071,Energy,Portfolio_C,Usd,Buy,1036,409.1
Trd00208,JPM,10-06-2024,199.45,207.01,191.24,198.48,42711286,1949394570,41.51,1.535,2.144,Technology,Portfolio_A,Gbp,Sell,30,169.05
Trd01662,META,10-06-2024,179.19,184.74,172.74,176.48,26655901,823021892.2,24.37,1.385,1.083,Healthcare,Portfolio_A,Usd,Sell,2828,178.67
Trd01866,INTC,11-06-2024,670.71,698.84,639.19,669.45,10199926,1949394570,74.27,2.542,0.403,Healthcare,Portfolio_C,Gbp,Sell,1099,694.61
Trd01069,NVDA,11-06-2024,524.85,572.51,499.13,556.51,25562169,4985041279,32.56,2.406,1.436,Healthcare,Portfolio_A,Gbp,Buy,1030,572.71
Trd00008,TSLA,11-06-2024,439.69,455.46,401.77,404.67,46874323,1949394570,42.09,2.69,0.36,Healthcare,Portfolio_A,Usd,Buy,939,478.8
Trd00689,GS,12-06-2024,706.16,731.71,640.49,656.74,9778121,1037866581,35.88,0.737,0.317,Healthcare,Portfolio_C,Usd,Buy,667,673.74
Trd01429,MSFT,12-06-2024,600.04,600.31,566.59,593.75,47299691,5806443938,43.73,2.013,0.932,Financial,Portfolio_C,Usd,Buy,4104,544.06
Trd00319,GOOGL,13-06-2024,722.99,759.47,698.21,732.02,9067186,6069455256,36.4,2.282,1.162,Technology,Portfolio_A,Usd,Sell,1078,839.46
Trd00834,META,13-06-2024,669.79,690.85,623.03,438.495,21113197,3405600954,43.64,0.122,2.356,Healthcare,Portfolio_A,Usd,Sell,1447,764.53
Trd01556,NFLX,13-06-2024,385.37,420.71,380.45,414.6,30245077,3880767527,36.56,2.642,1.475,Technology,Portfolio_A,Eur,Sell,51,368.3
Trd00931,JPM,14-06-2024,568.42,581.99,533.88,541.02,36528134,3740484058,70.24,4.811,2.409,Financial,Portfolio_A,Usd,Sell,426,565.75
Trd01708,GS,17-06-2024,358.55,370.29,314.81,330.64,3471571,2142013216,13.24,2.069,2.134,Energy,Portfolio_A,Usd,Sell,13,360.46
Trd00991,JPM,17-06-2024,466.67,474.15,417.75,438.495,41354946,1893429962,49.85,0.647,1.124,Healthcare,Portfolio_C,Eur,Sell,3135,346.32
Trd00016,MSFT,18-06-2024,162.99,165.7,155.96,161.6,32531632,1261666790,56.73,2.406,1.435,Energy,Portfolio_C,Usd,Sell,2231,130.2
Trd01713,BRK,20-06-2024,185.33,193.55,177.3,177.46,47592783,260899385,18.8,3.475,2.263,Technology,Portfolio_B,Usd,Buy,183,204.64
Trd00186,GOOGL,21-06-2024,739.3,767.93,729.65,737.55,23449146,5729685202,43.73,4.873,1.962,Energy,Portfolio_B,Gbp,Sell,1055,810.82
Trd01804,META,21-06-2024,200.26,210.17,194.15,438.495,15020583,419728468.2,74.02,2.406,2.271,Healthcare,Portfolio_C,Usd,Buy,4705,221.03
Trd01199,NFLX,21-06-2024,772.25,845.66,747.48,822.73,42862038,1530922820,79.44,2.406,2.345,Energy,Portfolio_B,Usd,Buy,4042,958.81
Trd01914,INTC,24-06-2024,711.51,726.53,653.3,666.93,27964686,6008181628,18.11,0.362,2.019,Technology,Portfolio_B,Usd,Sell,2941,771.02
Trd01413,NFLX,24-06-2024,336.84,367.44,323.57,358.43,33913893,1585331947,33.81,0.461,1.979,Financial,Portfolio_C,Eur,Buy,3956,294.35
Trd01197,GS,26-06-2024,548.04,606.33,527.62,580.96,3330743,5072825366,28.32,1.682,1.055,Consumer,Portfolio_B,Gbp,Sell,453,651.75
Trd00103,AMD,27-06-2024,108.59,112.3,100.91,104.29,31236978,1010051883,35.42,1.563,2.446,Technology,Portfolio_C,Usd,Sell,2536,95.57
Trd01410,NVDA,28-06-2024,374.22,389.8,332.03,346.2,46065688,1070958968,67.69,3.813,1.165,Energy,Portfolio_A,Eur,Sell,2608,397.79
Trd01568,BRK,01-07-2024,712.4,712.79,660.71,670.66,5288198,2102615004,47.07,2.406,2.419,Consumer,Portfolio_A,Usd,Buy,4021,612.69
Trd00717,AMZN,03-07-2024,634.95,647.2,612.19,438.495,29621987,5798670277,61.48,1.547,0.344,Financial,Portfolio_A,Gbp,Buy,3860,696.27
Trd01830,WFC,03-07-2024,458.73,496.19,444.3,492.64,11445891,1387372768,41.14,3.556,1.548,Energy,Portfolio_C,Usd,Buy,3644,563.15
Trd00957,AAPL,05-07-2024,760.65,767.04,685.69,718.78,32732032,4485726285,44.44,3.507,1.21,Healthcare,Portfolio_C,Usd,Buy,2651,594.38
Trd01273,INTC,08-07-2024,409.71,423.51,389.52,389.69,34175633,1949394570,79.79,0.733,1.669,Energy,Portfolio_B,Usd,Sell,4131,350.34
Trd01901,AAPL,09-07-2024,669.29,678.82,639.71,677.92,14320056,1972598058,51.61,3.066,1.244,Consumer,Portfolio_B,Usd,Sell,2240,621.76
Trd00784,AMD,09-07-2024,358.42,375.75,345.22,375.75,43495922,2049580229,37.56,3.993,0.8,Energy,Portfolio_A,Usd,Sell,724,372.09
Trd00311,BRK,09-07-2024,164.71,177.41,161.52,172.75,23399363,831050498,5.87,2.617,1.219,Healthcare,Portfolio_C,Usd,Sell,2607,175.8
Trd00626,GS,09-07-2024,471.3,477.09,450.88,464.09,21204044,2969123908,57.35,4.376,0.698,Healthcare,Portfolio_A,Gbp,Buy,1941,477.41
Trd01099,INTC,09-07-2024,150.46,161.64,143.39,156.03,22820162,593777001.9,43.73,3.377,0.845,Technology,Portfolio_A,Usd,Buy,4735,183.67
Trd00257,BRK,10-07-2024,286.88,294.35,263.82,272.91,25562169,1949394570,56.23,0.733,1.402,Healthcare,Portfolio_B,Gbp,Sell,4397,321.92
Trd01428,GS,12-07-2024,619.1,629.95,595.95,596.5,38007840,919980160.5,6.74,1.385,2.481,Financial,Portfolio_B,Usd,Buy,4506,554.54
Trd00122,META,12-07-2024,317.26,326.69,296.57,438.495,42340025,1949394570,72.94,4.716,1.077,Financial,Portfolio_B,Gbp,Sell,1245,268.78
Trd01403,TSLA,12-07-2024,181.52,187.5,171.5,177.71,8047737,1431570628,76.14,0.378,1.741,Healthcare,Portfolio_A,Usd,Buy,3188,195.59
Trd01614,AMZN,15-07-2024,699.14,741.3,676.63,732.31,48827194,5964954212,29.87,3.127,1.17,Financial,Portfolio_B,Eur,Sell,3211,589.04
Trd01601,GOOGL,15-07-2024,444.29,461.61,406.01,426.35,4366208,2626813124,43.73,3.772,1.473,Consumer,Portfolio_A,Usd,Sell,3276,342.54
Trd01985,TSLA,15-07-2024,115.69,123.36,112.52,122.82,-1000,577839237.3,48.23,2.047,2.271,Energy,Portfolio_A,Usd,Sell,1745,110.24
Trd00225,GOOGL,16-07-2024,661.87,704.6,633.74,687.09,14438538,5369081352,22.68,4.196,0.54,Technology,Portfolio_C,Eur,Buy,4416,769.81
Trd00382,META,16-07-2024,314.31,321.87,284.9,296.31,8372267,2087687070,75.33,1.719,1.402,Technology,Portfolio_C,Eur,Sell,462,258.9
Trd00795,TSLA,17-07-2024,796.18,821.61,741.16,742.28,21069382,3247431948,57.29,1.13,1.979,Financial,Portfolio_C,Usd,Sell,1807,646.17
Trd00484,WFC,17-07-2024,112.99,119.07,108.98,118.89,38743388,751700000,43.38,2.192,1.636,Consumer,Portfolio_B,Usd,Sell,3472,115.96
Trd00545,AMZN,22-07-2024,299.78,309.06,273.88,285.81,14590269,520582622.5,69.36,1.998,1.34,Energy,Portfolio_B,Eur,Buy,2756,327.9
Trd00082,GS,22-07-2024,76.81,78.46,72.13,72.34,17469123,530400000,57.67,0.858,0.978,Energy,Portfolio_C,Usd,Sell,2674,68.36
Trd01731,TSLA,22-07-2024,620.55,672.33,613.89,438.495,29393396,6189590057,29.5,3.057,1.824,Healthcare,Portfolio_C,Usd,Sell,2029,640.88
Trd00841,BRK,24-07-2024,550.85,570.42,505.83,529.79,0,3243096240,66.06,2.536,0.82,Technology,Portfolio_C,Usd,Sell,378,497.45
Trd00621,AMD,26-07-2024,699.5,732.29,655.86,687.3,47468178,1864328055,43.73,3.79,1.452,Consumer,Portfolio_B,Eur,Buy,658,695.39
Trd00331,BRK,26-07-2024,122.06,127.58,119.98,438.495,24086893,326397022.7,34.16,3.766,0.717,Energy,Portfolio_A,Eur,Sell,1689,100
Trd00614,NVDA,26-07-2024,417.82,439.12,403.32,421.14,10814624,2148165231,72.98,2.633,1.402,Consumer,Portfolio_C,Gbp,Sell,2022,410.26
Trd01791,NVDA,26-07-2024,407.9,409.78,375.12,386.55,36937539,1046931247,58.45,3.619,0.583,Financial,Portfolio_A,Usd,Sell,14,373.3
Trd01047,AMD,29-07-2024,94.17,97.93,90.42,438.495,25562169,937038857,63.73,1.787,1.424,Consumer,Portfolio_B,Eur,Buy,3687,88.19
Trd01930,BAC,30-07-2024,77.84,86.72,77.68,82.61,25562169,1949394570,53.79,3.329,2.403,Healthcare,Portfolio_A,Usd,Sell,3316,92.07
Trd01300,BAC,01-08-2024,589.89,657.19,577.51,636.42,23771896,3839917713,43.13,3.953,1.731,Technology,Portfolio_A,Usd,Buy,3479,641.68
Trd00003,BRK,01-08-2024,607.98,611.36,536.51,561.2,16197787,3236386525,32.6,3.386,1.151,Energy,Portfolio_A,Usd,Sell,744,515.4
Trd00709,META,01-08-2024,215.18,230.29,206.26,220.74,42367814,1849241183,58.1,3.283,1.828,Consumer,Portfolio_C,Usd,Buy,1847,212.21
Trd01325,NFLX,01-08-2024,535.18,540.19,509.08,514.16,25562169,4042407157,66.3,2.995,1.108,Consumer,Portfolio_C,Usd,Buy,2401,455.21
Trd01209,NVDA,01-08-2024,561.7,584.87,520.8,438.495,43087550,1949394570,19.01,3.79,0.365,Financial,Portfolio_C,Usd,Buy,3081,557.61
Trd00492,BAC,02-08-2024,660.54,688.47,623.6,631.02,10969970,1104242091,43.73,4.684,1.75,Energy,Portfolio_B,Usd,Sell,1502,739.89
Trd01919,BAC,02-08-2024,766.47,773.77,698.94,707.62,7558429,1837319762,68.76,3.643,2.342,Technology,Portfolio_B,Usd,Sell,4243,824.56
Trd00736,BRK,02-08-2024,160.71,166.35,142.21,147.94,22020804,1092819170,64.04,4.762,2.039,Energy,Portfolio_B,Usd,Buy,86,145.64
Trd00278,AMD,05-08-2024,578.36,593.12,551.63,560.42,11541797,1358372336,39.84,2.406,0.583,Technology,Portfolio_C,Eur,Buy,401,470.23
Trd01546,GS,05-08-2024,193.53,195.55,181.05,185.4,44485588,1949394570,19.08,2.234,1.822,Healthcare,Portfolio_A,Eur,Sell,4898,164.16
Trd00405,NVDA,05-08-2024,371.25,399.28,365.11,382.31,42156463,2439575927,12.41,1.014,1.191,Consumer,Portfolio_B,Gbp,Buy,2551,345.21
Trd01739,GOOGL,07-08-2024,617.1,635.6,550.55,576.05,8186535,1949394570,18.44,4.161,1.023,Technology,Portfolio_C,Gbp,Buy,2157,664.73
Trd01805,META,07-08-2024,236.67,268.1200652,257.48,438.495,27616427,1495764409,43.73,1.229,0.526,Consumer,Portfolio_A,Usd,Buy,1124,265.24
Trd01306,BRK,08-08-2024,54.29,54.78,53.08,54.4,33657059,479436665.6,57.88,1.538,1.224,Healthcare,Portfolio_C,Usd,Buy,1906,46.77
Trd00768,GS,08-08-2024,623.14,671.27,594.16,661.93,49270206,5563524298,19.16,1.583,1.531,Financial,Portfolio_C,Gbp,Buy,1675,624.33
Trd00370,NVDA,08-08-2024,474.85,490.73,465.78,475.82,22941652,1081409437,18.58,3.522,1.402,Consumer,Portfolio_C,Usd,Buy,4377,467.74
Trd00224,TSLA,09-08-2024,260.51,262.72,246.21,250.49,18400940,2378503247,5.61,4.926,1.009,Financial,Portfolio_B,Usd,Buy,1098,276.62
Trd01376,AMZN,12-08-2024,120.65,128.02,120.24,127.08,16658651,818747465.8,67.16,4.765,0.905,Financial,Portfolio_B,Usd,Sell,1675,110.53
Trd00183,INTC,13-08-2024,145.91,153.28,138.91,150.35,29195815,912446034.6,69.61,3.384,1.049,Technology,Portfolio_A,Usd,Sell,2035,139.09
Trd00438,BRK,14-08-2024,286.77,298.83,279.26,297.97,9442536,1855271767,64.97,4.862,1.402,Financial,Portfolio_C,Gbp,Sell,3923,242.43
Trd00417,GS,14-08-2024,731.91,741.81,680.24,682.21,4793570,3694463229,43.73,0.363,2.232,Energy,Portfolio_A,Usd,Buy,1743,547.3
Trd01369,AAPL,15-08-2024,642.35,692.4,617.14,681.51,986247,4392908507,29.35,4.854,0.504,Technology,Portfolio_B,Usd,Buy,3167,689.98
Trd00109,AMD,15-08-2024,367.03,372.43,355.36,372.05,25562169,677290981.5,43.73,4.362,2.21,Technology,Portfolio_B,Eur,Sell,3963,363.25
Trd00467,BAC,20-08-2024,74.21,76.43,72.61,438.495,17554655,517656596.9,61.48,0.637,2.5,Financial,Portfolio_C,Gbp,Buy,159,72.33
Trd01238,NFLX,20-08-2024,573.25,575.52,517.77,537.1,48935684,3355385622,7.85,2.277,1.435,Energy,Portfolio_C,Usd,Sell,2660,448.62
Trd00643,MSFT,21-08-2024,449.82,464.18,434.42,438.495,11943930,1534945021,9.73,0.529,2.441,Financial,Portfolio_C,Eur,Buy,4769,413.8
Trd01749,NVDA,21-08-2024,569.04,581.16,537.09,561.43,44222117,3279186870,18.45,2.406,1.885,Healthcare,Portfolio_A,Gbp,Sell,4541,538.68
Trd01445,NFLX,22-08-2024,677.07,732.21,664.82,706.64,863341,2387045466,39.11,4.815,1.958,Energy,Portfolio_C,Gbp,Sell,892,817.49
Trd00444,GS,23-08-2024,674.71,685.44,639.66,642.16,25712019,2019220105,45.2,1.657,0.971,Technology,Portfolio_A,Usd,Buy,1882,764.55
Trd00714,WFC,26-08-2024,774.89,789.49,733.79,737.77,20399466,6232068611,68.51,4.021,1.402,Healthcare,Portfolio_A,Usd,Buy,2745,613.93
Trd00217,AAPL,27-08-2024,373.51,376.56,345.49,359.45,23289799,417456243.8,33.75,0.134,2.005,Consumer,Portfolio_B,Usd,Sell,2801,293.85
Trd00851,GOOGL,28-08-2024,311.75,340.1,299.83,325.75,25562169,2858023980,77.17,4.343,0.44,Technology,Portfolio_C,Usd,Sell,547,344.55
Trd00858,GOOGL,28-08-2024,163.21,167.53,157.66,166.35,49639611,1600290161,41.67,3.209,2.233,Energy,Portfolio_B,Eur,Buy,3651,190.98
Trd00489,INTC,28-08-2024,135.51,143.61,129.48,137.56,24566776,257605860.8,70.53,2.38,0.588,Energy,Portfolio_A,Usd,Buy,758,163.07
Trd00216,NVDA,29-08-2024,596.13,609.9,554.84,556.96,32184339,2811446637,5.86,0.469,1.075,Technology,Portfolio_C,Usd,Sell,1309,620.27
Trd00244,JPM,30-08-2024,362.5,392.12,359.02,390.8,30347449,3831992136,6.91,1.119,1.402,Energy,Portfolio_B,Gbp,Buy,53,465.8
Trd01893,NVDA,30-08-2024,269.13,281.08,263.92,264.44,26229657,1264166526,65.28,1.507,1.916,Technology,Portfolio_A,Eur,Sell,4069,276.85
Trd01346,AAPL,02-09-2024,602.58,603.4,581.01,581.3,37144616,3388391306,43.73,3.769,2.075,Financial,Portfolio_B,Eur,Sell,3610,597.73
Trd00300,INTC,03-09-2024,131.51,136.72,129.25,134.15,42230181,431065134.1,0,1.328,2.316,Financial,Portfolio_A,Usd,Sell,1986,151.43
Trd00843,MSFT,03-09-2024,533.26,539.98,500.87,518.43,32189855,1751453025,25.68,0.287,1.402,Financial,Portfolio_C,Usd,Buy,3192,428.35
Trd01264,NFLX,03-09-2024,758.59,774.25,685.21,699.83,36971891,710168588.6,43.73,2.406,0.378,Technology,Portfolio_C,Eur,Sell,1904,689.49
Trd01438,AMZN,04-09-2024,359.75,377.24,347.21,438.495,41324729,2892165863,57.65,0.996,0.52,Financial,Portfolio_A,Usd,Buy,1496,318.36
Trd00206,META,05-09-2024,133.73,138.65,126.21,132.81,8655732,1214701775,22.16,2.928,1.4,Financial,Portfolio_A,Eur,Buy,2337,126.86
Trd00571,META,05-09-2024,515.35,547.95,510.23,438.495,47994828,4354039058,27.42,2.255,2.286,Technology,Portfolio_B,Eur,Sell,2410,589.48
Trd00086,GOOGL,06-09-2024,449.54,461.49,399.02,414.44,33779149,1431138406,27.45,3.934,1.557,Financial,Portfolio_B,Gbp,Buy,4674,485.86
Trd01331,JPM,06-09-2024,66.7,72.6,63.81,69.94,44741557,356175814.5,17.76,0.851,2.202,Financial,Portfolio_C,Eur,Sell,2448,75.62
Trd00054,JPM,09-09-2024,758.74,821.31,755.75,813.55,21052107,2130198506,51.14,0.274,0.918,Technology,Portfolio_B,Usd,Buy,1948,701.84
Trd01492,JPM,09-09-2024,314.63,315.57,299.65,313.18,48936399,1496260982,9.76,1.929,0.94,Financial,Portfolio_B,Usd,Buy,4262,256.07
Trd01150,GOOGL,10-09-2024,403.38,411.64,376.41,391.68,34980253,1949394570,43.73,4.231,2.358,Financial,Portfolio_B,Gbp,Sell,66,393.51
Trd00648,NFLX,10-09-2024,202.05,208.03,193.27,197.51,18695204,1786271157,68.58,3.029,1.518,Financial,Portfolio_B,Usd,Sell,4564,186.02
Trd00936,GOOGL,11-09-2024,493.37,505.51,492.38,501.92,1596202,2080101535,78.22,1.886,0.736,Healthcare,Portfolio_A,Gbp,Sell,2661,412.41
Trd00235,JPM,11-09-2024,693.45,697.74,633.58,646.58,17054269,2353425763,15.57,2.998,1.774,Consumer,Portfolio_A,Eur,Buy,1401,624.19
Trd01768,BAC,12-09-2024,317.09,338.46,316.13,324.8,13729318,979382432,58.26,3.366,0.436,Energy,Portfolio_A,Usd,Sell,895,376.9
Trd01557,BRK,12-09-2024,652.18,699.75,633.81,-50,48798607,4742902172,28.46,1.336,1.245,Technology,Portfolio_C,Eur,Buy,3849,820.37
Trd00758,INTC,12-09-2024,192.02,199.93,182.56,182.78,47711726,896373591.4,24.41,1.219,1.253,Financial,Portfolio_B,Gbp,Sell,3734,173.05
Trd01532,JPM,12-09-2024,670.74,700.75,618.16,643.28,27030868,2793853813,29.51,1.065,0.469,Financial,Portfolio_B,Usd,Buy,2364,697.34
Trd00856,MSFT,12-09-2024,216.86,222.45,210.53,212.96,42970414,1316362194,18.03,3.56,2.192,Consumer,Portfolio_C,Gbp,Sell,4853,181.26
Trd01806,NFLX,13-09-2024,483.83,489.72,460.28,482.51,9214161,4630400000,55.66,1.243,2.418,Healthcare,Portfolio_B,Gbp,Sell,4523,520.7
Trd00807,META,16-09-2024,596.4,631.08,580.7,601.45,38941480,1262593311,27.4,1.51,1.642,Financial,Portfolio_B,Usd,Sell,2504,599.45
Trd00019,AMD,17-09-2024,112.29,117.63,103.93,105.46,26429077,422479193.1,51.99,0.298,1.277,Financial,Portfolio_B,Usd,Sell,861,109.77
Trd00772,AMZN,18-09-2024,487.04,506.49,482.23,486.33,6346278,1498664315,13.77,1.346,2.289,Healthcare,Portfolio_C,Usd,Sell,662,520.22
Trd01752,GOOGL,18-09-2024,504.9,545.63,490.12,538.29,25562169,4318922984,11.71,0.232,0.752,Technology,Portfolio_C,Eur,Buy,182,608.52
Trd01166,META,18-09-2024,403.02,415.56,386.99,398.23,25562169,2669034628,39.64,2.514,0.5,Healthcare,Portfolio_A,Usd,Buy,1678,392.27
Trd01734,NFLX,18-09-2024,485.11,505.16,428.36,450.62,17758484,4343186863,29.81,4.942,0.661,Technology,Portfolio_C,Usd,Sell,1584,375.02
Trd01265,AMZN,19-09-2024,639.9,648.94,592.3,599.11,26721841,1031700970,43.73,2.406,2.174,Healthcare,Portfolio_B,Usd,Buy,2708,685.66
Trd01539,AMD,20-09-2024,478.3,495.57,463.67,485.62,10027156,4530393657,40.53,2.406,0.801,Financial,Portfolio_C,Gbp,Sell,941,463.23
Trd01934,BAC,20-09-2024,452.26,458.49,439.7,447.43,20515678,1949394570,24.1,4.403,1.03,Consumer,Portfolio_B,Eur,Sell,2238,404.7
Trd01422,BRK,20-09-2024,362.9,375.84,346.23,352.17,34683784,1676846538,32.18,4.072,2.369,Technology,Portfolio_C,Eur,Buy,2267,375.48
Trd00182,AMZN,23-09-2024,686.99,718.59,626.21,644.78,49602673,2572414288,32.57,2.406,0.899,Healthcare,Portfolio_A,Usd,Sell,4333,568.92
Trd01000,NVDA,23-09-2024,754.98,808.25,753.59,807.06,1992371,1351402601,33.63,4.161,0.393,Consumer,Portfolio_A,Usd,Sell,-179,938.26
Trd01814,NVDA,23-09-2024,157.25,164.11,153.99,164.09,31207239,1553789378,35.16,0.476,1.341,Technology,Portfolio_B,Usd,Buy,684,182.26
Trd00028,WFC,24-09-2024,676.59,764.4879261,729.32,725.82,12045813,4335354796,78.21,2.655,0.706,Technology,Portfolio_C,Usd,Buy,4370,688.71
Trd01835,BRK,25-09-2024,523.16,526.86,484.9,503.67,43765979,1165988999,43.73,0.736,1.402,Financial,Portfolio_A,Eur,Buy,3497,467.15
Trd00302,INTC,25-09-2024,702.95,720.18,657.43,672.25,6600115,5743365186,39.8,4.572,1.587,Technology,Portfolio_C,Usd,Sell,4881,758.49
Trd01979,JPM,25-09-2024,424.1,444.98,391.93,393.92,7582634,3385066827,70.16,3.219,2.006,Consumer,Portfolio_A,Usd,Sell,931,426.98
Trd00236,BRK,27-09-2024,356.04,360.27,332.1,334.85,25562169,569327708,50.58,4.04,1.568,Energy,Portfolio_B,Usd,Sell,2520,330.02
Trd01124,NVDA,27-09-2024,468.55,487.59,440.59,456.84,12981384,2789689348,13.82,4.021,2.499,Energy,Portfolio_C,Usd,Sell,2158,418.62
Trd00268,WFC,27-09-2024,719.43,740.65,690.3,723.57,7399045,5523954069,41.43,2.875,2.1,Healthcare,Portfolio_A,Eur,Buy,3799,613.18
Trd01620,GOOGL,30-09-2024,695.03,706,687.76,706,10349011,3816198986,70.19,2.406,1.402,Consumer,Portfolio_A,Gbp,Sell,3600,594.29
Trd00802,GS,08-10-2024,679.81,706.68,655.12,681.7,9328917,5641693982,48.03,3.661,2.368,Energy,Portfolio_C,Usd,Sell,3642,585.48
Trd01034,AMD,09-10-2024,165.98,170.12,158.31,163.17,1664950,983015054.3,45.6,4.141,0.448,Consumer,Portfolio_C,Gbp,Sell,2550,140.76
Trd00069,MSFT,10-10-2024,295.93,309.39,271.2,277.09,47303990,1182702693,75.42,0.72,0.508,Consumer,Portfolio_B,Usd,Buy,3016,230.68
Trd01722,BAC,11-10-2024,555.55,582.21,549.01,562.76,3180477,1335420476,35.13,2.977,1.239,Energy,Portfolio_B,Gbp,Sell,4865,537.44
Trd00301,NVDA,11-10-2024,246.29,254.33,227.7,228.38,47143773,1234643291,74.93,0.241,0.383,Financial,Portfolio_B,Usd,Buy,3765,227.46
Trd00476,JPM,14-10-2024,580.5,603.22,540.57,566.89,25562169,1949394570,55.89,1.497,1.029,Consumer,Portfolio_B,Usd,Buy,180,556.54
Trd00756,TSLA,14-10-2024,622.41,663.69,599.19,633.54,46754973,2085353929,7.01,2.406,0.434,Technology,Portfolio_B,Usd,Sell,1826,547.18
Trd01280,JPM,16-10-2024,59.05,61.04,57.41,59.24,23135873,380478615.4,59.69,2.406,0.507,Energy,Portfolio_B,Usd,Sell,-404,58.45
Trd01723,AMZN,17-10-2024,671.14,728.65,664.82,710.33,34228979,6338826516,43.73,1.098,1.402,Financial,Portfolio_C,Usd,Sell,747,579.1
Trd00294,NFLX,17-10-2024,128.97,139.02,128.12,438.495,31016977,1031393922,25.59,2.929,1.965,Energy,Portfolio_C,Usd,Buy,1090,127.84
Trd01982,WFC,17-10-2024,775.65,802.37,758.5,766.52,16843858,1309007667,43.73,2.385,2.1,Energy,Portfolio_B,Gbp,Sell,2813,716.84
Trd00899,GS,18-10-2024,751.98,815.5653597,771.05,728.75,38124647,4503515404,13.96,2.406,0.426,Financial,Portfolio_A,Usd,Buy,592,741.3
Trd00430,AMZN,21-10-2024,741.13,760.99,726.27,737.31,21102946,3133315340,67.72,3.569,0.57,Consumer,Portfolio_A,Usd,Sell,4065,801.35
Trd00456,WFC,21-10-2024,111.86,124.19,108.87,118.5,18397536,975200000,50.74,3.458,0.846,Healthcare,Portfolio_C,Usd,Sell,3395,129.31
Trd00262,NFLX,22-10-2024,571.15,607,557.34,438.495,33646930,3572319471,45.71,0.522,1.911,Technology,Portfolio_A,Usd,Buy,4615,671.73
Trd01127,META,24-10-2024,464.26,490.54,451.52,473.53,44179365,2241772941,5.55,1.639,0.317,Technology,Portfolio_A,Usd,Sell,1493,539.57
Trd01320,AMZN,25-10-2024,708.31,728.93,663.79,691.07,41858788,1452066609,5000,3.378,1.592,Energy,Portfolio_B,Gbp,Sell,3039,738.38
Trd01200,GOOGL,28-10-2024,767.81,768.56,710.95,744.5,19792158,1714746546,66.65,3.88,1.423,Healthcare,Portfolio_B,Usd,Buy,751,709.36
Trd01335,JPM,29-10-2024,640.96,649.77,583.94,602.32,14133304,5347624035,26.44,2.409,2.163,Technology,Portfolio_A,Usd,Sell,3091,559.88
Trd01464,NVDA,01-11-2024,520.83,554.66,508.2,530.03,49330748,3263409551,48.2,4.321,1.316,Technology,Portfolio_C,Usd,Buy,885,462.37
Trd00293,TSLA,01-11-2024,324.09,344.66,316.96,333.05,20033529,2099093919,71.24,3.796,0.94,Financial,Portfolio_B,Usd,Sell,3335,349.67
Trd00516,BAC,04-11-2024,647.05,689.73,644.82,662,25104322,1009100000,45.67,4.893,1.624,Technology,Portfolio_C,Usd,Sell,1476,653.37
Trd00701,INTC,04-11-2024,380.31,412.11,376.84,397.48,25562169,3719207641,73.93,2.64,2.042,Healthcare,Portfolio_B,Usd,Buy,3538,336.31
Trd01469,BAC,05-11-2024,324.43,328.65,297.86,312.97,46689330,2797000371,75.65,3.08,1.402,Consumer,Portfolio_A,Usd,Buy,3016,330.15
Trd01711,TSLA,05-11-2024,340.65,368.72,325.79,366.72,36541965,1227222246,20.9,0.257,1.171,Healthcare,Portfolio_B,Eur,Buy,264,367.85
Trd01217,INTC,06-11-2024,213.78,235.25,209.13,226.02,-500000,1949394570,36.04,4.586,1.256,Financial,Portfolio_B,Gbp,Sell,718,263.93
Trd00985,AAPL,07-11-2024,52.47,54.43,48.13,49.97,17740174,386011554,59.34,0.075,2.206,Financial,Portfolio_A,Eur,Buy,1067,50.22
Trd00491,JPM,07-11-2024,580.9,609.67,539.01,549.69,25562169,1949394570,66.24,4.855,1.017,Energy,Portfolio_B,Gbp,Sell,2003,578.23
Trd01296,WFC,07-11-2024,342.37,381.72,333.85,366.96,23657815,3520454612,43.73,2.113,1.107,Technology,Portfolio_C,Usd,Sell,1812,356.9
Trd00975,GOOGL,08-11-2024,185.79,186.31,172.92,174.72,19082840,1541042630,77.95,1.008,0.451,Technology,Portfolio_C,Usd,Sell,2861,168.29
Trd00960,JPM,08-11-2024,442.03,488.82,435.51,477.19,37104641,1949394570,18.48,2.617,1.874,Technology,Portfolio_C,Gbp,Sell,2144,416.99
Trd00190,META,08-11-2024,776.43,798.2,693,723.34,17013670,6252367232,23.63,2.406,0.58,Consumer,Portfolio_C,Usd,Sell,4304,584.97
Trd00534,WFC,11-11-2024,247.38,258.48,238.24,239.9,7344747,1709105176,64.88,0.648,0.858,Energy,Portfolio_B,Gbp,Sell,4586,258.61
Trd00393,AMZN,12-11-2024,242.23,251.95,232.17,240.68,25843646,2353797450,29.46,0.169,2.257,Technology,Portfolio_A,Usd,Sell,2590,278.42
Trd01508,TSLA,12-11-2024,515.09,533.38,490.29,511.17,43109180,3741646831,18.65,3.266,0.608,Energy,Portfolio_C,Usd,Sell,891,413.54
Trd00599,WFC,12-11-2024,211.47,215.89,201.12,208.25,42506217,1949394570,22.17,2.448,2.447,Financial,Portfolio_A,Gbp,Buy,288,179.73
Trd00889,BRK,13-11-2024,196.88,215.46,187.66,207.17,-500000,635744443.5,79.51,3.734,1.402,Financial,Portfolio_A,Gbp,Sell,2849,195.15
Trd00757,META,13-11-2024,93.7,95.63,91.81,93.41,31365471,834483746.2,53.29,2.406,1.399,Healthcare,Portfolio_C,Gbp,Sell,2837,75.74
Trd01365,AAPL,14-11-2024,467.47,467.96,447.55,460.84,47985935,582790706.7,41.29,1.822,0.911,Technology,Portfolio_A,Usd,Buy,4093,460.91
Trd01694,MSFT,18-11-2024,715.35,716.3,661.19,669.74,25562169,6328443583,43.73,2.784,2.34,Healthcare,Portfolio_B,Usd,Buy,1414,796.95
Trd00650,AMZN,20-11-2024,651.57,730.11,640.36,702.61,24990725,2879616873,56.05,2.421,1.912,Energy,Portfolio_B,Usd,Buy,1011,698.93
Trd01081,JPM,20-11-2024,479.84,517.63,461.98,501.68,21086445,2015191870,43.73,0.003,0.452,Technology,Portfolio_A,Eur,Sell,4909,469.25
Trd00601,NFLX,20-11-2024,564.64,619.08,545.36,605.31,16122653,5116009299,26.35,2.44,0.543,Healthcare,Portfolio_C,Usd,Sell,3688,609.69
Trd00854,NFLX,21-11-2024,398.77,410.11,383.01,394.22,1971550,1013585744,43.73,3.33,2.442,Consumer,Portfolio_B,Usd,Buy,905,421.93
Trd00854,NFLX,21-11-2024,398.77,410.11,383.01,394.22,1971550,1013585744,43.73,3.33,2.442,Consumer,Portfolio_B,Usd,Sell,905,421.93
Trd01992,AMD,22-11-2024,688.86,690.05,656.46,684.04,42334363,972478462.8,24.19,2.312,2.315,Consumer,Portfolio_C,Usd,Sell,3646,658.58
Trd00870,BRK,25-11-2024,245.32,273.68,237.08,264.21,1621099,319014816.1,77.56,1.752,0.97,Technology,Portfolio_A,Usd,Buy,592,215.8
Trd01094,GOOGL,25-11-2024,228.46,231.81,211.32,213.79,23580406,1424218739,22.45,1.308,0.689,Energy,Portfolio_C,Usd,Buy,3003,229.17
Trd01260,GS,25-11-2024,173.38,178.29,173.02,175.63,5813411,278294692.1,59.39,3.417,1.346,Healthcare,Portfolio_C,Usd,Sell,2843,154.84
Trd00065,AMD,26-11-2024,690.14,703.95,629.16,661.18,33860201,5019323506,11,4.324,1.86,Consumer,Portfolio_B,Usd,Sell,465,702.2
Trd01162,GS,26-11-2024,542.63,566.12,513.08,517.51,17667462,1949394570,47.73,3.521,0.67,Technology,Portfolio_B,Eur,Buy,4744,519.13
Trd01343,AMD,28-11-2024,330.04,349.59,317.16,333.12,25562169,1659427953,43.73,4.193,0.844,Technology,Portfolio_A,Usd,Buy,4931,394.2
Trd01529,NVDA,29-11-2024,670.23,679.83,630.25,438.495,49046854,1520591960,55.44,1.707,1.243,Consumer,Portfolio_A,Usd,Sell,4983,517.12
Trd00363,BAC,02-12-2024,765.11,844.33,735.96,821.33,23216848,2878831463,43.73,1.712,1.775,Energy,Portfolio_C,Usd,Buy,1526,913.08
Trd00846,BRK,02-12-2024,640.04,649.33,580.67,598.15,7630795,740134061.8,75.84,0.367,1.402,Healthcare,Portfolio_C,Usd,Sell,40,563.52
Trd01730,GS,02-12-2024,728.74,796.81,720.58,766.04,21426709,4960207053,43.73,1.51,1.786,Healthcare,Portfolio_A,Usd,Sell,2193,914.2
Trd01354,META,02-12-2024,237.6,248.51,236.2,244.15,24682680,2179348821,77.99,0.695,1.402,Financial,Portfolio_A,Eur,Buy,594,280.97
Trd00124,GS,03-12-2024,515.81,523.26,508.2,515.77,24620563,4550900000,72.7,1.564,1.402,Financial,Portfolio_A,Usd,Sell,1512,431.1
Trd00451,INTC,03-12-2024,75.66,83.08,74.17,81.42,46928196,240450928.1,52.91,3.417,1.351,Technology,Portfolio_A,Gbp,Sell,2782,91.55
Trd01254,WFC,03-12-2024,469.15,507.54,459.36,499.47,4260275,1686419498,9.22,2.148,1.402,Consumer,Portfolio_C,Usd,Sell,1994,453.13
Trd00401,AMD,05-12-2024,635.46,650.9,586.65,616.35,25562169,1949394570,21.88,4.976,1.012,Technology,Portfolio_B,Eur,Buy,1744,532.33
Trd01850,WFC,05-12-2024,757.99,786.67,716.1,438.495,32400029,6025586779,43.73,0.815,0.345,Financial,Portfolio_B,Usd,Buy,3545,739.61
Trd01530,NVDA,06-12-2024,73.95,80.46,72.07,78.81,43668327,489192820.8,63.04,1.833,0.763,Energy,Portfolio_A,Usd,Buy,1641,73.24
Trd01841,GOOGL,09-12-2024,287.89,314.74,281.72,438.495,26889605,602896335.9,43.73,0.956,0.953,Financial,Portfolio_A,Usd,Sell,1243,343.9
Trd01679,WFC,09-12-2024,569.95,590.91,559.59,574.56,35029575,3092191140,33.25,0.656,1.896,Energy,Portfolio_B,Usd,Buy,3107,648.2
Trd01270,NVDA,11-12-2024,550.33,552.43,513.51,526.37,19557182,1949394570,63.63,3.916,1.402,Technology,Portfolio_C,Usd,Buy,2514,451.05
Trd01347,AMZN,12-12-2024,146.94,147.36,142.55,146.68,27867412,323989277.6,62.4,1.566,2.204,Healthcare,Portfolio_C,Eur,Sell,3394,147.19
Trd01770,GOOGL,12-12-2024,372.06,400.79,363.93,392.89,18674952,2170940019,73.31,4.866,1.531,Financial,Portfolio_B,Gbp,Sell,1374,344.43
Trd01487,NVDA,13-12-2024,296.72,314.69,293.71,438.495,28403415,1949394570,39.9,4.188,2.29,Energy,Portfolio_B,Usd,Buy,147,299.27
Trd00663,TSLA,13-12-2024,198.72,207.31,181.06,183.7,2436386,1949394570,40.34,1.815,1.402,Consumer,Portfolio_A,Eur,Buy,4804,177.57
Trd01478,MSFT,16-12-2024,679.13,682.8,666.08,669.83,13144152,4815210270,31.89,0.434,0.71,Energy,Portfolio_C,Usd,Buy,571,651.96
Trd00837,META,17-12-2024,624.35,665.39,596.06,635.29,16481041,2795331270,63.06,4.94,1.84,Energy,Portfolio_C,Gbp,Sell,485,615.85
Trd00676,AMD,18-12-2024,583.18,605.91,552.88,574.63,2266030,2159897408,43.73,1.286,1.01,Energy,Portfolio_A,Gbp,Buy,4208,542.54
Trd00770,BRK,18-12-2024,547.52,598.12,546.77,572.32,18277526,3594165021,74.29,0.522,0.774,Technology,Portfolio_C,Usd,Sell,3659,602.18
Trd01828,INTC,18-12-2024,603.98,623.74,576.57,609.51,40994268,5680040756,64.18,2.406,0.869,Healthcare,Portfolio_C,Gbp,Buy,782,495.42
Trd00354,META,18-12-2024,157.35,172.39,155.77,164.56,47192389,1235571937,18.38,2.242,0.381,Consumer,Portfolio_A,Gbp,Sell,71,152.69
Trd00777,TSLA,18-12-2024,238.9,279.2471316,246.16,239.98,26120537,2158526028,51.36,1.043,0.813,Financial,Portfolio_B,Eur,Sell,375,214.08
Trd01772,TSLA,18-12-2024,607.08,621.23,583.04,605.68,49505003,5063702239,61.99,2.873,1.402,Energy,Portfolio_B,Eur,Buy,575,612.45
Trd01382,GS,19-12-2024,641.26,697.84,612.05,673.42,29315015,5553144556,15.35,1.699,1.131,Healthcare,Portfolio_C,Usd,Sell,4783,571.13
Trd00541,TSLA,19-12-2024,189.15,999999,175.5,999999,25562169,615000000,50.9,3.479,1.402,Energy,Portfolio_B,Gbp,Buy,2422,199.63
Trd01658,NVDA,20-12-2024,771.15,797.55,741.49,779.32,36559293,4637797224,43.06,0.818,1.878,Financial,Portfolio_A,Usd,Buy,4836,845.44
Trd01420,NVDA,23-12-2024,582.95,642.5221961,605.78,593.94,18664209,2192770056,64.24,1.216,2.486,Technology,Portfolio_B,Usd,Sell,2882,608.87
Trd01286,AMD,24-12-2024,568.4,588.16,553.52,574.77,5511179,4044893295,19.82,0.237,1.552,Financial,Portfolio_B,Eur,Sell,1017,642.7
Trd00079,WFC,24-12-2024,112.3,117.67,108.69,115.31,8510925,569855678,68.15,2.321,0.874,Financial,Portfolio_B,Eur,Buy,1099,116.25
Trd00946,INTC,25-12-2024,370.98,385.26,369.79,379.47,34721915,2071760104,29.98,0.304,2.12,Healthcare,Portfolio_A,Usd,Buy,3148,306.29
Trd01240,NFLX,25-12-2024,414.44,431.85,414.07,419.95,4619308,990150131,73.54,4.028,1.427,Consumer,Portfolio_B,Usd,Buy,2230,444.19
Trd00426,TSLA,25-12-2024,444.82,460.45,420.72,436.16,20715844,1949394570,55.33,2.739,0.404,Technology,Portfolio_B,Gbp,Sell,1063,494.12
Trd00707,WFC,25-12-2024,590,648.09,587.07,620.3,22634965,6159990879,40.37,4.994,2.46,Financial,Portfolio_C,Gbp,Sell,3501,663.31
Trd01493,GS,26-12-2024,328.84,356.78,320.64,350.4,44720262,2229383558,11.05,2.955,2.228,Consumer,Portfolio_C,Usd,Sell,1102,381.21
Trd00568,WFC,26-12-2024,445.18,461.56,392.78,410.8,46872864,3529679046,53.97,2.826,1.52,Technology,Portfolio_B,Eur,Sell,4934,390.89
Trd01139,WFC,26-12-2024,731.83,772.61,713.52,740.1,20021298,918991791.3,34.36,0.105,0.461,Healthcare,Portfolio_A,Usd,Buy,4448,653.41
Trd01263,META,30-12-2024,421.65,461.71,407.4,444.51,11256473,1023136668,24.78,2.119,0.423,Technology,Portfolio_C,Usd,Buy,625,389.52
Trd00238,INTC,31-12-2024,370.76,387.42,352.3,357.21,15339095,1527000000,43.73,2.406,2.412,Technology,Portfolio_B,Usd,Sell,4655,341.45
Trd00238,INTC,31-12-2024,370.76,387.42,352.3,357.21,15339095,1527043816,43.73,2.406,2.412,Technology,Portfolio_B,Usd,Sell,4655,341.45
Trd01993,NVDA,31-12-2024,529.47,551.91,522.12,528.16,44535041,2127179188,49.51,2.315,1.253,Energy,Portfolio_B,Usd,Sell,-78,467.89
Trd00075,WFC,31-12-2024,391.44,396.28,357.7,365.92,4348454,434159689,35.93,0.284,1.358,Technology,Portfolio_A,Usd,Buy,699,385.01
