trade_id,ticker,company_name,exchange,sector,trade_date,open_price_inr,high_price_inr,low_price_inr,close_price_inr,prev_close_inr,volume,market_cap_cr,pe_ratio,pb_ratio,dividend_yield,beta,52w_high_inr,52w_low_inr,nifty50_weight,portfolio,analyst_rating,shares_held,purchase_price_inr,currency
IN000297,NTPC,NTPC Limited,NSE,UTILITIES,01-01-2020,339.52,360.17,336.91,359.82,363.53,4284595,275329.41,40.435,7.9,0.474,0.467,433.8,265.42,3.5,MIDCAP_PORTFOLIO,BUY,347,302.51,INR
IN000327,NTPC,NTPC Limited,NSE,UTILITIES,01-01-2020,354.57,364.88,343.68,349.93,362.05,2749879,337795.51,19.15,10.68,1.372,0.449,435.74,296.08,5.1,NIFTY50_PORTFOLIO,BUY,1050,392.36,INR
IN000365,NTPC,NTPC Limited,NSE,UTILITIES,01-01-2020,334.07,341.27,330.13,331.45,343.06,2394789.5,179737.85,30.71,14.58,0.891,0.995,387.89,281.53,5.1,NIFTY50_PORTFOLIO,BUY,1199,384.43,INR
IN004046,ADANIENT,Adani Enterprises,NSE,CONGLOMERATE,04-01-2020,2893.3,2901.69,2720.11,2776.9,2815.02,3921449,1167148.48,46.78,5.12,3.187,1.109,3075.59,2291.79,0.5,NIFTY50_PORTFOLIO,SELL,711,2398.88,INR
IN004060,ADANIENT,Adani Enterprises,NSE,CONGLOMERATE,04-01-2020,2682.3,2733.65,2462.63,2520.27,2446.4,2811724,1465764.67,53.07,7.76,1.8295,1.837,3270.1,2520.27,5.1,SECTORAL_PORTFOLIO,BUY,1114,2695.6,INR
IN003942,AXISBANK,Axis Bank,BSE,FINANCE,04-01-2020,1100.62,1144.6,1085.97,1143.57,1144.48,2819427,448361.57,59.36,1.5,3.528,0.862,1531.91,676.72,3.5,NIFTY50_PORTFOLIO,HOLD,246,1212.54,INR
IN003985,AXISBANK,Axis Bank,BSE,FINANCE,04-01-2020,1057.44,1059.64,986.45,1011.39,1031.67,2308547,492277.4,27.91,6.73,1.933,1.801,1391.44,676.46,5.1,SECTORAL_PORTFOLIO,BUY,1574,955.49,INR
IN004027,AXISBANK,Axis Bank,BSE,FINANCE,04-01-2020,1076.32,1099.02,1040.64,1049.59,1014.6,4021766,1074870.19,15.85,6.87,0.259,1.646,1232.36,716.87,0.5,SECTORAL_PORTFOLIO,HOLD,708,1188.52,INR
IN004045,AXISBANK,Axis Bank,BSE,FINANCE,04-01-2020,1093.42,1131.57,1074.52,1116.47,1141.2,1675859,1053791.39,73.7,10.17,3.014,0.511,1420.06,712.72,3.5,NIFTY50_PORTFOLIO,HOLD,373,1046.2,INR
IN002214,BAJFINANCE,Bajaj Finance,NSE,NBFC,04-01-2020,7147.81,7259.54,7026.25,7184.13,7041.12,3814862,3063798.64,71.69,12.13,0.768,1.99,8249.21,6031.99,0.5,MIDCAP_PORTFOLIO,BUY,954,6033.58,INR
IN004414,BHARTIARTL,Bharti Airtel,NSE,TELECOMMUNICATION,04-01-2020,872.05,921.09,864,872.05,898.6,1447142,696140.6,67.93,14.55,0.158,0.775,1162.66,610.99,0.5,NIFTY50_PORTFOLIO,BUY,338,756.62,INR
IN004450,BHARTIARTL,Bharti Airtel,NSE,TELECOMMUNICATION,04-01-2020,872.09,941.31,871.73,914.2,938.51,2137728,69322.07,45.13,11.85,3.583,1.319,947.03,732.35,1.2,SECTORAL_PORTFOLIO,SELL,862,1041.69,INR
IN004451,BHARTIARTL,Bharti Airtel,NSE,TELECOMMUNICATION,04-01-2020,864.92,918.31,842.93,916.29,903.72,2681389,164618.62,73.71,12.86,2.182,1.189,980.41,601.78,0,MIDCAP_PORTFOLIO,BUY,1603,917.17,INR
IN001038,HINDUNILVR,Hindustan Unilever,NSE,FMCG,04-01-2020,2451.81,2469.79,2317.35,2327.95,2408.92,2561570,1121527.22,47.31,9.03,2.026,1.28,2844.22,1565.21,0.5,MIDCAP_PORTFOLIO,SELL,1577,3026.28,INR
IN001050,HINDUNILVR,Hindustan Unilever,NSE,FMCG,04-01-2020,2499.83,2612.36,2491.52,2589.91,2590.81,4432405,1233333.21,67.78,2.23,3.099,1.427,3247.76,1633.08,3.5,MIDCAP_PORTFOLIO,BUY,251,2875.61,INR
IN001058,HINDUNILVR,Hindustan Unilever,NSE,FMCG,04-01-2020,2528.49,2583.02,2392.47,2414.74,2391.31,1186365,1398609.34,45.69,14.16,1.875,0.562,3371.64,1523.28,2.3,MIDCAP_PORTFOLIO,HOLD,1971,2366.15,INR
IN001079,HINDUNILVR,Hindustan Unilever,NSE,FMCG,04-01-2020,2385.49,2554.67,2338.52,2499.35,2494.69,3378766,1840383.95,50.49,1.64,2.026,1.142,3202.91,1868.86,1.2,MIDCAP_PORTFOLIO,BUY,1336,2448.4,INR
IN001121,HINDUNILVR,Hindustan Unilever,NSE,FMCG,04-01-2020,2460.46,2644.24,2450.58,2578.81,2675.08,4863042,1917190.14,47.31,3.08,2.094,0.853,2924.26,1521.15,2.3,NIFTY50_PORTFOLIO,SELL,608,2909.6,INR
IN003522,INFY,Infosys,NSE,TECHNOLOGY,04-01-2020,1507.45,1556.97,1472.84,1520.5,1542.09,1373835,499470.39,17.69,8.085,1.977,0.857,1885.69,1390.35,2.3,MIDCAP_PORTFOLIO,HOLD,528,1209.99,INR
IN003525,INFY,Infosys,NSE,TECHNOLOGY,04-01-2020,1425.62,1455.42,1414.96,1424.96,1372.49,4300737,1017575.81,37.99,3.97,1.888,1.344,1873.56,1052.11,2.3,MIDCAP_PORTFOLIO,BUY,1682,1566.69,INR
IN003630,INFY,Infosys,NSE,TECHNOLOGY,04-01-2020,1483.54,1588.43,1442.15,1560.54,1597.3,2980099,742908.46,61.05,10.18,2.601,1.008,1846.36,1001.33,2.3,MIDCAP_PORTFOLIO,BUY,1750,1464.56,INR
IN003632,INFY,Infosys,NSE,TECHNOLOGY,04-01-2020,1525.57,1608.67,1503.97,1598.97,1658.18,2033366,684714.67,70.88,6.96,1.53,0.898,1627.16,1154.73,5.1,NIFTY50_PORTFOLIO,SELL,1168,1305.62,INR
IN001282,SBIN,State Bank of India,NSE,FINANCE,04-01-2020,598.38,600.27,577.35,592.73,592.83,3892252,328026.01,19.07,5.16,1.499,1.877,684.9,484.65,1.2,SECTORAL_PORTFOLIO,HOLD,1798,479.63,INR
IN001292,SBIN,State Bank of India,NSE,FINANCE,04-01-2020,589.04,600.32,539.88,589.04,547.42,693238,409258.29,50.32,10.07,1.842,0.701,676.71,545.72,0.5,SECTORAL_PORTFOLIO,BUY,1854,573.04,INR
IN001320,SBIN,State Bank of India,NSE,FINANCE,04-01-2020,606.7,616.07,596.77,603.69,593.71,821883,570365.37,44,6.7,0.233,1.513,704.8,479.84,0.5,SECTORAL_PORTFOLIO,BUY,1625,664.59,INR
IN001331,SBIN,State Bank of India,NSE,FINANCE,04-01-2020,574.04,591.81,558.02,587.76,590.75,3769671,140090.8,22.52,10.3,2.59,1.004,819.03,412.09,0,SECTORAL_PORTFOLIO,HOLD,1422,559.3,INR
IN001366,SBIN,State Bank of India,NSE,FINANCE,04-01-2020,591.39,607.07,558.17,562.9,546.51,2657287,206334.21,42.57,6.44,1.221,1.484,804.37,360.25,2.3,NIFTY50_PORTFOLIO,SELL,1851,717.92,INR
IN001368,SBIN,State Bank of India,NSE,FINANCE,04-01-2020,572.42,593.46,566.98,587.44,601.17,3791247,261832.92,34.52,11.1,0.16,0.456,697.32,491.39,5.1,NIFTY50_PORTFOLIO,SELL,310,696.01,INR
IN004304,ICICIBANK,ICICI Bank,NSE,FINANCE,05-01-2020,920.16,922.98,891.15,907.69,903.84,4234863,47910.88,24.4,11.33,2.301,1.397,1038.88,845.5,5.1,MIDCAP_PORTFOLIO,BUY,835,759.5,INR
IN000269,ONGC,Oil & Natural Gas Corp,NSE,ENERGY,05-01-2020,278.74,291.71,271.66,287.37,296.5,2745672,164971.97,54.68,6.22,3.685,1.103,302.71,193.15,2.3,MIDCAP_PORTFOLIO,BUY,108,262.83,INR
IN001816,POWERGRID,Power Grid Corporation,BSE,UTILITIES,05-01-2020,245.16,261.55,244.84,260.14,257.32,3813175,129879.84,42.41,3.26,2.344,1.584,263.32,196.41,1.2,NIFTY50_PORTFOLIO,BUY,1812,194.62,INR
IN001836,POWERGRID,Power Grid Corporation,BSE,UTILITIES,05-01-2020,242.09,247.13,225.54,242.09,228.83,2244456,177895.23,65.54,2.99,1.9755,1.623,290.06,156.14,2.3,NIFTY50_PORTFOLIO,BUY,435,215.95,INR
IN001859,POWERGRID,Power Grid Corporation,BSE,UTILITIES,05-01-2020,258.41,264.63,256.31,256.7,266.94,1679102,79887.53,37.16,14.83,2.576,1.617,337.25,152.7,1.2,NIFTY50_PORTFOLIO,BUY,100,213.07,INR
IN001863,POWERGRID,Power Grid Corporation,BSE,UTILITIES,05-01-2020,238.52,254.63,232.13,251.87,243.13,3661076,120024.76,40.4,1,3.952,1.328,294.81,196.51,2.3,NIFTY50_PORTFOLIO,BUY,40,275.82,INR
IN003233,RELIANCE,Reliance Industries,NSE,ENERGY,05-01-2020,2282.32,2426.27,2276.44,2410.36,2356.11,1196052,332407.64,24.43,12.94,3.315,1.142,2512.51,1622.58,2.3,MIDCAP_PORTFOLIO,HOLD,867,2725.59,INR
IN000783,SUNPHARMA,Sun Pharmaceutical,BSE,PHARMACEUTICALS,05-01-2020,1215.17,1241.4,1183.26,1217.31,1256.16,2616174,1172726.22,35.88,10.73,2.302,0.815,1260.11,1046.61,1.2,NIFTY50_PORTFOLIO,BUY,189,937.5,INR
IN000827,SUNPHARMA,Sun Pharmaceutical,BSE,PHARMACEUTICALS,05-01-2020,1143.6,1159.86,1135,1143.6,1176.08,3815402,437663.02,74.96,9.88,3.48,0.444,1324.21,789.78,1.2,SECTORAL_PORTFOLIO,HOLD,1000,988.97,INR
IN004082,ICICIBANK,ICICI Bank,NSE,FINANCE,06-01-2020,992.73,1007.5,963.19,970.35,991.56,4726885,845387.95,30.25,1.4,3.869,1.136,1143.41,582.89,2.3,SECTORAL_PORTFOLIO,BUY,1737,1146.32,INR
IN002433,ONGC,Oil & Natural Gas Corp,NSE,ENERGY,06-01-2020,280.71,294.65,279.67,291.11,291.41,4460069,103161,46.28,7.9,0.71,1.904,343.71,206.71,2.3,MIDCAP_PORTFOLIO,HOLD,1641,278.76,INR
IN002501,ONGC,Oil & Natural Gas Corp,NSE,ENERGY,06-01-2020,271.51,279.25,264.64,271.51,273.86,1989912,118142.53,35.98,1.18,2.771,1.05,305.68,169.17,0.5,SECTORAL_PORTFOLIO,BUY,1139,252.66,INR
IN002508,ONGC,Oil & Natural Gas Corp,NSE,ENERGY,06-01-2020,271.33,291.56,270.95,286.44,284.81,4536064,181351.19,25.59,14.9,3.679,0.552,339.44,205.23,2.3,SECTORAL_PORTFOLIO,HOLD,399,317.49,INR
IN002518,ONGC,Oil & Natural Gas Corp,NSE,ENERGY,06-01-2020,277.86,282.34,260.8,268.83,259.08,3024540,264560.03,65.02,7.9,3.893,1.658,378.89,209.05,0.5,NIFTY50_PORTFOLIO,BUY,1859,321.54,INR
IN002099,ICICIBANK,ICICI Bank,NSE,FINANCE,07-01-2020,977.74,1011.8,966.63,1006.96,986.47,551195,651235.04,56.3,5.96,3.931,1.638,1102.68,802.87,1.2,NIFTY50_PORTFOLIO,BUY,1685,1128.4,INR
IN002118,ICICIBANK,ICICI Bank,NSE,ENERGY,07-01-2020,958.32,1023.22,943,996.76,962.04,2096366,320843.92,42.28,13.31,0.62,1.646,1077.84,773.04,3.5,SECTORAL_PORTFOLIO,BUY,1973,927.18,INR
IN003880,NESTLEIND,Nestle India,BSE,FMCG,07-01-2020,22198.28,22642.97,20392.72,20811.79,20916.37,271554,20567779.19,27.53,6.92,1.569,1.994,23859.38,20370.67,2.3,SECTORAL_PORTFOLIO,BUY,1700,18596.9,INR
IN003884,NESTLEIND,Nestle India,BSE,FMCG,07-01-2020,23088.11,23913.39,23033.8,23881.49,24298.78,2585084,3807534.93,11.83,7.97,3.933,1.2725,23921.55,20802.33,5.1,NIFTY50_PORTFOLIO,BUY,367,17805.96,INR
IN003901,NESTLEIND,Nestle India,BSE,FMCG,07-01-2020,22361.02,23483,22292.3,23455.69,22725.82,3112627,16891255.61,71.28,2.63,2.18,1.418,23455.69,13285.82,1.2,MIDCAP_PORTFOLIO,BUY,1536,16913.98,INR
IN004018,POWERGRID,Power Grid Corporation,BSE,UTILITIES,07-01-2020,261.7,263.04,251.48,255.7,261.38,256182,62956.96,48,2.1,2.775,1.084,309.32,166.86,5.1,MIDCAP_PORTFOLIO,BUY,555,306.13,INR
IN004019,POWERGRID,Power Grid Corporation,BSE,UTILITIES,07-01-2020,243.88,247.99,238.45,243.88,246.53,1611461,203198.04,78.2,9.56,1.648,1.363,337.07,179.7,0,SECTORAL_PORTFOLIO,BUY,286,282.38,INR
IN003280,RELIANCE,Reliance Industries,NSE,ENERGY,07-01-2020,2149.07,2250.63,2139.22,2149.07,2197.74,1614214,598088.58,16.04,3.66,2.652,1.047,2527.49,1652.55,0.5,NIFTY50_PORTFOLIO,HOLD,1115,2516.12,INR
IN003716,TCS,Tata Consultancy Services,NSE,TECHNOLOGY,07-01-2020,3385.26,3475.6,3293.44,3299.06,3410.02,4315753,1196714.51,43.14,4.56,3.928,1.161,4548.09,2858.07,1.2,SECTORAL_PORTFOLIO,SELL,1096,4044.48,INR
IN003739,TCS,Tata Consultancy Services,NSE,TECHNOLOGY,07-01-2020,3426.63,3505.5,3300.69,3364.29,3455.79,552969,2924894.18,75.04,4.34,1.778,0.751,3801.31,2121.31,2.3,SECTORAL_PORTFOLIO,BUY,1947,3402.73,INR
IN003791,TCS,Tata Consultancy Services,NSE,TECHNOLOGY,07-01-2020,3484.47,3828.65,3443.24,3721.72,3750.62,3802959,1065657.23,54.73,7.44,3.275,1.432,4290.39,2624.82,5.1,SECTORAL_PORTFOLIO,HOLD,97,2775.3,INR
IN003799,TCS,Tata Consultancy Services,NSE,TECHNOLOGY,07-01-2020,3460.51,3464.15,3264.28,3269.88,3227.66,373087,1542558.34,43.14,7.07,1.696,1.192,4707.53,3036.55,2.3,SECTORAL_PORTFOLIO,HOLD,1707,2863.85,INR
IN003817,TCS,Tata Consultancy Services,NSE,TECHNOLOGY,07-01-2020,3625.56,3802.73,3579.31,3781.16,3904.03,1498943,2581478.29,71.39,14.61,1.898,1.758,4051.58,2887.21,0,NIFTY50_PORTFOLIO,BUY,522,3259,INR
IN003840,TCS,Tata Consultancy Services,NSE,TECHNOLOGY,07-01-2020,3565.88,3701.05,3544.79,3681.04,3667.37,1180124,2326714.91,43.14,1.42,3.912,1.578,3724.48,2892.41,1.2,SECTORAL_PORTFOLIO,BUY,829,3906.64,INR
IN003921,TCS,Tata Consultancy Services,NSE,PHARMACEUTICALS,07-01-2020,3349.43,3419.33,3267.75,3386.6,3445.17,2373145,2374616.28,46.18,2.96,3.605,1.477,4486.04,2864.4,2.3,NIFTY50_PORTFOLIO,BUY,806,3898.66,INR
IN003952,TCS,Tata Consultancy Services,NSE,TECHNOLOGY,07-01-2020,3580.82,3803.92,3504.13,3580.82,3776.96,3255181,1932396.03,52.14,7.44,3.184,1.096,4852.34,3113.12,5.1,SECTORAL_PORTFOLIO,BUY,991,3377.27,INR
IN003956,TCS,Tata Consultancy Services,NSE,TECHNOLOGY,07-01-2020,3627.59,3858.93,3537.61,3854.35,3814.44,3966465,636558.9,76.19,5.77,2.138,1.423,4845.77,2283.66,1.2,NIFTY50_PORTFOLIO,BUY,73,2984.17,INR
IN003968,TCS,Tata Consultancy Services,NSE,TECHNOLOGY,07-01-2020,3449.74,3656.17,3397.6,3612.75,3507.14,84421,926937.98,28.22,12.43,1.561,1.119,4886.13,2748.93,0.5,SECTORAL_PORTFOLIO,BUY,797,3157.84,INR
IN003973,TCS,Tata Consultancy Services,NSE,TECHNOLOGY,07-01-2020,3464.22,3654.81,3394.45,3614.37,3682.6,942966,1989868.4,54.36,9.18,3.273,0.664,4253.87,2824.98,3.5,NIFTY50_PORTFOLIO,BUY,1635,3761.76,INR
IN000874,SUNPHARMA,Sun Pharmaceutical,BSE,PHARMACEUTICALS,09-01-2020,1195.69,1246.4,1183.32,1230.09,1187.36,1346592,592734.52,56.71,5.21,2.376,1.409,1429.69,775.49,2.3,NIFTY50_PORTFOLIO,BUY,335,1267.81,INR
IN000881,SUNPHARMA,Sun Pharmaceutical,BSE,PHARMACEUTICALS,09-01-2020,1165.48,1244.34,1155.17,1223.24,1218.81,2043783,917058.41,56.8,11.9,1.327,1.588,1274.71,991.11,0.5,SECTORAL_PORTFOLIO,BUY,996,1027.22,INR
IN001178,AXISBANK,Axis Bank,BSE,FINANCE,10-01-2020,1154.4,1184.91,1145.71,1172.93,1150.6,2394048,243613.77,28.1,2.92,1.933,1.298,1344.28,899.89,5.1,MIDCAP_PORTFOLIO,SELL,857,1015.04,INR
IN001197,AXISBANK,Axis Bank,BSE,FINANCE,10-01-2020,1063.27,1082.2,967.98,990.48,979.23,2069590,144527.2,14.14,1.16,2.743,0.606,1303.61,948.03,2.3,NIFTY50_PORTFOLIO,BUY,1632,1220.17,INR
IN001206,AXISBANK,Axis Bank,BSE,FINANCE,10-01-2020,1063.69,1067.2,967.7,997.07,1014.31,721118,124799.61,39.77,2.94,2.895,0.913,1362.38,824.28,0.5,NIFTY50_PORTFOLIO,BUY,1851,1036.46,INR
IN003892,BHARTIARTL,Bharti Airtel,NSE,TELECOMMUNICATION,10-01-2020,913.88,979.52,909.97,965.05,995.86,1943589,791627.22,12.46,6.05,3.986,1.472,965.05,758.86,3.5,MIDCAP_PORTFOLIO,HOLD,154,706.81,INR
IN003922,BHARTIARTL,Bharti Airtel,NSE,TELECOMMUNICATION,10-01-2020,898.08,916.98,882.89,907.97,892.26,2247337,701596.04,30.79,9.92,2.509,1.531,1199.16,608.7,0,NIFTY50_PORTFOLIO,SELL,1766,715.79,INR
IN000884,SUNPHARMA,Sun Pharmaceutical,BSE,PHARMACEUTICALS,10-01-2020,1153.61,1155.04,1105.79,1134.05,1088.71,4406475,664510.11,72.58,6.52,3.944,1.019,1454.67,850.58,1.2,MIDCAP_PORTFOLIO,SELL,1344,937.75,INR
IN000920,SUNPHARMA,Sun Pharmaceutical,BSE,PHARMACEUTICALS,10-01-2020,1240.5,1288.45,1236.66,1240.5,1234.81,3509958,1130571.07,76.48,6.82,2.586,0.601,1600.41,906.66,1.2,SECTORAL_PORTFOLIO,BUY,1357,1448.38,INR
IN001394,TCS,Tata Consultancy Services,NSE,TECHNOLOGY,10-01-2020,3508.19,3720.7,3452.23,3709.3,3580.41,4438286,2277422.94,62.13,1.87,2.735,0.468,3944.54,2239.98,0.5,MIDCAP_PORTFOLIO,BUY,964,3538.27,INR
IN001414,TCS,Tata Consultancy Services,NSE,TECHNOLOGY,10-01-2020,3629.96,3664.04,3500.72,3590.87,3520.41,4892550,1183641.95,34.92,11.18,1.964,1.705,4769.35,3159.74,5.1,MIDCAP_PORTFOLIO,BUY,200,3791.77,INR
IN001425,TCS,Tata Consultancy Services,NSE,TECHNOLOGY,10-01-2020,3432.12,3617.89,3394.65,3597.16,3543.78,1441814,2125472.33,60.74,6.82,0.676,1.035,4197.11,2503.99,2.3,SECTORAL_PORTFOLIO,BUY,473,4202.28,INR
IN001436,TCS,Tata Consultancy Services,NSE,TECHNOLOGY,10-01-2020,3599.13,3713.36,3502.34,3599.13,3579.24,4571254,2982527.18,10.55,4.71,2.299,1.036,4056.06,2259.74,0,SECTORAL_PORTFOLIO,BUY,1506,4269.06,INR
IN001450,TCS,Tata Consultancy Services,NSE,TECHNOLOGY,10-01-2020,3612.19,3615.34,3469.16,3548.16,3613.79,4949789,2088562.08,70.58,4.32,2.504,1.859,4374.31,2434.77,3.5,SECTORAL_PORTFOLIO,BUY,182,4315.92,INR
IN001461,TCS,Tata Consultancy Services,NSE,TECHNOLOGY,10-01-2020,3465.78,3486.85,3345.1,3423.08,3491.72,3964080,2019157.84,37.57,8.26,2.342,1.523,4687.03,2556.33,3.5,MIDCAP_PORTFOLIO,BUY,1091,3258.94,INR
IN001479,TCS,Tata Consultancy Services,NSE,TECHNOLOGY,10-01-2020,3667.16,4013.79,3657.13,3667.16,4047.28,3195418,1932396.03,76.93,1.44,0.954,1.081,3894.29,2886.25,5.1,MIDCAP_PORTFOLIO,BUY,1932,3433.19,INR
IN001498,TCS,Tata Consultancy Services,NSE,TECHNOLOGY,10-01-2020,3510.52,3752.09,3462.07,3712.82,3792.32,2373145,1351573.61,47.3,13.7,0.92,1.98,3804.43,2213.61,0.5,SECTORAL_PORTFOLIO,BUY,1397,3269.32,INR
IN000041,HDFCBANK,HDFC Bank,NSE,FINANCE,12-01-2020,1572.41,1639.9,1541.03,1609.35,1570.28,1284002,168616.89,18.74,7.08,1.972,0.622,2218.93,1032,5.1,NIFTY50_PORTFOLIO,HOLD,168,1677.76,INR
IN001272,HINDUNILVR,Hindustan Unilever,NSE,FMCG,12-01-2020,2609.67,2620.58,2452.83,2455.43,2484.26,1925728,554995.72,70.04,3.02,2.931,1.153,2917.41,2052.33,2.3,MIDCAP_PORTFOLIO,BUY,463,2201.06,INR
IN001314,HINDUNILVR,Hindustan Unilever,NSE,FMCG,12-01-2020,2498.63,2499.57,2369.91,2498.63,2437.7,4440622,1169004.22,22.09,10.23,3.798,0.424,3287.9,2335.07,3.5,NIFTY50_PORTFOLIO,SELL,415,2774.46,INR
IN001392,HINDUNILVR,Hindustan Unilever,NSE,FMCG,12-01-2020,2474.57,2505.41,2261.63,2320.42,2249.49,1895869,479399.01,37.89,1.87,3.44,1.398,3070.76,1561.32,5.1,NIFTY50_PORTFOLIO,BUY,298,2162.18,INR
IN001429,HINDUNILVR,Hindustan Unilever,NSE,FMCG,12-01-2020,2486.35,2524.61,2361.99,2408.22,2322.22,2201200.5,2491175.35,31.82,9.32,0.733,1.7,3112.61,2369.42,3.5,NIFTY50_PORTFOLIO,BUY,973,2504.89,INR
IN000441,ICICIBANK,ICICI Bank,NSE,FINANCE,12-01-2020,974.74,1043.5,956.26,1033.04,1070.51,487919,75935.55,78.22,10.03,2.985,0.539,1173.91,730.9,1.2,SECTORAL_PORTFOLIO,HOLD,669,1008.94,INR
IN000461,ICICIBANK,ICICI Bank,NSE,FINANCE,12-01-2020,997.16,1004.77,939.13,951.33,982.53,3254112,778403.87,44.73,4.68,3.658,1.04,1095.31,806.04,0.5,SECTORAL_PORTFOLIO,BUY,934,863.43,INR
IN000480,ICICIBANK,ICICI Bank,NSE,FINANCE,12-01-2020,981.83,993.31,970.1,970.37,987.65,1668850,877545.36,47.71,7.2,1.69,1.189,1319.34,611.4,0.5,MIDCAP_PORTFOLIO,HOLD,139,859.61,INR
IN000487,ICICIBANK,ICICI Bank,NSE,FINANCE,12-01-2020,929.37,929.37,846.54,865.86,874.55,1343893,212973.59,51.84,2.45,2.922,1.903,1301.06,703.75,5.1,SECTORAL_PORTFOLIO,BUY,1398,910.4,INR
IN000491,ICICIBANK,ICICI Bank,NSE,FINANCE,12-01-2020,930.41,953,847.36,873.51,845.32,1995867,497021.16,17.34,11.44,3.818,1.4,1022.23,638.85,3.5,NIFTY50_PORTFOLIO,BUY,1591,901.73,INR
IN000496,ICICIBANK,ICICI Bank,NSE,FINANCE,12-01-2020,920.77,961.54,911.89,920.77,935.07,4944350,374763.66,37.76,2.71,0.849,0.602,1316,643.92,5.1,NIFTY50_PORTFOLIO,HOLD,1936,1180.1,INR
IN002180,NESTLEIND,Nestle India,BSE,FMCG,12-01-2020,22028.3,23604.13,21485.66,23031.25,22856.67,850630,3772223.16,44.3,14.1,0.255,1.722,24025.66,18968.3,2.3,NIFTY50_PORTFOLIO,SELL,759,18398.13,INR
IN003131,NTPC,NTPC Limited,NSE,UTILITIES,12-01-2020,347.01,356.27,322.04,330.38,321.51,1738917,179918,19.75,14.93,1.254,1.872,384.18,279.31,5.1,MIDCAP_PORTFOLIO,BUY,1276,418.56,INR
IN003131,NTPC,NTPC Limited,NSE,TECHNOLOGY,12-01-2020,347.01,356.27,322.04,330.38,321.51,1738917,179918,19.75,14.93,1.254,1.872,384.18,279.31,5.1,MIDCAP_PORTFOLIO,BUY,1276,418.56,INR
IN003134,NTPC,NTPC Limited,NSE,UTILITIES,12-01-2020,355.77,378.42,347.44,376.53,385.38,321846,179918,36.8,13.3,2.524,0.605,422.65,332.33,1.2,NIFTY50_PORTFOLIO,SELL,1642,421.88,INR
IN003141,NTPC,NTPC Limited,NSE,UTILITIES,12-01-2020,346.99,354.8,334.29,343.97,347.18,1111143,74813.86,42.27,5.21,2.128,0.662,384.54,298.76,5.1,MIDCAP_PORTFOLIO,HOLD,869,289.39,INR
IN003151,NTPC,NTPC Limited,NSE,UTILITIES,12-01-2020,365.93,385.02,356.88,380.38,387.34,496278,179918,40.435,4.47,1.025,1.153,464.73,228.64,2.3,SECTORAL_PORTFOLIO,BUY,157,366.11,INR
IN003171,NTPC,NTPC Limited,NSE,UTILITIES,12-01-2020,352.85,380.29,349.11,371.77,375.36,3565039,39175.54,40.435,1.89,0.446,0.901,385.34,275.52,0.5,NIFTY50_PORTFOLIO,SELL,628,345.01,INR
IN004218,TCS,Tata Consultancy Services,NSE,TECHNOLOGY,12-01-2020,3376.97,3451,3224.18,3265.91,3217.01,385258,1336557.36,13.91,7.76,1.822,1.201,3732.06,3219.59,0,MIDCAP_PORTFOLIO,BUY,296,4037.79,INR
IN004318,ICICIBANK,ICICI Bank,NSE,FINANCE,01-02-2020,990.95,1011.61,932.59,959.4,979.99,3705384,240198.38,68.22,6.99,0.638,0.981,1324.45,638.28,0.5,MIDCAP_PORTFOLIO,BUY,1914,955.65,INR
IN004352,ICICIBANK,ICICI Bank,NSE,FINANCE,01-02-2020,924.64,985.47,912.04,961.55,961.84,1663729,670010.24,15.97,9.13,2.779,1.088,1094.69,602.76,3.5,SECTORAL_PORTFOLIO,SELL,1531,1017.21,INR
IN004391,ICICIBANK,ICICI Bank,NSE,FINANCE,01-02-2020,938.06,948.27,909.64,934.6,909.91,4254772,556864.64,9.23,10.8,1.382,1.369,1030.56,826.47,3.5,NIFTY50_PORTFOLIO,HOLD,1096,1171.78,INR
IN004921,TCS,Tata Consultancy Services,NSE,TECHNOLOGY,01-02-2020,3416.81,3613.25,3321.14,3592.26,3644.61,2981173,2721765.23,8.96,14.61,3.788,0.985,4697.76,2771.45,2.3,SECTORAL_PORTFOLIO,SELL,1212,2870.13,INR
IN004187,TITAN,Titan Company,BSE,CONSUMER GOODS,01-02-2020,3430.36,3597.28,3378.05,3544.62,3455.53,2142041,384884.72,36.55,13.49,2.126,0.475,4150.27,2354.32,3.5,SECTORAL_PORTFOLIO,BUY,1116,3736.04,INR
IN004157,HINDUNILVR,Hindustan Unilever,NSE,FMCG,03-02-2020,2472.52,2496.09,2353.47,2412.45,2374.38,2076974,2107806.47,74.58,13.38,2.462,1.28,2934.33,2010.22,3.5,SECTORAL_PORTFOLIO,BUY,1696,2236.85,INR
IN004183,HINDUNILVR,Hindustan Unilever,NSE,FMCG,03-02-2020,2462.15,2579.48,2443.04,2524.84,2438.17,582012,1151295.28,32.66,9.09,1.653,1.472,2711.64,2210.72,0.5,NIFTY50_PORTFOLIO,BUY,1872,2560.97,INR
IN004195,HINDUNILVR,Hindustan Unilever,NSE,FMCG,03-02-2020,2531.5,2617.66,2477.29,2543.15,2526.14,1495058,870098.1,52.89,12.9,2.856,1.325,2709.81,2192.26,5.1,SECTORAL_PORTFOLIO,HOLD,182,2728.5,INR
IN004204,HINDUNILVR,Hindustan Unilever,NSE,FMCG,03-02-2020,2397.38,2441.56,2203.64,2397.38,2353.5,3168370,1300471.84,72.38,12.43,2.648,1.459,3277.38,1611.95,1.2,NIFTY50_PORTFOLIO,BUY,574,3066.21,INR
IN003205,KOTAKBANK,Kotak Mahindra Bank,NSE,FINANCE,03-02-2020,1747.49,1832.23,1707.81,1818.8,1886.24,3469886,408820.33,21.27,7.06,0.872,1.505,1928.34,1099.89,5.1,MIDCAP_PORTFOLIO,BUY,963,1464.41,INR
IN003234,KOTAKBANK,Kotak Mahindra Bank,NSE,FINANCE,03-02-2020,1837.43,1854.53,1725.09,1734.24,1757.85,3011820,1692775.01,47.04,14.17,2.214,1.2315,2436.66,1655.6,0.5,SECTORAL_PORTFOLIO,BUY,212,1521.82,INR
IN003250,KOTAKBANK,Kotak Mahindra Bank,NSE,FINANCE,03-02-2020,1721.25,1768.78,1656.21,1721.25,1750.59,3450013,1249952.37,51.39,11.35,3.315,1.725,1916.49,1419.57,1.2,SECTORAL_PORTFOLIO,SELL,932,1575.69,INR
IN003266,KOTAKBANK,Kotak Mahindra Bank,NSE,FINANCE,03-02-2020,1790.84,1795.29,1699.48,1704.2,1684.72,1786192,1580690.97,76.6,1.08,3.436,1.117,2442.24,1181.15,2.3,SECTORAL_PORTFOLIO,BUY,175,1671.73,INR
IN003432,KOTAKBANK,Kotak Mahindra Bank,NSE,FINANCE,03-02-2020,1756.06,1866.37,1736.2,1821.97,1858.88,2248568,1293361.3,48.31,6.03,1.513,0.955,1941.56,1666.76,0,SECTORAL_PORTFOLIO,BUY,904,1872.31,INR
IN003550,KOTAKBANK,Kotak Mahindra Bank,NSE,FINANCE,03-02-2020,1741.6,1844.58,1699.76,1831.24,1768.9,4670534,1645080.01,19.29,13.06,2.362,1.2315,2076.04,1092.12,2.3,SECTORAL_PORTFOLIO,BUY,680,1811.13,INR
IN003577,KOTAKBANK,Kotak Mahindra Bank,NSE,FINANCE,03-02-2020,1817.8,1879.85,1775.72,1869.82,1858.89,4795049,416011.73,71.14,6.86,0.817,1.648,2432.88,1191.39,5.1,MIDCAP_PORTFOLIO,BUY,1327,1575.59,INR
IN003916,KOTAKBANK,Kotak Mahindra Bank,NSE,FINANCE,03-02-2020,1798.54,1892.55,1769.54,1879.98,1833.91,2824831,1522060.16,20.08,5.76,3.795,1.588,2230.61,1272.75,5.1,NIFTY50_PORTFOLIO,HOLD,1163,1823.45,INR
IN003917,KOTAKBANK,Kotak Mahindra Bank,NSE,FINANCE,03-02-2020,1851.17,1906.39,1719.5,1761.57,1747.44,4066701,615403.75,74.15,3.06,2.118,1.2315,2177.25,1491.78,5.1,SECTORAL_PORTFOLIO,SELL,1348,1488.49,INR
IN003978,KOTAKBANK,Kotak Mahindra Bank,NSE,FINANCE,03-02-2020,1797.39,1797.46,1766.17,1781.63,1728.35,2824831,1031550.62,26.17,2.22,2.616,1.066,2381.11,1318.13,5.1,SECTORAL_PORTFOLIO,BUY,1089,1474.56,INR
IN004013,KOTAKBANK,Kotak Mahindra Bank,NSE,FINANCE,03-02-2020,1712.04,1736.35,1696.93,1724,1753.99,2026577,678158.94,31.82,13.57,2.823,1.067,2439.9,1380.96,0.5,NIFTY50_PORTFOLIO,BUY,1986,1486.5,INR
IN004014,KOTAKBANK,Kotak Mahindra Bank,NSE,FINANCE,03-02-2020,1808.75,1823.01,1743.57,1765.95,1835.54,472192,1511259.31,15.1,3.52,2.332,1.799,2487.59,1245.01,0.5,MIDCAP_PORTFOLIO,BUY,874,1960.52,INR
IN004089,KOTAKBANK,Kotak Mahindra Bank,NSE,FINANCE,03-02-2020,1815.78,1970.74,1801.47,1938.28,1938.12,273819,817941.83,34.85,1.75,1.981,1.2315,2490.59,1224.21,3.5,SECTORAL_PORTFOLIO,SELL,1973,1491.17,INR
IN002267,NESTLEIND,Nestle India,BSE,FMCG,03-02-2020,22298.39,23316.38,21788.61,22868.57,22309.88,2155320,9555629.03,18.43,13.19,0.574,1.184,30043.87,19973.42,5.1,MIDCAP_PORTFOLIO,BUY,496,21855.81,INR
IN002274,NESTLEIND,Nestle India,BSE,FMCG,03-02-2020,21201.52,22219.29,20765.52,21898.18,21368.67,996515,7668375.75,20.08,6.85,1.93,1.221,29055.46,20362.02,0,SECTORAL_PORTFOLIO,BUY,80,23317.37,INR
IN002613,POWERGRID,Power Grid Corporation,BSE,UTILITIES,03-02-2020,243.59,253.25,241.22,251.16,259.68,793206,61622.72,50.43,13.25,3.607,1.96,278.68,230.36,2.3,NIFTY50_PORTFOLIO,BUY,1002,233.89,INR
IN002628,POWERGRID,Power Grid Corporation,BSE,UTILITIES,03-02-2020,246.12,252.93,241.17,247.81,238.09,2809897,47927.92,18.79,10.68,1.903,1.457,300.29,195.45,5.1,NIFTY50_PORTFOLIO,SELL,796,257.68,INR
IN002648,POWERGRID,Power Grid Corporation,BSE,UTILITIES,03-02-2020,254.11,257.16,246.47,252.31,258.78,3200491,135070.17,10.2,8.885,1.994,0.982,340.64,189.68,2.3,NIFTY50_PORTFOLIO,BUY,1737,225.31,INR
IN004619,HDFCBANK,HDFC Bank,NSE,FINANCE,04-02-2020,1656.76,1814.84,1633.68,1772.5,1714.3,559198,719449.41,15.57,9.72,0.099,0.752,1858.11,1103.89,2.3,NIFTY50_PORTFOLIO,BUY,759,1255.81,INR
IN004629,HDFCBANK,HDFC Bank,NSE,FINANCE,04-02-2020,1625.9,1659.97,1617.3,1638.79,1598.55,2613238,798950.83,38.91,14.31,0.577,1.394,1731.42,1519.93,0.5,MIDCAP_PORTFOLIO,HOLD,1900,1557.25,INR
IN004638,HDFCBANK,HDFC Bank,NSE,FINANCE,04-02-2020,1628.84,1737.79,1619.14,1694.13,1638.28,4700837,1206720.84,65.31,1.39,3.616,1.57,1750.04,1096.81,0,NIFTY50_PORTFOLIO,BUY,1988,1765.67,INR
IN004662,HDFCBANK,HDFC Bank,NSE,FINANCE,04-02-2020,1677.51,1717.18,1645.36,1684.85,1637.02,2576491,1539580.65,60.31,1.94,1.979,0.6,1795.42,1093.9,5.1,NIFTY50_PORTFOLIO,BUY,283,1654.22,INR
IN004684,HDFCBANK,HDFC Bank,NSE,FINANCE,04-02-2020,1611.39,1615.63,1515.8,1521.13,1504.14,2120778,242191.91,41.99,4.04,3.677,0.58,2172.99,1218.41,5.1,SECTORAL_PORTFOLIO,BUY,1497,1742.83,INR
IN004754,HDFCBANK,HDFC Bank,NSE,FINANCE,04-02-2020,1642.13,1643.67,1622.4,1631.19,1634.83,1217323,675475.79,15.98,4.47,3.3,0.742,1980.83,1400.8,0.5,SECTORAL_PORTFOLIO,BUY,1483,1334.03,INR
IN004758,HDFCBANK,HDFC Bank,NSE,FINANCE,04-02-2020,1663.66,1723.07,1624.05,1698.02,1698.84,897696,508188.51,51.65,8.63,2.642,1.725,1986.72,1219.58,5.1,NIFTY50_PORTFOLIO,BUY,1925,1380.92,INR
IN003270,TCS,Tata Consultancy Services,NSE,TECHNOLOGY,04-02-2020,3588.82,3679.61,3540.18,3542.16,3494.64,2323717,2516824.72,49.1,8.7,3.246,1.218,4739.06,2647,0.5,SECTORAL_PORTFOLIO,BUY,1380,3825.76,INR
IN002958,SUNPHARMA,Sun Pharmaceutical,BSE,PHARMACEUTICALS,06-02-2020,1246.65,1247.14,1230.83,1246.39,1288.69,4242236,91888.38,12.56,5.93,0.723,1.031,1458.06,765.95,3.5,MIDCAP_PORTFOLIO,BUY,1587,1184.46,INR
IN002995,SUNPHARMA,Sun Pharmaceutical,BSE,PHARMACEUTICALS,06-02-2020,1140.15,1189.74,1114.18,1159.46,1188.33,2905442,1153243.96,9.65,13.89,2.373,1.139,1518.41,978.66,1.2,MIDCAP_PORTFOLIO,BUY,1697,1448.23,INR
IN000660,HCLTECH,HCL Technologies,NSE,TECHNOLOGY,07-02-2020,1537.5,1633.27,1517.91,1609.11,1552.57,207422,1000933.17,54.55,9.98,1.444,0.61,1609.11,1282.44,1.2,SECTORAL_PORTFOLIO,BUY,667,1417.89,INR
IN000026,RELIANCE,Reliance Industries,NSE,ENERGY,07-02-2020,2158.42,2175.98,2157.34,2166.51,2182.81,3300241,1755632.63,31.56,1.39,2.134,1.558,2863.53,1728.89,0.5,SECTORAL_PORTFOLIO,SELL,836,2515.6,INR
IN000100,RELIANCE,Reliance Industries,NSE,ENERGY,07-02-2020,2250.43,2382.98,2219.01,2333.69,2403.84,150041,2124627.23,20.02,6.07,2.761,0.91,2546.03,2032.72,3.5,MIDCAP_PORTFOLIO,BUY,1641,2395.1,INR
IN000105,RELIANCE,Reliance Industries,NSE,ENERGY,07-02-2020,2099.97,2288.51,2065.2,2242.83,2239.47,1292538,141072.16,41.16,4.67,3.371,1.74,2560.55,1648.93,3.5,NIFTY50_PORTFOLIO,BUY,1196,1905.18,INR
IN000115,RELIANCE,Reliance Industries,NSE,ENERGY,07-02-2020,2100.7,2118.37,1968.14,2007.96,2006.34,266006,928225.78,58.32,1.61,2.941,1.042,2383.3,1928.2,5.1,SECTORAL_PORTFOLIO,HOLD,632,1993.09,INR
IN002161,AXISBANK,Axis Bank,BSE,FINANCE,09-02-2020,1059.67,1082.74,1014.36,1036.85,1061.53,101376,871925.48,34.59,8.26,1.791,1.259,1311.02,674.56,3.5,NIFTY50_PORTFOLIO,HOLD,1423,900.89,INR
IN002195,AXISBANK,Axis Bank,BSE,FINANCE,09-02-2020,1058.69,1132.2,1051.07,1128.24,1145.24,1886541,582976.2,65.66,7.24,3.225,1.336,1514.22,847.75,0.5,MIDCAP_PORTFOLIO,BUY,431,1060.21,INR
IN002217,AXISBANK,Axis Bank,BSE,FINANCE,09-02-2020,1101.55,1154.68,1074.89,1139.45,1119.95,1017174,1073978.63,14.02,9.98,0.746,1.94,1238.83,770.18,1.2,MIDCAP_PORTFOLIO,BUY,668,1224.19,INR
IN002102,BHARTIARTL,Bharti Airtel,NSE,TELECOMMUNICATION,09-02-2020,900.87,912.61,824.46,838.36,846.7,1373173,178645.91,57.37,14.46,3.224,1.835,1092.61,819.59,1.2,MIDCAP_PORTFOLIO,BUY,1231,781.85,INR
IN002137,BHARTIARTL,Bharti Airtel,NSE,TELECOMMUNICATION,09-02-2020,906.32,910.46,877.6,900.67,908.37,280876,423565.99,66.69,4.4,2.056,0.563,1199.76,541.65,0,MIDCAP_PORTFOLIO,HOLD,1039,1012.13,INR
IN002168,BHARTIARTL,Bharti Airtel,NSE,TELECOMMUNICATION,09-02-2020,857.92,879.47,797.48,813.63,834.29,2162502,235774.61,11.78,3.82,0.327,1.465,1173.05,702.67,2.3,SECTORAL_PORTFOLIO,BUY,785,735.89,INR
IN002246,BHARTIARTL,Bharti Airtel,NSE,TELECOMMUNICATION,09-02-2020,879.4,892.4,828.17,852.81,883.82,866861,637280.31,60.48,1.25,3.779,0.552,971.1,704.67,1.2,SECTORAL_PORTFOLIO,BUY,1370,873.69,INR
IN004361,HINDUNILVR,Hindustan Unilever,NSE,FMCG,09-02-2020,2583.06,2586.21,2466.75,2505.37,2574,1011091,1942886.73,35.22,10.47,2.084,1.721,2801.51,1956.97,5.1,SECTORAL_PORTFOLIO,SELL,598,2005.27,INR
IN004527,HINDUNILVR,Hindustan Unilever,NSE,FMCG,09-02-2020,2471.29,2592.74,2455.69,2535.27,2490.99,2446526,1010223.21,47.31,13.37,2.588,1.443,3059.58,1839.07,0,NIFTY50_PORTFOLIO,BUY,1636,2788.55,INR
IN004534,HINDUNILVR,Hindustan Unilever,NSE,FMCG,09-02-2020,2415.63,2461.24,2248.27,2248.44,2254.19,2631493,173566.98,8.87,7.85,2.071,1.272,3014.03,2248.44,2.3,SECTORAL_PORTFOLIO,BUY,848,2877.55,INR
IN004605,AXISBANK,Axis Bank,BSE,FINANCE,10-02-2020,1090.67,1137.87,1062.8,1107.69,1135.23,2504264,742666.33,17.25,13.28,3.858,1.993,1486.04,869.68,0.5,SECTORAL_PORTFOLIO,BUY,788,1369.35,INR
IN004624,AXISBANK,Axis Bank,BSE,FINANCE,10-02-2020,1089.57,1101.87,999.89,1028.62,1050.84,2593239,467605.44,33.49,10.51,0.285,1.456,1256.13,998,1.2,NIFTY50_PORTFOLIO,BUY,1253,1239.37,INR
IN003711,HCLTECH,HCL Technologies,NSE,TECHNOLOGY,10-02-2020,1525.85,1566.46,1391.81,1429.29,1409.37,4485638,1288075.78,14.63,9.94,0.333,0.555,1765.93,1162.58,5.1,NIFTY50_PORTFOLIO,BUY,847,1134.16,INR
IN004426,POWERGRID,Power Grid Corporation,BSE,UTILITIES,10-02-2020,250.68,257.48,248.05,250.68,254.55,1141989,63428.13,74.33,10.13,3.696,1.054,288.31,215.62,1.2,MIDCAP_PORTFOLIO,BUY,586,312.48,INR
IN000248,SUNPHARMA,Sun Pharmaceutical,BSE,PHARMACEUTICALS,10-02-2020,1153.21,1243.36,1144.61,1220.7,1193.94,4082744,1084671.83,49.04,5.27,1.791,1.095,1489.67,991.46,1.2,NIFTY50_PORTFOLIO,HOLD,745,1098.76,INR
IN000273,SUNPHARMA,Sun Pharmaceutical,BSE,PHARMACEUTICALS,10-02-2020,1254.42,1299.967927,1193.95,1193.95,1197.23,2658789,611604.57,31.9,3.85,1.149,1.157,1483.94,1018.76,1.2,SECTORAL_PORTFOLIO,BUY,237,1380.75,INR
IN000274,SUNPHARMA,Sun Pharmaceutical,BSE,PHARMACEUTICALS,10-02-2020,1245.79,1275.44,1207.36,1226.94,1262.88,2616174,467644.39,65.08,10.52,3.144,0.82,1645.15,1054.17,1.2,NIFTY50_PORTFOLIO,BUY,1907,1179.16,INR
IN000280,SUNPHARMA,Sun Pharmaceutical,BSE,PHARMACEUTICALS,10-02-2020,1151.39,1158.83,1086.61,1092.83,1111.05,4603353,932264.87,76.98,8.72,2.2445,0.673,1441.33,933.88,0,NIFTY50_PORTFOLIO,HOLD,1604,1444.73,INR
IN001560,HCLTECH,HCL Technologies,NSE,TECHNOLOGY,11-02-2020,1484.8,1575.04,1440.43,1551.42,1609.19,1809069,612118.47,21.9,12.21,1.132,1.018,1693.99,1361.65,3.5,NIFTY50_PORTFOLIO,BUY,1554,1460.84,INR
IN001598,HCLTECH,HCL Technologies,NSE,TECHNOLOGY,11-02-2020,1431.41,1455.75,1360.58,1392.4,1401.48,1415750,1151395.22,41.4,1.99,3.064,1.453,1721.81,930.69,0.5,NIFTY50_PORTFOLIO,HOLD,1356,1863.72,INR
IN001674,HCLTECH,HCL Technologies,NSE,TECHNOLOGY,11-02-2020,1531.9,1575.58,1518.76,1547.89,1510.94,4614606,1143161.96,77.72,11.41,1.836,1.458,1973.85,1373.45,3.5,SECTORAL_PORTFOLIO,HOLD,102,1541.44,INR
IN001690,HCLTECH,HCL Technologies,NSE,TECHNOLOGY,11-02-2020,1506.82,1621.69,1470.03,1605.74,1572.56,391200,449117.55,12.69,10.76,2.021,1.507,1840.38,1378.14,1.2,NIFTY50_PORTFOLIO,BUY,1407,1356.18,INR
IN001814,HCLTECH,HCL Technologies,NSE,TECHNOLOGY,11-02-2020,1564.29,1620.32,1561.84,1587.09,1535.96,3702948,165352.59,65.2,8.71,3.542,1.598,1775.82,1209.88,0.5,MIDCAP_PORTFOLIO,HOLD,407,1412.86,INR
IN000172,TECHM,Tech Mahindra,NSE,TECHNOLOGY,11-02-2020,1337.27,1369.93,1326.57,1337.31,1285.99,1378802,934131.37,22.12,1.1,2.502,1.46,1643.9,1128.23,5.1,NIFTY50_PORTFOLIO,BUY,38,1586.56,INR
IN000226,TECHM,Tech Mahindra,NSE,TECHNOLOGY,11-02-2020,1317.98,1353.68,1203.29,1234.26,1283.3,3656006,1281502.27,68.44,3.28,3.511,1.404,1686.33,943.75,0.5,SECTORAL_PORTFOLIO,HOLD,1929,1470.89,INR
IN002478,BAJFINANCE,Bajaj Finance,NSE,NBFC,12-02-2020,6660.25,7264.87,6651.54,7056.19,6776.97,75437,2211300.9,44.36,3.73,1.056,1.038,9621.88,6252.04,5.1,SECTORAL_PORTFOLIO,BUY,1738,7588.02,INR
IN002490,BAJFINANCE,Bajaj Finance,NSE,NBFC,12-02-2020,7288.14,7420.43,6656.56,6850.87,6851.34,3822311,2115451.74,22.53,4.73,3.711,1.233,7685.47,4466.38,1.2,MIDCAP_PORTFOLIO,BUY,617,5843.55,INR
IN002492,BAJFINANCE,Bajaj Finance,NSE,NBFC,12-02-2020,6765.79,7112.61,6749.52,6997.44,7007.95,4514760,4696165.59,58.4,14.23,1.856,0.98,7814.55,5747.78,0,MIDCAP_PORTFOLIO,BUY,1312,6726.82,INR
IN002510,BAJFINANCE,Bajaj Finance,NSE,NBFC,12-02-2020,6978.34,6985.53,6693.26,6834.86,7036.24,699611,2754797.35,38.25,8.97,2.127,1.707,8687.48,5754.24,2.3,MIDCAP_PORTFOLIO,BUY,1529,6861.31,INR
IN002528,BAJFINANCE,Bajaj Finance,NSE,NBFC,12-02-2020,6810.58,7196.32,6608.87,7095.23,7070.66,1818703,605368.64,44.36,9.04,1.227,1.352,8817.24,5479.92,2.3,SECTORAL_PORTFOLIO,BUY,537,6902.23,INR
IN003235,POWERGRID,Power Grid Corporation,BSE,UTILITIES,12-02-2020,255.34,255.88,235.61,241.65,244.28,2826502,31887.52,45.18,1.37,2.241,0.53,316.38,234.1,0.5,SECTORAL_PORTFOLIO,BUY,1568,295.53,INR
IN003239,POWERGRID,Power Grid Corporation,BSE,UTILITIES,12-02-2020,241.1,243.86,240.83,242.93,236.97,4603837,236366.48,37.63,8,1.529,1.578,283.08,201.38,3.5,NIFTY50_PORTFOLIO,BUY,232,291.15,INR
IN003267,POWERGRID,Power Grid Corporation,BSE,UTILITIES,12-02-2020,257.41,275.24,257.27,269.04,264.11,4081143,79423.99,23.91,6.62,1.968,0.903,347.8,209.63,5.1,MIDCAP_PORTFOLIO,BUY,1996,288.33,INR
IN003315,POWERGRID,Power Grid Corporation,BSE,UTILITIES,12-02-2020,253.18,260.87,252.97,260.58,256.99,4022190,234844.97,45.18,8.54,1.933,1.833,349.87,181.5,3.5,SECTORAL_PORTFOLIO,BUY,54,263.61,INR
IN002831,ULTRACEMCO,UltraTech Cement,BSE,INFRASTRUCTURE,12-02-2020,9749.99,10217.66,9490.57,9928.07,10027.68,3272415,5757915.4,62.24,10.7,3.793,1.225,11251.17,7310.87,0.5,SECTORAL_PORTFOLIO,BUY,1234,10966.55,INR
IN004593,ADANIENT,Adani Enterprises,NSE,CONGLOMERATE,01-03-2020,2712.24,2733,2592.43,2664.71,2755.52,1235749,1465764.67,32.39,5.67,0.682,1.148,3048.18,1814.81,1.2,NIFTY50_PORTFOLIO,SELL,1378,3499.43,INR
IN000008,NESTLEIND,Nestle India,BSE,FMCG,01-03-2020,21746.57,22504.7,21242.63,21746.57,21789.13,1527177,13741724.98,22.28,13.84,2.182,1.532,25791.6,15979.4,2.3,MIDCAP_PORTFOLIO,BUY,1554,25443.72,INR
IN004759,SUNPHARMA,Sun Pharmaceutical,BSE,PHARMACEUTICALS,01-03-2020,1155.42,1171.66,1089.07,1096.6,1123.63,694338,626039.12,50.03,12.64,2.2445,1.698,1495.46,755.88,3.5,MIDCAP_PORTFOLIO,BUY,87,1051.71,INR
IN004789,SUNPHARMA,Sun Pharmaceutical,BSE,PHARMACEUTICALS,01-03-2020,1255.33,1359.59,1228.1,1331.76,1375.75,999505,708542.27,48.77,7.735,1.916,1.95,1409.35,744.77,0,SECTORAL_PORTFOLIO,SELL,1048,1118.8,INR
IN004803,SUNPHARMA,Sun Pharmaceutical,BSE,PHARMACEUTICALS,01-03-2020,1220.88,1321.04,1211.52,1305.44,1293.01,3615450,864950.05,20.48,1.29,1.283,0.514,1586.88,844.61,1.2,NIFTY50_PORTFOLIO,SELL,661,1264.95,INR
IN004828,SUNPHARMA,Sun Pharmaceutical,BSE,PHARMACEUTICALS,01-03-2020,1244.93,1267.06,1180.68,1214.12,1238.02,2466577,911458.1,53.23,1.92,0.122,1.247,1366.29,1031.29,1.2,SECTORAL_PORTFOLIO,BUY,1046,1279.09,INR
IN004866,SUNPHARMA,Sun Pharmaceutical,BSE,PHARMACEUTICALS,01-03-2020,1225.85,1307.66,1193.95,1291.51,1292.62,3780278,262407.63,21.79,4.8,3.034,1.687,1494.65,1061.43,0.5,MIDCAP_PORTFOLIO,BUY,299,1056.14,INR
IN004874,SUNPHARMA,Sun Pharmaceutical,BSE,PHARMACEUTICALS,01-03-2020,1254.17,1268.26,1216.76,1228.95,1244,2435816,990818.19,27.81,13.87,3.312,0.552,1607.35,1002.92,3.5,NIFTY50_PORTFOLIO,BUY,1710,1049.56,INR
IN003898,TITAN,Titan Company,BSE,CONSUMER GOODS,01-03-2020,3295.01,3320.05,3180.46,3263.29,3280.87,3730908,1098023.67,52.35,1.76,1.736,1.155,4167.48,2772.54,2.3,MIDCAP_PORTFOLIO,BUY,935,3688,INR
IN003932,TITAN,Titan Company,BSE,CONSUMER GOODS,01-03-2020,3564.6,3749.25,3470.93,3716.58,3641.25,4956041,2264043.59,73.17,14.99,0.818,0.525,3717.65,2126.32,0.5,SECTORAL_PORTFOLIO,SELL,1744,3971.38,INR
IN001513,HDFCBANK,HDFC Bank,NSE,FINANCE,02-03-2020,1561.54,1627.59,1545.58,1589.77,1529.39,2304386,284151.04,41.99,9.16,1.887,0.492,1682.53,1428.68,0.5,SECTORAL_PORTFOLIO,HOLD,1001,1252.46,INR
IN001514,HDFCBANK,HDFC Bank,NSE,FINANCE,02-03-2020,1520.26,1601.53,1495.9,1582.62,1577.34,3003787,1573279.3,27.66,8.14,0.216,0.911,2085.62,1299.17,1.2,SECTORAL_PORTFOLIO,BUY,1010,1639.7,INR
IN001804,HDFCBANK,HDFC Bank,NSE,FINANCE,02-03-2020,1652.43,1752.83,1614.11,1713.27,1655.44,2684995,194532.71,18.35,12.48,1.979,0.851,1786.32,1169.12,0,MIDCAP_PORTFOLIO,BUY,816,1522.73,INR
IN001745,MARUTI,Maruti Suzuki,BSE,AUTOMOBILE,02-03-2020,9945.96,10554.22,9779.01,10542.07,10897.44,2202689,5999384.85,68.63,9.97,1.369,0.972,13013.85,9465.3,1.2,MIDCAP_PORTFOLIO,BUY,514,9964.01,INR
IN004107,POWERGRID,Power Grid Corporation,BSE,UTILITIES,02-03-2020,244.1,261.32,243.85,256.31,259.57,3993347,79086.18,77.81,10.82,1.9755,1.42,337.84,225.01,3.5,SECTORAL_PORTFOLIO,HOLD,1708,299.56,INR
IN000289,SUNPHARMA,Sun Pharmaceutical,BSE,PHARMACEUTICALS,02-03-2020,1211.61,1212.84,1158.85,1175.57,1164.51,4544380,1016946.44,67.69,10.08,1.077,1.717,1577.75,1010.44,0.5,MIDCAP_PORTFOLIO,HOLD,516,1290.06,INR
IN004175,TECHM,Tech Mahindra,NSE,TECHNOLOGY,02-03-2020,1300.24,1356.2,1299.25,1345.39,1304.03,1992781,823007.73,76.05,5.65,0.102,1.164,1396.71,819.45,0.5,SECTORAL_PORTFOLIO,HOLD,1921,1329.39,INR
IN004178,TECHM,Tech Mahindra,NSE,TECHNOLOGY,02-03-2020,1310.37,1325.57,1303.64,1319.82,1356.94,2852196,329356.89,12.92,8.98,1.9,0.928,1617.49,1028.35,0,SECTORAL_PORTFOLIO,BUY,208,1305.01,INR
IN002792,ICICIBANK,ICICI Bank,NSE,FINANCE,03-03-2020,922.47,949.47,911.18,924.77,927.32,4861178,564053.15,11.71,1.73,0.463,0.62,1096.69,581.76,5.1,NIFTY50_PORTFOLIO,SELL,455,1031.4,INR
IN002806,ICICIBANK,ICICI Bank,NSE,FINANCE,03-03-2020,961.62,1032.86,954.8,961.62,1028.04,466793,483004.7,69.05,9.13,1.223,1.009,1009.13,875.24,3.5,NIFTY50_PORTFOLIO,BUY,87,1020.16,INR
IN002807,ICICIBANK,ICICI Bank,NSE,FINANCE,03-03-2020,991.27,999.94,968.25,976.73,955.14,4931839,620284.35,54.75,5.56,2.301,0.882,1084.47,647.29,2.3,SECTORAL_PORTFOLIO,BUY,1418,788.91,INR
IN002905,ICICIBANK,ICICI Bank,NSE,FINANCE,03-03-2020,972.3,972.3,959.84,967.78,994.39,3776568,368032.46,20.47,1.79,3.392,0.935,1276.8,596.21,5.1,NIFTY50_PORTFOLIO,BUY,1121,748.27,INR
IN002916,ICICIBANK,ICICI Bank,NSE,FINANCE,03-03-2020,912.96,913.35,888.48,896.12,880.1,3442569,62748.76,46.2,11.74,2.087,0.686,1299.92,617.34,0.5,NIFTY50_PORTFOLIO,BUY,776,939.61,INR
IN001557,TITAN,Titan Company,BSE,CONSUMER GOODS,03-03-2020,3325.01,3456.05,3254.76,3398.12,3481.9,4805576,1066110.13,44.08,6.01,0.706,1.123,4143.47,3117.57,1.2,MIDCAP_PORTFOLIO,SELL,1668,3175.83,INR
IN003022,RELIANCE,Reliance Industries,NSE,ENERGY,04-03-2020,2105.49,2135.27,1912.09,1961.16,1933.71,1532777,1884541.29,17.77,1.71,2.047,0.487,2946.25,1633.79,3.5,NIFTY50_PORTFOLIO,HOLD,1574,1978.62,INR
IN003031,RELIANCE,Reliance Industries,NSE,ENERGY,04-03-2020,2167.91,2213.85,2126.46,2156.61,2181.32,2577234,409652.52,30.74,5.96,1.147,1.985,2876.78,1471.19,2.3,NIFTY50_PORTFOLIO,HOLD,1709,2106.69,INR
IN003081,RELIANCE,Reliance Industries,NSE,ENERGY,04-03-2020,2112.55,2209.66,2072.05,2112.55,2186.77,4893499,411346.33,23.99,8.42,2.454,1.144,2544.68,1749.44,3.5,SECTORAL_PORTFOLIO,BUY,1729,1889.17,INR
IN003126,RELIANCE,Reliance Industries,NSE,ENERGY,04-03-2020,2175,2269.88,2122.04,2232.51,2280.96,65090,1984977.77,60.37,13.12,1.537,1.954,2353.6,2056.04,5.1,NIFTY50_PORTFOLIO,HOLD,609,1970.84,INR
IN004254,TCS,Tata Consultancy Services,NSE,TECHNOLOGY,04-03-2020,3673.7,3990.92,3625.48,3915.46,3783.28,4249620,1140045.72,43.14,2.91,3.256,1.126,4316.93,2660.81,0,NIFTY50_PORTFOLIO,BUY,767,3212.5,INR
IN003303,TECHM,Tech Mahindra,NSE,TECHNOLOGY,04-03-2020,1280.35,1283.53,1256.02,1280.85,1328.53,2975626,913530.5,62.63,6.86,2.44,1.289,1553.68,895.71,0,NIFTY50_PORTFOLIO,SELL,1528,1619.64,INR
IN001538,TECHM,Tech Mahindra,NSE,TECHNOLOGY,06-03-2020,1249.04,1316.77,1243.03,1307.06,1302.92,2345312,517407.44,27.86,10.77,1.614,0.742,1553.83,1231.77,1.2,SECTORAL_PORTFOLIO,HOLD,1249,1496.96,INR
IN001559,TECHM,Tech Mahindra,NSE,TECHNOLOGY,06-03-2020,1350.25,1389.86,1300.51,1322.92,1326.54,2821195,884306.5,12.96,14.14,1.079,1.556,1393.07,1065.93,2.3,MIDCAP_PORTFOLIO,BUY,1600,1324.17,INR
IN001564,TECHM,Tech Mahindra,NSE,TECHNOLOGY,06-03-2020,1346.64,1355.71,1338.69,1342.27,1371.39,2020222,661623.79,48.23,8.52,2.517,1.542,1599.48,877.63,3.5,MIDCAP_PORTFOLIO,BUY,892,1428.17,INR
IN001621,TECHM,Tech Mahindra,NSE,TECHNOLOGY,06-03-2020,1326.12,1359.51,1323.6,1340.02,1334.13,1794270,1119159.21,67.78,8.715,1.913,1.835,1412.12,929.21,0.5,SECTORAL_PORTFOLIO,BUY,1583,1351.37,INR
IN001647,TECHM,Tech Mahindra,NSE,TECHNOLOGY,06-03-2020,1297.16,1354.27,1261.53,1340,1365.55,3866120,1031758.44,61.92,8.65,0.168,0.467,1543.22,954.89,0.5,SECTORAL_PORTFOLIO,HOLD,490,1597.22,INR
IN002859,TECHM,Tech Mahindra,NSE,TECHNOLOGY,06-03-2020,1353.09,1404.92,1341.09,1381.73,1386,4026441,513819.16,55.63,9.98,0.267,1.939,1403.92,1089.23,1.2,NIFTY50_PORTFOLIO,BUY,1755,991.99,INR
IN000799,TITAN,Titan Company,BSE,CONSUMER GOODS,06-03-2020,3479.53,3516.19,3391.51,3508.36,3622.56,3740630,963656.37,44.08,2.73,2.241,1.056,4494.34,3047.45,0,NIFTY50_PORTFOLIO,SELL,652,2710.03,INR
IN000810,TITAN,Titan Company,BSE,FMCG,06-03-2020,3347.24,3533.78,3253.27,3473.99,3397.35,3810292,3026566.61,43.13,5.19,0.07,1.835,4503.54,3052.59,2.3,SECTORAL_PORTFOLIO,HOLD,1048,3968.06,INR
IN000826,TITAN,Titan Company,BSE,CONSUMER GOODS,06-03-2020,3566.52,3574.81,3382.09,3438.81,3389.93,1988266,2386788.63,67.28,8.42,3.181,1.149,4682.08,2438.92,0,SECTORAL_PORTFOLIO,HOLD,154,2979.22,INR
IN000856,TITAN,Titan Company,BSE,CONSUMER GOODS,06-03-2020,3495.51,3745.65,3459.51,3648.1,3675.52,2510245,347284.69,69.58,10.42,2.22,1.551,3977.71,2274.35,0,SECTORAL_PORTFOLIO,BUY,1130,4016.22,INR
IN002037,ULTRACEMCO,UltraTech Cement,BSE,INFRASTRUCTURE,06-03-2020,9838.99,10108.2,9518.43,9613.65,9304.42,2659234,6081609.93,36.17,11.27,0.363,0.497,11435.69,8028.55,0,MIDCAP_PORTFOLIO,BUY,23,7568.71,INR
IN001788,INFY,Infosys,NSE,TECHNOLOGY,07-03-2020,1502.35,1613.82,1459.89,1587.77,1538.43,1648355,394157.48,27.99,11.52,1.744,0.769,1624.82,1289.52,3.5,SECTORAL_PORTFOLIO,BUY,1495,1273.6,INR
IN001815,INFY,Infosys,NSE,TECHNOLOGY,07-03-2020,1535.81,1607.09,1521.24,1589.4,1626.22,971541,104996.25,30.38,6.1,0.499,1.695,2000.25,1382.16,2.3,SECTORAL_PORTFOLIO,BUY,699,1323.96,INR
IN003139,KOTAKBANK,Kotak Mahindra Bank,NSE,FINANCE,07-03-2020,1858.54,1913.49,1851.41,1856.85,1857.41,339906,249038.74,47.04,2.54,3.184,1.936,1914.42,1338.38,5.1,SECTORAL_PORTFOLIO,HOLD,1522,1365.62,INR
IN003164,KOTAKBANK,Kotak Mahindra Bank,NSE,FINANCE,07-03-2020,1874.87,1875.06,1754.61,1801.11,1821.16,2965907,1585282.44,57.92,10.64,1.921,1.875,2409.74,1127.55,0,MIDCAP_PORTFOLIO,BUY,944,1943.08,INR
IN000743,RELIANCE,Reliance Industries,NSE,ENERGY,07-03-2020,2106.9,2135.77,2053.83,2123.68,2040.05,1007608,791979.27,44.76,13.94,1.892,1.144,2774.18,1933.82,0,MIDCAP_PORTFOLIO,BUY,1044,2616.64,INR
IN000765,RELIANCE,Reliance Industries,NSE,ENERGY,07-03-2020,2091.38,2201.44,2076.41,2143.62,2147.44,2741059,1813131.47,44.76,7.1,0.917,0.575,2570.24,1622.13,2.3,NIFTY50_PORTFOLIO,SELL,426,1975.62,INR
IN000693,TECHM,Tech Mahindra,NSE,ENERGY,07-03-2020,1357.61,1378.57,1350.34,1357.61,1409.74,4399835,661623.79,44.16,11.71,0.854,1.904,1480.53,850.85,1.2,MIDCAP_PORTFOLIO,BUY,1883,1605.12,INR
IN000250,POWERGRID,Power Grid Corporation,BSE,UTILITIES,08-03-2020,253.29,267.3,252.91,261.76,264.95,1435335,56637.27,41.43,8.885,0.91,0.722,316.41,181.94,0.5,NIFTY50_PORTFOLIO,HOLD,590,286.4,INR
IN000101,ADANIENT,Adani Enterprises,NSE,CONGLOMERATE,09-03-2020,2830.35,3041.84,2820.87,3025.76,3111.65,1567210,2490004.16,65.38,7.87,2.606,0.523,3257.42,2021.79,1.2,MIDCAP_PORTFOLIO,BUY,1316,2273.62,INR
IN001040,INFY,Infosys,NSE,TECHNOLOGY,09-03-2020,1507.57,1527.5,1481.42,1496.59,1470.93,2993467,926998.36,60.21,3.87,1.852,0.797,1770.62,1116.83,1.2,NIFTY50_PORTFOLIO,BUY,1910,1848.93,INR
IN005000,ONGC,Oil & Natural Gas Corp,NSE,ENERGY,09-03-2020,278.19,286.69,271.12,279.82,271.17,2396078,238866.92,68.65,9.17,0.849,1.705,348.54,185.8,0,SECTORAL_PORTFOLIO,BUY,1824,210.48,INR
IN003493,BHARTIARTL,Bharti Airtel,NSE,TELECOMMUNICATION,11-03-2020,889.42,956.19,863.23,947.97,966.66,4085297,69216.64,77.94,5.5,2.31,1.05,1132.04,726.36,0,MIDCAP_PORTFOLIO,HOLD,1214,851.35,INR
IN003511,BHARTIARTL,Bharti Airtel,NSE,TELECOMMUNICATION,11-03-2020,918.48,925.81,850.1,871.5,895.27,1558774,705372.95,75.3,6.89,2.062,0.886,967.14,690.81,0,MIDCAP_PORTFOLIO,BUY,1466,1027.91,INR
IN003372,HINDUNILVR,Hindustan Unilever,NSE,FMCG,11-03-2020,2469.06,2506.25,2452.69,2493.91,2468.46,3441226,1398609.34,28.08,1.15,2.026,1.203,2629.76,1550.63,2.3,SECTORAL_PORTFOLIO,BUY,873,3065.75,INR
IN003383,HINDUNILVR,Hindustan Unilever,NSE,FMCG,11-03-2020,2437.47,2492.09,2377.89,2446.19,2478.4,3402191,929849.17,18.3,8.21,1.152,0.958,3398.06,2077.14,3.5,SECTORAL_PORTFOLIO,BUY,278,2257.24,INR
IN003404,HINDUNILVR,Hindustan Unilever,NSE,FMCG,11-03-2020,2423.84,2606.36,2389.2,2538.68,2452.4,845630,595241.81,69.67,14.84,3.427,0.781,2911.85,2141.04,0,MIDCAP_PORTFOLIO,BUY,334,2849.76,INR
IN003409,HINDUNILVR,Hindustan Unilever,NSE,FMCG,11-03-2020,2507.61,2534.2,2351.22,2408.42,2442.12,1935149,1892593.93,33.87,1.52,0.291,0.807,2861.9,1750.77,3.5,SECTORAL_PORTFOLIO,HOLD,1694,2789.56,INR
IN000099,MARUTI,Maruti Suzuki,BSE,AUTOMOBILE,11-03-2020,9570,9761.74,9307.38,9685.5,9650.06,2533493,7685232.75,19.03,10.16,1.112,1.304,11213.44,8445.17,0.5,SECTORAL_PORTFOLIO,SELL,702,12372.96,INR
IN000151,MARUTI,Maruti Suzuki,BSE,AUTOMOBILE,11-03-2020,9633.65,10232.91,9618.43,10162.55,10036.42,3032377,8971040.1,36.32,10.77,3.976,0.58,10817.93,9079.45,5.1,MIDCAP_PORTFOLIO,BUY,860,8626.8,INR
IN000160,MARUTI,Maruti Suzuki,BSE,AUTOMOBILE,11-03-2020,9725.04,10124.62,9466.45,9930.36,9744.64,2202689,8535442.79,29.17,13.42,1.866,0.717,13746,7391.41,5.1,NIFTY50_PORTFOLIO,BUY,1912,9612.07,INR
IN000164,MARUTI,Maruti Suzuki,BSE,AUTOMOBILE,11-03-2020,9778.46,9951.09,8920.84,9180.02,8873.41,56286,3506799.33,26.41,1.91,1.686,1.9,12272.73,6194.14,3.5,MIDCAP_PORTFOLIO,BUY,1212,8986.45,INR
IN000252,NESTLEIND,Nestle India,BSE,FMCG,11-03-2020,22317.36,23759.15,22283.29,23390.21,23175.08,1024771,10759084.95,70.59,5.12,1.207,1.2725,29407.26,15988.2,0,SECTORAL_PORTFOLIO,BUY,276,26753.31,INR
IN002564,TCS,Tata Consultancy Services,NSE,TECHNOLOGY,11-03-2020,3326.3,3567.88,3291.3,3558.97,3475.11,4928096,577317.06,43.14,13.55,3.039,0.448,4327.6,3087.65,2.3,NIFTY50_PORTFOLIO,BUY,695,2714.96,INR
IN002567,TCS,Tata Consultancy Services,NSE,TECHNOLOGY,11-03-2020,3435.5,3509.49,3138.95,3196.07,3251.16,2373145,2740865.29,14.08,7.39,2.763,1.618,3849.23,3196.07,2.3,NIFTY50_PORTFOLIO,SELL,1787,4148.55,INR
IN002608,TCS,Tata Consultancy Services,NSE,TECHNOLOGY,11-03-2020,3331.49,3421.37,3148.63,3217.04,3167.01,356243,1274152.49,32.38,13.26,2.861,1.833,3742.82,2608.87,2.3,SECTORAL_PORTFOLIO,BUY,1901,2958.88,INR
IN002609,TCS,Tata Consultancy Services,NSE,TECHNOLOGY,11-03-2020,3375.27,3665.57,3361.8,3587.38,3638.79,4633302,1932396.03,26.63,14.48,0.261,1.72,4261.97,2942.03,2.3,SECTORAL_PORTFOLIO,BUY,1778,3159.18,INR
IN002617,TCS,Tata Consultancy Services,NSE,TECHNOLOGY,11-03-2020,3538.9,3630.38,3268.82,3538.9,3211.45,114590,2288974,52.5,7.03,1.617,1.423,4399.82,3299.69,2.3,NIFTY50_PORTFOLIO,HOLD,922,3149.7,INR
IN002636,TCS,Tata Consultancy Services,NSE,TECHNOLOGY,11-03-2020,3544.37,3744.02,3535.09,3692.77,3702.22,2163600,2936620.36,62.33,12.36,0.777,1.555,4071.6,2491.14,5.1,NIFTY50_PORTFOLIO,HOLD,292,4225.41,INR
IN002639,TCS,Tata Consultancy Services,NSE,TECHNOLOGY,11-03-2020,3422,3452.63,3219.73,3229.01,3346.05,3955790,1795049.12,42.5,14.28,0.467,1.263,4035.35,2139.64,3.5,SECTORAL_PORTFOLIO,BUY,1264,2982.26,INR
IN002652,TCS,Tata Consultancy Services,NSE,TECHNOLOGY,11-03-2020,3655.92,3770.77,3593.49,3661.44,3655.53,2440202,711812.38,43.14,5.08,0.123,1.201,4737.42,2443.3,2.3,MIDCAP_PORTFOLIO,HOLD,853,4042.52,INR
IN002658,TCS,Tata Consultancy Services,NSE,TECHNOLOGY,11-03-2020,3586.25,3596.32,3517.97,3552.33,3522.31,502978,2912541.83,62.58,14.26,1.138,1.575,4848.95,3313.53,0,NIFTY50_PORTFOLIO,BUY,1084,2757.35,INR
IN004513,ADANIENT,Adani Enterprises,NSE,CONGLOMERATE,12-03-2020,2839.14,2861.38,2634.43,2839.14,2607.36,2829010.5,1465764.67,48.92,10.84,1.8295,1.848,3788.31,2047.16,2.3,MIDCAP_PORTFOLIO,BUY,1499,2830.09,INR
IN004524,ADANIENT,Adani Enterprises,NSE,CONGLOMERATE,12-03-2020,2885.82,2899.56,2748.26,2771.92,2781.88,2829010.5,580918.01,50.85,14.81,2.656,1.165,3481.89,1870.43,5.1,NIFTY50_PORTFOLIO,HOLD,1244,2943.96,INR
IN003431,HDFCBANK,HDFC Bank,NSE,FINANCE,12-03-2020,1617.55,1668.68,1577.69,1661.57,1699.72,866401,531518.17,31.01,3.76,3.885,1.867,1787.11,1398.07,5.1,MIDCAP_PORTFOLIO,HOLD,1721,1738.87,INR
IN003947,ICICIBANK,ICICI Bank,NSE,FINANCE,12-03-2020,929.15,939.71,858.14,929.15,846.36,800105,609122.23,64.82,10.01,2.524,1.341,1031.06,576.06,0,SECTORAL_PORTFOLIO,BUY,976,1075.8,INR
IN002846,TITAN,Titan Company,BSE,CONSUMER GOODS,12-03-2020,3351.97,3405,3263.77,3351.97,3282.29,2488246,3075224.21,44.08,5.32,1.937,1.72,3798.31,2859.69,5.1,MIDCAP_PORTFOLIO,HOLD,1728,2982.1,INR
IN002863,TITAN,Titan Company,BSE,CONSUMER GOODS,12-03-2020,3562.63,3627.96,3395.44,3425.21,3303.27,2713224,2119659.2,74.48,10.94,0.892,1.122,3670.37,3173.71,2.3,MIDCAP_PORTFOLIO,BUY,1122,4040.92,INR
IN002869,TITAN,Titan Company,BSE,CONSUMER GOODS,12-03-2020,3301.56,3474.19,3279.33,3437.95,3556.48,4769339,1903155.56,55.82,1.39,2.974,1.671,3819.31,2826.58,0,NIFTY50_PORTFOLIO,BUY,908,2684.78,INR
IN002949,TITAN,Titan Company,BSE,CONSUMER GOODS,12-03-2020,3461.19,3536.06,3441.6,3520.01,3453.77,2364983,1835830.275,19.05,4.73,2.949,0.958,3967.45,2163.48,1.2,NIFTY50_PORTFOLIO,BUY,1851,2836.85,INR
IN002987,TITAN,Titan Company,BSE,CONSUMER GOODS,12-03-2020,3569.95,3675.97,3325.64,3351.48,3319.15,4945777,539446.51,76.63,3.68,3.133,0.477,4192.51,2645.33,1.2,MIDCAP_PORTFOLIO,BUY,1164,3894.16,INR
IN004800,AXISBANK,Axis Bank,BSE,FINANCE,02-04-2020,1051.87,1139.5,1048.14,1107.36,1102.71,2593239,433887.87,74.06,7.24,3.651,1.159,1270.59,776.85,5.1,MIDCAP_PORTFOLIO,HOLD,1345,1058.83,INR
IN004839,AXISBANK,Axis Bank,BSE,TECHNOLOGY,02-04-2020,1126.85,1224.56,1095.45,1191.81,1238.88,3111457,124588.09,41.47,5.94,3.366,1.537,1447.01,756.09,0,NIFTY50_PORTFOLIO,BUY,663,947.61,INR
IN000904,ICICIBANK,ICICI Bank,NSE,FINANCE,02-04-2020,918.26,926.6,888,888.13,868.05,2153645,746058.61,11.33,6.49,0.426,1.972,1169.73,687.45,0.5,NIFTY50_PORTFOLIO,BUY,420,978.4,INR
IN000956,ICICIBANK,ICICI Bank,NSE,FINANCE,02-04-2020,979.66,1051.15,967.77,1039.09,1017.38,2359532,615453.03,56.61,4.94,1.533,1.774,1039.09,724.63,2.3,SECTORAL_PORTFOLIO,BUY,906,844.26,INR
IN003407,NTPC,NTPC Limited,NSE,UTILITIES,02-04-2020,334.5,354.54,331.59,348.5,342.38,2394789.5,179918,31.44,12.93,3.13,0.788,453.09,216.16,5.1,MIDCAP_PORTFOLIO,HOLD,797,393.04,INR
IN003421,NTPC,NTPC Limited,NSE,UTILITIES,02-04-2020,334.99,341.5,321.36,324.53,332.08,2394789.5,232487.89,26.27,11.06,2.035,1.86,421.06,256.58,5.1,NIFTY50_PORTFOLIO,BUY,558,296.58,INR
IN003446,NTPC,NTPC Limited,NSE,UTILITIES,02-04-2020,347.83,353.82,343.9,347.88,354.33,3893489,150802.39,24.43,9.43,0.665,0.936,425.7,249.38,2.3,NIFTY50_PORTFOLIO,BUY,1688,336.71,INR
IN001558,ONGC,Oil & Natural Gas Corp,NSE,ENERGY,02-04-2020,287.91,300.82,282.3,297.27,295.07,248742,106348.45,75.43,3.27,1.229,1.191,332.37,168.39,1.2,MIDCAP_PORTFOLIO,BUY,604,256.84,INR
IN002250,BHARTIARTL,Bharti Airtel,NSE,TELECOMMUNICATION,03-04-2020,900.82,907.07,866.03,871.75,838.3,440903,695931.06,31.46,4.59,3.445,1.627,1085.7,750.58,0.5,SECTORAL_PORTFOLIO,BUY,1863,704.86,INR
IN002252,BHARTIARTL,Bharti Airtel,NSE,TELECOMMUNICATION,03-04-2020,932.96,950.07,913.97,932.96,976,4234677,119454.2,39.28,2.05,3.126,1.641,1045.75,717.21,2.3,SECTORAL_PORTFOLIO,SELL,105,773.8,INR
IN002162,HINDUNILVR,Hindustan Unilever,NSE,FMCG,03-04-2020,2587.96,2604.6,2478.79,2529.37,2590.14,2161308,531321.07,76.74,13.05,2.19,1.743,2660.54,1965.04,3.5,SECTORAL_PORTFOLIO,BUY,367,2597.24,INR
IN002174,HINDUNILVR,Hindustan Unilever,NSE,FMCG,03-04-2020,2421.88,2472.26,2219.23,2269.17,2305.1,4614002,1721624.23,56.08,8.74,1.178,0.787,3220.1,2269.17,2.3,MIDCAP_PORTFOLIO,BUY,308,2144.05,INR
IN004951,SBIN,State Bank of India,NSE,FINANCE,03-04-2020,622.2,625.8,604.31,624.83,636.54,4749580,189698.69,61.68,14.26,3.523,1.241,731.75,457.92,2.3,MIDCAP_PORTFOLIO,BUY,1932,726.13,INR
IN004981,SBIN,State Bank of India,NSE,FINANCE,03-04-2020,582.28,585.38,570.13,575.89,593.07,3863360,571629.41,79.84,9.33,2.525,0.586,720.91,540.66,3.5,MIDCAP_PORTFOLIO,SELL,1653,697.76,INR
IN004991,SBIN,State Bank of India,NSE,FINANCE,03-04-2020,604.94,652.76,596.41,644.43,619.78,432926,161004.31,70.29,10.71,0.186,0.995,689.81,428.38,1.2,MIDCAP_PORTFOLIO,BUY,1141,641.66,INR
IN003385,TECHM,Tech Mahindra,NSE,TECHNOLOGY,03-04-2020,1258.04,1377.56,1243.49,1339.32,1333.55,3030859,889991.36,75.29,2.8,2.933,1.458,1432.76,1044.78,1.2,MIDCAP_PORTFOLIO,HOLD,1575,1604.32,INR
IN003388,TECHM,Tech Mahindra,NSE,TECHNOLOGY,03-04-2020,1297.77,1375.61,1281.34,1297.77,1347.26,3207259,850641.04,44.16,3.61,3.387,1.537,1399.26,952.23,0.5,MIDCAP_PORTFOLIO,BUY,1959,1617.56,INR
IN004229,ASIANPAINT,Asian Paints,BSE,CONSUMER GOODS,05-04-2020,3102.88,3126.56,2996.25,3102.88,2907.26,2530314,406477.72,42.37,11.65,0.486,0.411,3284.36,2436.32,2.3,NIFTY50_PORTFOLIO,BUY,1133,3706.79,INR
IN004229,ASIANPAINT,Asian Paints,BSE,FINANCE,05-04-2020,3102.88,3126.56,2996.25,3102.88,2907.26,2530314,406477.72,42.37,11.65,0.486,0.411,3284.36,2436.32,2.3,NIFTY50_PORTFOLIO,BUY,1133,3706.79,INR
IN003625,AXISBANK,Axis Bank,BSE,FINANCE,05-04-2020,1138.82,1194.58,1134.58,1184.57,1190.41,2593239,742771.48,75.87,4.25,1.57,0.528,1192.06,712.91,0,SECTORAL_PORTFOLIO,BUY,1535,885.69,INR
IN003636,AXISBANK,Axis Bank,BSE,FINANCE,05-04-2020,1124.11,1154.57,1106.92,1113.83,1128.46,3388622,375294.31,25.54,2.62,1.911,1.618,1524.27,1004,0,NIFTY50_PORTFOLIO,SELL,681,1011.5,INR
IN003643,AXISBANK,Axis Bank,BSE,FINANCE,05-04-2020,1089.14,1172.25,1087,1153.9,1118.62,880123,514176.06,52.52,8.82,3.287,1.744,1220.15,778.33,2.3,SECTORAL_PORTFOLIO,BUY,61,984.76,INR
IN003679,AXISBANK,Axis Bank,BSE,FINANCE,05-04-2020,1045.54,1105.71,1015.45,1096.72,1067.2,1005432,118036.43,74.67,3.69,1.814,0.932,1385.62,783.98,1.2,SECTORAL_PORTFOLIO,SELL,294,1206.66,INR
IN002622,WIPRO,Wipro,BSE,TECHNOLOGY,05-04-2020,481.39,492.38,450.27,460.11,477.63,2414007,361974.5,52.67,13.13,1.038,1.84,643.03,409.64,0.5,SECTORAL_PORTFOLIO,BUY,296,441.58,INR
IN002624,WIPRO,Wipro,BSE,TECHNOLOGY,05-04-2020,489.99,524.84,477.01,522.18,509.82,1041338,59022.48,49.07,1.16,2.317,1.965,623.37,314.57,0.5,SECTORAL_PORTFOLIO,BUY,956,515.77,INR
IN002627,WIPRO,Wipro,BSE,TECHNOLOGY,05-04-2020,517.95,555.5,507.72,551.43,553.37,2220644,496658.95,36.97,7.05,2.469,1.175,661.5,307.71,0.5,SECTORAL_PORTFOLIO,BUY,1372,598.75,INR
IN002647,WIPRO,Wipro,BSE,TECHNOLOGY,05-04-2020,510.87,514.74,478,482.58,479.05,2235551,369125.54,12.88,7.05,0.049,1.617,536.87,448.48,1.2,NIFTY50_PORTFOLIO,SELL,827.5,586.32,INR
IN002673,WIPRO,Wipro,BSE,TECHNOLOGY,05-04-2020,477.65,518.13,473.2,508.54,526.51,879261,485511.14,78.56,2.77,1.87,1.548,558.2,378.58,1.2,NIFTY50_PORTFOLIO,SELL,1387,405.26,INR
IN002697,WIPRO,Wipro,BSE,TECHNOLOGY,05-04-2020,497.83,527.92,484.9,518.19,515.14,2272397,190980.46,65.92,9.16,1.324,1.379,695.25,403.93,0.5,SECTORAL_PORTFOLIO,BUY,589,441.17,INR
IN001251,ADANIENT,Adani Enterprises,NSE,CONGLOMERATE,06-04-2020,2909.24,3096.63,2907.33,3041.69,3062.89,2535190,1608870.66,62.68,12.71,0.879,1.095,3648.59,2250.89,5.1,NIFTY50_PORTFOLIO,BUY,1316,3287.96,INR
IN003320,POWERGRID,Power Grid Corporation,BSE,UTILITIES,06-04-2020,255.74,259.75,246.49,249.89,246.7,1820745,103880.79,45.18,3.62,2.998,1.649,316.08,165.01,2.3,SECTORAL_PORTFOLIO,SELL,1362,275.48,INR
IN003345,POWERGRID,Power Grid Corporation,BSE,UTILITIES,06-04-2020,245.43,253.58,240.8,252.72,243.44,1945928,65956.33,31.79,8.885,3.308,0.7,294.78,171.01,0.5,SECTORAL_PORTFOLIO,BUY,1918,250.03,INR
IN002206,ULTRACEMCO,UltraTech Cement,BSE,INFRASTRUCTURE,06-04-2020,9138.55,9729.26,8931.5,9714.72,9588.3,1748638,5875972.75,15.94,5.87,2.263,1.555,13053.57,7470.95,1.2,NIFTY50_PORTFOLIO,HOLD,306,9308.82,INR
IN003758,HCLTECH,HCL Technologies,NSE,TECHNOLOGY,08-04-2020,1555.6,1653.31,1544.63,1555.6,1685.05,2411753,308122.04,73.47,8.71,1.836,0.489,1773.73,1118.19,0.5,SECTORAL_PORTFOLIO,SELL,737,1774.44,INR
IN003784,HCLTECH,HCL Technologies,NSE,TECHNOLOGY,08-04-2020,1553.19,1564.65,1449.56,1553.19,1402.8,3771202,704644.49,53.14,3.18,1.599,1.221,1852.2,1363.37,1.2,SECTORAL_PORTFOLIO,BUY,611,1427.58,INR
IN003793,HCLTECH,HCL Technologies,NSE,TECHNOLOGY,08-04-2020,1548.13,1558.01,1431.86,1455.08,1458.47,1209946,1272841,75.06,6.98,0.569,1.061,1844.81,1042.82,1.2,NIFTY50_PORTFOLIO,BUY,71,1136.05,INR
IN003825,HCLTECH,HCL Technologies,NSE,TECHNOLOGY,08-04-2020,1546.32,1686.62,1522,1645.41,1594.88,712553,1175460.26,37.42,8.2,3.982,1.792,1661.07,1379.35,0,MIDCAP_PORTFOLIO,BUY,631,1454.34,INR
IN003971,HINDUNILVR,Hindustan Unilever,NSE,FMCG,08-04-2020,2538.15,2585.83,2437.04,2538.15,2474.69,272858,421213.34,24.83,7.47,0.76,1.28,3286.83,1630.13,2.3,NIFTY50_PORTFOLIO,SELL,491,3121.47,INR
IN003731,LT,Larsen & Toubro,NSE,INFRASTRUCTURE,08-04-2020,3222.19,3249.12,3147.42,3222.19,3295.68,2940990,2571520.34,72.72,9.85,1.744,0.517,4454.55,2533.68,1.2,SECTORAL_PORTFOLIO,HOLD,1735,3468.68,INR
IN003733,LT,Larsen & Toubro,NSE,INFRASTRUCTURE,08-04-2020,3282.3,3526.57,3244.44,3461.7,3387.78,1251500,3032864.52,58.84,14.36,3.147,1.05,3594.12,1984.14,0.5,SECTORAL_PORTFOLIO,HOLD,474,3061.43,INR
IN003754,LT,Larsen & Toubro,NSE,INFRASTRUCTURE,08-04-2020,3202.86,3250.65,2958.31,2999.05,2964.78,990101,1998040.52,70.87,13.63,2.763,1.319,4152.46,2470.66,1.2,SECTORAL_PORTFOLIO,BUY,1708,3340.47,INR
IN003759,LT,Larsen & Toubro,NSE,INFRASTRUCTURE,08-04-2020,3174.99,3335.97,3090.84,3305.26,3219.83,3109893,1420875.7,72.71,10.52,3.441,1.774,3739.17,2499.18,2.3,MIDCAP_PORTFOLIO,BUY,618,2610.95,INR
IN004610,TCS,Tata Consultancy Services,NSE,TECHNOLOGY,08-04-2020,3530.33,3533.31,3315.2,3371.48,3445.07,2253046,3463490.7,52.6,1.18,2.342,1.366,4700.96,2791.87,0,MIDCAP_PORTFOLIO,HOLD,1089,3889.17,INR
IN000368,TECHM,Tech Mahindra,NSE,TECHNOLOGY,08-04-2020,1334.47,1360.63,1255.9,1293.5,1309.55,704616,440746.08,44.16,9.69,0.735,0.726,1715.51,924.91,5.1,NIFTY50_PORTFOLIO,BUY,1739,1148.16,INR
IN000372,TECHM,Tech Mahindra,NSE,TECHNOLOGY,08-04-2020,1296.21,1364.68,1281.84,1325.12,1365.95,3618677,1112407.63,38.55,11.3,2.272,0.673,1807.7,1091.48,0.5,NIFTY50_PORTFOLIO,SELL,1269,1176.74,INR
IN000438,TECHM,Tech Mahindra,NSE,TECHNOLOGY,08-04-2020,1335.43,1360.82,1325.4,1345.43,1375.96,4452944,776583.82,19.84,1.34,1.924,1.362,1774.02,1220.47,0.5,SECTORAL_PORTFOLIO,BUY,1714,1390.52,INR
IN001459,TECHM,Tech Mahindra,NSE,TECHNOLOGY,08-04-2020,1356.22,1372.69,1279.27,1283.7,1248.67,4033191,654824.15,41.52,9.07,3.549,1.549,1646.38,1075.48,0.5,NIFTY50_PORTFOLIO,SELL,1031,1212.36,INR
IN001466,TECHM,Tech Mahindra,NSE,TECHNOLOGY,08-04-2020,1274.55,1315.9,1261.33,1307.69,1267.15,3079915,158792.03,26.12,4.92,2.758,1.986,1689.41,841.13,0.5,SECTORAL_PORTFOLIO,BUY,677,1255.45,INR
IN001469,TECHM,Tech Mahindra,NSE,TECHNOLOGY,08-04-2020,1274.82,1308.49,1236.12,1261.43,1295.98,1144390,182368.09,77,4.56,2.494,1.864,1434.35,1174.72,2.3,NIFTY50_PORTFOLIO,BUY,1509,1426.57,INR
IN001501,TECHM,Tech Mahindra,NSE,TECHNOLOGY,08-04-2020,1341.29,1435.12,1325.24,1424.22,1462.73,1344532,1251758.81,20.33,11.22,2.773,0.909,1725.54,1036.08,3.5,SECTORAL_PORTFOLIO,HOLD,1457,1292.73,INR
IN000416,ASIANPAINT,Asian Paints,BSE,CONSUMER GOODS,09-04-2020,2925.79,3035.3,2841.94,2959.52,2947,3862678,969396.6,22.77,6.45,3.449,0.604,4193.47,1830.77,1.2,NIFTY50_PORTFOLIO,BUY,514,2585.97,INR
IN000439,ASIANPAINT,Asian Paints,BSE,CONSUMER GOODS,09-04-2020,3060.75,3077.76,3051.25,3059.21,2967.61,3977279,2632746.33,42.37,5.88,2.88,0.711,3335.01,2670.36,5.1,NIFTY50_PORTFOLIO,BUY,530,2296.28,INR
IN000440,ASIANPAINT,Asian Paints,BSE,CONSUMER GOODS,09-04-2020,3034.58,3066.93,2866.23,2952.16,2985.04,1429138,1816797,42.37,7.69,2.196,0.627,3391.34,2713.92,2.3,NIFTY50_PORTFOLIO,SELL,751,2546.35,INR
IN001224,BAJFINANCE,Bajaj Finance,NSE,NBFC,09-04-2020,6795.45,6895.78,6473.05,6579.8,6544.03,998716,4394422.16,66.03,12.62,1.557,0.901,7603.53,4378.04,2.3,NIFTY50_PORTFOLIO,BUY,278,5985.84,INR
IN001242,BAJFINANCE,Bajaj Finance,NSE,NBFC,09-04-2020,6786.34,6988.76,6418.71,6439.29,6543.94,1797272,4344051.34,52.7,7.15,2.944,1.824,8822.33,6278.59,3.5,SECTORAL_PORTFOLIO,SELL,497,5868.25,INR
IN001290,BAJFINANCE,Bajaj Finance,NSE,NBFC,09-04-2020,6741.35,6959.08,6608.52,6820.52,6894.26,2833846,2058586.04,54.78,10.58,1.856,1.984,8098.7,6609.2,0,MIDCAP_PORTFOLIO,SELL,442,5824.26,INR
IN001497,LT,Larsen & Toubro,NSE,INFRASTRUCTURE,09-04-2020,3318.14,3435.67,3284.97,3397.99,3501.49,3222983,2401880.64,66.6,13.96,1.655,1.99,4192.76,2862.62,3.5,MIDCAP_PORTFOLIO,BUY,200,3407.77,INR
IN004564,NTPC,NTPC Limited,NSE,UTILITIES,09-04-2020,344.36,362.72,343.97,359.93,360.05,508248,33554.66,39.46,10.19,2.493,1.098,402.95,230.16,2.3,NIFTY50_PORTFOLIO,BUY,158,400.08,INR
IN004598,NTPC,NTPC Limited,NSE,UTILITIES,09-04-2020,343.64,361.64,339.26,356.39,353.14,3606448,343157.77,14.03,4.51,2.354,0.653,369.39,321.04,1.2,MIDCAP_PORTFOLIO,HOLD,577,292.32,INR
IN002735,POWERGRID,Power Grid Corporation,BSE,UTILITIES,09-04-2020,242.67,247.68,230.87,233.93,242.84,2023557,50516.79,45.18,3.83,2.262,1.819,299.68,186.35,0,NIFTY50_PORTFOLIO,BUY,1117,195.22,INR
IN002741,POWERGRID,Power Grid Corporation,BSE,UTILITIES,09-04-2020,244.22,244.4,235.68,239.15,247.37,1557387,28901.68,43.47,1.77,1.815,0.884,287.8,206.94,3.5,NIFTY50_PORTFOLIO,BUY,655,262.6,INR
IN002157,NTPC,NTPC Limited,NSE,UTILITIES,11-04-2020,336.13,355.18,333.93,349.19,349.84,1308942,344765.84,28.72,7.81,0.609,1.0765,442.69,264.74,3.5,MIDCAP_PORTFOLIO,SELL,1143,396.95,INR
IN004861,RELIANCE,Reliance Industries,NSE,ENERGY,11-04-2020,2142.38,2193.41,1965.52,2142.38,2034.53,2422094,871380.44,62.42,5.4,3.128,0.865,2767.98,1837.33,2.3,NIFTY50_PORTFOLIO,HOLD,1638,2357,INR
IN004872,RELIANCE,Reliance Industries,NSE,ENERGY,11-04-2020,2207.23,2331.13,2196.8,2266.78,2235.66,1597379,1861239.71,18.17,12.36,1.188,0.986,2613.97,1568.23,3.5,SECTORAL_PORTFOLIO,SELL,768,2029.91,INR
IN002000,ULTRACEMCO,UltraTech Cement,BSE,INFRASTRUCTURE,11-04-2020,9252.06,9716.9,9182.43,9540.78,9425.89,210462,5413831.63,64.71,6.69,0.359,0.823,10540.75,6993.52,3.5,MIDCAP_PORTFOLIO,BUY,1304,11595.98,INR
IN002061,ULTRACEMCO,UltraTech Cement,BSE,INFRASTRUCTURE,11-04-2020,9502.61,10085.41,9311.52,10063.12,9813.08,464437,7879354.79,72.41,2.83,0.565,1.429,12280.17,8793.41,2.3,SECTORAL_PORTFOLIO,BUY,1102,7273.12,INR
IN002082,ULTRACEMCO,UltraTech Cement,BSE,INFRASTRUCTURE,11-04-2020,9520.47,10273.57,9263.16,10127.61,10142.55,1239183,8541521.69,10.04,14.55,0.039,1.545,10826.17,8619.88,3.5,MIDCAP_PORTFOLIO,BUY,203,10420.03,INR
IN002165,ULTRACEMCO,UltraTech Cement,BSE,INFRASTRUCTURE,11-04-2020,9875.94,10676.16,9779.1,10526.61,10813.28,1935113,1725016.28,53.74,8.67,1.394,0.621,13058.98,6104.7,0.5,SECTORAL_PORTFOLIO,BUY,1414,7875.68,INR
IN002186,ULTRACEMCO,UltraTech Cement,BSE,FINANCE,11-04-2020,9256.94,9750.36,9089.9,9657.84,9857.17,1914348,2984888.29,53.32,10.73,2.188,1.497,12715.96,7916.56,2.3,MIDCAP_PORTFOLIO,HOLD,1936,10126.59,INR
IN002173,HDFCBANK,HDFC Bank,NSE,FINANCE,12-04-2020,1632.88,1711.53,1606.91,1700.42,1710.72,1440917,798950.83,78.74,3.29,1.707,1.001,2170.53,1044.4,0,SECTORAL_PORTFOLIO,BUY,1109,1411.42,INR
IN003386,HDFCBANK,HDFC Bank,NSE,FINANCE,12-04-2020,1631.22,1679.29,1547.28,1590.31,1611.77,2806324,546326.17,16.45,1.05,1.103,0.523,2010.6,988.5,0.5,NIFTY50_PORTFOLIO,BUY,1643,1424.06,INR
IN003398,HDFCBANK,HDFC Bank,NSE,FINANCE,12-04-2020,1603.22,1669.38,1573.65,1648.85,1626.61,63332,920020.72,18.98,8.14,3.51,0.824,2155.32,1144.89,0,SECTORAL_PORTFOLIO,BUY,1460,1654.54,INR
IN003414,HDFCBANK,HDFC Bank,NSE,FINANCE,12-04-2020,1568.91,1580.9,1501.66,1523.52,1565.84,1262793,497744.29,41.99,5.88,3.892,1.412,1969.11,1498.11,5.1,MIDCAP_PORTFOLIO,HOLD,1459,1223.33,INR
IN003116,INFY,Infosys,NSE,TECHNOLOGY,12-04-2020,1479,1487.52,1376.99,1378.21,1401.03,210330,404075.29,67.49,11.52,0.238,0.876,2046.6,1059.93,5.1,MIDCAP_PORTFOLIO,BUY,672,1249.84,INR
IN002402,KOTAKBANK,Kotak Mahindra Bank,NSE,FINANCE,12-04-2020,1885.1,1921.23,1727.4,1759.52,1702.45,2824831,1518344.15,53.48,14.8,3.862,1.473,2139.12,1519.26,5.1,SECTORAL_PORTFOLIO,HOLD,809,1744.69,INR
IN002405,KOTAKBANK,Kotak Mahindra Bank,NSE,FINANCE,12-04-2020,1866.48,2010.98,1830.48,1968.61,2006.9,1596215,817337.08,47.04,8.13,1.96,1.732,2032.74,1473.6,0.5,MIDCAP_PORTFOLIO,HOLD,1796,1875.76,INR
IN002417,KOTAKBANK,Kotak Mahindra Bank,NSE,FINANCE,12-04-2020,1714.5,1757.5,1673.62,1732.03,1729.1,3213621,940499.69,46.21,7.06,2.364,0.552,1900.72,1690.56,2.3,SECTORAL_PORTFOLIO,SELL,742,1823.76,INR
IN002422,KOTAKBANK,Kotak Mahindra Bank,NSE,FINANCE,12-04-2020,1804.87,1838.7,1688.23,1692.57,1717.01,4149999,1034356.62,74.71,7.98,0.141,1.076,2297.51,1268,2.3,SECTORAL_PORTFOLIO,BUY,1666,1856.64,INR
IN002015,ULTRACEMCO,UltraTech Cement,BSE,INFRASTRUCTURE,12-04-2020,9299.78,9478.07,8747.33,9017.18,9198.88,4130086,5154110.69,38.33,12.62,0.333,0.823,12947.54,6109.17,1.2,MIDCAP_PORTFOLIO,BUY,1238,10058.6,INR
IN001435,HINDUNILVR,Hindustan Unilever,NSE,FMCG,02-05-2020,2447.36,2448.65,2293.41,2342.23,2415.77,2201200.5,810323.56,17.48,8.21,2.023,1.774,3043.21,2274.11,3.5,NIFTY50_PORTFOLIO,BUY,1796,2160.6,INR
IN001910,WIPRO,Wipro,BSE,TECHNOLOGY,02-05-2020,509.26,527.84,500.58,521.31,505.19,2983974,135461.46,11.97,10.62,3.386,0.892,635.7,310.89,5.1,SECTORAL_PORTFOLIO,SELL,250,595.06,INR
IN001913,WIPRO,Wipro,BSE,TECHNOLOGY,02-05-2020,488.26,524.55,487.51,519.58,513.59,1627065,316574.16,35.14,3.07,0.04,0.445,616.92,399.36,0.5,MIDCAP_PORTFOLIO,BUY,719,491.21,INR
IN001937,WIPRO,Wipro,BSE,TECHNOLOGY,02-05-2020,512.31,553.6,507.04,538.69,524.39,2985750,278079.51,47.51,9.22,2.782,1.193,607.66,311.9,3.5,NIFTY50_PORTFOLIO,BUY,455,550.4,INR
IN002313,ADANIENT,Adani Enterprises,NSE,CONGLOMERATE,03-05-2020,2782.82,2807.03,2673.26,2675.26,2619.14,4590098,218152.27,25.23,10.14,1.172,0.415,3681.05,1909.81,2.3,NIFTY50_PORTFOLIO,BUY,1648,3135.21,INR
IN002388,ASIANPAINT,Asian Paints,BSE,CONSUMER GOODS,03-05-2020,3124.16,3181.82,3103.42,3122.22,3163.23,2530314,790061.96,61.1,7.6,2.285,0.83,3337.51,2661.15,1.2,MIDCAP_PORTFOLIO,BUY,1411,3221.96,INR
IN002430,ASIANPAINT,Asian Paints,BSE,CONSUMER GOODS,03-05-2020,3134.34,3243.78,3065.15,3219.3,3212.16,2126020,2850836.92,58.17,7.6,2.672,1.878,4160.24,2543.57,2.3,SECTORAL_PORTFOLIO,BUY,1262,3263.37,INR
IN002680,INFY,Infosys,NSE,TECHNOLOGY,03-05-2020,1444.6,1518.51,1442.97,1496.36,1484.01,925272,198506.15,46.01,8,2.627,0.971,1702.16,1411.7,0,NIFTY50_PORTFOLIO,BUY,224,1528.79,INR
IN004256,MARUTI,Maruti Suzuki,BSE,AUTOMOBILE,03-05-2020,10110.96,10645.58,9891.84,10531.97,10777.62,1257838,3633383.18,38.81,8.34,1.866,0.861,12447.3,6696.93,2.3,MIDCAP_PORTFOLIO,BUY,800,11495.9,INR
IN004279,MARUTI,Maruti Suzuki,BSE,AUTOMOBILE,03-05-2020,9749.62,10041.02,9099.79,9101.73,8948.89,1675831,2184882.58,69.37,7.84,1.128,1.314,11883.88,7811.1,1.2,SECTORAL_PORTFOLIO,BUY,1969,8477.54,INR
IN001110,ADANIENT,Adani Enterprises,NSE,CONGLOMERATE,05-05-2020,2770.36,2827.74,2686.81,2767.65,2840.62,4956926,2363592.34,48.17,1.88,1.814,0.419,3383.55,2233,3.5,SECTORAL_PORTFOLIO,BUY,1217,2798.17,INR
IN001037,ICICIBANK,ICICI Bank,NSE,FINANCE,05-05-2020,966.73,994.2,938.48,968.56,950.07,826264,103130,58.6,5.78,1.063,0.602,1265.45,626.37,3.5,NIFTY50_PORTFOLIO,BUY,1481,1032,INR
IN001624,SUNPHARMA,Sun Pharmaceutical,BSE,PHARMACEUTICALS,05-05-2020,1239.58,1274.22,1128.4,1154.91,1141.27,4650183,107361.46,58.74,14.43,2.471,1.139,1367.32,970.17,3.5,NIFTY50_PORTFOLIO,SELL,24,911.2,INR
IN002304,WIPRO,Wipro,BSE,TECHNOLOGY,05-05-2020,502.7,515.78,471.19,485.33,467.96,3451902,181566.68,75.07,5.82,0.636,1.912,549.15,472.54,0.5,NIFTY50_PORTFOLIO,BUY,155,533.4,INR
IN002327,WIPRO,Wipro,BSE,TECHNOLOGY,05-05-2020,524.95,532.14,512.97,517.47,532.42,4071138,388965,49.07,6.97,1.795,1.246,691.3,337.55,5.1,SECTORAL_PORTFOLIO,BUY,641,444.56,INR
IN002351,WIPRO,Wipro,BSE,TECHNOLOGY,05-05-2020,503.61,523.01,499.44,518.42,515.32,4413032,139832.71,76.77,4.47,0.161,0.486,683.45,379.32,5.1,SECTORAL_PORTFOLIO,BUY,1240,391.8,INR
IN001265,ASIANPAINT,Asian Paints,BSE,CONSUMER GOODS,06-05-2020,2888.27,3039.24,2885.36,2979.29,2966.6,3997535,1353046.58,42.37,3.62,3.655,0.92,4130.21,2077.53,5.1,NIFTY50_PORTFOLIO,SELL,60,2987.21,INR
IN000004,LT,Larsen & Toubro,NSE,INFRASTRUCTURE,06-05-2020,3134.7,3279.5,3060.84,3271.11,3161.43,3246540,657402.19,11.97,8.51,0.014,1.417,3986.42,2826.69,0,NIFTY50_PORTFOLIO,BUY,915,2912.21,INR
IN000010,LT,Larsen & Toubro,NSE,INFRASTRUCTURE,06-05-2020,3177.47,3197.47,2913.96,3002.26,2911.01,4241630,2723717.85,48.24,9.8,3.134,1.738,3637.3,2766.21,0,MIDCAP_PORTFOLIO,HOLD,635,3068.76,INR
IN000011,LT,Larsen & Toubro,NSE,FINANCE,06-05-2020,3277,3383.64,3201.11,3363.55,3295.56,1976048,1934926.21,11.31,12.99,2.25,1.166,3924.49,2623.2,5.1,NIFTY50_PORTFOLIO,BUY,143,3981.56,INR
IN000109,LT,Larsen & Toubro,NSE,INFRASTRUCTURE,06-05-2020,3306.04,3515.4,3282.66,3505,3518.48,4046517,1073329.9,27.92,8.51,0.62,0.421,4216.33,2493.21,3.5,NIFTY50_PORTFOLIO,SELL,1418,2786.99,INR
IN000162,LT,Larsen & Toubro,NSE,INFRASTRUCTURE,06-05-2020,3304.29,3472.47,3276.12,3472.2,3441.75,1224616,1633143.37,21,3.77,0.43,0.739,4182.77,2295.16,0.5,SECTORAL_PORTFOLIO,SELL,1774,3457.29,INR
IN000177,LT,Larsen & Toubro,NSE,INFRASTRUCTURE,06-05-2020,3188.48,3196.08,2964.42,2995.05,3113,3230814,522102.78,45.11,13.42,1.9605,1.282,4443.34,1949.46,0.5,SECTORAL_PORTFOLIO,BUY,298,2706.29,INR
IN000232,LT,Larsen & Toubro,NSE,INFRASTRUCTURE,06-05-2020,3317.89,3453.98,3264.61,3423.66,3416.91,1926355,2060321.45,75.53,3.12,0.226,1.256,4254.43,2691.32,1.2,SECTORAL_PORTFOLIO,BUY,756,2668.18,INR
IN000242,LT,Larsen & Toubro,NSE,INFRASTRUCTURE,06-05-2020,3340.78,3386.44,3185.14,3251.79,3285.67,3502665,2006797.7,65.62,13.72,0.121,1.582,3709.88,2972.51,0.5,NIFTY50_PORTFOLIO,BUY,1027,3288.72,INR
IN000265,LT,Larsen & Toubro,NSE,INFRASTRUCTURE,06-05-2020,3259.33,3304.86,3035.05,3041.47,3030.82,1103533,1058594.11,67.94,3.85,0.512,1.389,4470.61,2730.84,0,SECTORAL_PORTFOLIO,HOLD,1022,2881.95,INR
IN000299,LT,Larsen & Toubro,NSE,INFRASTRUCTURE,06-05-2020,3261.19,3404.01,3184.36,3348.33,3418.49,999801,2719526.99,54.82,10.22,1.9605,0.902,3838.93,2866.97,3.5,MIDCAP_PORTFOLIO,HOLD,885,3782.01,INR
IN004153,SBIN,State Bank of India,NSE,FINANCE,06-05-2020,612.36,625.52,603.08,610.41,614.46,4466717,488802.08,33.98,8.26,2.228,1.609,812.5,466.65,5.1,NIFTY50_PORTFOLIO,BUY,670,559.4,INR
IN004221,SBIN,State Bank of India,NSE,FINANCE,06-05-2020,614.05,621.42,610.75,618.9,610,1781903,264909.82,55.96,2.44,1.293,1.86,837.51,548.17,2.3,SECTORAL_PORTFOLIO,BUY,890,641.44,INR
IN003461,BHARTIARTL,Bharti Airtel,NSE,TELECOMMUNICATION,08-05-2020,938.94,976.1,936.92,964.68,928.74,545212,412925.46,33.45,11.49,3.29,0.887,1139.23,830.09,5.1,MIDCAP_PORTFOLIO,BUY,528,804.61,INR
IN003463,BHARTIARTL,Bharti Airtel,NSE,TELECOMMUNICATION,08-05-2020,926.34,939.35,867.35,871.49,866.48,1088084,325737.91,69.43,13.06,3.161,1.237,1036.49,571.24,5.1,NIFTY50_PORTFOLIO,HOLD,999,757.77,INR
IN004817,BHARTIARTL,Bharti Airtel,NSE,TELECOMMUNICATION,08-05-2020,908.02,923.13,886.08,915.64,950.8,2875758,873302.42,48.025,6.36,1.24,0.484,1124.93,818.96,2.3,SECTORAL_PORTFOLIO,BUY,241,852.36,INR
IN004823,BHARTIARTL,Bharti Airtel,NSE,TELECOMMUNICATION,08-05-2020,928.95,947.77,870.28,878.56,876.97,2609485,592601.57,75.32,10.36,2.056,0.935,981.06,552.38,0,NIFTY50_PORTFOLIO,HOLD,1666,1106.18,INR
IN003478,HDFCBANK,HDFC Bank,NSE,FINANCE,08-05-2020,1602.72,1606.78,1520.7,1602.72,1606.82,4356987,854532.91,32.9,2.46,1.318,1.127,2018.73,1344.87,0.5,NIFTY50_PORTFOLIO,BUY,1928,1784.29,INR
IN003488,HDFCBANK,HDFC Bank,NSE,FINANCE,08-05-2020,1565.42,1666.7,1538.47,1649.82,1595.01,4993966,650110.41,44.65,3.22,1.979,1.211,1918.87,980.61,2.3,NIFTY50_PORTFOLIO,BUY,1581,1542.46,INR
IN003495,HDFCBANK,HDFC Bank,NSE,PHARMACEUTICALS,08-05-2020,1523.98,1533.41,1488.28,1517.18,1480.37,4423178,792199.09,76.37,4.84,3.196,0.657,1905.82,1070.71,0,SECTORAL_PORTFOLIO,BUY,1288,1328.03,INR
IN003495,HDFCBANK,HDFC Bank,NSE,FINANCE,08-05-2020,1523.98,1533.41,1488.28,1517.18,1480.37,4423178,792199.09,76.37,4.84,3.196,0.657,1905.82,1070.71,0,SECTORAL_PORTFOLIO,BUY,1288,1328.03,INR
IN003529,HDFCBANK,HDFC Bank,NSE,FINANCE,08-05-2020,1626.31,1707.48,1590.52,1695.81,1644.8,654035,798950.83,68.28,3.45,1.235,0.869,2089.06,1463,1.2,NIFTY50_PORTFOLIO,BUY,359,1656.69,INR
IN004736,KOTAKBANK,Kotak Mahindra Bank,NSE,FINANCE,08-05-2020,1826.61,1912.95,1789.15,1902.58,1934.17,2823676,1003289.995,47.04,14.74,0.106,1.2315,2404.11,1188.94,1.2,MIDCAP_PORTFOLIO,SELL,727,1442.07,INR
IN004740,KOTAKBANK,Kotak Mahindra Bank,NSE,FINANCE,08-05-2020,1884.39,2013.7,1840.64,1971.31,1996.7,4386182,1199350.9,65.05,10.79,0.531,1.087,2331.48,1667.02,0,MIDCAP_PORTFOLIO,HOLD,720,1917.82,INR
IN003694,MARUTI,Maruti Suzuki,BSE,AUTOMOBILE,08-05-2020,9981.59,10302.03,9934.49,10249.73,10396.26,163305,6577348.43,67.94,6.85,0.462,1.251,11511.97,6008.22,1.2,SECTORAL_PORTFOLIO,BUY,1748,9722.68,INR
IN003748,MARUTI,Maruti Suzuki,BSE,AUTOMOBILE,08-05-2020,9968.14,10613.05,9846.61,10448.72,10280.53,2681707,8949665.58,41.06,7.84,1.134,1.123,13668.07,8450.82,2.3,SECTORAL_PORTFOLIO,SELL,1640,11565.11,INR
IN003755,MARUTI,Maruti Suzuki,BSE,AUTOMOBILE,08-05-2020,9819.04,10024.7,9253.16,9348.67,9088.77,2952587,1569657.78,36.69,12.22,3.847,1.46,12338.25,7854.05,1.2,MIDCAP_PORTFOLIO,HOLD,598,10940.28,INR
IN003778,MARUTI,Maruti Suzuki,BSE,AUTOMOBILE,08-05-2020,9825.7,10009.94,9474.29,9690.23,10054.49,4453831,9017565.45,76.85,2.56,0.53,1.724,11725.4,8006.73,3.5,SECTORAL_PORTFOLIO,BUY,1514,8951.87,INR
IN003782,MARUTI,Maruti Suzuki,BSE,AUTOMOBILE,08-05-2020,10304.83,10369.5,9964.47,10177.57,10308.51,1409507,6453304.19,72.59,6.02,0.274,0.819,10633.24,7886.03,1.2,MIDCAP_PORTFOLIO,BUY,1610,11519.95,INR
IN003790,MARUTI,Maruti Suzuki,BSE,AUTOMOBILE,08-05-2020,9904.49,10758.76,9661.23,10552.6,10656.57,2202689,7538558.87,21.28,3.2,3.396,1.425,13354.87,7043.54,0.5,MIDCAP_PORTFOLIO,SELL,140,11880.24,INR
IN003792,MARUTI,Maruti Suzuki,BSE,AUTOMOBILE,08-05-2020,10205.76,10379.97,10033.98,10276.29,10650.92,3314313,7986173.45,41.51,1.58,3.587,1.047,12921.35,6353.11,3.5,SECTORAL_PORTFOLIO,HOLD,351,9566.75,INR
IN003521,NESTLEIND,Nestle India,BSE,FINANCE,08-05-2020,20938.03,22195.2,20803.7,21882.32,21830.09,808153,3743905.15,31.04,4.21,1.526,1.2725,27473.51,19731.88,1.2,NIFTY50_PORTFOLIO,HOLD,94,22343.17,INR
IN001976,TCS,Tata Consultancy Services,NSE,TECHNOLOGY,08-05-2020,3367.26,3414,3308.21,3367.26,3446.49,3507685,1733901.16,43.14,5.72,3.458,0.773,3853.62,2977.77,2.3,MIDCAP_PORTFOLIO,BUY,39,3294.84,INR
IN001982,TCS,Tata Consultancy Services,NSE,TECHNOLOGY,08-05-2020,3359.73,3437.23,3050.44,3130.86,3036.45,4150662,1735988.15,39.45,10.31,2.342,1.113,4740.71,2453.54,3.5,MIDCAP_PORTFOLIO,BUY,633,3426,INR
IN002067,TCS,Tata Consultancy Services,NSE,TECHNOLOGY,08-05-2020,3575.38,3786.36,3485.98,3685.02,3621.85,1731056,2409362.64,13.95,2.52,2.239,0.931,3689.45,2254.34,2.3,NIFTY50_PORTFOLIO,BUY,420,3995.99,INR
IN002069,TCS,Tata Consultancy Services,NSE,TECHNOLOGY,08-05-2020,3395.49,3475.03,3095.61,3177.4,3276.37,1411325,220917.62,43.14,10.35,1.407,0.716,4854.55,2363.14,2.3,NIFTY50_PORTFOLIO,HOLD,618,3581.92,INR
IN002071,TCS,Tata Consultancy Services,NSE,TECHNOLOGY,08-05-2020,3351.36,3366.87,3055.65,3139.55,3092.74,4398472,1932396.03,10.34,13.76,2.342,0.484,4518.42,2765.68,5.1,SECTORAL_PORTFOLIO,BUY,303,3499.22,INR
IN002096,TCS,Tata Consultancy Services,NSE,TECHNOLOGY,08-05-2020,3364.18,3428.04,3259.07,3260.22,3351.34,1248322,3124711.83,14.74,13.9,1.665,1.201,3985.12,2639.04,5.1,SECTORAL_PORTFOLIO,BUY,60,2967.53,INR
IN002110,TCS,Tata Consultancy Services,NSE,TECHNOLOGY,08-05-2020,3516.56,3594.5,3469.08,3480.67,3561.67,2056161,1932396.03,43.14,12.02,1.614,1.735,4351.94,2346.88,2.3,NIFTY50_PORTFOLIO,SELL,1571,3946.91,INR
IN002116,TCS,Tata Consultancy Services,NSE,TECHNOLOGY,08-05-2020,3613.28,3653.35,3436.73,3488.74,3389.2,2328901,953317.1,14.55,7.36,2.576,1.845,4165.57,2456.26,1.2,SECTORAL_PORTFOLIO,BUY,1987,3518.08,INR
IN002167,TCS,Tata Consultancy Services,NSE,TECHNOLOGY,08-05-2020,3408.88,3437.53,3160.5,3408.88,3322.21,1846338,3434210.13,43.14,4.99,3.786,1.91,4324.73,3201.29,2.3,MIDCAP_PORTFOLIO,BUY,1864,3802.27,INR
IN002189,TCS,Tata Consultancy Services,NSE,TECHNOLOGY,08-05-2020,3556,3760.99,3543.53,3729,3750.59,3303732,1548307.32,77.45,12.84,2.141,1.201,3959.04,3141.16,3.5,SECTORAL_PORTFOLIO,HOLD,222,3254.25,INR
IN000807,MARUTI,Maruti Suzuki,BSE,AUTOMOBILE,10-05-2020,10302.85,10752.12,10192.81,10532.83,10121.42,2202689,9131738.36,49.02,3.65,3.082,1.186,13544.58,9016.85,2.3,NIFTY50_PORTFOLIO,HOLD,1611,12372.31,INR
IN000871,MARUTI,Maruti Suzuki,BSE,AUTOMOBILE,10-05-2020,9878.1,10005.46,9864.9,9910.26,9530.75,1773564,9113705.4,79.78,1.28,3.041,1.311,13042.47,8437.76,5.1,NIFTY50_PORTFOLIO,BUY,1645,10421.33,INR
IN000911,MARUTI,Maruti Suzuki,BSE,AUTOMOBILE,10-05-2020,10363.01,10385.21,10143.1,10221.02,10561.07,3514511,2276139.67,52.58,14.23,0.542,1.661,12019.11,6803.17,3.5,NIFTY50_PORTFOLIO,BUY,297,8739.92,INR
IN000937,MARUTI,Maruti Suzuki,BSE,AUTOMOBILE,10-05-2020,10424.25,10494.43,9545.45,9740.32,10014.83,4327578,2676493.85,25,2.51,1.823,1.869,13655.85,6259.3,2.3,NIFTY50_PORTFOLIO,BUY,1970,10428.3,INR
IN002718,MARUTI,Maruti Suzuki,BSE,AUTOMOBILE,10-05-2020,10464.49,10637.24,10127.37,10436.68,10719.38,4370795,3474832.8,74.25,5.2,1.184,1.06,11245.62,7794.69,3.5,NIFTY50_PORTFOLIO,BUY,1481,8537.65,INR
IN001571,ONGC,Oil & Natural Gas Corp,NSE,ENERGY,10-05-2020,293.77,299.58,280.27,293.77,277.08,1391269,90212.01,9.8,12.49,2.037,1.474,374.58,228.53,2.3,MIDCAP_PORTFOLIO,BUY,1444,232.14,INR
IN001125,RELIANCE,Reliance Industries,NSE,ENERGY,10-05-2020,2214.72,2258.77,2129.32,2176.62,2191.97,2961577,656292.76,71.51,5.03,1.838,0.907,2449.82,1370.77,5.1,SECTORAL_PORTFOLIO,BUY,814,1825.62,INR
IN001128,RELIANCE,Reliance Industries,NSE,ENERGY,10-05-2020,2095.3,2151.14,1943.86,1989.04,1953.45,919528,319068.89,28.83,11.92,3.568,1.984,2847.33,1835.45,5.1,NIFTY50_PORTFOLIO,BUY,1547,1799.11,INR
IN001149,RELIANCE,Reliance Industries,NSE,ENERGY,10-05-2020,2126.22,2239.91,2077.1,2187.35,2138.41,2263734,1189037.51,19.63,10.41,1.349,1.684,2466.21,1802.42,5.1,SECTORAL_PORTFOLIO,HOLD,1900,1828.67,INR
IN003857,ASIANPAINT,Asian Paints,BSE,CONSUMER GOODS,11-05-2020,2980.97,2983.12,2750.63,2824.63,2810.69,2486376,491725.12,41.02,9.35,3.801,0.84,3322.78,2729.47,2.3,NIFTY50_PORTFOLIO,BUY,951,2599.7,INR
IN003863,ASIANPAINT,Asian Paints,BSE,CONSUMER GOODS,11-05-2020,3127.35,3211.61,3093.9,3187.31,3252.98,3001663,1583748.83,73.16,4.33,2.185,1.476,3389.68,2791.81,2.3,MIDCAP_PORTFOLIO,SELL,1343,2956.41,INR
IN003864,ASIANPAINT,Asian Paints,BSE,CONSUMER GOODS,11-05-2020,3006.52,3205.43,2999.44,3205.39,3268.12,506435,2409037.71,9.48,11.13,0.101,1.995,3586.16,2000.29,1.2,MIDCAP_PORTFOLIO,BUY,1925,2449.58,INR
IN003725,AXISBANK,Axis Bank,BSE,FINANCE,11-05-2020,1116.95,1160.71,1089.11,1155.01,1133.75,3742889,279447.89,20.5,7.75,2.818,1.361,1439.59,844.02,3.5,MIDCAP_PORTFOLIO,SELL,1732,1231.15,INR
IN003977,TCS,Tata Consultancy Services,NSE,TECHNOLOGY,11-05-2020,3435.18,3508.27,3419.24,3485.12,3465.8,4939753,2991065.27,23.22,10.79,1.384,1.201,3841.63,2566.84,0.5,NIFTY50_PORTFOLIO,BUY,696,3996.31,INR
IN000341,HINDUNILVR,Hindustan Unilever,NSE,FMCG,01-06-2020,2399.65,2511.15,2375.58,2501.3,2536.51,950000,2431941.86,43.13,8.21,1.933,1.28,3241.09,1680.21,3.5,NIFTY50_PORTFOLIO,BUY,861,2639.19,INR
IN000361,HINDUNILVR,Hindustan Unilever,NSE,FMCG,01-06-2020,2511.81,2624.031645,2507.53,2507.53,2472.6,941487,179716.14,51.08,9.69,1.535,0.858,2759.02,2346.4,5.1,NIFTY50_PORTFOLIO,HOLD,606,2564.87,INR
IN000431,HINDUNILVR,Hindustan Unilever,NSE,FMCG,01-06-2020,2612.13,2775.61,2592.35,2775.61,2849.77,2059555,1895674.45,48.66,9.1,2.491,1.627,2832.56,2265.57,5.1,SECTORAL_PORTFOLIO,BUY,1687,1962.64,INR
IN000444,HINDUNILVR,Hindustan Unilever,NSE,FMCG,01-06-2020,2608.79,2741.38,2596.73,2608.79,2625.81,463725,2276152.27,37.12,14.05,0.224,1.394,2941.82,1815.25,3.5,SECTORAL_PORTFOLIO,BUY,1901,2728.81,INR
IN000643,HINDUNILVR,Hindustan Unilever,NSE,FMCG,01-06-2020,2586.22,2706.64,2511.04,2641.48,2660.57,1407373,1116346.63,29.1,11.21,0.362,0.529,2943.85,2204.27,5.1,SECTORAL_PORTFOLIO,HOLD,1744,1944.63,INR
IN000654,HINDUNILVR,Hindustan Unilever,NSE,FMCG,01-06-2020,2386.7,2445,2338.56,2371.41,2404.29,1445338,166317.22,79.35,5.93,1.145,1.21,2901.2,2031.33,0,MIDCAP_PORTFOLIO,BUY,52,1973.66,INR
IN000668,HINDUNILVR,Hindustan Unilever,NSE,FMCG,01-06-2020,2601.81,2797.21,2561.92,2753.63,2708.63,1672958,1430533.31,20.96,1.79,2.386,1.695,2904.69,2091.74,2.3,SECTORAL_PORTFOLIO,BUY,1913,2440.9,INR
IN000692,HINDUNILVR,Hindustan Unilever,NSE,FMCG,01-06-2020,2377.01,2544.85,2359.99,2377.01,2575.46,4136871,1564236.52,79.72,13.17,2.57,1.867,3479.92,1668.65,3.5,NIFTY50_PORTFOLIO,SELL,812,2144.14,INR
IN001740,HINDUNILVR,Hindustan Unilever,NSE,FMCG,01-06-2020,2525.35,2594.97,2453.08,2499.69,2436.25,241695,2392408.42,32.44,8.21,2.637,1.89,3473.36,1736.33,2.3,SECTORAL_PORTFOLIO,HOLD,1445,2300.35,INR
IN001759,HINDUNILVR,Hindustan Unilever,NSE,FMCG,01-06-2020,2470.12,2481.86,2420.44,2422.55,2476.52,2201200.5,1475273.26,48.25,8.13,1.476,0.734,3122.67,2342.69,1.2,SECTORAL_PORTFOLIO,HOLD,512,1996.49,INR
IN001774,HINDUNILVR,Hindustan Unilever,NSE,FMCG,01-06-2020,2380.52,2404.25,2198.09,2255.29,2299.25,2855836,1395254.1,57.22,14.53,1.802,1.044,3338.11,1768.36,2.3,SECTORAL_PORTFOLIO,BUY,1424,2138.34,INR
IN002728,LT,Larsen & Toubro,NSE,INFRASTRUCTURE,01-06-2020,3110.62,3123.2,3060.08,3076.15,3190.89,1514546,2018664.87,9.18,7.93,0.69,1.996,4096.35,2887.06,5.1,SECTORAL_PORTFOLIO,SELL,1628,3321.57,INR
IN002761,LT,Larsen & Toubro,NSE,INFRASTRUCTURE,01-06-2020,3260.54,3476.38,3207.23,3448.99,3564.26,3222850,1616603.54,39.76,2.91,2.486,0.928,3652.57,2504.03,1.2,NIFTY50_PORTFOLIO,SELL,1410,2872.33,INR
IN002784,LT,Larsen & Toubro,NSE,INFRASTRUCTURE,01-06-2020,3149.34,3333.48,3111.81,3282.22,3271.33,587657,2926535.54,66.33,2.86,0.771,0.607,4436.27,3027.36,0,MIDCAP_PORTFOLIO,BUY,431,3406.68,INR
IN002798,LT,Larsen & Toubro,NSE,INFRASTRUCTURE,01-06-2020,3234.49,3285.97,3099.59,3108.76,3174.79,2675487,1338113.64,62.39,10.01,3.433,0.817,4087.26,1961.9,0.5,NIFTY50_PORTFOLIO,BUY,1366,2756,INR
IN002805,LT,Larsen & Toubro,NSE,INFRASTRUCTURE,01-06-2020,3078.22,3134.4,2900.22,2966.46,2937.64,4736947,1552494.67,14.9,1.48,3.765,0.967,3671.15,2769.52,0.5,MIDCAP_PORTFOLIO,BUY,1954,3553.79,INR
IN002843,LT,Larsen & Toubro,NSE,INFRASTRUCTURE,01-06-2020,3101.33,3169.13,2870.4,3101.33,3066.93,1367413,543629.31,25.27,9.49,0.01,1.154,4053.07,2728.87,1.2,NIFTY50_PORTFOLIO,BUY,234,3767.69,INR
IN001857,ONGC,Oil & Natural Gas Corp,NSE,ENERGY,01-06-2020,274.06,283.06,268.45,278.22,283.14,2699963.5,112199.32,25.56,7.54,2.549,1.799,338.04,261.82,0,MIDCAP_PORTFOLIO,BUY,1881,315.87,INR
IN001984,ONGC,Oil & Natural Gas Corp,NSE,ENERGY,01-06-2020,283.6,283.99,269.05,271.2,263.05,2543928,168155.26,10.08,13.12,1.33,0.665,382.43,209.6,1.2,NIFTY50_PORTFOLIO,HOLD,105,325.24,INR
IN004325,WIPRO,Wipro,BSE,TECHNOLOGY,01-06-2020,494.21,536.9,491.89,525.67,511.62,1268496,92614.15,33.18,9.35,1.87,1.549,528.41,412.22,2.3,SECTORAL_PORTFOLIO,BUY,404,603.81,INR
IN004432,WIPRO,Wipro,BSE,TECHNOLOGY,01-06-2020,481.44,482.15,453.11,466.9,483.48,4374697,210743.19,34.3,7.05,1.756,0.571,612.3,451.67,3.5,MIDCAP_PORTFOLIO,BUY,313,464.39,INR
IN002851,ADANIENT,Adani Enterprises,NSE,CONGLOMERATE,02-06-2020,2885.53,2900.64,2805.68,2885.53,2842.28,67218,2623526.07,53.71,5.61,1.383,1.117,3429.34,1768.68,0.5,SECTORAL_PORTFOLIO,BUY,798,2649.45,INR
IN004136,BHARTIARTL,Bharti Airtel,NSE,TELECOMMUNICATION,02-06-2020,929.67,994.99,909.68,974.69,964.24,2427203,248306.09,33.06,5.56,3.832,0.692,992.53,766.12,2.3,NIFTY50_PORTFOLIO,HOLD,336,840.12,INR
IN004162,HCLTECH,HCL Technologies,NSE,TECHNOLOGY,03-06-2020,1502.2,1503.56,1462.51,1485.5,1513.7,3143782,847567.58,16.94,1.76,0.975,0.976,1901.33,1053.18,3.5,NIFTY50_PORTFOLIO,BUY,241,1481.04,INR
IN004163,HCLTECH,HCL Technologies,NSE,TECHNOLOGY,03-06-2020,1440.86,1527.16,1411.04,1494.32,1473.6,4978929,144329.51,75.37,8.85,1.111,1.274,1587.07,1076.5,0,MIDCAP_PORTFOLIO,BUY,707,1788.33,INR
IN004069,INFY,Infosys,NSE,TECHNOLOGY,03-06-2020,1435.76,1439.22,1342.51,1350.94,1354.02,3885635,1295839.22,12.42,1.56,3.14,1.058,1760.67,1039.04,2.3,SECTORAL_PORTFOLIO,SELL,902,1273.74,INR
IN004088,ONGC,Oil & Natural Gas Corp,NSE,ENERGY,03-06-2020,284,285.7,269.91,272.46,262.99,2730496,175483.2,40.515,5.05,0.616,1.146,301.04,237.82,1.2,NIFTY50_PORTFOLIO,BUY,1462,295,INR
IN004091,ONGC,Oil & Natural Gas Corp,NSE,ENERGY,03-06-2020,284.29,284.6,281.59,284.14,279.01,2656089,202636.48,64.19,3.47,0.455,1.288,370.88,241.29,1.2,NIFTY50_PORTFOLIO,HOLD,1967,219.95,INR
IN001967,RELIANCE,Reliance Industries,NSE,ENERGY,03-06-2020,2159.94,2212.12,2151.13,2152.57,2226.22,593929,642580.65,30.2,12.17,2.134,0.791,2448.18,1981.43,1.2,MIDCAP_PORTFOLIO,BUY,861,2157.22,INR
IN001978,SBIN,State Bank of India,NSE,FINANCE,03-06-2020,581.22,618.14,570.18,613.04,637.54,2483504,306506,8.15,9.38,2.182,1.963,809.04,498.42,3.5,SECTORAL_PORTFOLIO,BUY,1837,695.64,INR
IN003474,SUNPHARMA,Sun Pharmaceutical,BSE,PHARMACEUTICALS,03-06-2020,1171.32,1200.47,1096.97,1102.5,1117.12,1978047,611604.57,63.7,14.72,2.76,1.65,1586.57,942.09,1.2,SECTORAL_PORTFOLIO,HOLD,589,1210.4,INR
IN001302,BAJFINANCE,Bajaj Finance,NSE,PHARMACEUTICALS,04-06-2020,6873.08,6878.41,6374.04,6873.08,6245.88,4922287,3587386.5,65.42,1.33,2.21,0.744,8077.96,4283.02,3.5,NIFTY50_PORTFOLIO,BUY,1417,8226.13,INR
IN000055,TCS,Tata Consultancy Services,NSE,TECHNOLOGY,04-06-2020,3595.55,3640.25,3593.65,3594.39,3589.91,1609805,633896.55,27.13,7.72,3.211,1.118,3786.55,2278.12,1.2,SECTORAL_PORTFOLIO,BUY,1821,4139.19,INR
IN000069,TCS,Tata Consultancy Services,NSE,TECHNOLOGY,04-06-2020,3487.77,3651.46,3389.52,3560.64,3572.98,2128462,750695.27,64.57,12.9,0.263,1.434,3984.14,2993.39,2.3,NIFTY50_PORTFOLIO,HOLD,817,2675.46,INR
IN000077,TCS,Tata Consultancy Services,NSE,TECHNOLOGY,04-06-2020,3466.6,3622.76,3368.51,3574.79,3702.48,641145,1150032.44,16.65,10.86,1.083,1.433,4035.39,3051.77,0.5,MIDCAP_PORTFOLIO,HOLD,338,3996.68,INR
IN000545,WIPRO,Wipro,BSE,TECHNOLOGY,04-06-2020,512.87,539.86,498.39,530.67,538.98,4952064,28752.34,28.25,6.75,3.489,1.238,621.95,454.1,2.3,NIFTY50_PORTFOLIO,HOLD,1510,579.17,INR
IN000608,WIPRO,Wipro,BSE,TECHNOLOGY,04-06-2020,503.72,525.26,501.94,512.2,515.91,4401775,450004.88,31.72,3.33,1.87,0.444,576.83,320.52,3.5,SECTORAL_PORTFOLIO,SELL,558,562.32,INR
IN000630,WIPRO,Wipro,BSE,TECHNOLOGY,04-06-2020,485.21,486.89,461.72,472.22,463.31,2449092,493544,54.63,10.19,0.712,0.907,564.65,382.92,1.2,NIFTY50_PORTFOLIO,BUY,145,549.66,INR
IN000645,WIPRO,Wipro,BSE,TECHNOLOGY,04-06-2020,486.96,500.29,483.03,488.7,471.84,1059484,212044.18,65.91,11.67,0.718,1.517,642.22,305.73,0,MIDCAP_PORTFOLIO,HOLD,607,603.4,INR
IN000714,WIPRO,Wipro,BSE,TECHNOLOGY,04-06-2020,497.03,500.21,460.17,469.93,470.14,4767050,110075.98,71.87,11.29,1.87,0.889,630.57,356.79,1.2,SECTORAL_PORTFOLIO,SELL,892,513.78,INR
IN000749,WIPRO,Wipro,BSE,TECHNOLOGY,04-06-2020,488.99,515.82,481.94,514.67,512.44,3463039,454455.6,64.84,7.05,0.555,0.643,535.35,324.62,2.3,NIFTY50_PORTFOLIO,BUY,1891,460.69,INR
IN004253,BHARTIARTL,Bharti Airtel,NSE,TELECOMMUNICATION,05-06-2020,883.84,938.07,860.94,929.76,908.37,2586986,392907.03,40.31,2.66,1.682,1.361,1104.02,849.39,0.5,SECTORAL_PORTFOLIO,BUY,477,1009.74,INR
IN004262,BHARTIARTL,Bharti Airtel,NSE,TELECOMMUNICATION,05-06-2020,929.97,939.06,888.51,907.41,915.08,2690452,537165.73,66.51,3.73,2.518,0.926,1074.15,706.23,5.1,SECTORAL_PORTFOLIO,HOLD,1491,1057.35,INR
IN004271,BHARTIARTL,Bharti Airtel,NSE,TELECOMMUNICATION,05-06-2020,867.61,875.71,850.69,859.21,827.14,2449161,246015.71,19.35,14,0.531,1.695,1159.12,657.38,5.1,SECTORAL_PORTFOLIO,BUY,757,1105.37,INR
IN004792,INFY,Infosys,NSE,TECHNOLOGY,05-06-2020,1468.86,1578.51,1458.46,1569.59,1535.92,4027369,739370.09,53.45,13.33,0.732,1.161,1992.08,1388.04,5.1,NIFTY50_PORTFOLIO,HOLD,406,1192,INR
IN002847,BAJFINANCE,Bajaj Finance,NSE,NBFC,07-06-2020,7020.49,7579.45,6940.65,7020.49,7279.39,3944898,3783231.12,43.49,1.67,1.819,1.982,9578.5,5695.5,5.1,SECTORAL_PORTFOLIO,BUY,122,7540.03,INR
IN003500,BAJFINANCE,Bajaj Finance,NSE,NBFC,07-06-2020,7208.94,7365.3,7039.19,7089.96,7219,326608,4283493.84,44.36,1.48,0.752,1.964,9292.91,6251.47,1.2,MIDCAP_PORTFOLIO,HOLD,132,6950.74,INR
IN003504,BAJFINANCE,Bajaj Finance,NSE,NBFC,07-06-2020,6887.47,6927.88,6540.68,6595.12,6616.72,2982609,4925669.71,67.42,10.54,1.037,0.75,9303.55,5080.5,2.3,NIFTY50_PORTFOLIO,BUY,1788,8313.24,INR
IN003515,BAJFINANCE,Bajaj Finance,NSE,NBFC,07-06-2020,7270.79,7609.13,7209.92,7528.59,7746.38,1846415,2911330.28,46.67,10.68,2.998,1.233,9457.02,5541.91,5.1,NIFTY50_PORTFOLIO,BUY,1450,8628.76,INR
IN003538,BAJFINANCE,Bajaj Finance,NSE,NBFC,07-06-2020,7247.43,7766.64,7216.25,7247.43,7874.26,1911301,1395949.81,31.11,3.55,3.29,1.233,8861.07,6254.75,1.2,NIFTY50_PORTFOLIO,BUY,605,7262.2,INR
IN003548,BAJFINANCE,Bajaj Finance,NSE,NBFC,07-06-2020,6771.95,6951.31,6696.27,6850.74,7041.59,4490282,3423400.78,44.36,14.2,0.022,0.496,7662.74,5678.84,5.1,NIFTY50_PORTFOLIO,BUY,1045,6362.8,INR
IN002416,SBIN,State Bank of India,NSE,FINANCE,07-06-2020,607.86,624.76,562.16,574.65,556.17,661974,407341.74,40.61,3.96,1.8405,0.976,704.94,500,5.1,NIFTY50_PORTFOLIO,BUY,308,504.53,INR
IN002441,SBIN,State Bank of India,NSE,FINANCE,07-06-2020,596.44,607.22,576.86,593.96,591.58,2047179,110265.25,9.44,5.53,2.565,0.415,654,414.74,1.2,MIDCAP_PORTFOLIO,BUY,1236,677.7,INR
IN002451,SBIN,State Bank of India,NSE,FINANCE,07-06-2020,615.55,637.1,600.26,619.08,595.65,494015,181967.66,24.91,1.88,3.811,0.541,673.46,495.22,5.1,MIDCAP_PORTFOLIO,HOLD,1258,664.66,INR
IN002457,SBIN,State Bank of India,NSE,FINANCE,07-06-2020,606.14,620.27,590.48,607.2,604.65,332309,472533.51,34.1,12.25,0.158,0.52,825.77,506.9,0.5,SECTORAL_PORTFOLIO,HOLD,1431,683.3,INR
IN003734,TITAN,Titan Company,BSE,CONSUMER GOODS,07-06-2020,3333.92,3542.77,3273.06,3528.04,3599.62,2589240,1407604.8,77.16,3.23,1.639,0.677,3853.81,3005.71,1.2,SECTORAL_PORTFOLIO,BUY,1108,3094.32,INR
IN003763,HINDUNILVR,Hindustan Unilever,NSE,FMCG,08-06-2020,2478.58,2522.43,2395.82,2478.58,2462.44,3586163,2422845.09,72.6,8.01,3.627,1.601,2649.8,1956.25,2.3,SECTORAL_PORTFOLIO,HOLD,1403,3038.38,INR
IN003773,HINDUNILVR,Hindustan Unilever,NSE,FMCG,08-06-2020,2408.12,2535.82,2367.72,2511.79,2553.17,1637701,1558098.03,17.57,11.09,3.847,0.466,2709.72,2020.73,1.2,MIDCAP_PORTFOLIO,BUY,736,2151.63,INR
IN002133,SUNPHARMA,Sun Pharmaceutical,BSE,PHARMACEUTICALS,08-06-2020,1235.3,1248.47,1182.75,1198.43,1214.72,675586,145296.4,53.25,11,1.539,1.881,1363.18,778.52,5.1,MIDCAP_PORTFOLIO,BUY,1781,1467.2,INR
IN002205,SUNPHARMA,Sun Pharmaceutical,BSE,PHARMACEUTICALS,08-06-2020,1172.01,1186.73,1159.94,1182.33,1148.16,463353,622688.55,29.55,7.735,2.569,1.248,1468.86,982.02,5.1,SECTORAL_PORTFOLIO,BUY,335,1091.73,INR
IN002241,SUNPHARMA,Sun Pharmaceutical,BSE,PHARMACEUTICALS,08-06-2020,1166.41,1219.05,1139.79,1184.95,1230.82,2933804,611604.57,32.1,8.7,2.272,1.405,1474.94,1087.49,1.2,NIFTY50_PORTFOLIO,BUY,1150,1052.43,INR
IN002244,SUNPHARMA,Sun Pharmaceutical,BSE,PHARMACEUTICALS,08-06-2020,1150.75,1157.7,1040.64,1070.36,1070.4,3403559,558553.77,54.31,1.51,2.834,1.095,1454.94,736.35,0.5,NIFTY50_PORTFOLIO,BUY,251,993.09,INR
IN002254,SUNPHARMA,Sun Pharmaceutical,BSE,PHARMACEUTICALS,08-06-2020,1190.2,1215.3,1165.52,1177.64,1224.08,3126031,88850.51,29.27,10.41,3.474,0.889,1581.75,1094.69,1.2,MIDCAP_PORTFOLIO,BUY,230,1485.02,INR
IN002309,SUNPHARMA,Sun Pharmaceutical,BSE,PHARMACEUTICALS,08-06-2020,1214.53,1239.69,1176.72,1185.64,1199.3,73059,103076.97,46.88,3.33,0.813,1.591,1619.02,1028.55,3.5,MIDCAP_PORTFOLIO,BUY,767,1269.45,INR
IN001794,TCS,Tata Consultancy Services,NSE,TECHNOLOGY,08-06-2020,3439.04,3545.31,3438.75,3529.04,3443.41,2280474,1627749.37,77.2,8.27,2.296,1.807,4330.86,2347.23,1.2,SECTORAL_PORTFOLIO,SELL,104,4131.16,INR
IN000760,ULTRACEMCO,UltraTech Cement,BSE,INFRASTRUCTURE,08-06-2020,9323.02,9784.29,9157.09,9719.33,9966.57,4413051,525127.91,52.23,13.46,0.578,1.618,11417.95,7693.66,3.5,SECTORAL_PORTFOLIO,HOLD,414,7822.76,INR
IN000118,SBIN,State Bank of India,NSE,FINANCE,10-06-2020,602.88,627.22,588.41,620.75,622.87,3109604,194955.39,44,12.64,2.641,1.91,834.41,406.98,0.5,SECTORAL_PORTFOLIO,SELL,1790,613.21,INR
IN003670,TCS,Tata Consultancy Services,NSE,TECHNOLOGY,10-06-2020,3492.4,3577.3,3287.37,3323.5,3215.59,4559649,1932396.03,43.14,10.89,1.106,1.045,4612.56,3266.96,2.3,MIDCAP_PORTFOLIO,BUY,417,3203.74,INR
IN003352,ADANIENT,Adani Enterprises,NSE,CONGLOMERATE,11-06-2020,2660.45,2660.65,2584.69,2656.86,2712.18,1302217,1288980.85,40.98,2.56,2.733,1.075,3442.27,1956.19,3.5,SECTORAL_PORTFOLIO,BUY,1715,3209.48,INR
IN003381,ADANIENT,Adani Enterprises,NSE,CONGLOMERATE,11-06-2020,2861.33,2898.77,2729.94,2795.28,2831.58,2906329,815842.33,56.94,12.7,1.996,1.228,3918.17,2032.88,1.2,SECTORAL_PORTFOLIO,SELL,1138,2424.54,INR
IN003387,ADANIENT,Adani Enterprises,NSE,CONGLOMERATE,11-06-2020,2832.55,2888.07,2815.57,2824.44,2881.92,460486,2082043.5,26.03,11.41,2.44,1.353,3061.65,2150.58,3.5,SECTORAL_PORTFOLIO,BUY,1577,2923.62,INR
IN001194,HINDUNILVR,Hindustan Unilever,NSE,FMCG,11-06-2020,2574.12,2623.99,2503.62,2536.55,2625.56,522293,2285153.69,14.18,9.53,0.955,0.433,3437.56,1785.64,0,NIFTY50_PORTFOLIO,BUY,455,2008.4,INR
IN001258,HINDUNILVR,Hindustan Unilever,NSE,FMCG,11-06-2020,2533.2,2608.67,2480.64,2518.18,2467.92,1553598,1654622.67,15.83,4.97,3.729,1.556,3418.22,1880.82,5.1,NIFTY50_PORTFOLIO,BUY,1257,2933.02,INR
IN004586,AXISBANK,Axis Bank,BSE,FINANCE,01-07-2020,1150.01,1156.83,1085.69,1095.67,1056.96,938927,125416.75,74.53,10.61,2.757,0.532,1283.41,1039.57,0.5,NIFTY50_PORTFOLIO,HOLD,1556,1077.53,INR
IN004601,AXISBANK,Axis Bank,BSE,FINANCE,01-07-2020,1072.24,1136.46,1045.37,1131.71,1133.73,717056,67494.13,73.68,14.79,2.484,1.259,1486,798.58,1.2,NIFTY50_PORTFOLIO,BUY,1548,1143.92,INR
IN003580,BHARTIARTL,Bharti Airtel,NSE,TELECOMMUNICATION,01-07-2020,925.05,972.35,922.58,925.05,920,3854139,437209.17,57,8.08,0.807,0.448,959.59,557.1,3.5,NIFTY50_PORTFOLIO,BUY,948,1113.17,INR
IN003581,BHARTIARTL,Bharti Airtel,NSE,TELECOMMUNICATION,01-07-2020,939.71,975.94,926.42,939.71,996.15,4995369,620678.41,63.51,13.37,2.989,1.865,1257.81,810.99,1.2,NIFTY50_PORTFOLIO,HOLD,261,762.54,INR
IN003585,BHARTIARTL,Bharti Airtel,NSE,TELECOMMUNICATION,01-07-2020,884.97,946.9,861.44,927.87,957.22,1424048,745848.99,48.025,1.79,2.455,0.92,1021.32,655.23,2.3,MIDCAP_PORTFOLIO,HOLD,1981,864.77,INR
IN003592,BHARTIARTL,Bharti Airtel,NSE,TELECOMMUNICATION,01-07-2020,871.91,895.11,861.13,871.91,870.7,870968,68048.53,60.48,14.24,0.127,1.36,1060.31,599.54,0.5,SECTORAL_PORTFOLIO,HOLD,290,999.48,INR
IN003644,BHARTIARTL,Bharti Airtel,NSE,TELECOMMUNICATION,01-07-2020,931.96,1016.88,917.63,931.96,956.4,1020647,503292.33,38.39,9.72,3.271,1.74,1171.14,816.23,5.1,MIDCAP_PORTFOLIO,BUY,939,791.14,INR
IN003647,BHARTIARTL,Bharti Airtel,NSE,TELECOMMUNICATION,01-07-2020,917.08,995.7,913.56,975.39,964.05,1927182,183944.19,48.025,1.89,1.948,0.637,1097.32,706.16,2.3,MIDCAP_PORTFOLIO,HOLD,1734,788.85,INR
IN003658,BHARTIARTL,Bharti Airtel,NSE,TELECOMMUNICATION,01-07-2020,876.05,896.88,853.27,886.43,874.74,1868466,50075.73,65.96,12.02,1.671,1.086,1006.65,676.08,3.5,SECTORAL_PORTFOLIO,BUY,533,1087.19,INR
IN004132,MARUTI,Maruti Suzuki,BSE,AUTOMOBILE,01-07-2020,9695.05,10030.16,9599.07,9956.71,10331.15,3098683,5793744.74,41.06,7.89,0.012,0.563,12630.51,6435.08,1.2,SECTORAL_PORTFOLIO,HOLD,605,8472.74,INR
IN004145,MARUTI,Maruti Suzuki,BSE,AUTOMOBILE,01-07-2020,10145.76,10784.18,10105.97,10725.94,10603.61,2011300,5242906.99,35.04,4.46,1.285,1.009,10725.94,8297.06,2.3,MIDCAP_PORTFOLIO,BUY,1098,7819.14,INR
IN002543,ADANIENT,Adani Enterprises,NSE,CONGLOMERATE,02-07-2020,2723.36,2747.4,2710.81,2729.27,2620.46,1563355,2775541.33,9.88,4.71,1.426,0.557,3154.95,2373.56,0.5,MIDCAP_PORTFOLIO,SELL,1418,2991.05,INR
IN002568,ADANIENT,Adani Enterprises,NSE,CONGLOMERATE,02-07-2020,2881.58,3121.44,2880.19,3038.41,3116.77,4895705,886942,39.2,7.44,2.591,1.919,3623.62,2486.52,2.3,SECTORAL_PORTFOLIO,BUY,664,3120.03,INR
IN002616,ADANIENT,Adani Enterprises,NSE,CONGLOMERATE,02-07-2020,2677.69,2729.92,2573.04,2643.2,2649.45,3095995,1464246.77,49.98,10.56,3.653,1.63,3662.44,1743.76,2.3,SECTORAL_PORTFOLIO,HOLD,1109,2394.75,INR
IN002618,ADANIENT,Adani Enterprises,NSE,CONGLOMERATE,02-07-2020,2935.45,3077.72,2919.3,3065.57,3136.59,2420818,2733459.04,36.29,9.34,1.8295,1.876,3177.7,2369.56,1.2,MIDCAP_PORTFOLIO,BUY,1322,2103.01,INR
IN002633,ADANIENT,Adani Enterprises,NSE,CONGLOMERATE,02-07-2020,2729.66,2897.54,2691.49,2833.59,2806.83,3303908,2461288.59,43.9,4.4,0.188,1.939,3491.66,1714.04,2.3,NIFTY50_PORTFOLIO,BUY,1850,3451.14,INR
IN002641,ADANIENT,Adani Enterprises,NSE,FINANCE,02-07-2020,2756.67,2827.74,2685.18,2824.98,2910.32,3703188,491974.13,48.92,4.39,0.018,1.165,3917.48,2275.88,0.5,NIFTY50_PORTFOLIO,HOLD,1226,2672.1,INR
IN002641,ADANIENT,Adani Enterprises,NSE,CONGLOMERATE,02-07-2020,2756.67,2827.74,2685.18,2824.98,2910.32,3703188,491974.13,48.92,4.39,0.018,1.165,3917.48,2275.88,0.5,NIFTY50_PORTFOLIO,HOLD,1226,2672.1,INR
IN002660,ADANIENT,Adani Enterprises,NSE,CONGLOMERATE,02-07-2020,2905.83,2990.72,2738.38,2782.27,2765.06,4140015,1161937.14,48.92,10.97,1.052,0.624,3861.15,2210.92,3.5,NIFTY50_PORTFOLIO,BUY,1602,2885.44,INR
IN002782,ADANIENT,Adani Enterprises,NSE,CONGLOMERATE,02-07-2020,2673.86,2758.56,2643.7,2700.57,2777.66,4354442,2043008.2,27.82,6.58,1.218,0.939,3486.23,2569.51,1.2,MIDCAP_PORTFOLIO,BUY,1881,2193.4,INR
IN002817,ADANIENT,Adani Enterprises,NSE,CONGLOMERATE,02-07-2020,2929.67,2979.88,2674.45,2753.99,2780.18,872763,1325968.77,62.03,3.98,1.722,1.165,3114.31,1695.32,1.2,MIDCAP_PORTFOLIO,BUY,516,3053.99,INR
IN000241,HCLTECH,HCL Technologies,NSE,PHARMACEUTICALS,02-07-2020,1494.18,1634.78,1472.01,1595.63,1629.92,3145506,377534.29,14.22,1.31,3.226,0.588,1894.89,1293.66,1.2,NIFTY50_PORTFOLIO,HOLD,338,1575.11,INR
IN000294,HCLTECH,HCL Technologies,NSE,TECHNOLOGY,02-07-2020,1545.01,1659.11,1518.39,1624.85,1566.77,2775314,847567.58,68.68,2.16,1.836,1.223,2079.34,1244.73,0,NIFTY50_PORTFOLIO,BUY,1209,1619.71,INR
IN000315,HCLTECH,HCL Technologies,NSE,TECHNOLOGY,02-07-2020,1496.24,1538.71,1487.14,1493.96,1510.93,1665847,847567.58,11.79,4.75,0.643,1.984,1801.26,1115.5,3.5,NIFTY50_PORTFOLIO,BUY,1544,1587.89,INR
IN000336,HCLTECH,HCL Technologies,NSE,TECHNOLOGY,02-07-2020,1559.74,1562.26,1444.45,1559.74,1471.02,3751885,84493.13,11.26,14.66,2.783,1.946,1747.55,1140.28,0,MIDCAP_PORTFOLIO,BUY,207,1371.92,INR
IN000338,HCLTECH,HCL Technologies,NSE,TECHNOLOGY,02-07-2020,1436.47,1484.43,1423.86,1455.54,1441.93,1096853,1394382.93,11.93,11.66,0.313,1.442,2072.1,929.98,0,MIDCAP_PORTFOLIO,BUY,1217,1366.92,INR
IN004310,HCLTECH,HCL Technologies,NSE,TECHNOLOGY,02-07-2020,1475.66,1552.85,1444.45,1534.12,1542.13,2412473,1125913.23,12.55,10.98,1.575,1.477,2047.82,1104.43,1.2,NIFTY50_PORTFOLIO,BUY,379,1334.25,INR
IN004648,HINDUNILVR,Hindustan Unilever,NSE,FMCG,02-07-2020,2503.08,2572.38,2435.05,2449.27,2365.19,4320227,1398609.34,62.38,4.84,0.757,0.598,2678.92,2345.06,3.5,MIDCAP_PORTFOLIO,BUY,609,2070.03,INR
IN004492,SBIN,State Bank of India,NSE,FINANCE,02-07-2020,623.85,636.11,603.4,614.26,603.3,560949,209373.86,14.69,1.56,0.476,1.575,705.28,418.81,3.5,MIDCAP_PORTFOLIO,HOLD,249,506.6,INR
IN004532,SBIN,State Bank of India,NSE,FINANCE,02-07-2020,613.62,663.49,598.57,652.35,627.82,2547523,593928.28,52.2,1.1,1.482,1.973,724.05,540.15,5.1,MIDCAP_PORTFOLIO,HOLD,268,607.7,INR
IN004533,SBIN,State Bank of India,NSE,FINANCE,02-07-2020,604.79,619.35,566.03,569.52,582.56,3058629,593243.25,12.64,7.31,3.643,0.416,811.79,454.81,2.3,SECTORAL_PORTFOLIO,BUY,688,456.97,INR
IN002816,BAJFINANCE,Bajaj Finance,NSE,NBFC,04-07-2020,6650.44,6887.27,6461,6804.86,6903.9,2959640,5908416.72,66.78,1.49,2.849,1.337,8446.96,6595.97,2.3,SECTORAL_PORTFOLIO,BUY,1761,7292.02,INR
IN003893,BAJFINANCE,Bajaj Finance,NSE,TECHNOLOGY,04-07-2020,6842.8,6972.39,6373.08,6411.5,6592.43,3812288,411854.9,26.09,14.41,0.196,0.825,8073.24,4882.77,1.2,SECTORAL_PORTFOLIO,BUY,1034,5670.49,INR
IN002626,HCLTECH,HCL Technologies,NSE,TECHNOLOGY,04-07-2020,1520.24,1542.96,1409.82,1426.57,1440.92,508953,332060.93,41.4,13.11,2.42,0.806,1731.96,1134.3,3.5,SECTORAL_PORTFOLIO,BUY,257,1444.7,INR
IN002696,HCLTECH,HCL Technologies,NSE,TECHNOLOGY,04-07-2020,1559.8,1585.53,1513.27,1568.14,1541.97,3016979,1194588.89,65.76,13.49,3.695,0.491,1654.03,1009.16,3.5,MIDCAP_PORTFOLIO,BUY,1110,1219.77,INR
IN002294,HDFCBANK,HDFC Bank,NSE,FINANCE,04-07-2020,1634.31,1745.97,1619.38,1700.6,1676.71,3662869,114803.53,41.99,8.47,0.178,1.246,2115.83,1286.84,0,SECTORAL_PORTFOLIO,BUY,1935,1453.17,INR
IN002298,HDFCBANK,HDFC Bank,NSE,FINANCE,04-07-2020,1567.43,1609.09,1470.17,1471.34,1431.83,3610874,527325.08,47.92,10.15,0.29,1.213,1697.47,1179.09,3.5,NIFTY50_PORTFOLIO,BUY,331,1782.06,INR
IN001580,WIPRO,Wipro,BSE,TECHNOLOGY,04-07-2020,496.93,522.35,490.33,507.98,501.1,2409554,359531.47,49.07,3.72,1.87,0.799,590.42,459.38,3.5,NIFTY50_PORTFOLIO,BUY,1024,485.92,INR
IN001618,WIPRO,Wipro,BSE,TECHNOLOGY,04-07-2020,512.73,561.77,507.81,548.22,528.05,2336168,26611.77,49.07,2.1,1.689,1.768,600.04,456.4,1.2,SECTORAL_PORTFOLIO,BUY,1070,557.16,INR
IN001963,BAJFINANCE,Bajaj Finance,NSE,NBFC,07-07-2020,6889.31,7333.88,6725.69,7249.72,6979.57,4631015,3713393.17,18.26,1.94,2.636,1.165,7602.11,6257.26,0.5,SECTORAL_PORTFOLIO,BUY,91,8715.07,INR
IN001987,BAJFINANCE,Bajaj Finance,NSE,NBFC,07-07-2020,7296.57,7552.82,7183.02,7480.42,7475.06,1402797,1423641.4,46.24,11.03,2.593,1.639,7480.42,5748.12,2.3,SECTORAL_PORTFOLIO,BUY,328,8623.17,INR
IN001998,BAJFINANCE,Bajaj Finance,NSE,NBFC,07-07-2020,6887.17,6934.29,6742.76,6817.17,6556.76,2234870,4460212.86,29.67,14.78,3.632,1.233,9725.04,4382.03,5.1,SECTORAL_PORTFOLIO,SELL,1083,5636.89,INR
IN001999,BAJFINANCE,Bajaj Finance,NSE,NBFC,07-07-2020,6933.6,7416.88,6837.23,7382.04,7182.28,3252578,2160901.79,69.65,2.51,1.663,1.233,7448.78,6010.4,0,MIDCAP_PORTFOLIO,HOLD,845,7593.51,INR
IN003896,TITAN,Titan Company,BSE,CONSUMER GOODS,07-07-2020,3569.4,3584.06,3272.53,3334.02,3447.41,4207062,2293957.88,39.59,7.88,2.122,0.617,4251.73,3037.11,2.3,SECTORAL_PORTFOLIO,BUY,501,3550.3,INR
IN001895,ADANIENT,Adani Enterprises,NSE,CONGLOMERATE,08-07-2020,2901.02,3032.17,2882.06,2944.42,2978.58,2198882,1411780.4,70.23,2.46,0.187,1.396,3353.56,1995.05,3.5,MIDCAP_PORTFOLIO,BUY,1363,3219.65,INR
IN001912,ADANIENT,Adani Enterprises,NSE,CONGLOMERATE,08-07-2020,2716.41,2884.05,2698.2,2716.41,2799.57,3825822,2022352.25,19.47,12.57,2.192,1.401,3065.27,2215.08,2.3,SECTORAL_PORTFOLIO,BUY,1283,3132.45,INR
IN004409,ASIANPAINT,Asian Paints,BSE,CONSUMER GOODS,08-07-2020,2861.72,3112.39,2809.97,3056.58,3133.85,1788235,976333.63,35.4,1.62,0.434,0.422,4174.48,2398.44,3.5,SECTORAL_PORTFOLIO,BUY,1235,3373.7,INR
IN004467,ASIANPAINT,Asian Paints,BSE,CONSUMER GOODS,08-07-2020,3142.29,3203.4,3042.86,3089.5,3135.34,2530314,1436607.04,42.37,8.24,3.383,1.209,3170.2,2591.14,0.5,SECTORAL_PORTFOLIO,BUY,754,3557.19,INR
IN004542,ASIANPAINT,Asian Paints,BSE,CONSUMER GOODS,08-07-2020,2854.12,2916.13,2720.58,2782.83,2751.56,2531410,1010554.31,60.5,2.05,2.331,1.868,3481.73,2134.25,3.5,MIDCAP_PORTFOLIO,BUY,1502,3657.67,INR
IN004622,ASIANPAINT,Asian Paints,BSE,CONSUMER GOODS,08-07-2020,2981.06,3192.1,2941.29,3103.41,3159.83,2717009,1560884.94,18.15,13.87,0.079,1.226,3805.26,1910.18,0.5,MIDCAP_PORTFOLIO,HOLD,362,2864.49,INR
IN004664,ASIANPAINT,Asian Paints,NSE,CONSUMER GOODS,08-07-2020,3029.91,3091.24,2959.77,2998.31,2924.77,4062014,2729346.87,34.04,10.09,2.802,1.002,3753.39,2361.65,0.5,NIFTY50_PORTFOLIO,BUY,694,3538.55,INR
IN004671,ASIANPAINT,Asian Paints,BSE,CONSUMER GOODS,08-07-2020,2980.72,3193.83,2892.32,3150.67,3120.21,4480082,2393121.29,59.01,6.1,2.185,0.722,3765.7,2774.26,0,MIDCAP_PORTFOLIO,BUY,932,3086.32,INR
IN004696,ASIANPAINT,Asian Paints,BSE,CONSUMER GOODS,08-07-2020,3084.51,3309.9,3044.48,3240.27,3127.64,2579927,2667783.02,71.37,13.77,2.185,1.863,4010.85,1846.12,5.1,MIDCAP_PORTFOLIO,SELL,1682,2317.44,INR
IN004700,ASIANPAINT,Asian Paints,BSE,CONSUMER GOODS,08-07-2020,2942.87,3144.5,2906.84,3107.43,2984.67,911076,1348227.73,37.93,3.54,2.539,1.604,3760.94,2131.86,2.3,MIDCAP_PORTFOLIO,SELL,930,2314.16,INR
IN002218,HCLTECH,HCL Technologies,NSE,TECHNOLOGY,08-07-2020,1541.9,1546.15,1468.02,1478.28,1499.69,4135042,926601.9,43.12,7.98,3.626,1.221,1752.53,1158.17,0.5,SECTORAL_PORTFOLIO,HOLD,1739,1287.37,INR
IN000409,MARUTI,Maruti Suzuki,BSE,AUTOMOBILE,08-07-2020,10393.99,10560.34,10075.83,10393.99,10433.65,1407220,3772997.78,48.08,7.99,2.866,1.186,12602.01,6976.91,2.3,MIDCAP_PORTFOLIO,HOLD,1955,7993.62,INR
IN000445,MARUTI,Maruti Suzuki,BSE,AUTOMOBILE,08-07-2020,9875.81,10290.61,9640.69,10246.3,10506.23,3262028,9763255.68,66.79,10.1,1.075,1.871,12212.51,9133.48,0,NIFTY50_PORTFOLIO,BUY,1570,9848.94,INR
IN000453,MARUTI,Maruti Suzuki,BSE,AUTOMOBILE,08-07-2020,10170.03,10919.01,9912.21,10815.47,10963.11,2775425,1285258.45,72.01,4.27,1.711,1.453,12642.78,6139.89,2.3,MIDCAP_PORTFOLIO,BUY,103,9440.05,INR
IN000475,MARUTI,Maruti Suzuki,BSE,AUTOMOBILE,08-07-2020,10068.46,10997.09,9880.14,10771.7,10821.55,2202689,5289973.27,67.98,1.07,1.866,1.405,12501.32,9323.27,3.5,NIFTY50_PORTFOLIO,SELL,1473,11474.4,INR
IN000517,MARUTI,Maruti Suzuki,BSE,AUTOMOBILE,08-07-2020,10484.85,10947.04,10405.81,10817.57,10651.23,4295820,7736186.08,41.93,12.86,2.767,1.623,12234.52,6251.9,0,NIFTY50_PORTFOLIO,BUY,1743,9903.18,INR
IN000543,MARUTI,Maruti Suzuki,BSE,AUTOMOBILE,08-07-2020,10356.13,11024.91,10190.07,10981.84,11387.17,407678,3182357.77,10.12,11.99,2.675,0.45,12042.27,8851.11,1.2,SECTORAL_PORTFOLIO,HOLD,1361,11270.75,INR
IN000561,MARUTI,Maruti Suzuki,BSE,AUTOMOBILE,08-07-2020,10233.88,10383.81,9471.21,10233.88,9407.11,1587547,6422622.98,23.33,11.86,3.459,1.149,10702.59,8430.01,5.1,NIFTY50_PORTFOLIO,BUY,1988,11083.14,INR
IN000587,MARUTI,Maruti Suzuki,BSE,AUTOMOBILE,08-07-2020,10283.5,10779.17,10142.49,10467.14,10222,2475619,5168125.28,41.06,9.75,3.402,0.703,12487.58,6130.72,0,NIFTY50_PORTFOLIO,SELL,92,10453.85,INR
IN000598,MARUTI,Maruti Suzuki,BSE,AUTOMOBILE,08-07-2020,10293.57,10554.36,10043.04,10368.74,10397.04,388865,5319283.06,57.07,4.72,3.954,0.919,10832.55,7915.92,2.3,NIFTY50_PORTFOLIO,BUY,454,10660.91,INR
IN000626,MARUTI,Maruti Suzuki,BSE,AUTOMOBILE,08-07-2020,10076.47,10455.39,9988.16,10295.72,10595.87,2593866,9676560.14,79.06,4.33,0.196,1.762,13500.26,7279.2,1.2,MIDCAP_PORTFOLIO,SELL,312,11300.99,INR
IN000646,MARUTI,Maruti Suzuki,BSE,AUTOMOBILE,08-07-2020,10012.3,10072.6,9910.07,10007.6,9926.9,3433226,9994786.7,52.2,11.61,0.696,1.858,12347.31,8961.34,1.2,MIDCAP_PORTFOLIO,BUY,1908,9836.69,INR
IN002239,RELIANCE,Reliance Industries,NSE,ENERGY,08-07-2020,2105.16,2107.34,1987.93,2035.95,1996.21,2196446,1131863.17,52.52,12.93,2.486,1.144,2445.15,1660.17,2.3,SECTORAL_PORTFOLIO,BUY,1374,1957.28,INR
IN004870,ULTRACEMCO,UltraTech Cement,BSE,INFRASTRUCTURE,08-07-2020,9552.4,10274.29,9449.54,10193.16,10349.24,4963487,3895896.31,23.69,13.99,1.93,0.448,10657.95,8383.22,1.2,MIDCAP_PORTFOLIO,BUY,1724,9428,INR
IN003445,WIPRO,Wipro,BSE,TECHNOLOGY,08-07-2020,484.9,498.59,469.35,476.84,461.68,3071297,438732.12,17.47,2.5,3.647,1.116,564.79,452.27,2.3,SECTORAL_PORTFOLIO,BUY,878,556.59,INR
IN003457,WIPRO,Wipro,BSE,TECHNOLOGY,08-07-2020,494.4,532.76,487.75,523.04,514.68,2466710,295537.61,17.15,7.05,1.991,1.953,574.6,405.78,1.2,SECTORAL_PORTFOLIO,BUY,100,489.17,INR
IN003462,WIPRO,Wipro,BSE,TECHNOLOGY,08-07-2020,494.73,538.48,482.63,525.98,506.74,4059507,313609.99,28.65,8.29,2.599,1.238,624.57,335.08,0,NIFTY50_PORTFOLIO,BUY,1573,530.49,INR
IN003816,AXISBANK,Axis Bank,BSE,FINANCE,09-07-2020,1079.07,1130.73,1071.35,1105.62,1123.57,2593239,1095685.16,32.56,3.1,0.794,0.78,1246.25,822.87,2.3,NIFTY50_PORTFOLIO,SELL,1508,1066.92,INR
IN003844,AXISBANK,Axis Bank,BSE,FINANCE,09-07-2020,1094.23,1115.48,1010.25,1034.21,1015.98,1616617,910177.95,18.06,9.49,3.261,0.688,1414.47,788.99,2.3,MIDCAP_PORTFOLIO,BUY,462,1284.67,INR
IN003874,AXISBANK,Axis Bank,BSE,FINANCE,09-07-2020,1045.99,1059.71,976.23,977.51,1005.97,2829692,400625.23,41.47,7.92,0.706,1.236,1397.92,847.48,0.5,NIFTY50_PORTFOLIO,BUY,1975,1272.48,INR
IN001748,BAJFINANCE,Bajaj Finance,NSE,NBFC,09-07-2020,6921.23,7300.43,6837.73,7209.17,7138.04,1674536,3190742.25,49.96,5.61,1.83,1.673,9117.24,5326.86,5.1,NIFTY50_PORTFOLIO,HOLD,522,7424.31,INR
IN001753,BAJFINANCE,Bajaj Finance,NSE,NBFC,09-07-2020,7113.19,7553.38,7110.08,7403.69,7578.33,3016841,3219681.01,10.55,4.09,2.74,1.233,9555.64,4631.93,2.3,MIDCAP_PORTFOLIO,BUY,1063,8109.26,INR
IN001755,BAJFINANCE,Bajaj Finance,NSE,NBFC,09-07-2020,6728.99,7111.69,6666.68,6999.05,7137.97,634484,626395.41,44.36,8.97,0.368,1.233,8555.82,5709.82,5.1,MIDCAP_PORTFOLIO,SELL,929,7446.22,INR
IN000894,NESTLEIND,Nestle India,BSE,FMCG,09-07-2020,21961.97,23074.65,21571.69,21961.97,22906.08,3045982,12322501.1,73.86,9.59,2.39,1.039,29835.53,18123.95,2.3,NIFTY50_PORTFOLIO,BUY,1043,27059.83,INR
IN001608,ONGC,Oil & Natural Gas Corp,NSE,ENERGY,09-07-2020,269.24,277.29,255.56,261.45,269.52,3069652,211681.21,29.38,4.35,3.586,0.616,384.12,221.72,3.5,MIDCAP_PORTFOLIO,BUY,127,252.49,INR
IN001612,ONGC,Oil & Natural Gas Corp,NSE,ENERGY,09-07-2020,288.48,295.07,281.99,288.55,291.48,2907061,168155.26,35.69,7.9,0.832,0.47,350.4,252.09,1.2,MIDCAP_PORTFOLIO,BUY,868,269.73,INR
IN000303,HINDUNILVR,Hindustan Unilever,NSE,FMCG,10-07-2020,2568.98,2763.69,2543.66,2737.37,2735.47,2201200.5,1227962.94,47.31,8.26,3.826,1.323,3189.76,2316.98,0.5,SECTORAL_PORTFOLIO,BUY,1221,3094.74,INR
IN000340,HINDUNILVR,Hindustan Unilever,NSE,FMCG,10-07-2020,2442.84,2605.75,2438.33,2550.86,2540.72,1539283,1731030.66,23.24,6.4,3.914,0.939,2854.88,2277.2,0,NIFTY50_PORTFOLIO,HOLD,1951,2267.41,INR
IN000506,KOTAKBANK,Kotak Mahindra Bank,NSE,FINANCE,10-07-2020,1807.74,1912.68,1756.55,1862.71,1933.14,3074743,1009050.29,57.55,10.17,2.446,1.346,2090.91,1108.82,5.1,SECTORAL_PORTFOLIO,BUY,1697,2062.38,INR
IN002042,BHARTIARTL,Bharti Airtel,NSE,TELECOMMUNICATION,12-07-2020,894.92,920.5,822.45,844.71,837.86,3390521,861176.76,23.08,6,2.496,1.632,984.76,562.09,0,NIFTY50_PORTFOLIO,BUY,1031,983.45,INR
IN002064,BHARTIARTL,Bharti Airtel,NSE,TELECOMMUNICATION,12-07-2020,910.36,961.94,889.34,950.27,985.59,2099685,588836.93,48.025,7.63,2.968,0.932,1130.78,571.27,3.5,SECTORAL_PORTFOLIO,BUY,106,774.16,INR
IN002426,ICICIBANK,ICICI Bank,NSE,FINANCE,12-07-2020,971.61,974.9,942.73,958.71,965.18,1847639,407926.35,49.76,10.31,3.02,1.658,1303.21,670.41,0.5,MIDCAP_PORTFOLIO,BUY,1902,929.06,INR
IN002438,ICICIBANK,ICICI Bank,NSE,FINANCE,12-07-2020,929.49,944.84,913.19,933.2,907.47,312884,687325.88,59.86,7.5,3.613,1.145,1004.12,592.23,1.2,SECTORAL_PORTFOLIO,BUY,943,753.72,INR
IN002473,ICICIBANK,ICICI Bank,NSE,FINANCE,12-07-2020,976.08,1064.58,953.97,1037.67,1031.04,2537673,465804.57,63.98,7.5,2.301,1.174,1123.93,649.79,3.5,MIDCAP_PORTFOLIO,BUY,1814,924.45,INR
IN002487,ICICIBANK,ICICI Bank,NSE,FINANCE,12-07-2020,935.82,954.17,899.39,899.74,933.99,2361223,944752.86,79.05,12.89,1.348,1.797,1229.02,893.63,3.5,SECTORAL_PORTFOLIO,BUY,391,1112.73,INR
IN002514,ICICIBANK,ICICI Bank,NSE,FINANCE,12-07-2020,957.09,1038.26,946.06,1017.33,999.08,325321,465804.57,44.145,8.29,1.089,0.847,1102.9,889.19,2.3,MIDCAP_PORTFOLIO,BUY,1801,771.59,INR
IN003254,INFY,Infosys,NSE,TECHNOLOGY,12-07-2020,1572.28,1579.34,1490.18,1493.61,1513.8,1704791,794242.47,62.56,12.09,0.38,0.463,1949.54,1222.03,0,SECTORAL_PORTFOLIO,BUY,1397,1795.75,INR
IN004515,ONGC,Oil & Natural Gas Corp,NSE,ENERGY,12-07-2020,277.41,282.96,276.54,281.8,283.81,3970511,31995.85,79.88,11.47,3.321,1.146,330.05,177.2,5.1,SECTORAL_PORTFOLIO,BUY,1663,292.1,INR
IN004519,ONGC,Oil & Natural Gas Corp,NSE,ENERGY,12-07-2020,291.99,295.27,283.37,292.29,289.66,1796500,149495.78,61.33,13.12,1.734,1.146,333.63,189.22,1.2,MIDCAP_PORTFOLIO,SELL,298,261.63,INR
IN004550,ONGC,Oil & Natural Gas Corp,NSE,ENERGY,12-07-2020,284.75,295.11,281.71,291.57,284.79,4669581,258566.71,28.52,10.05,2.037,1.824,359.45,186.75,3.5,SECTORAL_PORTFOLIO,HOLD,1946,247.96,INR
IN000717,TECHM,Tech Mahindra,NSE,TECHNOLOGY,12-07-2020,1315.51,1373.76,1305.36,1343.69,1379.39,648348,494905.97,52.6,10.34,1.921,1.757,1610.8,1058.87,3.5,SECTORAL_PORTFOLIO,SELL,1060,1182.98,INR
IN000769,AXISBANK,Axis Bank,BSE,FINANCE,01-08-2020,1127.66,1149.67,1050.88,1075.28,1103.17,3524639,266878.2,36.2,2.58,2.1,1.075,1375.29,972.32,5.1,MIDCAP_PORTFOLIO,HOLD,175,1324.15,INR
IN000345,BAJFINANCE,Bajaj Finance,NSE,NBFC,01-08-2020,6759.19,7218.2,6606.09,7194.13,7250.59,78911,1652622.52,37.54,8.97,0.533,1.614,7708.47,4933.4,2.3,NIFTY50_PORTFOLIO,SELL,1759,5588.97,INR
IN003589,NESTLEIND,Nestle India,BSE,FMCG,01-08-2020,21471.55,21857.69,20787.1,21320.01,21007.17,3299394,21787730.97,44.3,6.68,3.16,0.689,26404.16,17320.17,2.3,MIDCAP_PORTFOLIO,HOLD,1824,17019.34,INR
IN003597,NESTLEIND,Nestle India,BSE,FMCG,01-08-2020,21703.5,22645.69,21548.05,22211.59,22420.03,425055,10763751.95,77.58,9.18,0.776,0.583,23312.57,16424.11,0.5,NIFTY50_PORTFOLIO,BUY,855,20931.58,INR
IN003605,NESTLEIND,Nestle India,BSE,FMCG,01-08-2020,21119.48,21447.59,20355.26,20528.7,20394.85,3643951,8809260.98,64.27,7.68,1.549,0.736,30162.75,18146.89,5.1,NIFTY50_PORTFOLIO,BUY,815,21869.78,INR
IN003635,NESTLEIND,Nestle India,BSE,FMCG,01-08-2020,22200.97,22578.03,21664.83,22561.3,23285.15,3206782,19856277.65,66.35,4.35,1.616,1.548,29171.61,19697.9,2.3,SECTORAL_PORTFOLIO,SELL,61,18548.23,INR
IN003642,NESTLEIND,Nestle India,BSE,FMCG,01-08-2020,22016.52,24087.69,21527.81,23464.87,22795.68,3965189,2168174.05,57.53,8.27,0.437,1.03,29414.84,20153.43,2.3,SECTORAL_PORTFOLIO,BUY,1218,23643.1,INR
IN003650,NESTLEIND,Nestle India,BSE,FMCG,01-08-2020,22017.97,22607.46,21333.66,21732.32,22021.3,4520862,3210416,28.99,11.75,1.705,1.797,28873.99,14832.76,2.3,MIDCAP_PORTFOLIO,BUY,735,17464.79,INR
IN003656,NESTLEIND,Nestle India,BSE,FMCG,01-08-2020,22820.23,24103.11,22549.38,23483.01,23573.64,2908139,17144465.32,24.5,5.13,1.191,1.2725,30020.76,14759.48,2.3,SECTORAL_PORTFOLIO,BUY,422,23384.21,INR
IN003727,NESTLEIND,Nestle India,BSE,FMCG,01-08-2020,21249.63,22289.17,21194.4,21803.19,22158.33,611453,17286273.01,33.5,8.93,1.754,0.935,30729.05,15404.23,0.5,SECTORAL_PORTFOLIO,BUY,430,18333.75,INR
IN003761,NESTLEIND,Nestle India,BSE,FMCG,01-08-2020,22886.22,23040.15,22387.64,22636.8,22781.99,4310395,7266280.45,29.9,14.05,3.626,1.623,27506.35,14542.13,0.5,SECTORAL_PORTFOLIO,HOLD,208,21502.45,INR
IN000757,TCS,Tata Consultancy Services,NSE,TECHNOLOGY,01-08-2020,3580.91,3765.38,3555.79,3658.4,3720.16,578052,1932396.03,62.92,7.19,2.483,0.952,4519.78,2668.82,0.5,SECTORAL_PORTFOLIO,BUY,990,4106.82,INR
IN000778,TCS,Tata Consultancy Services,NSE,TECHNOLOGY,01-08-2020,3415.79,3526.57,3338.62,3469.3,3334.24,3584943,3438352.72,44.02,6.79,0.687,1.712,3782.33,2926.64,3.5,MIDCAP_PORTFOLIO,SELL,725,3349.99,INR
IN000812,TCS,Tata Consultancy Services,NSE,TECHNOLOGY,01-08-2020,3434.17,3581.05,3380.55,3481.59,3367.18,1763637,2057534.8,40.81,13.85,3.104,1.213,4494.83,2436.55,0,SECTORAL_PORTFOLIO,BUY,1990,3797.35,INR
IN004535,TECHM,Tech Mahindra,NSE,TECHNOLOGY,01-08-2020,1322.65,1353.92,1234.44,1235.58,1261.09,482654,715191.41,17.4,4.81,0.004,0.656,1441.5,919.91,1.2,NIFTY50_PORTFOLIO,SELL,1429,1250.71,INR
IN000096,MARUTI,Maruti Suzuki,BSE,AUTOMOBILE,04-08-2020,10442.55,10675.39,10295.83,10462.58,10232.99,1416534,5694146.06,41.06,4.93,0.641,0.527,13412.83,7198.91,1.2,NIFTY50_PORTFOLIO,HOLD,1711,7530.21,INR
IN001332,BAJFINANCE,Bajaj Finance,NSE,NBFC,05-08-2020,7232.08,7477.87,7049.89,7335.89,7250.97,4432479,2190153.93,79.65,12.91,3.075,1.233,8333.9,6525.13,5.1,SECTORAL_PORTFOLIO,BUY,1592,7502.64,INR
IN004538,NESTLEIND,Nestle India,BSE,FMCG,05-08-2020,23077.42,23113.67,22197.7,22647.96,22977.25,2654264,20043674.08,63.72,5.53,1.268,1.469,26119.76,19352.72,5.1,SECTORAL_PORTFOLIO,HOLD,1964,22566.84,INR
IN004024,POWERGRID,Power Grid Corporation,BSE,UTILITIES,05-08-2020,251.54,254.54,242.82,246.45,237.1,3348584,138830.38,51.42,14.81,3.101,0.746,335.49,168.24,3.5,NIFTY50_PORTFOLIO,BUY,1422,277.05,INR
IN004876,SUNPHARMA,Sun Pharmaceutical,BSE,PHARMACEUTICALS,05-08-2020,1233.32,1314.21,1213.14,1233.32,1297.76,1805283,893350.71,58.38,7.735,2.2445,1.139,1466.5,1093.93,0,NIFTY50_PORTFOLIO,HOLD,1779,1236.81,INR
IN004945,SUNPHARMA,Sun Pharmaceutical,BSE,PHARMACEUTICALS,05-08-2020,1220.66,1291.78,1185.46,1274.74,1245.54,2161217,704921.17,46.88,7.735,0.288,1.139,1337.58,1100.46,2.3,MIDCAP_PORTFOLIO,BUY,971,1017.91,INR
IN004982,SUNPHARMA,Sun Pharmaceutical,BSE,PHARMACEUTICALS,05-08-2020,1180.18,1200.2,1144.57,1162.72,1208.58,247435,839236.74,63.75,11.09,2.044,0.43,1385.58,850.29,3.5,NIFTY50_PORTFOLIO,SELL,547,1109.4,INR
IN003856,WIPRO,Wipro,BSE,TECHNOLOGY,05-08-2020,489.19,495.6,460.29,469.21,469.39,1371790,328710.73,64.95,1.46,0.892,1.712,562.86,418.59,0.5,SECTORAL_PORTFOLIO,BUY,1677,510.07,INR
IN003882,WIPRO,Wipro,BSE,TECHNOLOGY,05-08-2020,489.15,496.86,472.87,485.08,487.34,4600765,409431.25,38.09,5.2,2.361,1.238,664.25,453.4,5.1,MIDCAP_PORTFOLIO,SELL,1135,397.72,INR
IN003907,WIPRO,Wipro,BSE,TECHNOLOGY,05-08-2020,509.42,529.86,497.04,524.19,516.54,3641790,83123.11,77.78,7.05,0.562,0.458,660.69,320.11,5.1,SECTORAL_PORTFOLIO,BUY,1265,557.43,INR
IN003957,WIPRO,Wipro,BSE,TECHNOLOGY,05-08-2020,499.98,514.45,469.46,482.24,489.16,2414007,135945.66,77.19,12.04,1.978,1.138,543.62,351.56,0.5,SECTORAL_PORTFOLIO,SELL,1660,595.53,INR
IN003958,WIPRO,Wipro,BSE,TECHNOLOGY,05-08-2020,496.93,527.77,487.54,518.02,525.13,4421088,395515.68,66.58,9.74,3.736,1.078,627.08,392.83,1.2,NIFTY50_PORTFOLIO,BUY,737,468.98,INR
IN004064,LT,Larsen & Toubro,NSE,INFRASTRUCTURE,06-08-2020,3326.61,3378.93,3259.52,3359.13,3473.01,1817578,2716725.86,41.64,14.27,3.843,1.191,4045.95,2647.59,0.5,SECTORAL_PORTFOLIO,HOLD,1657,3657.18,INR
IN000960,TITAN,Titan Company,BSE,CONSUMER GOODS,06-08-2020,3306.75,3400.49,3131.3,3306.75,3090.52,159615,2069414.21,44.08,13.05,0.902,0.681,4670.57,2420.46,1.2,SECTORAL_PORTFOLIO,BUY,108,3057.74,INR
IN000965,TITAN,Titan Company,BSE,CONSUMER GOODS,06-08-2020,3512.11,3598.03,3460.16,3481.84,3465.48,3271943,3139547.01,18.88,9.27,3.096,0.45,4233.65,2502.86,1.2,MIDCAP_PORTFOLIO,BUY,1422,3068.08,INR
IN000983,TITAN,Titan Company,BSE,CONSUMER GOODS,06-08-2020,3424.7,3752.03,3368.25,3656.87,3748.71,2252936,739955.5,27.65,7.88,0.19,1.942,4504.9,2580.17,0.5,NIFTY50_PORTFOLIO,BUY,360,3141.61,INR
IN001025,TITAN,Titan Company,BSE,CONSUMER GOODS,06-08-2020,3491.95,3552.26,3267.39,3295.69,3180.07,850376,817424.23,11.37,10.8,2.526,1.9,4544.74,3001.3,0.5,MIDCAP_PORTFOLIO,BUY,890,2759.25,INR
IN001045,TITAN,Titan Company,BSE,CONSUMER GOODS,06-08-2020,3507.36,3601.06,3430,3459.16,3369.19,291322,2263057.61,76.11,3.13,0.738,0.779,4581.69,3043.55,2.3,NIFTY50_PORTFOLIO,HOLD,131,2596.67,INR
IN001074,TITAN,Titan Company,BSE,CONSUMER GOODS,06-08-2020,3459.71,3675.54,3385.64,3650.19,3661.56,1528953,446898.76,48.47,4.57,2.182,1.808,3650.19,2445.44,1.2,NIFTY50_PORTFOLIO,BUY,1144,3950.95,INR
IN001082,TITAN,Titan Company,BSE,CONSUMER GOODS,06-08-2020,3269.6,3365.53,3245.25,3254.66,3323.02,2667196,1835830.275,31.63,7.88,2.356,1.871,4705.54,2162.15,1.2,NIFTY50_PORTFOLIO,BUY,684,2606.63,INR
IN001127,TITAN,Titan Company,BSE,CONSUMER GOODS,06-08-2020,3437.53,3497.68,3410.33,3452.02,3507.22,4650604,1948749.2,12.6,7.88,3.486,0.559,4621.77,2431.38,1.2,SECTORAL_PORTFOLIO,BUY,1898,2949.66,INR
IN003596,WIPRO,Wipro,BSE,TECHNOLOGY,06-08-2020,506.39,507.4,488.14,490.64,486.13,2414007,265932.35,51.7,10.98,1.87,1.533,671.4,473.06,1.2,SECTORAL_PORTFOLIO,SELL,831,512.81,INR
IN003600,WIPRO,Wipro,BSE,TECHNOLOGY,06-08-2020,515.91,530.83,513.25,517.89,537.58,3228572,202051.09,42.63,7.05,0.122,1.094,629.13,434.02,3.5,SECTORAL_PORTFOLIO,BUY,1985,559.56,INR
IN003619,WIPRO,Wipro,BSE,TECHNOLOGY,06-08-2020,486.71,514.09,478.99,507.56,493.02,2414007,461698.19,59.76,4.12,2.011,1.201,527.42,322.42,2.3,SECTORAL_PORTFOLIO,BUY,746,508.55,INR
IN003654,WIPRO,Wipro,BSE,TECHNOLOGY,06-08-2020,493.51,503.78,479.03,502.25,501.99,1815923,411682.04,53.01,4.28,3.843,0.8,657.19,449.69,0,NIFTY50_PORTFOLIO,BUY,1904,479.18,INR
IN003757,WIPRO,Wipro,BSE,TECHNOLOGY,06-08-2020,521.65,535.27,512.6,528.16,529.55,3863234,32960.12,21.43,9.53,3.572,0.502,548.99,426.93,1.2,MIDCAP_PORTFOLIO,BUY,1325,614,INR
IN003804,WIPRO,Wipro,BSE,TECHNOLOGY,06-08-2020,487.44,499.36,454.32,461.19,477.6,3975195,135848.74,40.33,13.84,0.188,1.121,629.03,308.17,5.1,MIDCAP_PORTFOLIO,BUY,1338,618.25,INR
IN003047,ADANIENT,Adani Enterprises,NSE,CONGLOMERATE,07-08-2020,2751.77,2843.6,2718.31,2782.46,2696.13,628110,837594.17,59.5,11.7,0.959,0.808,3299.4,2345.89,2.3,SECTORAL_PORTFOLIO,BUY,55,2531.38,INR
IN003083,ADANIENT,Adani Enterprises,NSE,CONGLOMERATE,07-08-2020,2683.84,2784.06,2604.36,2726.19,2690.95,3948074,807401.48,57.79,2.7,2.54,1.037,3880.32,1873.27,1.2,SECTORAL_PORTFOLIO,BUY,1479,2769.73,INR
IN004652,BAJFINANCE,Bajaj Finance,NSE,NBFC,07-08-2020,7113.01,7219.06,6642.76,7113.01,6680.35,1037400,4402060.07,56.29,10.75,2.405,1.233,8536.49,6370.5,5.1,SECTORAL_PORTFOLIO,BUY,64,5586.27,INR
IN004659,BAJFINANCE,Bajaj Finance,NSE,NBFC,07-08-2020,6912.25,7405.02,6839.99,7253.96,7293.64,2481797,3185291.94,59.56,7.59,1.856,1.559,8253.78,5402.55,0.5,SECTORAL_PORTFOLIO,HOLD,1091,5964.98,INR
IN004679,BAJFINANCE,Bajaj Finance,NSE,NBFC,07-08-2020,6995.91,7030.15,6565.13,6576.6,6787.13,1859665,2064059.93,24.71,9.76,3.164,1.788,9509.33,5513.87,2.3,NIFTY50_PORTFOLIO,BUY,1009,7465.78,INR
IN004693,BAJFINANCE,Bajaj Finance,NSE,NBFC,07-08-2020,6940.81,7126.94,6686.78,6778.92,7039.05,1134083,5386145.87,32.89,4.38,1.856,1.143,7626.13,4816.85,5.1,NIFTY50_PORTFOLIO,SELL,1294,7735.15,INR
IN003542,HCLTECH,HCL Technologies,NSE,TECHNOLOGY,07-08-2020,1537.14,1577.48,1431.37,1537.14,1468.91,4140445,967316.65,42.63,14.35,0.053,0.856,1770.53,1423.5,5.1,NIFTY50_PORTFOLIO,HOLD,1724,1299.42,INR
IN003721,ICICIBANK,ICICI Bank,NSE,FINANCE,07-08-2020,938.81,966.38,890.63,915.62,903.7,1809373,509284.06,49.24,1.64,3.849,0.869,1049.17,590.01,3.5,SECTORAL_PORTFOLIO,BUY,634,828.39,INR
IN003737,ICICIBANK,ICICI Bank,NSE,FINANCE,07-08-2020,902.95,928.63,853.79,872.77,884.1,4090189,413145.22,17.5,4.3,1.9,0.818,1023.25,769.32,2.3,SECTORAL_PORTFOLIO,BUY,300,884.09,INR
IN000922,INFY,Infosys,NSE,TECHNOLOGY,07-08-2020,1512.18,1562.32,1484.4,1552.25,1597.85,1574210,1066331.87,62.53,2.95,1.263,1.952,1748.6,1328.69,5.1,NIFTY50_PORTFOLIO,HOLD,1678,1827.1,INR
IN000969,INFY,Infosys,NSE,TECHNOLOGY,07-08-2020,1434.87,1464.67,1422.67,1434.87,1426.25,2388298,1489728.05,49.78,3.45,3.9,0.797,1986.06,1392.5,3.5,MIDCAP_PORTFOLIO,BUY,1065,1798.87,INR
IN002271,MARUTI,Maruti Suzuki,BSE,AUTOMOBILE,07-08-2020,9676.02,9775.66,9396.89,9441.32,9214.22,311496,7258333,14.85,1.21,0.602,0.922,13104.6,6933.85,3.5,MIDCAP_PORTFOLIO,HOLD,75,7995.6,INR
IN002275,MARUTI,Maruti Suzuki,BSE,AUTOMOBILE,07-08-2020,10362.21,10750.33,10296.14,10721.61,10670.05,3541346,2342195.9,40.13,7.84,3.85,1.072,11766.31,6437.5,2.3,MIDCAP_PORTFOLIO,SELL,913,9762.2,INR
IN002331,MARUTI,Maruti Suzuki,BSE,AUTOMOBILE,07-08-2020,9988.54,10152.35,9142.85,9293.78,9173.48,2070084,8578603.1,30.81,6.41,3.977,0.999,11419.23,6952.51,0.5,NIFTY50_PORTFOLIO,BUY,1815,9665.25,INR
IN002347,MARUTI,Maruti Suzuki,BSE,AUTOMOBILE,07-08-2020,10321.14,10611.82,9768.91,9782.59,9649.6,1282375,1325601.99,54.41,1.37,3.445,1.041,12143.18,6794.22,5.1,NIFTY50_PORTFOLIO,BUY,986,10169.99,INR
IN002366,MARUTI,Maruti Suzuki,BSE,AUTOMOBILE,07-08-2020,9591.78,9849.41,9425.39,9537.87,9430.71,3305172,5168125.28,29.01,4.01,3.422,1.186,13226.18,8670.73,5.1,SECTORAL_PORTFOLIO,BUY,1242,9747.09,INR
IN003181,WIPRO,Wipro,BSE,TECHNOLOGY,07-08-2020,524.59,599.4513207,524.59,531.8,534.56,2205000,372066.75,53.08,2.41,0.661,1.507,599.35,411.8,0,MIDCAP_PORTFOLIO,BUY,320,519.53,INR
IN003213,WIPRO,Wipro,BSE,TECHNOLOGY,07-08-2020,514.87,521.13,495.93,499.8,495.88,3143691,372276.72,62.1,7.71,3.221,0.422,668.01,357.03,5.1,SECTORAL_PORTFOLIO,BUY,373,509.87,INR
IN003512,NESTLEIND,Nestle India,BSE,FMCG,09-08-2020,21436,21755.07,21258.04,21491.86,21694.36,3211618,15203984.8,45.1,10.95,0.529,1.964,25794.25,18347.21,3.5,NIFTY50_PORTFOLIO,BUY,1982,19610.15,INR
IN003517,NESTLEIND,Nestle India,BSE,FMCG,09-08-2020,22540.61,22964.26,20948.97,21151.88,20980.47,1766961,19907800.46,40.64,12.65,1.77,0.779,26800.47,15824.45,0.5,MIDCAP_PORTFOLIO,HOLD,764,19717.61,INR
IN002749,TITAN,Titan Company,BSE,CONSUMER GOODS,09-08-2020,3271.35,3574.16,3198.64,3475.54,3512.44,1661180,813573.84,44.08,7.88,1.033,1.068,4430.62,2966.67,5.1,SECTORAL_PORTFOLIO,HOLD,300,2879.62,INR
IN002767,TITAN,Titan Company,BSE,CONSUMER GOODS,09-08-2020,3559.19,3562.86,3386.34,3389.15,3356.95,2389908.5,1835830.275,39.62,12.29,1.049,0.577,4449.22,2401.53,1.2,SECTORAL_PORTFOLIO,SELL,1358,2903.75,INR
IN002769,TITAN,Titan Company,BSE,CONSUMER GOODS,09-08-2020,3549.9,3647.83,3245.22,3302.73,3216.54,3610251,1992649.13,47.98,4.08,3.018,1.817,4667.13,2900.25,0.5,MIDCAP_PORTFOLIO,HOLD,1283,3562.26,INR
IN002791,TITAN,Titan Company,BSE,CONSUMER GOODS,09-08-2020,3490.28,3675.5,3421.73,3613.88,3608.83,2017409,1835830.275,44.08,13.77,1.042,0.974,4681.9,2805.8,1.2,MIDCAP_PORTFOLIO,HOLD,1696,3676.1,INR
IN002814,TITAN,Titan Company,BSE,CONSUMER GOODS,09-08-2020,3318.63,3588.48,3290.41,3502.33,3618.65,1074395,2389859.64,54.96,3.1,1.362,1.067,3607.28,3093.76,2.3,NIFTY50_PORTFOLIO,BUY,778,4200.46,INR
IN004120,AXISBANK,Axis Bank,BSE,FINANCE,10-08-2020,1126.71,1158.64,1061.87,1090.84,1133.8,4124457,963757.23,61.96,12.28,0.36,1.322,1155.58,885.42,5.1,MIDCAP_PORTFOLIO,BUY,221,1237.97,INR
IN003218,BAJFINANCE,Bajaj Finance,NSE,NBFC,10-08-2020,7060.72,7270.25,6893.95,7253.27,7017.46,3330288,4853247.2,44.36,8.97,3.223,1.705,9437.02,4850.31,1.2,MIDCAP_PORTFOLIO,BUY,1717,7297.91,INR
IN003225,BAJFINANCE,Bajaj Finance,NSE,NBFC,10-08-2020,7164.33,7332.63,6909.75,6993.79,6796.75,667518,1612630.27,63.69,14.59,2.743,1.53,9415.44,6234.19,3.5,SECTORAL_PORTFOLIO,BUY,888,8305.81,INR
IN000927,POWERGRID,Power Grid Corporation,BSE,UTILITIES,10-08-2020,245.65,253.69,241.32,251.81,243.08,1273335,172573.37,39.79,12.83,0.087,1.13,295.53,217.04,0.5,MIDCAP_PORTFOLIO,HOLD,1101,262.85,INR
IN000967,POWERGRID,Power Grid Corporation,BSE,UTILITIES,10-08-2020,247.62,263,242.13,257,263.34,312372,95560.21,70.73,9.69,1.287,1.588,340.9,152.92,5.1,SECTORAL_PORTFOLIO,HOLD,1268,274.36,INR
IN000990,POWERGRID,Power Grid Corporation,BSE,UTILITIES,10-08-2020,254.34,271.19,249.56,266.04,258.8,636356,120024.76,78.64,6.02,0.77,0.646,274.49,204.56,3.5,NIFTY50_PORTFOLIO,HOLD,45,238.74,INR
IN001019,POWERGRID,Power Grid Corporation,BSE,UTILITIES,10-08-2020,240.89,247.21,233.66,240.89,246.33,4388158,229505.81,58.61,11.5,3.302,0.841,339.59,151.84,1.2,MIDCAP_PORTFOLIO,BUY,676,197.67,INR
IN001042,POWERGRID,Power Grid Corporation,BSE,UTILITIES,10-08-2020,245.45,246.74,235.55,237.5,234.63,351806,120024.76,73.66,10.48,1.054,0.686,263.12,199.68,0,SECTORAL_PORTFOLIO,BUY,309,262.39,INR
IN001044,POWERGRID,Power Grid Corporation,BSE,UTILITIES,10-08-2020,246.14,260.89,243.38,257.6,266.42,966035,196782.36,59.29,1.42,2.164,1.778,336.99,184.48,2.3,SECTORAL_PORTFOLIO,SELL,355,187.89,INR
IN001070,POWERGRID,Power Grid Corporation,BSE,UTILITIES,10-08-2020,240.28,260.2,236.11,256.31,257.91,3928785,240312.94,38.69,5.18,0.605,1.016,281.89,221.17,3.5,SECTORAL_PORTFOLIO,BUY,1974,277.93,INR
IN001146,POWERGRID,Power Grid Corporation,BSE,UTILITIES,10-08-2020,237.86,243.52,227.69,228.82,227.47,2182453,79747,57.89,1.61,0.126,1.335,343.49,228.82,2.3,SECTORAL_PORTFOLIO,BUY,1881,312.43,INR
IN001150,POWERGRID,Power Grid Corporation,BSE,UTILITIES,10-08-2020,247.88,250.27,242.61,248.34,249.16,2955319,226114.71,27.63,14.96,1.51,1.324,337.86,202.69,0.5,NIFTY50_PORTFOLIO,SELL,1604,204.83,INR
IN001173,POWERGRID,Power Grid Corporation,BSE,UTILITIES,10-08-2020,249.36,253.04,227.92,249.36,230.62,1541380,246641.17,33.99,12.42,0.524,1.062,329.59,204.73,0,MIDCAP_PORTFOLIO,HOLD,1601,205.1,INR
IN002368,ADANIENT,Adani Enterprises,NSE,CONGLOMERATE,12-08-2020,2906.21,2963.73,2754.1,2794.27,2702.45,2829010.5,1184358.92,18.17,10.4,1.8295,1.762,3703.4,2300.53,2.3,NIFTY50_PORTFOLIO,HOLD,1136,3131.16,INR
IN001063,ONGC,Oil & Natural Gas Corp,NSE,ENERGY,12-08-2020,277.62,281.41,264.33,270.55,268.45,2442210,225358.8,46.41,5.91,3.309,1.146,309.62,198.61,5.1,MIDCAP_PORTFOLIO,BUY,692,221.35,INR
IN001271,POWERGRID,Power Grid Corporation,BSE,UTILITIES,12-08-2020,252.23,258.32,246.55,248.57,238.97,2253098,31883.6,45.18,9.2,2.964,1.11,334.23,183.64,1.2,MIDCAP_PORTFOLIO,HOLD,1142,203.19,INR
IN004690,ULTRACEMCO,UltraTech Cement,BSE,INFRASTRUCTURE,12-08-2020,9876.68,10150.41,9767.95,9773.67,9680.65,3147336,2466315.2,42.26,6.68,0.761,1.952,11621.37,7473.85,3.5,MIDCAP_PORTFOLIO,HOLD,1814,7487.67,INR
IN004711,ULTRACEMCO,UltraTech Cement,BSE,INFRASTRUCTURE,12-08-2020,9449.43,9570.2,9069.66,9285.23,9383.75,1717724,7935800.46,65.04,11.82,0.336,1.004,12032.7,8210.78,0,SECTORAL_PORTFOLIO,SELL,1003,9634.4,INR
IN004735,ULTRACEMCO,UltraTech Cement,BSE,INFRASTRUCTURE,12-08-2020,9560.09,10039.64,9558,9835.04,9851.73,718124,5413831.63,78.13,12.7,3.447,0.504,10038.54,8422.83,5.1,SECTORAL_PORTFOLIO,SELL,818,7541.66,INR
IN004747,ULTRACEMCO,UltraTech Cement,BSE,INFRASTRUCTURE,12-08-2020,9683.63,9872.51,9215.74,9683.63,9420.2,741616,8742878.05,78.41,7.61,0.409,1.14,12150.67,8542.15,1.2,SECTORAL_PORTFOLIO,BUY,1199,7146.32,INR
IN004832,ULTRACEMCO,UltraTech Cement,BSE,INFRASTRUCTURE,12-08-2020,9796.3,10256.03,9603.6,10106.74,9999.4,3639942,7190663.53,48.82,13.95,0.531,1.148,10940.25,7582.55,2.3,MIDCAP_PORTFOLIO,BUY,441,9793.79,INR
IN004834,ULTRACEMCO,UltraTech Cement,BSE,INFRASTRUCTURE,12-08-2020,9075.12,9190.48,9006.4,9135.15,9408.96,729624,8178416.55,60.8,2.45,1.098,0.466,13137.79,6476.17,3.5,NIFTY50_PORTFOLIO,BUY,266,7829.69,INR
IN001264,LT,Larsen & Toubro,NSE,INFRASTRUCTURE,01-09-2020,3178.9,3252.02,3062.26,3097.39,3113.93,2141901,2610687.79,26.52,9.81,1.484,0.763,4356.16,2961.42,3.5,SECTORAL_PORTFOLIO,BUY,1768,3659.94,INR
IN001277,LT,Larsen & Toubro,NSE,INFRASTRUCTURE,01-09-2020,3140.8,3145.34,2924.2,2924.37,3040.28,178660,1284491.73,36.33,14.94,1.642,1.525,4207.49,2124.95,3.5,NIFTY50_PORTFOLIO,SELL,465,2912.32,INR
IN004840,AXISBANK,Axis Bank,BSE,FINANCE,03-09-2020,1133.64,1136.53,1076.46,1082.03,1077.27,2152470,490321.97,77.9,14.99,1.881,0.727,1367.56,827,5.1,MIDCAP_PORTFOLIO,HOLD,1722,1088,INR
IN004858,AXISBANK,Axis Bank,BSE,FINANCE,03-09-2020,1148.19,1258.31,1114.75,1148.19,1217.06,1232691,985858.04,65.87,4.44,3.289,1.732,1364.1,726.7,0.5,MIDCAP_PORTFOLIO,BUY,1199,826.89,INR
IN004860,AXISBANK,Axis Bank,BSE,FINANCE,03-09-2020,1046.08,1110.1,1042.09,1086.08,1087.62,4825376,144176.15,24.62,10.2,1.165,1.686,1182.44,909.93,5.1,NIFTY50_PORTFOLIO,BUY,1022,976.03,INR
IN004919,AXISBANK,Axis Bank,BSE,FINANCE,03-09-2020,1082.2,1095.4,1044.87,1061.26,1061.76,2403831,594795.86,38.32,6.24,3.707,0.627,1406.44,923.92,5.1,NIFTY50_PORTFOLIO,BUY,1385,1320.57,INR
IN001335,ONGC,Oil & Natural Gas Corp,NSE,ENERGY,03-09-2020,287.63,293.27,271.39,275.97,281.05,3991817,120377.99,56.8,2.97,1.589,0.443,325.3,182.71,0.5,NIFTY50_PORTFOLIO,BUY,1199,304.98,INR
IN002956,POWERGRID,Power Grid Corporation,BSE,UTILITIES,03-09-2020,237.9,253.76,232.31,251.3,249.57,1621809,230622.27,19.26,13.82,1.059,0.466,341.2,159.62,2.3,SECTORAL_PORTFOLIO,HOLD,1105,269.21,INR
IN002968,POWERGRID,Power Grid Corporation,BSE,UTILITIES,03-09-2020,241.49,249.6,237.23,243.58,250.39,4572287,68345.01,76.33,5.77,2.331,0.619,290.92,166.07,0.5,NIFTY50_PORTFOLIO,BUY,381,268.32,INR
IN002986,POWERGRID,Power Grid Corporation,BSE,UTILITIES,03-09-2020,242.48,244.48,237.25,237.44,241.64,2049620,85370.55,42.41,12.28,2.896,0.523,315.89,231.22,3.5,MIDCAP_PORTFOLIO,BUY,751,219.76,INR
IN002997,POWERGRID,Power Grid Corporation,BSE,UTILITIES,03-09-2020,250.54,260.65,246.1,259.71,266.55,1646817,95056.62,32.01,9.79,1.9755,1.687,317.81,216.93,3.5,SECTORAL_PORTFOLIO,BUY,74,259.93,INR
IN000153,SBIN,State Bank of India,NSE,FINANCE,03-09-2020,597.05,610,585.16,599.37,582.42,3109604,289399.815,50.17,12.51,1.8405,1.441,662.78,431.82,1.2,SECTORAL_PORTFOLIO,HOLD,56,607.63,INR
IN000159,SBIN,State Bank of India,NSE,FINANCE,03-09-2020,614.89,649.44,597.17,632.44,636.38,4599841,289399.815,44,10.03,3.345,0.782,833.11,490.55,3.5,MIDCAP_PORTFOLIO,BUY,415,668.64,INR
IN000165,SBIN,State Bank of India,NSE,FINANCE,03-09-2020,609.28,619.1,599.57,607.24,623.85,4925954,599624.35,76.52,4.08,2.593,1.03,814.97,427.76,1.2,MIDCAP_PORTFOLIO,BUY,478,722.14,INR
IN000180,SBIN,State Bank of India,NSE,FINANCE,03-09-2020,623.31,654.92,608.44,638.22,655.73,3472334,95081.24,22.41,7.65,1.212,1.017,638.22,382.75,3.5,SECTORAL_PORTFOLIO,HOLD,1135,488.82,INR
IN003437,SBIN,State Bank of India,NSE,FINANCE,03-09-2020,611.85,654.09,596.41,644.87,652.56,1366891,384670.11,11.56,1.72,0.642,0.873,644.87,379.47,2.3,NIFTY50_PORTFOLIO,HOLD,1937,709.77,INR
IN003524,SBIN,State Bank of India,NSE,FINANCE,03-09-2020,598.45,605.22,567.03,567.45,586.61,4113005,380417.3,23.89,5.66,0.61,1.772,713.77,380.76,0,MIDCAP_PORTFOLIO,SELL,1318,476.34,INR
IN003573,SBIN,State Bank of India,NSE,FINANCE,03-09-2020,605.29,622.79,582.12,595.47,580.33,2638989,393056.74,44,14.33,1.205,1.601,643.42,381.91,5.1,NIFTY50_PORTFOLIO,SELL,244,629.55,INR
IN003590,SBIN,State Bank of India,NSE,FINANCE,03-09-2020,585.28,611.62,568.05,606.51,596.34,3753478,62224.22,10.12,5.89,0.706,1.324,689.76,392.12,5.1,NIFTY50_PORTFOLIO,HOLD,10,736.71,INR
IN000627,TECHM,Tech Mahindra,NSE,TECHNOLOGY,03-09-2020,1334.04,1356.42,1231.9,1242.2,1250.29,2111854,908694.79,12.82,14.49,1.307,0.755,1767.2,1042.49,3.5,MIDCAP_PORTFOLIO,SELL,299,1286.14,INR
IN004812,TITAN,Titan Company,BSE,CONSUMER GOODS,03-09-2020,3322.48,3351.94,3196.53,3218.35,3295.29,2389908.5,581703.58,74.69,13.75,3.659,0.67,4740.48,2804.56,1.2,SECTORAL_PORTFOLIO,BUY,302,2914.69,INR
IN004816,TITAN,Titan Company,BSE,CONSUMER GOODS,03-09-2020,3344.4,3485.53,3303.99,3459.83,3555.5,2389908.5,362988.78,44.08,13.13,1.099,1.772,4610.38,2722.69,3.5,NIFTY50_PORTFOLIO,BUY,827,3524.5,INR
IN004830,TITAN,Titan Company,BSE,CONSUMER GOODS,03-09-2020,3494.25,3670.33,3425.42,3617.92,3725.11,126992,2681349.77,53.8,3.08,1.125,0.962,4438.17,2734.29,3.5,NIFTY50_PORTFOLIO,HOLD,1106,4171.51,INR
IN004845,TITAN,Titan Company,BSE,CONSUMER GOODS,03-09-2020,3268.35,3521.4,3175.03,3461.94,3549.07,2430119,1835830.275,13.4,10.21,2.122,1.923,3691.29,2809.35,0.5,SECTORAL_PORTFOLIO,BUY,1186,3342.74,INR
IN004855,TITAN,Titan Company,BSE,CONSUMER GOODS,03-09-2020,3271.69,3295.72,3046.65,3118.62,3057.94,2655895,1835830.275,64.55,2.36,1.32,1.441,3860.89,3086.68,0,SECTORAL_PORTFOLIO,BUY,210,3051.75,INR
IN004897,TITAN,Titan Company,BSE,CONSUMER GOODS,03-09-2020,3361.29,3542.67,3314.96,3361.29,3479.84,2389908.5,2395883.04,65.31,10.25,0.127,0.912,3912.33,2748.59,5.1,NIFTY50_PORTFOLIO,BUY,1201,2724.94,INR
IN004903,TITAN,Titan Company,BSE,CONSUMER GOODS,03-09-2020,3443.06,3679.68,3388.25,3658.48,3724.87,1036813,1835830.275,52.99,13.01,1.59,1.431,4414.73,3132.84,1.2,NIFTY50_PORTFOLIO,HOLD,1026,3132.21,INR
IN004947,TITAN,Titan Company,BSE,CONSUMER GOODS,03-09-2020,3534.52,3566.89,3480.05,3501.84,3394.06,1895567,2285363.32,49.37,11.08,1.973,1.584,3587.9,2184.6,3.5,NIFTY50_PORTFOLIO,BUY,623,3004.39,INR
IN004979,TITAN,Titan Company,BSE,CONSUMER GOODS,03-09-2020,3566.94,3631.06,3432.38,3485.06,3526.24,2184464,514635.01,44.08,11.38,1.757,1.041,3973.47,3006.5,0.5,MIDCAP_PORTFOLIO,SELL,773,3456.88,INR
IN004984,TITAN,Titan Company,BSE,CONSUMER GOODS,03-09-2020,3236.71,3249.08,3142.18,3205.47,3239.09,635333,2650243.77,61.85,7.88,0.374,1.499,3736.23,2290.54,0,MIDCAP_PORTFOLIO,BUY,1520,2836.31,INR
IN004998,TITAN,Titan Company,BSE,CONSUMER GOODS,03-09-2020,3368.12,3404.4,3281.45,3368.53,3472.3,4177579,1351168.57,21.41,1.17,1.612,1.609,4359.54,2041.04,0,NIFTY50_PORTFOLIO,SELL,737,2713.73,INR
IN004833,HCLTECH,HCL Technologies,NSE,TECHNOLOGY,04-09-2020,1505.02,1529.96,1486.21,1495.76,1457.83,4179159,175703.46,44.19,10.37,3.249,1.693,1901.93,1060.94,2.3,SECTORAL_PORTFOLIO,SELL,1578,1704.84,INR
IN004777,HDFCBANK,HDFC Bank,NSE,FINANCE,04-09-2020,1591.55,1598.02,1537.92,1579,1600.58,3405415,1522502.5,40.26,11.74,1.979,1.004,2072.47,1034.16,2.3,SECTORAL_PORTFOLIO,BUY,17,1316.46,INR
IN004783,HDFCBANK,HDFC Bank,NSE,FINANCE,04-09-2020,1625.56,1629.94,1538.72,1582.47,1547.62,3954082,1078079.63,45.75,1.18,0.511,1.934,1870.5,1207.62,0,NIFTY50_PORTFOLIO,BUY,1315,1406.04,INR
IN004835,HDFCBANK,HDFC Bank,NSE,FINANCE,04-09-2020,1593.11,1640.95,1545.54,1602.76,1652.14,4081596,1169720.98,55.59,5.78,3.442,1.09,2043.36,1057.89,2.3,NIFTY50_PORTFOLIO,BUY,337,1882.39,INR
IN001819,INFY,Infosys,NSE,TECHNOLOGY,04-09-2020,1453.93,1477.61,1322.95,1359.13,1361.06,2688615,838852.59,64.29,7.88,0.09,1.86,2020.56,945.33,5.1,MIDCAP_PORTFOLIO,HOLD,1967,1258.68,INR
IN003877,NESTLEIND,Nestle India,BSE,FINANCE,04-09-2020,21912.14,22319.12,20865.56,21441.68,20718.23,4048430,10759084.95,66.86,1.11,1.355,1.2725,28483.92,14980.62,5.1,MIDCAP_PORTFOLIO,HOLD,1273,18909.05,INR
IN003872,NTPC,NTPC Limited,NSE,UTILITIES,04-09-2020,363.1,368.98,358.61,360.11,353.02,2394789.5,135019.88,14.97,1.91,3.026,0.912,385.54,309.65,2.3,NIFTY50_PORTFOLIO,BUY,1641,392.43,INR
IN003923,NTPC,NTPC Limited,NSE,UTILITIES,04-09-2020,338.53,344.25,319.21,324.64,315.16,3049704,140678.2,55.38,10.29,2.041,0.638,439.77,284.98,1.2,NIFTY50_PORTFOLIO,BUY,511,269.07,INR
IN003925,NTPC,NTPC Limited,NSE,UTILITIES,04-09-2020,364.41,375.43,354.92,364.41,374.78,2227786,56474.42,24.07,6.53,3.563,1.505,388.25,231.67,3.5,SECTORAL_PORTFOLIO,BUY,871,308.13,INR
IN003984,NTPC,NTPC Limited,NSE,UTILITIES,04-09-2020,364.51,390.71,358.34,385.23,379.81,4183509,89897.36,66.58,4.49,3.105,1.019,486.62,246.75,0.5,NIFTY50_PORTFOLIO,BUY,1358,305.2,INR
IN003992,NTPC,NTPC Limited,NSE,UTILITIES,04-09-2020,348.79,349.06,341.64,347.79,338.81,4131819,93848.05,36,10.96,1.241,1.302,385.09,288.88,0.5,NIFTY50_PORTFOLIO,BUY,116,431.87,INR
IN004026,NTPC,NTPC Limited,NSE,UTILITIES,04-09-2020,359.26,368.46,333.12,342.95,345.74,1895922,338474.97,45.19,1.35,2.065,1.797,447.34,254.55,5.1,SECTORAL_PORTFOLIO,BUY,799,421.49,INR
IN004039,NTPC,NTPC Limited,NSE,UTILITIES,04-09-2020,361.39,389.06,360.42,380.61,376.79,4175882,100667.89,54.19,2.46,2.263,1.0765,411.77,293.75,0,MIDCAP_PORTFOLIO,BUY,300,308.5,INR
IN004053,NTPC,NTPC Limited,NSE,UTILITIES,04-09-2020,364.87,369.06,348.74,354.63,353.94,3814260,93012.32,56.75,10.68,0.579,0.508,400.72,327.09,1.2,MIDCAP_PORTFOLIO,BUY,352,330.26,INR
IN003706,ONGC,Oil & Natural Gas Corp,NSE,ENERGY,04-09-2020,267.63,283.41,261.56,267.63,284.59,3265202,87744.81,56.06,9.35,3.284,1.362,327.59,209.6,5.1,NIFTY50_PORTFOLIO,BUY,1221,269.27,INR
IN003772,ONGC,Oil & Natural Gas Corp,NSE,ENERGY,04-09-2020,275.9,286.39,269.83,283.44,283.96,4109749,181058.88,47.36,5.31,2.253,0.8,374.47,265.42,2.3,NIFTY50_PORTFOLIO,HOLD,1369,253.48,INR
IN003795,ONGC,Oil & Natural Gas Corp,NSE,ENERGY,04-09-2020,284.52,304.99,283.67,300.15,300.75,1050535,213730.13,59.26,14.4,0.043,1.095,300.15,190.39,2.3,MIDCAP_PORTFOLIO,BUY,48,308.97,INR
IN003867,ONGC,Oil & Natural Gas Corp,NSE,ENERGY,04-09-2020,293.24,300.48,282.3,282.81,290.28,1900103,230219.94,28.11,11.12,1.89,0.987,331.65,199.15,5.1,SECTORAL_PORTFOLIO,SELL,1868,255.58,INR
IN003873,ONGC,Oil & Natural Gas Corp,NSE,ENERGY,04-09-2020,281.99,291.39,278.79,288.75,277.74,4336567,240768.09,18.7,9.65,0.201,0.568,388.35,191.69,0,SECTORAL_PORTFOLIO,HOLD,569,222.9,INR
IN003908,ONGC,Oil & Natural Gas Corp,NSE,PHARMACEUTICALS,04-09-2020,270.44,290.18,265.97,285.42,295.46,4488107,243876.59,34.31,3.16,2.478,0.64,384.09,239.93,3.5,NIFTY50_PORTFOLIO,SELL,1590,240.72,INR
IN004793,TCS,Tata Consultancy Services,NSE,TECHNOLOGY,04-09-2020,3571.86,3637.19,3468.21,3562.98,3652.69,2467730,2109775.87,26.39,5.35,3.826,0.822,4631.95,2245.22,3.5,MIDCAP_PORTFOLIO,BUY,1785,2987.5,INR
IN003552,ADANIENT,Adani Enterprises,NSE,CONGLOMERATE,06-09-2020,2916.25,2929.46,2683.97,2746.66,2808.32,3568405,2499115.65,63.68,14.44,0.843,1.175,3875.1,2642.72,0,MIDCAP_PORTFOLIO,HOLD,1766,2303.94,INR
IN003618,ADANIENT,Adani Enterprises,NSE,CONGLOMERATE,06-09-2020,2869.36,2951.15,2687.45,2744.22,2684.84,1816970,840021.75,33.47,1.34,1.891,1.674,3182.28,2493.39,1.2,SECTORAL_PORTFOLIO,BUY,619,2865.3,INR
IN003659,ADANIENT,Adani Enterprises,NSE,CONGLOMERATE,06-09-2020,2716.18,2979.18,2709.5,2902.01,2801.44,4015362,1260533.72,42.77,1.31,2.649,0.918,3833.01,2081.84,0,NIFTY50_PORTFOLIO,HOLD,1836,3249.96,INR
IN003683,ADANIENT,Adani Enterprises,NSE,CONGLOMERATE,06-09-2020,2795.2,2934.72,2727,2851.75,2851.23,4246246,1474560.15,27.2,13.2,0.45,1.854,3872.34,1807.6,5.1,SECTORAL_PORTFOLIO,BUY,1256,3091.06,INR
IN003686,ADANIENT,Adani Enterprises,NSE,CONGLOMERATE,06-09-2020,2793.57,2864.93,2731.44,2771.69,2809.56,2006933,2176171.27,48.41,12.77,0.972,0.559,3718.71,1728.2,0,MIDCAP_PORTFOLIO,BUY,750,2981.52,INR
IN000133,BAJFINANCE,Bajaj Finance,NSE,NBFC,06-09-2020,6953.21,7123.13,6767.75,6953.21,6998.9,197052,378118.49,44.36,8.97,3.48,1.639,8739.12,5022.55,2.3,MIDCAP_PORTFOLIO,BUY,614,8062.97,INR
IN000191,BAJFINANCE,Bajaj Finance,NSE,NBFC,06-09-2020,6716.03,6871.25,6445.91,6582.34,6601.04,4692566,6205041.83,44.36,12.08,1.426,0.471,9181.48,5151.08,5.1,NIFTY50_PORTFOLIO,HOLD,484,6185.67,INR
IN000260,BAJFINANCE,Bajaj Finance,NSE,NBFC,06-09-2020,6679.64,6721.4,6291.53,6306.6,6323.31,747690,2604390.92,54.3,13.07,1.856,0.505,7923.87,5120.35,0.5,NIFTY50_PORTFOLIO,SELL,1527,7907.64,INR
IN003275,HDFCBANK,HDFC Bank,NSE,FINANCE,07-09-2020,1620.78,1637.99,1601.84,1602.13,1559.9,655027,986791.47,29.14,9.39,0.133,0.974,2046.71,1455.1,1.2,MIDCAP_PORTFOLIO,BUY,1721,1852.25,INR
IN003311,HDFCBANK,HDFC Bank,NSE,FINANCE,07-09-2020,1639.56,1739.16,1595.08,1709.33,1681.04,2124920,658872,65.74,10.3,2.062,1.09,2045.47,1405.66,1.2,NIFTY50_PORTFOLIO,SELL,1227,1347.54,INR
IN003318,HDFCBANK,HDFC Bank,NSE,FINANCE,07-09-2020,1628.19,1697.11,1581.05,1676.64,1613.02,2900263,1284959.59,24.93,6.01,2.607,1.924,2219.93,1040.78,3.5,SECTORAL_PORTFOLIO,BUY,1544,1506.22,INR
IN001440,HINDUNILVR,Hindustan Unilever,NSE,FMCG,07-09-2020,2395.49,2446.98,2360.36,2367.44,2413.23,1607552,1398609.34,64.02,7.52,2.982,1.778,3446.36,1579.94,1.2,MIDCAP_PORTFOLIO,BUY,459,2343.85,INR
IN004342,HINDUNILVR,Hindustan Unilever,NSE,FMCG,07-09-2020,2610.45,2626.66,2583.68,2599.49,2616.13,4729041,1676494.09,23.87,1.53,2.673,1.967,3432,1601.13,0.5,SECTORAL_PORTFOLIO,BUY,1855,1958,INR
IN004358,HINDUNILVR,Hindustan Unilever,NSE,ENERGY,07-09-2020,2448.17,2587.11,2383.28,2545.61,2444.72,1815629,2302855.14,62.26,14.7,0.376,0.893,2809.86,1649.21,2.3,MIDCAP_PORTFOLIO,BUY,1166,3073.3,INR
IN002838,HCLTECH,HCL Technologies,NSE,TECHNOLOGY,09-09-2020,1442.55,1565.74,1414.82,1531.9,1495.14,2225047,1106318.27,56.16,8.54,2.11,0.624,1816.16,1357.28,1.2,NIFTY50_PORTFOLIO,BUY,1128,1631.35,INR
IN004035,ONGC,Oil & Natural Gas Corp,NSE,ENERGY,09-09-2020,287.83,307.72,283.86,305.4,313.7,3583301,70063.21,70.13,6.09,2.884,0.825,329.12,171.3,0.5,NIFTY50_PORTFOLIO,BUY,741,247.81,INR
IN002813,SUNPHARMA,Sun Pharmaceutical,BSE,PHARMACEUTICALS,09-09-2020,1237.8,1239.19,1153.97,1156.54,1192.75,3592710,920309.24,27.7,14.85,2.838,1.82,1502.63,867.4,1.2,SECTORAL_PORTFOLIO,BUY,1041,1003.77,INR
IN002841,SUNPHARMA,Sun Pharmaceutical,BSE,PHARMACEUTICALS,09-09-2020,1209.76,1235,1202.99,1208.13,1242.78,2616174,618696.95,16.91,14.98,3.44,1.012,1600.77,796.16,0.5,MIDCAP_PORTFOLIO,BUY,254,1267.46,INR
IN000523,TCS,Tata Consultancy Services,NSE,TECHNOLOGY,09-09-2020,3573.55,3721.43,3492.59,3573.55,3746.38,296669,3159532.14,44.04,7.44,2.342,1.863,4174.24,2710.65,0.5,MIDCAP_PORTFOLIO,HOLD,724,3041.05,INR
IN000546,TCS,Tata Consultancy Services,NSE,TECHNOLOGY,09-09-2020,3428.28,3497.85,3278.12,3282.82,3236.75,3303424,3081421.6,74.62,6.64,0.911,0.944,3750.31,2144.46,5.1,SECTORAL_PORTFOLIO,BUY,547,3178.71,INR
IN000554,TCS,Tata Consultancy Services,NSE,TECHNOLOGY,09-09-2020,3612.87,3824.31,3568.49,3732.57,3753.85,3559159,253547.5,69.29,12.39,2.873,1.201,4823.82,2611.89,3.5,MIDCAP_PORTFOLIO,BUY,681,4321.98,INR
IN000651,TCS,Tata Consultancy Services,NSE,TECHNOLOGY,09-09-2020,3406.02,3434.93,3339.38,3367.91,3253.51,4776429,997216.58,9.45,14.75,3.355,1.743,4330.6,3321.54,3.5,SECTORAL_PORTFOLIO,BUY,46,3082.25,INR
IN000617,ADANIENT,Adani Enterprises,NSE,CONGLOMERATE,10-09-2020,2674.5,2930.36,2630.9,2849.74,2777.81,941450,2122146.45,75.36,2.8,2.344,1.68,3525.68,2392.12,2.3,SECTORAL_PORTFOLIO,BUY,24,3412.9,INR
IN000733,BAJFINANCE,Bajaj Finance,NSE,NBFC,10-09-2020,7045.79,7239.67,6895.14,6914.06,6817.99,3155099,3766976.31,14.44,7.83,3.974,1.233,7818.56,4339.11,2.3,SECTORAL_PORTFOLIO,BUY,1759,7397.55,INR
IN001609,HDFCBANK,HDFC Bank,NSE,FINANCE,10-09-2020,1653.83,1761.53,1637.78,1653.83,1752.33,2967816,938522.78,35.74,6.17,3.191,1.329,1995.26,1482.77,0,MIDCAP_PORTFOLIO,HOLD,1891,1888.25,INR
IN001616,HDFCBANK,HDFC Bank,NSE,FINANCE,10-09-2020,1660.55,1787.64,1634.28,1744.91,1790.3,3610179,899219.24,67.28,8.14,1.734,0.477,2096.43,1117.33,3.5,NIFTY50_PORTFOLIO,BUY,1697,1877.04,INR
IN001636,HDFCBANK,HDFC Bank,NSE,FINANCE,10-09-2020,1675.14,1707.67,1627.62,1653.74,1646.63,3581538,1149147.09,55.59,2.03,2.983,1.09,1745.84,1324.83,1.2,NIFTY50_PORTFOLIO,HOLD,1507,1288.81,INR
IN001685,HDFCBANK,HDFC Bank,NSE,FINANCE,10-09-2020,1656.58,1684.64,1570.94,1587.09,1597.7,2920567,1132078.37,27.96,3.19,1.376,0.508,1772.24,1302.03,5.1,NIFTY50_PORTFOLIO,BUY,1263,1970.46,INR
IN001695,HDFCBANK,HDFC Bank,NSE,FINANCE,10-09-2020,1583.56,1586.85,1541.74,1564.56,1504.45,4654254,1270398.3,58.85,6.11,1.132,0.944,2092.78,1137.47,3.5,MIDCAP_PORTFOLIO,BUY,772,1485.27,INR
IN001699,HDFCBANK,HDFC Bank,NSE,FINANCE,10-09-2020,1537.84,1539.19,1502.48,1504.15,1506.16,1102414,1301221.54,54.96,12.9,1.339,1.427,1943.78,1498.11,1.2,MIDCAP_PORTFOLIO,BUY,881,1326.84,INR
IN001704,HDFCBANK,HDFC Bank,NSE,FINANCE,10-09-2020,1591,1596.48,1530.24,1562.06,1507.44,2443180,1245200.43,26.53,14.51,0.707,1.797,2210.91,1244.92,2.3,SECTORAL_PORTFOLIO,BUY,855,1610.69,INR
IN001705,HDFCBANK,HDFC Bank,NSE,FINANCE,10-09-2020,1565.18,1609.45,1458.84,1459.64,1469.51,3056597,205182.53,63.15,3.56,0.25,0.41,1934.17,1364.99,1.2,NIFTY50_PORTFOLIO,BUY,1005,1640.15,INR
IN001719,HDFCBANK,HDFC Bank,NSE,FINANCE,10-09-2020,1570.25,1597.19,1484.85,1511.84,1515.94,2337639,387179.88,69.52,14.39,1.733,1.243,2181.8,1055.31,1.2,SECTORAL_PORTFOLIO,BUY,19,1261.31,INR
IN003245,ICICIBANK,ICICI Bank,NSE,FINANCE,10-09-2020,907.21,917.66,865.47,877.65,884.39,3258125,485059.78,11.83,10.64,0.117,1.494,1169.59,877.65,1.2,NIFTY50_PORTFOLIO,SELL,1927,1071.68,INR
IN003255,ICICIBANK,ICICI Bank,NSE,FINANCE,10-09-2020,968.16,998.76,947.67,975.85,945.48,3054087,822715.29,46.93,12.41,3.353,1.618,1109.33,584.81,5.1,NIFTY50_PORTFOLIO,BUY,232,994.51,INR
IN001353,NTPC,NTPC Limited,NSE,UTILITIES,10-09-2020,333.16,350.69,332.68,346.51,349.18,1577572,336021.62,31.45,12.66,1.135,0.786,379.47,211.81,0.5,NIFTY50_PORTFOLIO,BUY,1792,413.93,INR
IN002262,TCS,Tata Consultancy Services,NSE,TECHNOLOGY,10-09-2020,3586.31,3652.04,3346.93,3387.11,3425.79,3107653,1601925.24,31.17,5.72,3.259,0.434,3871.67,2158.64,5.1,SECTORAL_PORTFOLIO,BUY,537,3882.28,INR
IN002269,TCS,Tata Consultancy Services,NSE,TECHNOLOGY,10-09-2020,3597.2,3617.08,3542.05,3597.2,3522.52,2931369,861468.63,16.69,6.34,2.342,1.701,3991.68,2204.69,0,SECTORAL_PORTFOLIO,BUY,1490,2738.2,INR
IN002303,TCS,Tata Consultancy Services,NSE,TECHNOLOGY,10-09-2020,3481.16,3563.33,3197.1,3270.23,3316.1,4582996,879259.66,33.53,10.59,2.693,1.418,3730.86,2981.52,2.3,NIFTY50_PORTFOLIO,HOLD,1588,4007.31,INR
IN002310,TCS,Tata Consultancy Services,NSE,TECHNOLOGY,10-09-2020,3430.63,3484.97,3331.04,3430.63,3458.1,466104,1636226.06,63.56,1.97,1.506,1.807,4060.21,2769.91,5.1,NIFTY50_PORTFOLIO,BUY,823,3463.02,INR
IN002860,ASIANPAINT,Asian Paints,BSE,CONSUMER GOODS,11-09-2020,3031.37,3088.54,2861.06,2913.14,2882.21,2530314,1583748.83,76.82,3.25,2.44,1.209,3734.04,1897.04,0.5,SECTORAL_PORTFOLIO,BUY,133,2382.72,INR
IN002870,ASIANPAINT,Asian Paints,BSE,CONSUMER GOODS,11-09-2020,3056.87,3107.55,2817.03,2848.57,2829.45,2143041,2058195.94,47.03,7.6,2.293,1.519,3364.41,2279.58,3.5,NIFTY50_PORTFOLIO,BUY,1974,3065.79,INR
IN002883,ASIANPAINT,Asian Paints,BSE,CONSUMER GOODS,11-09-2020,3049.21,3222.15,3010.37,3164.02,3070.81,3035212,358855.5,78.42,1.57,3.906,0.736,3708.54,2688.43,1.2,SECTORAL_PORTFOLIO,SELL,1259,2548.97,INR
IN004526,HCLTECH,HCL Technologies,NSE,TECHNOLOGY,11-09-2020,1568.94,1585.6,1556,1582.03,1557.88,4999513,983511.12,23.68,7.17,2.783,1.386,1625.31,1303.07,1.2,SECTORAL_PORTFOLIO,BUY,600,1297.84,INR
IN004539,HCLTECH,HCL Technologies,NSE,TECHNOLOGY,11-09-2020,1481.61,1531.4,1440.21,1490.99,1484.33,2786193,422468.53,40.17,10.99,0.082,1.043,1920.78,919.79,1.2,SECTORAL_PORTFOLIO,BUY,1303,1165.53,INR
IN004560,HCLTECH,HCL Technologies,NSE,TECHNOLOGY,11-09-2020,1504.18,1627.84,1489.57,1604.14,1603.64,387835,177170.1,41.49,10.81,1.464,1.553,1957.32,1167.24,0,MIDCAP_PORTFOLIO,BUY,146,1579.05,INR
IN004565,HCLTECH,HCL Technologies,NSE,TECHNOLOGY,11-09-2020,1495.5,1518.29,1488.05,1513.63,1515.39,2723448,1095521.18,28.76,7.58,0.697,1.531,1933.27,1242.55,0,NIFTY50_PORTFOLIO,HOLD,136,1429.94,INR
IN002276,LT,Larsen & Toubro,NSE,INFRASTRUCTURE,11-09-2020,3301.15,3339.52,3134.21,3186.69,3231.44,2675487,3075893.55,32.68,14.87,0.139,1.451,3651.72,1981.23,3.5,SECTORAL_PORTFOLIO,BUY,1711,3126.71,INR
IN002297,LT,Larsen & Toubro,NSE,ENERGY,11-09-2020,3183.77,3254.49,3092.14,3197.95,3142.65,3360312,716188.18,8.1,14.95,2.25,0.685,4103.55,2350.95,0,NIFTY50_PORTFOLIO,BUY,755,2719.51,INR
IN002730,POWERGRID,Power Grid Corporation,BSE,UTILITIES,11-09-2020,262.4,270.06,244.83,246.09,254.68,4568630,68993.34,56.73,8.885,3.329,1.415,334.01,184.37,0,SECTORAL_PORTFOLIO,HOLD,502,299.67,INR
IN001635,TITAN,Titan Company,BSE,CONSUMER GOODS,11-09-2020,3318.71,3521.1,3253.98,3452.17,3366.66,951149,975293.52,69.54,2.47,1.032,0.991,4273.07,2493.45,3.5,MIDCAP_PORTFOLIO,HOLD,56,3247.58,INR
IN002717,ULTRACEMCO,UltraTech Cement,BSE,INFRASTRUCTURE,11-09-2020,9939.1,10062.45,9159.64,9257.38,8979.55,299212,1119092.87,43.18,7.99,1.739,1.403,12727.11,5718.2,0,MIDCAP_PORTFOLIO,BUY,514,7493.82,INR
IN002721,ULTRACEMCO,UltraTech Cement,BSE,INFRASTRUCTURE,11-09-2020,9949.2,10849.47,9789.13,10538.68,10822.26,2150396,9122308.33,65.94,10.93,1.582,0.905,12911.65,5802.76,1.2,MIDCAP_PORTFOLIO,BUY,1890,7910.23,INR
IN002737,ULTRACEMCO,UltraTech Cement,BSE,INFRASTRUCTURE,11-09-2020,9372.81,10017.75,9308.29,9372.81,9907.33,4141619,3195324.04,62.86,5.82,1.764,1.04,11275.12,8314.72,2.3,SECTORAL_PORTFOLIO,HOLD,931,9902.48,INR
IN002758,ULTRACEMCO,UltraTech Cement,BSE,INFRASTRUCTURE,11-09-2020,9060.26,9664.6,9033.4,9600.81,9731.65,783916,3581675.1,40.87,11.22,1.739,0.869,12692.85,8440.47,0,MIDCAP_PORTFOLIO,HOLD,1450,11346.13,INR
IN002821,ULTRACEMCO,UltraTech Cement,BSE,INFRASTRUCTURE,11-09-2020,9450.13,9635.12,9223.77,9405.07,9193.24,3864859,7964926.55,43.28,5.07,3.318,1.624,13051.3,8151.83,0,MIDCAP_PORTFOLIO,BUY,948,10554.21,INR
IN002342,LT,Larsen & Toubro,NSE,INFRASTRUCTURE,12-09-2020,3110.36,3180.74,3015.09,3108,3019.24,2631692,217194.56,56.96,3.57,0.906,1.883,3917.56,2147.94,1.2,MIDCAP_PORTFOLIO,BUY,248,2765.64,INR
IN001950,NTPC,NTPC Limited,NSE,UTILITIES,12-09-2020,354.39,358.96,342.16,342.37,334.63,369820,207552.34,19.3,6.44,0.778,1.011,461.24,272.48,5.1,SECTORAL_PORTFOLIO,BUY,750,308.07,INR
IN002041,NTPC,NTPC Limited,NSE,UTILITIES,12-09-2020,357.61,379.12,352.57,370.13,357.22,2987289,193889.09,65.28,14.06,2.035,0.594,425.89,233.08,5.1,SECTORAL_PORTFOLIO,BUY,726,355.4,INR
IN001683,BHARTIARTL,Bharti Airtel,NSE,TELECOMMUNICATION,01-10-2020,861.5,873.13,858.95,867.83,877.02,2062852,256344.8,62.62,10.68,1.996,1.784,963.73,705.59,3.5,MIDCAP_PORTFOLIO,BUY,1650,929.97,INR
IN001694,BHARTIARTL,Bharti Airtel,NSE,TELECOMMUNICATION,01-10-2020,931.4,974.45,920.4,963.05,971.33,1042555,80880.68,71.22,3.71,2.056,1.51,991.98,836.86,0,MIDCAP_PORTFOLIO,HOLD,66,747.41,INR
IN004798,KOTAKBANK,Kotak Mahindra Bank,NSE,FINANCE,01-10-2020,1728.35,1776.72,1651.89,1654.29,1607.73,3679276,1056957.46,75.64,2.45,1.96,0.873,2379.45,1363.06,0,NIFTY50_PORTFOLIO,BUY,1292,2036.54,INR
IN004821,KOTAKBANK,Kotak Mahindra Bank,NSE,FINANCE,01-10-2020,1711.92,1754.8,1650.44,1653.29,1677.06,2433462,445979.69,59.4,10.46,3.186,1.672,1923.02,1484.71,0,NIFTY50_PORTFOLIO,BUY,487,2059.1,INR
IN004826,KOTAKBANK,Kotak Mahindra Bank,NSE,FINANCE,01-10-2020,1778.08,1792.2,1759.86,1772,1828.35,3687368,224711.11,52.58,2.81,2.415,0.69,2244.76,1617.86,2.3,NIFTY50_PORTFOLIO,BUY,379,2169.76,INR
IN001035,MARUTI,Maruti Suzuki,BSE,AUTOMOBILE,01-10-2020,10128.12,10191.6,9219.45,9440.15,9456.77,1765844,2514890.76,43.66,3.26,1.376,1.186,11244.91,7957.5,1.2,SECTORAL_PORTFOLIO,SELL,1513,8235.75,INR
IN001054,MARUTI,Maruti Suzuki,BSE,AUTOMOBILE,01-10-2020,10372.66,10402.39,9921.7,10016.59,10003.5,3794785,2070811.75,32.88,13.65,3.933,0.768,13885.01,6285.34,0,SECTORAL_PORTFOLIO,BUY,286,9236.08,INR
IN001067,MARUTI,Maruti Suzuki,BSE,AUTOMOBILE,01-10-2020,9680.52,9919.03,9092.95,9307.69,8953.62,530150,1238065.27,29.94,2.27,2.293,1.698,9307.69,7573.67,3.5,SECTORAL_PORTFOLIO,SELL,1512,11123.94,INR
IN002389,NTPC,NTPC Limited,NSE,UTILITIES,01-10-2020,366.84,371.52,336.63,342.08,329.95,1142465,178824.66,48.78,2.8,0.324,1.408,465.8,227.96,3.5,SECTORAL_PORTFOLIO,BUY,1414,346.11,INR
IN002403,NTPC,NTPC Limited,NSE,UTILITIES,01-10-2020,366.91,372.16,347.96,356.96,345.14,1133380,52700.39,12.25,4.67,0.469,1.285,465.75,281.23,3.5,MIDCAP_PORTFOLIO,SELL,1320,300.53,INR
IN002273,ONGC,Oil & Natural Gas Corp,NSE,ENERGY,01-10-2020,278.44,302.3,276.69,296.32,298.02,1573525,166008.9,40.52,13.58,2.037,1.498,296.32,260.95,0,NIFTY50_PORTFOLIO,BUY,1607,326.11,INR
IN002325,ONGC,Oil & Natural Gas Corp,NSE,ENERGY,01-10-2020,273.42,283.96,267.64,276.25,281.36,1761723,168417.57,32.22,3.91,2.037,1.902,319.82,216.06,0.5,SECTORAL_PORTFOLIO,SELL,1393,212.59,INR
IN002333,ONGC,Oil & Natural Gas Corp,NSE,ENERGY,01-10-2020,284.67,296.92,282.17,288.34,290.33,2699963.5,120952.96,13.35,9.96,1.897,1.837,301.93,199.64,5.1,MIDCAP_PORTFOLIO,BUY,1988,261.22,INR
IN002335,ONGC,Oil & Natural Gas Corp,NSE,ENERGY,01-10-2020,291.5,311.16,285.28,304.78,301.47,3604719,160252.99,40.515,13.71,0.564,1.146,317.6,244.53,5.1,MIDCAP_PORTFOLIO,BUY,1378,286.51,INR
IN002394,ONGC,Oil & Natural Gas Corp,NSE,ENERGY,01-10-2020,274.59,280.88,273.5,277.04,266.42,1059279,152387.33,43.47,8.65,3.054,1.401,361.58,262.37,1.2,SECTORAL_PORTFOLIO,HOLD,794,229.75,INR
IN002203,MARUTI,Maruti Suzuki,BSE,AUTOMOBILE,02-10-2020,9660.63,9814.84,9129.27,9223.45,9085.12,3361259,7271530.15,8.3,11.72,2.263,1.316,11506.75,9223.45,3.5,MIDCAP_PORTFOLIO,SELL,919,11561.75,INR
IN002255,MARUTI,Maruti Suzuki,BSE,AUTOMOBILE,02-10-2020,9944.4,10173.7,9681.04,9890.06,10214.08,3786212,2254053.18,75.52,14.58,2.38,0.982,11201.83,7065.52,3.5,MIDCAP_PORTFOLIO,BUY,1208,8776.86,INR
IN004599,TCS,Tata Consultancy Services,NSE,TECHNOLOGY,02-10-2020,3458.43,3526.41,3255.44,3293.11,3295.62,2618969,1164171.09,36.96,4.31,0.374,0.636,4444.5,2900.1,2.3,NIFTY50_PORTFOLIO,BUY,741,2835.35,INR
IN001886,ADANIENT,Adani Enterprises,NSE,CONGLOMERATE,03-10-2020,2778.99,2785.35,2715.6,2778.99,2670.78,4496338,254920,24.3,1.94,3.232,1.42,2950.79,2603.22,3.5,NIFTY50_PORTFOLIO,BUY,302,2877.36,INR
IN000202,BHARTIARTL,Bharti Airtel,NSE,TELECOMMUNICATION,03-10-2020,896.92,921.02,826.61,842.48,870.89,4778593,117611.21,10.77,2.17,0.711,1.065,1136.75,562.87,2.3,NIFTY50_PORTFOLIO,HOLD,146,1031.19,INR
IN000246,BHARTIARTL,Bharti Airtel,NSE,TELECOMMUNICATION,03-10-2020,887.62,911.43,876.96,904.55,887.61,2834763,787967.51,43.23,5.11,2.68,1.373,1149.39,548.44,0.5,MIDCAP_PORTFOLIO,BUY,554,856.66,INR
IN000789,HINDUNILVR,Hindustan Unilever,NSE,TECHNOLOGY,03-10-2020,2564.77,2592.06,2397.72,2419.92,2344.57,2201200.5,2304022.09,18.33,10.28,3.299,1.22,3305.71,1786.17,0,MIDCAP_PORTFOLIO,HOLD,92,2560.45,INR
IN000838,HINDUNILVR,Hindustan Unilever,NSE,FMCG,03-10-2020,2483.59,2483.59,2442.66,2454.75,2412,2201200.5,1623019.34,71.61,9.96,2.026,1.28,3463.52,1794.47,2.3,MIDCAP_PORTFOLIO,HOLD,1236,2721.39,INR
IN000553,KOTAKBANK,Kotak Mahindra Bank,NSE,FINANCE,03-10-2020,1865.36,1893.06,1838.7,1843.85,1841.33,2824831,682760.96,79.6,3.79,1.434,1.357,2173.07,1613.42,0.5,SECTORAL_PORTFOLIO,BUY,336,1718.49,INR
IN000569,KOTAKBANK,Kotak Mahindra Bank,NSE,FINANCE,03-10-2020,1814.66,1881.43,1764.66,1866.69,1875.16,2136935,1339881.24,18.52,10.91,2,1.2315,2083.51,1628.24,2.3,SECTORAL_PORTFOLIO,BUY,690,1678.77,INR
IN000628,KOTAKBANK,Kotak Mahindra Bank,NSE,FINANCE,03-10-2020,1850.67,1961.97,1813.59,1923.21,1958.49,3132558,240965.77,13.74,2.96,1.96,0.907,1923.57,1310.9,1.2,MIDCAP_PORTFOLIO,BUY,1009,1860.22,INR
IN000640,KOTAKBANK,Kotak Mahindra Bank,NSE,FINANCE,03-10-2020,1821.46,1866.87,1728.81,1741.24,1773.97,1479808,271026.68,11.59,5.24,1.451,1.01,2244.99,1186.75,3.5,NIFTY50_PORTFOLIO,SELL,1555,2099.83,INR
IN000123,ASIANPAINT,Asian Paints,BSE,CONSUMER GOODS,04-10-2020,2854.39,3090.98,2795.63,3015.68,2920.78,3104669,2204343.1,65.91,12.28,1.889,1.366,3628.57,2528.18,2.3,MIDCAP_PORTFOLIO,SELL,1956,3653.3,INR
IN000132,ASIANPAINT,Asian Paints,BSE,CONSUMER GOODS,04-10-2020,3031.62,3115.41,2890.92,2961.73,2965.55,1966111,2763925.54,34.66,14.2,1.704,1.765,4151.76,2593.7,2.3,NIFTY50_PORTFOLIO,SELL,671,3466.77,INR
IN000174,ASIANPAINT,Asian Paints,BSE,CONSUMER GOODS,04-10-2020,3074.35,3203.281182,3005.78,3005.78,3082.15,4293734,1710153.59,51.4,13.22,3.297,1.516,3183.47,2349.59,1.2,SECTORAL_PORTFOLIO,HOLD,720,2843.51,INR
IN000175,ASIANPAINT,Asian Paints,BSE,CONSUMER GOODS,04-10-2020,2895.18,2941.2,2782.91,2823.83,2784.66,2799092,2353716.38,75.11,7.57,3.992,1.841,3322.18,2637.52,3.5,NIFTY50_PORTFOLIO,SELL,834,2665.47,INR
IN000197,ASIANPAINT,Asian Paints,BSE,CONSUMER GOODS,04-10-2020,3120.93,3339.66,3033.25,3272.23,3266.54,506604,1603367.65,30.41,1.62,0.012,0.778,3292.97,2250.85,0.5,NIFTY50_PORTFOLIO,BUY,1764,2323.81,INR
IN000207,ASIANPAINT,Asian Paints,BSE,CONSUMER GOODS,04-10-2020,3117.51,3304.34,3099.23,3236.4,3124.39,415218,579091.71,16.72,10.41,1.008,1.508,3782.89,1955.02,2.3,MIDCAP_PORTFOLIO,HOLD,1438,2664.78,INR
IN000227,ASIANPAINT,Asian Paints,BSE,CONSUMER GOODS,04-10-2020,3069.9,3095.31,2928.42,2969.44,3057.02,3268351,854240.02,32.42,3.23,2.853,0.584,3358.17,2576.91,0,NIFTY50_PORTFOLIO,BUY,1761,3534.53,INR
IN000281,ASIANPAINT,Asian Paints,BSE,CONSUMER GOODS,04-10-2020,3028.22,3166.48,2964.63,3140.16,3241.64,3687258,2591614.46,42.37,8.23,0.535,1.314,3236.84,2689.34,0,MIDCAP_PORTFOLIO,BUY,613,2577.25,INR
IN000334,ASIANPAINT,Asian Paints,BSE,CONSUMER GOODS,04-10-2020,3142.61,3218.06,3078.06,3213.75,3135.26,3013310,2901358.94,69.72,5.14,2.185,1.326,3919.96,2152.34,1.2,MIDCAP_PORTFOLIO,BUY,663,2634.63,INR
IN000358,ASIANPAINT,Asian Paints,BSE,CONSUMER GOODS,04-10-2020,2959.14,3124.84,2915.34,3080.13,3154.29,4201515,755656.31,71.28,6.85,2.185,1.209,3780.35,2067.75,0,MIDCAP_PORTFOLIO,HOLD,1451,2647.73,INR
IN000094,NTPC,NTPC Limited,NSE,UTILITIES,04-10-2020,367.12,373.4,337.85,342.46,337.83,2825820,195306.38,54.03,7.43,2.007,1.139,386.41,268.16,5.1,MIDCAP_PORTFOLIO,BUY,1572,398.47,INR
IN001594,AXISBANK,Axis Bank,BSE,FINANCE,06-10-2020,1076.2,1083.48,1012.27,1076.2,1065.59,1818656,1055560.63,69.28,4.79,3.856,1.65,1202.61,805.04,0.5,SECTORAL_PORTFOLIO,BUY,1259,1236.09,INR
IN001627,AXISBANK,Axis Bank,BSE,FINANCE,06-10-2020,1117.97,1143.34,1111.3,1134.19,1119.9,4944318,131597.8,41.47,13.68,1.933,0.885,1320.89,1000.29,1.2,NIFTY50_PORTFOLIO,BUY,259,1173.11,INR
IN001649,AXISBANK,Axis Bank,BSE,FINANCE,06-10-2020,1114.14,1202.11,1085.5,1184.27,1227.55,4290219,873760.58,14.76,2.53,3.454,1.826,1522.34,822.32,0.5,SECTORAL_PORTFOLIO,BUY,1839,1216.46,INR
IN000597,HCLTECH,HCL Technologies,NSE,TECHNOLOGY,06-10-2020,1488.53,1490.17,1375.93,1414.95,1406.58,1732964,586330.78,16.02,1.14,1.493,0.756,1621.78,1337.78,5.1,NIFTY50_PORTFOLIO,HOLD,1962,1383.86,INR
IN001508,LT,Larsen & Toubro,NSE,INFRASTRUCTURE,06-10-2020,3337.86,3400.43,3171.81,3172.81,3108.02,2621162,610189.74,73.36,12.5,0.304,1.154,3863.48,2048.47,0,NIFTY50_PORTFOLIO,BUY,472,3258.32,INR
IN001588,LT,Larsen & Toubro,NSE,INFRASTRUCTURE,06-10-2020,3358.01,3376.95,3311.81,3352.41,3342.62,918589,2724786.06,39.63,8.51,1.149,0.63,3512.14,2100.5,0,SECTORAL_PORTFOLIO,BUY,1078,2428.42,INR
IN001659,LT,Larsen & Toubro,NSE,INFRASTRUCTURE,06-10-2020,3254.85,3382.38,3232.21,3358.92,3484.97,3471702,1616603.54,46.41,1.27,3.056,0.904,3498.01,2160.58,1.2,SECTORAL_PORTFOLIO,BUY,1647,3672.11,INR
IN001665,LT,Larsen & Toubro,NSE,INFRASTRUCTURE,06-10-2020,3117.39,3166.63,2939.57,2988.76,3060.57,4770228,2779523.58,37.28,1.79,3.477,0.982,3769.16,2478.49,0.5,MIDCAP_PORTFOLIO,HOLD,1076,3660.69,INR
IN001680,LT,Larsen & Toubro,NSE,INFRASTRUCTURE,06-10-2020,3172.19,3180.33,3098.13,3114.43,3044.61,3778703,906779.88,14.43,4.9,3.848,1.283,4273.08,2274.27,0,NIFTY50_PORTFOLIO,HOLD,1289,3665.53,INR
IN001716,LT,Larsen & Toubro,NSE,INFRASTRUCTURE,06-10-2020,3226.6,3282.38,2954.65,3009.99,2957.35,4704247,751692.36,31.87,1.79,0.098,0.699,3363.15,2292.08,0,SECTORAL_PORTFOLIO,BUY,1071,3496.68,INR
IN001731,LT,Larsen & Toubro,NSE,INFRASTRUCTURE,06-10-2020,3217.14,3352.93,3186.65,3271.14,3316,1908021,2270898,38.36,12.97,2.032,1.614,3952.68,2250.48,5.1,SECTORAL_PORTFOLIO,BUY,1663,2485.7,INR
IN001768,LT,Larsen & Toubro,NSE,INFRASTRUCTURE,06-10-2020,3237.85,3386.06,3157.1,3351.22,3319.89,910494,2563794.76,79.31,6.58,3.023,1.336,3377.4,2364.44,0,MIDCAP_PORTFOLIO,SELL,315,3140.78,INR
IN001777,LT,Larsen & Toubro,NSE,INFRASTRUCTURE,06-10-2020,3164.06,3212.55,3070.7,3137,3076.51,3213302,2353713.55,41.13,4.7,3.943,1.786,4474.26,2920.85,1.2,NIFTY50_PORTFOLIO,SELL,490,3490.94,INR
IN001784,LT,Larsen & Toubro,NSE,INFRASTRUCTURE,06-10-2020,3313.78,3371.78,3089.18,3118.76,3119.57,1949625,2602478.72,44.26,2.75,0.645,0.583,4296,2138.38,0.5,SECTORAL_PORTFOLIO,BUY,294,2867.2,INR
IN004734,NTPC,NTPC Limited,NSE,UTILITIES,06-10-2020,334.19,354.08,326.89,352.97,363.13,2243533,325821.7,75.07,10.21,2.705,1.985,487.67,261.61,0,NIFTY50_PORTFOLIO,BUY,794,324.07,INR
IN002463,WIPRO,Wipro,BSE,TECHNOLOGY,06-10-2020,508.64,515.69,497.56,502.48,501.14,3255478,494871.56,51.41,9.96,1.87,0.859,614.18,457.97,1.2,MIDCAP_PORTFOLIO,BUY,1995,501.19,INR
IN002229,BAJFINANCE,Bajaj Finance,NSE,NBFC,07-10-2020,7340.54,7593.15,7246.07,7504.93,7717.53,3356077,4483787.16,78.52,6.91,1.856,1.543,7582.16,6553.88,0,SECTORAL_PORTFOLIO,BUY,362,8435.98,INR
IN000258,BHARTIARTL,Bharti Airtel,NSE,TELECOMMUNICATION,07-10-2020,892.24,918.35,872.57,909.57,892.66,4172059,461121.75,75.4,13.46,0.591,1.146,1051.19,662.72,3.5,SECTORAL_PORTFOLIO,BUY,740,874.28,INR
IN000285,BHARTIARTL,Bharti Airtel,NSE,TELECOMMUNICATION,07-10-2020,937.41,989.69,937.34,976.68,971.93,4816465,192939.46,26.17,7.87,3.473,0.914,1192.4,680.63,1.2,SECTORAL_PORTFOLIO,SELL,1120,951.18,INR
IN000286,BHARTIARTL,Bharti Airtel,NSE,TELECOMMUNICATION,07-10-2020,910.47,980.36,901.35,961.28,928.96,141084,362798.1,10.77,12,1.071,0.888,1181.17,650.49,3.5,SECTORAL_PORTFOLIO,BUY,428,696.11,INR
IN000318,BHARTIARTL,Bharti Airtel,NSE,TELECOMMUNICATION,07-10-2020,861.73,879.08,810.62,814.41,823.84,4713308,617100.12,76.12,7.14,2.818,1.716,993.46,649.24,0,SECTORAL_PORTFOLIO,BUY,1595,940.4,INR
IN002305,BHARTIARTL,Bharti Airtel,NSE,TELECOMMUNICATION,07-10-2020,881.82,922.74,869.16,919.84,950.8,765171,842336.76,60.22,8.08,2.243,1.839,1121.26,724.83,2.3,SECTORAL_PORTFOLIO,SELL,987,699.04,INR
IN002399,BHARTIARTL,Bharti Airtel,NSE,TELECOMMUNICATION,07-10-2020,856.07,921.39,835.41,906.81,892.59,4685418,866682.26,41.08,11.83,0.335,0.81,1122.72,770.23,0.5,MIDCAP_PORTFOLIO,HOLD,1912,1071.05,INR
IN002970,NTPC,NTPC Limited,NSE,UTILITIES,07-10-2020,332.85,339.93,320.05,326.9,331.74,4467323,297425.47,26.27,2.51,0.601,0.651,479.15,316.09,1.2,MIDCAP_PORTFOLIO,BUY,379,357.51,INR
IN004206,POWERGRID,Power Grid Corporation,BSE,UTILITIES,07-10-2020,246.39,249.19,234.92,238.46,243.19,3788086,108086.56,63.68,14.39,3.443,1.89,346.16,231.32,2.3,NIFTY50_PORTFOLIO,BUY,1607,264.4,INR
IN004227,POWERGRID,Power Grid Corporation,BSE,UTILITIES,07-10-2020,248.29,248.29,240.76,245.66,251.59,84594,241527.33,14.04,12.66,1.477,1.479,323.19,187.92,2.3,SECTORAL_PORTFOLIO,BUY,314,221.87,INR
IN004266,POWERGRID,Power Grid Corporation,BSE,UTILITIES,07-10-2020,245.21,247.51,234.7,234.98,243.85,3010838,26732.71,14.54,12.47,0.342,0.85,343.76,184.94,3.5,NIFTY50_PORTFOLIO,BUY,194,293.92,INR
IN004171,TITAN,Titan Company,BSE,CONSUMER GOODS,07-10-2020,3353.34,3536.88,3327.4,3524.42,3479.19,2937928,1835830.275,28.44,11.92,3.336,0.431,4256.21,3014.35,3.5,MIDCAP_PORTFOLIO,BUY,1206,3441.82,INR
IN004038,ULTRACEMCO,UltraTech Cement,BSE,INFRASTRUCTURE,07-10-2020,9685.64,9801.95,9005.43,9188.53,9313.87,3461372,3880091.01,11.88,7.55,3.919,1.662,11440.55,6668.45,2.3,NIFTY50_PORTFOLIO,BUY,475,9721.13,INR
IN004048,ULTRACEMCO,UltraTech Cement,BSE,INFRASTRUCTURE,07-10-2020,9622,9768.32,8846.11,8958.98,8688.17,3540439,7333129.81,75.48,3.5,2.852,1.697,12497.15,6638.97,5.1,NIFTY50_PORTFOLIO,BUY,1763,9442.46,INR
IN004054,ULTRACEMCO,UltraTech Cement,BSE,INFRASTRUCTURE,07-10-2020,9771.39,10593.05,9634.87,10442.03,10262.78,4246323,3163174.49,61.54,3.53,0.35,0.86,10442.03,7330.02,3.5,SECTORAL_PORTFOLIO,BUY,1678,8856.08,INR
IN004071,ULTRACEMCO,UltraTech Cement,BSE,INFRASTRUCTURE,07-10-2020,9435.01,9905.63,9223.56,9851.82,9976.33,1987849,1534083.31,15.67,6.34,3.702,1.357,11559.41,8032.55,0,MIDCAP_PORTFOLIO,BUY,131,11085.39,INR
IN004122,ULTRACEMCO,UltraTech Cement,BSE,INFRASTRUCTURE,07-10-2020,9249.52,9646.81,9178.42,9509.3,9444.98,3064611,3963069.48,47.63,11.69,3.867,0.683,10759.48,6596.92,1.2,NIFTY50_PORTFOLIO,BUY,322,7613.12,INR
IN002774,ICICIBANK,ICICI Bank,NSE,FINANCE,08-10-2020,928.49,952.15,880.71,896.36,863.74,1931067,52528.23,40.77,8.44,0.654,1.548,1320.48,600.45,0.5,MIDCAP_PORTFOLIO,SELL,144,1147.76,INR
IN002778,ICICIBANK,ICICI Bank,NSE,FINANCE,08-10-2020,950.25,971.49,909.11,936.98,957.97,2511319,465804.57,15.93,13.95,0.945,0.986,1281.48,801.3,0,SECTORAL_PORTFOLIO,BUY,1659,763.73,INR
IN001554,KOTAKBANK,Kotak Mahindra Bank,NSE,FINANCE,08-10-2020,1855.45,1985.79,1823.51,1969.55,1939.31,4003989,1065864.85,53.33,9.01,1.96,1.231,2079.5,1213.23,2.3,SECTORAL_PORTFOLIO,BUY,902,1351.86,INR
IN001577,KOTAKBANK,Kotak Mahindra Bank,NSE,FINANCE,08-10-2020,1721.06,1740.92,1663.79,1704.59,1723.98,159530,563019.57,51.83,7.06,1.363,1.072,2159.91,1497.82,1.2,SECTORAL_PORTFOLIO,BUY,1346,1363.23,INR
IN002379,KOTAKBANK,Kotak Mahindra Bank,NSE,FMCG,08-10-2020,1858.51,1913.36,1839.36,1852.57,1812.33,3877302,1194549.92,50.83,12.39,1.682,1.215,2172.76,1495.51,0.5,NIFTY50_PORTFOLIO,BUY,793,1881.18,INR
IN002391,KOTAKBANK,Kotak Mahindra Bank,NSE,FINANCE,08-10-2020,1857.04,1873.55,1770.45,1774.85,1725.5,1657019,1790805.87,46.36,4.28,0.159,1.2315,2099.14,1659,2.3,MIDCAP_PORTFOLIO,SELL,70,1797.75,INR
IN003766,KOTAKBANK,Kotak Mahindra Bank,NSE,FINANCE,08-10-2020,1813.87,1914.84,1765.82,1908.65,1840.8,2824831,1240779.65,60.63,7.06,0.883,0.814,2423.67,1125.84,1.2,NIFTY50_PORTFOLIO,HOLD,331,2156.68,INR
IN004402,ONGC,Oil & Natural Gas Corp,NSE,ENERGY,08-10-2020,290.66,317.51,282.08,290.66,318.96,4900272,132440.92,40.51,6.93,0.948,0.953,369.38,196.4,0.5,NIFTY50_PORTFOLIO,HOLD,468,301.09,INR
IN004417,ONGC,Oil & Natural Gas Corp,NSE,ENERGY,08-10-2020,286.43,303.59,278.65,295.37,302.29,3271110,45384.32,16.5,4.75,1.043,1.621,332.17,206.82,1.2,MIDCAP_PORTFOLIO,HOLD,1212,323.94,INR
IN004447,ONGC,Oil & Natural Gas Corp,NSE,ENERGY,08-10-2020,281.94,283.18,258.71,264.62,264.61,4180339,191854,53.98,7.04,0.66,1.747,305.07,179.15,1.2,MIDCAP_PORTFOLIO,BUY,117,281.62,INR
IN004473,ONGC,Oil & Natural Gas Corp,NSE,ENERGY,08-10-2020,273.47,277.46,255.67,273.47,258.24,3910807,189211.84,14.61,3.94,2.037,0.977,347.77,217.18,2.3,SECTORAL_PORTFOLIO,BUY,1630,241.18,INR
IN003379,HDFCBANK,HDFC Bank,NSE,FINANCE,09-10-2020,1590.02,1596.88,1563.98,1592.26,1602.64,3921254,1423902.71,20.04,6.01,0.677,1.039,2178.57,1190.79,0,SECTORAL_PORTFOLIO,BUY,1591,1898.35,INR
IN001730,ICICIBANK,ICICI Bank,NSE,FINANCE,09-10-2020,989.64,1057.57,986.69,1029.39,1052.57,1604229,428166.54,44.145,1.1,3.894,1.685,1156.87,732.23,2.3,SECTORAL_PORTFOLIO,SELL,1973,778.67,INR
IN001760,NTPC,NTPC Limited,NSE,UTILITIES,09-10-2020,336.21,352.62,331.69,347.39,347.24,2531303,345473.93,67.16,6.42,0.219,1.422,406.87,325.62,0,SECTORAL_PORTFOLIO,HOLD,794,329.56,INR
IN003833,ICICIBANK,ICICI Bank,NSE,FINANCE,11-10-2020,984.48,1010.49,927.08,944.35,918.28,1870584,309504.29,37.81,7.75,3.49,0.769,1134.89,607.08,1.2,MIDCAP_PORTFOLIO,HOLD,1894,1068.95,INR
IN003835,ICICIBANK,ICICI Bank,NSE,FINANCE,11-10-2020,958.63,988.93,946.43,977.77,1015.54,607099,106432.34,57.63,13.49,1.048,1.086,1127.81,652.07,0.5,MIDCAP_PORTFOLIO,BUY,210,929.87,INR
IN003851,ICICIBANK,ICICI Bank,NSE,FINANCE,11-10-2020,945.74,946.38,917.5,933.08,955.19,3124506,248972.76,18.31,14.2,2.536,0.556,1233.52,748.27,0.5,SECTORAL_PORTFOLIO,BUY,416,803.72,INR
IN003904,ICICIBANK,ICICI Bank,NSE,FINANCE,11-10-2020,971.28,1043.98,962.91,1033.04,1045.82,1587240,587906.29,77.2,10.68,2.586,1.25,1294.47,730.36,0.5,MIDCAP_PORTFOLIO,BUY,833,1137.96,INR
IN003940,ICICIBANK,ICICI Bank,NSE,FINANCE,11-10-2020,961.98,970.4,907.55,915.68,890.38,4144354,332279.1,47.36,7.3,0.643,1.189,1215.51,711.66,3.5,NIFTY50_PORTFOLIO,BUY,1736,828.46,INR
IN003943,ICICIBANK,ICICI Bank,NSE,FINANCE,11-10-2020,909.83,941,890.07,939.98,907.77,1887925,562581.72,71.3,2.53,2.829,1.234,1321.11,836.55,5.1,SECTORAL_PORTFOLIO,BUY,1043,849.09,INR
IN000417,NESTLEIND,Nestle India,BSE,FMCG,11-10-2020,22044.16,23960.08,21703.18,23544.25,24362.46,4525093,21465818.73,44.43,11.65,3.602,1.782,27368.03,18032.14,2.3,SECTORAL_PORTFOLIO,HOLD,256,23961.84,INR
IN000424,NESTLEIND,Nestle India,BSE,FMCG,11-10-2020,21728.37,22000.74,21045.02,21628.72,20847.67,856573,6932089.71,15.99,3.16,2.735,1.735,29959.71,14020.65,5.1,NIFTY50_PORTFOLIO,HOLD,1588,22588.01,INR
IN000456,NESTLEIND,Nestle India,BSE,FMCG,11-10-2020,21171.48,21285.96,19432.71,19713.78,19612.31,4506986,4204432.82,57.84,12.69,3.273,0.768,30489.73,14390.7,0.5,SECTORAL_PORTFOLIO,BUY,40,21053.52,INR
IN000459,NESTLEIND,Nestle India,BSE,FMCG,11-10-2020,22776.56,24623.81,22507,24246.63,23512.37,2585084,4898393.66,71.04,12.77,3.759,1.417,24871.58,19810.7,0,MIDCAP_PORTFOLIO,SELL,690,22822.49,INR
IN000486,NESTLEIND,Nestle India,BSE,FMCG,11-10-2020,21092.61,22190.46,20459.84,21951.05,21667.33,2585084,18931544.94,42.42,1.76,3.766,0.567,25400.91,17603.96,0.5,NIFTY50_PORTFOLIO,HOLD,1892,25645.92,INR
IN000513,NESTLEIND,Nestle India,BSE,FMCG,11-10-2020,22768.98,24694.71,22316.16,24046.17,23696.78,2191000,15685555.32,79.52,12.06,2.41,1.654,30153.64,20734.97,0.5,SECTORAL_PORTFOLIO,BUY,354,20374.1,INR
IN000532,NESTLEIND,Nestle India,BSE,FMCG,11-10-2020,22324.54,22603.03,20911.61,21139.31,21862.97,1463519,16876761.09,47.65,1.83,2.403,0.702,23738.39,15740.25,0,MIDCAP_PORTFOLIO,HOLD,87,24456.03,INR
IN000547,NESTLEIND,Nestle India,BSE,FMCG,11-10-2020,21557.49,22907.32,21306.91,22394.38,21891.02,2307776,10759084.95,65.33,14.36,2.26,0.867,24489.79,19059.1,3.5,SECTORAL_PORTFOLIO,BUY,1891,21803.12,INR
IN000267,ADANIENT,Adani Enterprises,NSE,CONGLOMERATE,12-10-2020,2708,2739.58,2510.48,2538.31,2628.59,3318566,2663282.36,44.26,1.28,2.213,1.396,3157.27,2538.31,2.3,NIFTY50_PORTFOLIO,BUY,1813,2823.25,INR
IN000275,ADANIENT,Adani Enterprises,NSE,CONGLOMERATE,12-10-2020,2823.66,2826.57,2794.56,2819.71,2775.48,4009940,523313.07,42.2,1.27,2.747,1.165,3393.75,2104.59,0,SECTORAL_PORTFOLIO,BUY,1265,2794.84,INR
IN000308,ADANIENT,Adani Enterprises,NSE,CONGLOMERATE,12-10-2020,2847.41,2865.06,2651.81,2667.38,2755.7,396553,1966564.49,75.87,1.38,1.8295,0.541,3334.62,2287.29,2.3,MIDCAP_PORTFOLIO,BUY,1199,2349.78,INR
IN000310,ADANIENT,Adani Enterprises,NSE,CONGLOMERATE,12-10-2020,2745.69,2755.92,2712.57,2745.69,2691.09,4910444,2788609.73,48.92,7.76,0.538,1.598,3303.84,1831.07,3.5,NIFTY50_PORTFOLIO,BUY,1019,2791.74,INR
IN000377,ADANIENT,Adani Enterprises,NSE,CONGLOMERATE,12-10-2020,2692.76,2755.28,2516.84,2544.2,2445.01,4971084,882747.7,60.8,7.86,1.933,1.262,3065.3,1996.38,5.1,MIDCAP_PORTFOLIO,BUY,68,2240.73,INR
IN000403,ADANIENT,Adani Enterprises,NSE,FINANCE,12-10-2020,2821.45,2847.63,2651.86,2821.45,2582.12,4720051,1143027.36,48.13,4.54,0.481,1.84,3172.7,1851.8,5.1,MIDCAP_PORTFOLIO,BUY,1573,2477.29,INR
IN002812,AXISBANK,Axis Bank,BSE,FINANCE,12-10-2020,1118.62,1202.03,1111.23,1180.01,1210.73,3541821,750576.85,14.03,7.24,0.995,1.399,1256.69,899.87,1.2,MIDCAP_PORTFOLIO,BUY,1222,1113.28,INR
IN002820,AXISBANK,Axis Bank,BSE,FINANCE,12-10-2020,1053.7,1126.07,1025.48,1053.7,1090.22,2536907,939655.31,79.15,2.43,0.374,0.492,1196.89,758.68,2.3,NIFTY50_PORTFOLIO,HOLD,695,1313.77,INR
IN002845,AXISBANK,Axis Bank,BSE,FINANCE,12-10-2020,1084.76,1149.49,1082.1,1122.64,1157.44,2704263,359842.95,41.47,8.46,3.511,0.933,1330.57,875.15,0.5,NIFTY50_PORTFOLIO,HOLD,1994,1314.27,INR
IN002872,AXISBANK,Axis Bank,BSE,FINANCE,12-10-2020,1076.94,1127.47,1076.14,1113.62,1096.46,4096535,123423.69,41.47,4.87,0.376,1.966,1263.11,923.53,1.2,MIDCAP_PORTFOLIO,BUY,131,1112.7,INR
IN002894,AXISBANK,Axis Bank,BSE,FINANCE,12-10-2020,1065.19,1158.99,1046.27,1138.69,1103.76,2593239,1007943.09,22.47,7.24,1.995,0.939,1285.23,915.25,5.1,MIDCAP_PORTFOLIO,BUY,133,931.08,INR
IN002897,AXISBANK,Axis Bank,BSE,FINANCE,12-10-2020,1065.79,1084.01,1026.88,1043.86,1058.74,2063624,361291.25,71.58,9.81,3.583,1.359,1441.95,707.19,2.3,SECTORAL_PORTFOLIO,BUY,244,1047.31,INR
IN000883,HCLTECH,HCL Technologies,NSE,TECHNOLOGY,12-10-2020,1530.21,1538.39,1399.12,1431.96,1413.22,2806176,846827.49,35.67,10.3,1.836,0.552,1886.22,1347.55,2.3,NIFTY50_PORTFOLIO,BUY,911,1400.36,INR
IN000900,HCLTECH,HCL Technologies,NSE,TECHNOLOGY,12-10-2020,1545.83,1639.77,1544.51,1639,1646.75,2411753,143833.21,38.59,13.39,0.821,1.23,1887.92,915.6,1.2,MIDCAP_PORTFOLIO,BUY,1364,1250.24,INR
IN000916,HCLTECH,HCL Technologies,NSE,TECHNOLOGY,12-10-2020,1542.72,1563.68,1519.1,1527.19,1561.6,4431205,991029.13,11.4,13.28,2.198,1.554,1773.54,1154.51,3.5,SECTORAL_PORTFOLIO,BUY,1814,1817.52,INR
IN004942,HINDUNILVR,Hindustan Unilever,NSE,FMCG,12-10-2020,2570.31,2594.92,2472.79,2524.32,2574.13,2201200.5,2115959.62,76.56,10.91,1.785,1.553,2875.58,1677.05,2.3,NIFTY50_PORTFOLIO,SELL,1116,2845.86,INR
IN001713,WIPRO,Wipro,BSE,TECHNOLOGY,12-10-2020,480.75,515.95,468.84,508.19,495.89,2414007,307158.39,32.95,6.22,2.992,1.812,574.93,352.83,3.5,SECTORAL_PORTFOLIO,BUY,485,388.76,INR
IN001790,WIPRO,Wipro,BSE,TECHNOLOGY,12-10-2020,483.92,492.14,448.42,460.03,451.95,4518961,489901.51,46.22,11.22,0.405,1.153,537.43,453.84,1.2,SECTORAL_PORTFOLIO,HOLD,102,459.82,INR
IN003219,TECHM,Tech Mahindra,NSE,TECHNOLOGY,02-11-2020,1248.38,1281.8,1144.94,1174.91,1168,3525303,341479,52.08,9.82,0.098,1.036,1529.97,1029.95,3.5,NIFTY50_PORTFOLIO,SELL,760,1286.9,INR
IN003256,TECHM,Tech Mahindra,NSE,TECHNOLOGY,02-11-2020,1349.82,1373.64,1311.18,1315.66,1317.64,848883,1029637.28,76.88,9.36,1.971,1.402,1749.36,949.99,1.2,MIDCAP_PORTFOLIO,SELL,1488,1463.67,INR
IN003302,TECHM,Tech Mahindra,NSE,TECHNOLOGY,02-11-2020,1271.31,1293.14,1261.63,1269.25,1284.39,3678405,331012.91,21.62,8.715,2.438,0.603,1674.09,1162.71,0.5,MIDCAP_PORTFOLIO,BUY,934,1359.56,INR
IN004939,ULTRACEMCO,UltraTech Cement,BSE,INFRASTRUCTURE,02-11-2020,9698.25,9751.47,9597.33,9751.47,9444.01,4536226,965375.66,43.64,4.19,0.126,1.569,12251.87,7785.16,2.3,NIFTY50_PORTFOLIO,HOLD,1534,8223.46,INR
IN004950,ULTRACEMCO,UltraTech Cement,BSE,INFRASTRUCTURE,02-11-2020,9499.57,9529.62,9443.45,9459.98,9732.16,767348,3380091.4,20.67,3.37,1.876,1.957,12640.61,7458.05,2.3,NIFTY50_PORTFOLIO,BUY,605,8544.88,INR
IN000664,ADANIENT,Adani Enterprises,NSE,CONGLOMERATE,03-11-2020,2720.75,2799.9,2684.16,2773.08,2763.19,1323986,1881121.93,76.65,3.64,3.473,1.165,3174.07,2213.83,2.3,NIFTY50_PORTFOLIO,BUY,724,3023.03,INR
IN000687,ADANIENT,Adani Enterprises,NSE,CONGLOMERATE,03-11-2020,2878.67,3084.84,2836.67,3019.24,2948.44,1029117,1994745.1,63.27,6.99,2.644,1.425,3019.24,2100.56,0.5,MIDCAP_PORTFOLIO,HOLD,1605,2380.62,INR
IN001243,AXISBANK,Axis Bank,BSE,FINANCE,03-11-2020,1134.15,1139.87,1062.32,1078.72,1037.85,4920486,813886.41,24.77,12.79,0.176,1.645,1240.61,902.48,5.1,SECTORAL_PORTFOLIO,HOLD,295,964.45,INR
IN001166,HCLTECH,HCL Technologies,NSE,TECHNOLOGY,03-11-2020,1514.7,1592.24,1475.83,1591.65,1565.94,3131179,1136367.73,12.25,10.44,2.891,1.632,1626.6,1132.08,2.3,NIFTY50_PORTFOLIO,SELL,1375,1200.59,INR
IN001221,HCLTECH,HCL Technologies,NSE,TECHNOLOGY,03-11-2020,1450.43,1490.79,1443.23,1475.53,1438.36,1761432,475699.49,41.93,14.06,0.266,1.382,2041.28,941.01,3.5,MIDCAP_PORTFOLIO,BUY,1028,1556.23,INR
IN001226,HCLTECH,HCL Technologies,NSE,TECHNOLOGY,03-11-2020,1441.85,1461.54,1410.28,1412.43,1458.74,194512,611469.25,53.94,4.99,1.149,0.504,2098.19,1243.46,0,SECTORAL_PORTFOLIO,BUY,1445,1609.98,INR
IN001235,HCLTECH,HCL Technologies,NSE,TECHNOLOGY,03-11-2020,1569.24,1610.97,1540.76,1544.15,1540.76,3499014,889473.27,52.51,4.56,3.089,1.237,1603.25,1145.86,0.5,SECTORAL_PORTFOLIO,BUY,1701,1244.47,INR
IN001239,HCLTECH,HCL Technologies,NSE,TECHNOLOGY,03-11-2020,1535.95,1548.57,1396.65,1431.5,1384.79,4243459,1339125.93,46.27,12.07,0.137,1.758,1945.9,1319.12,0.5,SECTORAL_PORTFOLIO,BUY,836,1615.25,INR
IN001267,HCLTECH,HCL Technologies,NSE,TECHNOLOGY,03-11-2020,1478.16,1502.28,1368.68,1409.6,1395.92,2068577,416801.68,10.6,12.15,3.041,1.755,1783.24,1407.39,2.3,MIDCAP_PORTFOLIO,BUY,609,1224.35,INR
IN001278,HCLTECH,HCL Technologies,NSE,TECHNOLOGY,03-11-2020,1458.69,1540.81,1421,1510.35,1564.18,327957,847567.58,41.4,14.38,3.595,0.428,1977.58,1346.67,1.2,MIDCAP_PORTFOLIO,SELL,964,1310.91,INR
IN000210,HDFCBANK,HDFC Bank,NSE,FINANCE,03-11-2020,1522.19,1639.79,1477.1,1604.82,1583.61,300616,954446.46,41.99,14.85,1.167,0.568,1934.52,1328.54,0.5,SECTORAL_PORTFOLIO,HOLD,1534,1906.12,INR
IN000249,HDFCBANK,HDFC Bank,NSE,FINANCE,03-11-2020,1668.01,1767.66,1621.95,1764.19,1742.96,888206,1465384.21,26.95,8.14,2.186,0.899,1779.95,995.59,3.5,SECTORAL_PORTFOLIO,BUY,542,1481.96,INR
IN000988,ICICIBANK,ICICI Bank,NSE,FINANCE,03-11-2020,911.29,930.66,899.22,908.86,931.23,4703057,407535.56,44.145,13.81,2.911,0.41,1325.24,861.69,2.3,NIFTY50_PORTFOLIO,BUY,1145,974.87,INR
IN000995,ICICIBANK,ICICI Bank,NSE,FINANCE,03-11-2020,924.59,977.66,917.69,973.37,1000.2,1675569,373806.87,79.2,13.65,2.416,0.566,1140.61,652.43,5.1,NIFTY50_PORTFOLIO,HOLD,547,783.31,INR
IN001014,ICICIBANK,ICICI Bank,NSE,FINANCE,03-11-2020,959.37,993.59,942.27,977.44,984.07,180134,425626.34,29.09,5.55,0.542,1.189,1088.65,670.07,1.2,SECTORAL_PORTFOLIO,SELL,1186,1035.96,INR
IN001834,INFY,Infosys,NSE,TECHNOLOGY,03-11-2020,1443.21,1489.34,1402.55,1447.09,1418.89,4449292,1053422.65,63.58,1.06,3.858,1.743,1956.33,1076.94,0.5,SECTORAL_PORTFOLIO,SELL,38,1496.37,INR
IN001850,INFY,Infosys,NSE,TECHNOLOGY,03-11-2020,1553.4,1554.88,1514.07,1518.83,1470.4,4359012,141593.09,39.855,4.86,3.875,1.165,1899.15,901.74,2.3,MIDCAP_PORTFOLIO,HOLD,1721,1239.39,INR
IN001918,INFY,Infosys,NSE,TECHNOLOGY,03-11-2020,1450.79,1466.19,1347.92,1352.32,1351.55,1226787,1488661.84,61.93,4.35,0.37,1.165,1994.51,1352.32,0.5,NIFTY50_PORTFOLIO,BUY,1146,1550.61,INR
IN000348,RELIANCE,Reliance Industries,NSE,ENERGY,03-11-2020,2156.8,2214.83,2016.21,2056.27,2082.53,2415817,2098009.77,65.79,10.32,1.747,1.731,2350.55,1477.02,0.5,MIDCAP_PORTFOLIO,HOLD,1376,2149.19,INR
IN001961,RELIANCE,Reliance Industries,NSE,ENERGY,03-11-2020,2135.32,2159.51,2068.65,2106.8,2053.66,1688127,1189722.37,40.51,5.75,2.134,0.479,2736.05,1627.24,2.3,NIFTY50_PORTFOLIO,HOLD,883,1673.32,INR
IN001965,RELIANCE,Reliance Industries,NSE,ENERGY,03-11-2020,2274.49,2342.6,2106.68,2122.02,2164.93,2568418,1644723.45,17.27,8.545,2.606,0.498,2436.15,1968.38,3.5,MIDCAP_PORTFOLIO,BUY,1676,1727.54,INR
IN002756,RELIANCE,Reliance Industries,NSE,ENERGY,03-11-2020,2120.65,2221.17,2118.78,2193.14,2113.76,4285015,1119690.98,75.75,5.93,3.272,1.073,2424.16,1437.86,2.3,MIDCAP_PORTFOLIO,BUY,1736,1776.01,INR
IN002794,TECHM,Tech Mahindra,NSE,TECHNOLOGY,03-11-2020,1341.5,1397.38,1316.36,1358.05,1351.77,2034914,239040.4,16.37,10.46,0.098,1.666,1657.61,1079.08,2.3,SECTORAL_PORTFOLIO,SELL,1746,1380.07,INR
IN000573,HDFCBANK,HDFC Bank,NSE,FINANCE,05-11-2020,1631.95,1704.54,1587.36,1694,1640.26,4368231,1119434.09,25.53,3.55,2.5,1.509,1787.68,1219.82,1.2,NIFTY50_PORTFOLIO,SELL,956,1250.15,INR
IN000575,HDFCBANK,HDFC Bank,NSE,FINANCE,05-11-2020,1609.69,1690.87,1569.11,1680,1723.6,4553187,798950.83,59.58,7.54,0.051,1.84,1880.8,1299.96,0,SECTORAL_PORTFOLIO,BUY,1670,1951.16,INR
IN003487,ICICIBANK,ICICI Bank,NSE,FINANCE,05-11-2020,929.44,983.78,911.14,976.9,978.06,3577553,612780.13,24.45,10.36,2.293,1.189,1280.66,613.78,2.3,SECTORAL_PORTFOLIO,BUY,629,988.31,INR
IN003583,ICICIBANK,ICICI Bank,NSE,FINANCE,05-11-2020,956.11,980.71,900.19,919.76,909.34,4811903,431612,55.44,4.01,2.277,0.534,1319.69,771.7,5.1,MIDCAP_PORTFOLIO,BUY,50,837.46,INR
IN003616,ICICIBANK,ICICI Bank,NSE,FINANCE,05-11-2020,991.05,1026.8,986.51,1003.07,1010.12,1675756,522367.96,73.55,8.17,1.429,0.988,1189.54,858.17,0,NIFTY50_PORTFOLIO,SELL,937,1082.8,INR
IN003634,ICICIBANK,ICICI Bank,NSE,FINANCE,05-11-2020,958.13,979.42,883.07,904.17,876.91,2361223,803793.37,39.58,6.93,3.551,1.562,1288.24,890.14,2.3,NIFTY50_PORTFOLIO,BUY,1687,1180.65,INR
IN003680,ICICIBANK,ICICI Bank,NSE,FINANCE,05-11-2020,991.48,1064.1,971.02,1055.12,1087.7,2362914,930184.62,27.44,2.51,1.468,1.559,1073.16,609.24,1.2,SECTORAL_PORTFOLIO,SELL,1449,1084.89,INR
IN003718,ICICIBANK,ICICI Bank,NSE,FINANCE,05-11-2020,985.9,1012.45,929.48,931.02,957.75,3362458,493437.99,63.69,6.27,2.314,1.189,1287.93,637.56,1.2,MIDCAP_PORTFOLIO,BUY,189,813.93,INR
IN000470,TCS,Tata Consultancy Services,NSE,TECHNOLOGY,05-11-2020,3647.83,3661.9,3551.44,3647.68,3714.44,1122516,1253155.05,76.65,10.05,0.907,1.147,4045.87,3060.64,3.5,MIDCAP_PORTFOLIO,HOLD,349,3044.49,INR
IN000510,TCS,Tata Consultancy Services,NSE,TECHNOLOGY,05-11-2020,3422.35,3454.9,3136.47,3422.35,3194.99,175300,2136549.34,43.11,4.3,0.95,1.981,3792.05,2848.38,1.2,MIDCAP_PORTFOLIO,SELL,233,4250.66,INR
IN004283,TECHM,Tech Mahindra,NSE,TECHNOLOGY,05-11-2020,1349.89,1368.98,1323.16,1365.35,1327.72,729647,113899.7,69.28,5.92,1.597,1.654,1701.74,983.09,2.3,NIFTY50_PORTFOLIO,BUY,954,1263.54,INR
IN004316,TECHM,Tech Mahindra,NSE,TECHNOLOGY,05-11-2020,1320.51,1322.41,1299.17,1313.95,1291.99,2714131,755595.77,35.17,9.58,0.029,1.633,1451.11,834.41,3.5,NIFTY50_PORTFOLIO,BUY,649,1149.86,INR
IN003401,ULTRACEMCO,UltraTech Cement,BSE,INFRASTRUCTURE,05-11-2020,9802.66,10469.35,9727.8,10403.42,10367.18,2860662,8194745.13,27.58,9.35,3.832,0.642,12699.02,7544.46,2.3,SECTORAL_PORTFOLIO,BUY,553,7830.25,INR
IN003481,ULTRACEMCO,UltraTech Cement,BSE,INFRASTRUCTURE,05-11-2020,9307.52,9883.86,9206.88,9641.19,10021.36,2659234,7861192.58,30.3,12.19,2.473,0.487,12957.31,8300.13,0,MIDCAP_PORTFOLIO,BUY,958,10351.63,INR
IN003544,ULTRACEMCO,UltraTech Cement,BSE,INFRASTRUCTURE,05-11-2020,9713.68,10248.44,9561.17,10006.36,9736.43,2080774,6772234.53,62.16,12.17,1.739,1.244,10410.06,7969.71,5.1,SECTORAL_PORTFOLIO,HOLD,590,8921.13,INR
IN003627,ULTRACEMCO,UltraTech Cement,BSE,INFRASTRUCTURE,05-11-2020,9332.03,10215.76,9136.34,9984.08,10324.13,785733,6959363.87,21.96,3.11,0.235,1.785,10862.03,8984.32,0.5,NIFTY50_PORTFOLIO,HOLD,225,8910.61,INR
IN001481,AXISBANK,Axis Bank,BSE,FINANCE,06-11-2020,1154.5,1156.18,1117.97,1140.38,1135.1,1467601,1083749.15,38.38,4.61,0.435,1.58,1208.92,982.39,0,NIFTY50_PORTFOLIO,BUY,1163,1248.72,INR
IN004032,BAJFINANCE,Bajaj Finance,NSE,NBFC,06-11-2020,6765.2,6941,6723.92,6793.22,6592.21,2522758,1101935.76,44.36,10.21,3.489,1.493,9223.12,5972.03,0,NIFTY50_PORTFOLIO,HOLD,937,7183.84,INR
IN002323,LT,Larsen & Toubro,NSE,INFRASTRUCTURE,06-11-2020,3199.74,3463.75,3131.46,3364.39,3301.44,1294787,290992.2,16.36,9.11,1.961,0.41,4276.73,2939.63,5.1,SECTORAL_PORTFOLIO,BUY,1977,2523.89,INR
IN002330,LT,Larsen & Toubro,NSE,INFRASTRUCTURE,06-11-2020,3227.21,3241.9,3095.03,3153.02,3188.48,1784532,936454.9,10.71,11.7,3.428,0.489,3534.66,2187.4,3.5,NIFTY50_PORTFOLIO,HOLD,1731,3425.81,INR
IN003745,RELIANCE,Reliance Industries,NSE,ENERGY,06-11-2020,2143.45,2250.38,2083.05,2198.63,2269.24,3096461,299108.53,45.71,3.69,2.329,1.651,2418.71,1408.57,3.5,SECTORAL_PORTFOLIO,BUY,1349,2525.03,INR
IN003812,RELIANCE,Reliance Industries,NSE,ENERGY,06-11-2020,2106.13,2276.95,2074.06,2227.01,2189.37,4776181,474692.65,27.01,4.42,3.313,1.259,2980.4,1694.42,0,MIDCAP_PORTFOLIO,BUY,1493,2388.77,INR
IN003871,RELIANCE,Reliance Industries,NSE,ENERGY,06-11-2020,2292.66,2402.41,2229.78,2292.66,2275.6,2622776,1037097.31,12.83,9.82,3.696,1.794,2900.28,1343.05,0.5,SECTORAL_PORTFOLIO,HOLD,762,2598.99,INR
IN003899,RELIANCE,Reliance Industries,NSE,ENERGY,06-11-2020,2158.8,2256.18,2114.49,2215.3,2284.13,300574,1426409.09,24.63,8.545,2.792,0.939,3079.07,1936.39,1.2,SECTORAL_PORTFOLIO,BUY,1750,2510.25,INR
IN003937,RELIANCE,Reliance Industries,NSE,ENERGY,06-11-2020,2215.76,2331.32,2157.68,2300.93,2363.82,2775119,144557.25,44.76,9.19,1.225,1.144,3059.65,1585.5,3.5,NIFTY50_PORTFOLIO,SELL,177,2194.31,INR
IN003941,RELIANCE,Reliance Industries,NSE,ENERGY,06-11-2020,2286.06,2454.69,2222.84,2432.49,2345.94,2422094,2067414.27,46.39,10.27,3.961,0.534,2616.25,1461.55,0,NIFTY50_PORTFOLIO,SELL,1724,1770.58,INR
IN003949,RELIANCE,Reliance Industries,NSE,ENERGY,06-11-2020,2218.55,2242.94,2083.34,2130.1,2103.88,767475,635437.34,60.3,1.56,0.191,0.839,2662.06,1992.11,5.1,SECTORAL_PORTFOLIO,SELL,862,2632.31,INR
IN003998,RELIANCE,Reliance Industries,NSE,ENERGY,06-11-2020,2291.32,2490.07,2274.99,2443.83,2399.9,759838,1506209.27,66.64,1.84,2.134,1.59,2986.58,1816.67,0.5,SECTORAL_PORTFOLIO,BUY,358,2041.68,INR
IN000382,WIPRO,Wipro,BSE,TECHNOLOGY,06-11-2020,500.69,524.05,491,521.55,542.4,2993294,415003.35,21.82,8.09,3.574,1.975,639.63,441,1.2,SECTORAL_PORTFOLIO,HOLD,557,606.3,INR
IN000413,WIPRO,Wipro,BSE,TECHNOLOGY,06-11-2020,491.88,505.6,485.14,501.8,517.5,2414007,124126.32,52.93,3.79,2.44,1.626,564.44,384.5,1.2,NIFTY50_PORTFOLIO,HOLD,278,566.82,INR
IN000415,WIPRO,Wipro,BSE,TECHNOLOGY,06-11-2020,476.26,501.34,471.88,499.23,514.38,4929135,475314.75,50.12,6.04,2.454,1.03,656.45,375.95,1.2,SECTORAL_PORTFOLIO,BUY,61,519.68,INR
IN000490,WIPRO,Wipro,BSE,TECHNOLOGY,06-11-2020,491.61,498.92,473.53,483.09,501.34,321881,255127.93,35.34,4.99,3.408,1.146,638.75,453.33,1.2,NIFTY50_PORTFOLIO,HOLD,581,609.37,INR
IN001817,INFY,Infosys,NSE,TECHNOLOGY,08-11-2020,1464.76,1524.69,1458.78,1483.54,1506.73,4469115,264042.64,72.21,5.77,2.447,1.113,1811.83,1391.26,0,NIFTY50_PORTFOLIO,BUY,1579,1831.18,INR
IN003472,NTPC,NTPC Limited,NSE,UTILITIES,08-11-2020,363.11,375.4,355.12,367.11,366.49,2466450,179918,19.02,6.23,2.964,0.724,488.83,310.89,3.5,SECTORAL_PORTFOLIO,BUY,1238,431.99,INR
IN004356,ONGC,Oil & Natural Gas Corp,NSE,ENERGY,08-11-2020,283.66,290.97,277.84,280.13,277.61,2697880,152571.42,35.42,11.04,1.369,1.283,300.02,172.82,3.5,SECTORAL_PORTFOLIO,HOLD,350,320.4,INR
IN004357,ONGC,Oil & Natural Gas Corp,NSE,ENERGY,08-11-2020,275.79,290.45,267.61,275.79,279.52,2752603,53446.95,19.23,5.35,3.083,1.526,308.03,217.79,0.5,SECTORAL_PORTFOLIO,BUY,1230,247.9,INR
IN002571,LT,Larsen & Toubro,NSE,INFRASTRUCTURE,09-11-2020,3186.48,3346.37,3091.7,3323.15,3368.51,3640357,1531239.54,25.39,11.27,3.305,1.402,3742.98,2521.73,5.1,NIFTY50_PORTFOLIO,BUY,1189,3506.68,INR
IN004063,RELIANCE,Reliance Industries,NSE,ENERGY,09-11-2020,2188.04,2299.78,2165.89,2188.04,2264.58,4595470,1295608.66,63.78,13.73,0.25,0.527,2695.02,1818.3,1.2,NIFTY50_PORTFOLIO,BUY,1753,2335.84,INR
IN004085,RELIANCE,Reliance Industries,NSE,ENERGY,09-11-2020,2301.61,2344.09,2203.54,2270.74,2206.69,3284707,476493.67,44.76,9.54,3.424,1.398,2682.47,2029.53,5.1,SECTORAL_PORTFOLIO,BUY,1970,2052.95,INR
IN002829,ADANIENT,Adani Enterprises,NSE,CONGLOMERATE,11-11-2020,2736.77,2799.95,2530.38,2581.28,2648.31,3288998,831804.58,68.75,9.48,0.007,1.912,3377.44,1717.67,1.2,MIDCAP_PORTFOLIO,BUY,1980,2162.51,INR
IN004459,BHARTIARTL,Bharti Airtel,NSE,TELECOMMUNICATION,11-11-2020,915.41,995.85,910.45,970.75,1001.66,1343578,449809.66,48.025,7.08,3.945,1.296,1052.4,796.22,5.1,NIFTY50_PORTFOLIO,BUY,163,1013.41,INR
IN004722,MARUTI,Maruti Suzuki,BSE,AUTOMOBILE,11-11-2020,10128.54,10147.14,9547.45,9597.22,9896.1,3159305,6858434.45,36.41,11.21,0.242,0.434,13232.75,7404.2,1.2,SECTORAL_PORTFOLIO,SELL,969,11344.25,INR
IN004810,MARUTI,Maruti Suzuki,BSE,AUTOMOBILE,11-11-2020,9800.49,10256.82,9757.78,10162.1,9906.98,264525,7654492.29,14.08,9.63,0.839,0.919,13629.58,6115.25,3.5,SECTORAL_PORTFOLIO,HOLD,1693,11099.62,INR
IN004813,MARUTI,Maruti Suzuki,BSE,AUTOMOBILE,11-11-2020,10222.94,10497.91,9566.8,9860.15,9804.7,969369,3258587.64,62.97,7.45,3.02,1.027,13395.45,6725.13,0.5,SECTORAL_PORTFOLIO,BUY,168,10824.37,INR
IN004824,MARUTI,Maruti Suzuki,BSE,AUTOMOBILE,11-11-2020,9559.48,9983.73,9436.82,9800.03,9535.12,3073348,1744722.46,52.07,6.51,2.357,0.527,13109.12,9252.51,5.1,MIDCAP_PORTFOLIO,SELL,868,8606.61,INR
IN002771,NTPC,NTPC Limited,NSE,UTILITIES,11-11-2020,352.36,374.89,349.43,352.36,356.93,1860753,156842.75,10.88,9.6,2.035,0.446,381.11,220.83,0,SECTORAL_PORTFOLIO,BUY,1928,323.09,INR
IN002788,NTPC,NTPC Limited,NSE,UTILITIES,11-11-2020,361.14,376.41,354.31,366.01,373.68,4061053,251073.82,48.92,11.04,1.863,0.457,476.61,267.32,2.3,SECTORAL_PORTFOLIO,SELL,156,423.98,INR
IN002790,NTPC,NTPC Limited,NSE,UTILITIES,11-11-2020,336.9,355.54,330.69,348.93,351.09,2394789.5,126254.1,10.82,14.13,0.373,1.933,481.21,269.98,0.5,MIDCAP_PORTFOLIO,BUY,1269,392.08,INR
IN002864,NTPC,NTPC Limited,NSE,UTILITIES,11-11-2020,359.56,365.71,355.54,362.18,356.92,2394789.5,269588.02,20.71,8.77,2.035,0.57,372.08,221.25,0.5,SECTORAL_PORTFOLIO,BUY,212,339.31,INR
IN002900,NTPC,NTPC Limited,NSE,UTILITIES,11-11-2020,350.67,355.19,340.55,346.25,349.37,286994,179918,62.25,5.35,1.792,0.788,408.25,250.35,2.3,MIDCAP_PORTFOLIO,BUY,855,332.05,INR
IN002907,NTPC,NTPC Limited,NSE,UTILITIES,11-11-2020,333.71,361.86,323.83,354.88,365.96,3790108,292647.46,22.03,5.59,0.566,0.888,482.83,238.57,2.3,MIDCAP_PORTFOLIO,BUY,1056,286.9,INR
IN002962,NTPC,NTPC Limited,NSE,UTILITIES,11-11-2020,352.33,356.75,324.16,330.87,333.04,115749,126238.92,53.05,5.95,2.495,0.831,422.26,262.49,5.1,SECTORAL_PORTFOLIO,HOLD,1645,274.93,INR
IN000829,ONGC,Oil & Natural Gas Corp,NSE,ENERGY,11-11-2020,280.13,284.47,275.7,280.13,275.5,4685179,52805.65,13.7,2.36,3.485,1.52,308.56,264.53,5.1,NIFTY50_PORTFOLIO,SELL,1721,314.84,INR
IN001232,TECHM,Tech Mahindra,NSE,PHARMACEUTICALS,11-11-2020,1344.69,1359.06,1249.66,1281.55,1244.17,3159288,1179936.14,42.8,10.47,1.921,1.699,1466.33,858.38,2.3,MIDCAP_PORTFOLIO,HOLD,174,1107.56,INR
IN001244,TECHM,Tech Mahindra,NSE,TECHNOLOGY,11-11-2020,1270.44,1328.21,1245.93,1322.5,1317.2,384547,786547.08,71.14,8.715,3.125,1.837,1614.04,864.92,0,MIDCAP_PORTFOLIO,HOLD,1277,1616.5,INR
IN001247,TECHM,Tech Mahindra,NSE,TECHNOLOGY,11-11-2020,1302.84,1309.53,1254.36,1291.52,1282.41,3468461,233649.84,42.41,7.94,2.502,1.606,1636.37,1035.16,0,MIDCAP_PORTFOLIO,SELL,1309,994.54,INR
IN001252,TECHM,Tech Mahindra,NSE,TECHNOLOGY,11-11-2020,1319.8,1344.94,1278.59,1283.75,1273.56,2265311,404566.97,37.86,5.7,0.247,0.434,1461.96,1034.2,2.3,MIDCAP_PORTFOLIO,BUY,889,1065.74,INR
IN004131,ICICIBANK,ICICI Bank,NSE,FINANCE,12-11-2020,990.09,995.37,960.92,977.45,1005.53,2361223,255374.93,65.74,1.71,3.692,1.535,977.45,583.29,1.2,NIFTY50_PORTFOLIO,BUY,1968,919.84,INR
IN004182,ICICIBANK,ICICI Bank,NSE,FINANCE,12-11-2020,904.8,958.21,894.12,952.78,987.52,3714748,935060.17,58.32,4.63,3.636,0.619,1326.86,849.78,1.2,MIDCAP_PORTFOLIO,SELL,1787,937.55,INR
IN004219,ICICIBANK,ICICI Bank,NSE,FINANCE,12-11-2020,955.16,973.79,946.38,964.6,962.71,4629104,744802.67,44.145,10.59,1.488,1.336,1148.39,875.03,3.5,SECTORAL_PORTFOLIO,BUY,826,1171.73,INR
IN004264,ICICIBANK,ICICI Bank,NSE,FINANCE,12-11-2020,930.18,935.91,912.7,924.18,917.85,4454906,174695.95,53.78,9.33,0.489,0.686,1319.2,590.02,5.1,NIFTY50_PORTFOLIO,BUY,1671,814.5,INR
IN004955,POWERGRID,Power Grid Corporation,BSE,UTILITIES,12-11-2020,249.5,255.13,238.07,242.48,239.95,497004,126408.37,63.09,9.79,3.324,1.368,326.04,231.08,5.1,NIFTY50_PORTFOLIO,BUY,606,275.3,INR
IN004968,POWERGRID,Power Grid Corporation,BSE,UTILITIES,12-11-2020,253.98,268.8,248.68,264.3,274.01,1064729,190021.77,38.27,10.52,0.972,1.939,349.97,174.16,0,SECTORAL_PORTFOLIO,BUY,1840,200.9,INR
IN000006,TECHM,Tech Mahindra,NSE,TECHNOLOGY,12-11-2020,1288.44,1399.97,1275.62,1365.38,1311.66,2350670,158583.12,64.48,7.33,3.806,1.423,1626.02,785.09,3.5,NIFTY50_PORTFOLIO,HOLD,539,1270.37,INR
IN000013,TECHM,Tech Mahindra,NSE,TECHNOLOGY,12-11-2020,1304.15,1376.26,1278.54,1304.15,1305.97,1411298,800007.78,33.13,3.52,3.465,1.058,1793.98,974.42,2.3,MIDCAP_PORTFOLIO,SELL,1877,1309.48,INR
IN000019,TECHM,Tech Mahindra,NSE,TECHNOLOGY,12-11-2020,1330.21,1345.7,1238.34,1330.21,1275.06,4866651,1199802.01,47.76,2.39,3.245,1.792,1445.61,951.94,3.5,SECTORAL_PORTFOLIO,BUY,613,1559.91,INR
IN004346,HDFCBANK,HDFC Bank,NSE,FINANCE,02-12-2020,1600.09,1631.25,1572.52,1605.77,1542.18,2163189,129168.23,61.43,14.96,1.006,1.12,1904.29,1183.43,1.2,MIDCAP_PORTFOLIO,BUY,455,1535.08,INR
IN002729,TECHM,Tech Mahindra,NSE,TECHNOLOGY,02-12-2020,1304.33,1400.71,1297.91,1390.02,1362.87,2395139,574143.16,54.32,11.25,1.921,1.693,1819.3,1024.69,0.5,NIFTY50_PORTFOLIO,BUY,1131,1559.15,INR
IN002732,TECHM,Tech Mahindra,BSE,TECHNOLOGY,02-12-2020,1344.93,1436.38,1305.61,1412.4,1449.85,2338947,653884.84,23.29,8.715,2.282,0.759,1703.18,954.77,2.3,MIDCAP_PORTFOLIO,HOLD,758,1230.58,INR
IN003974,BAJFINANCE,Bajaj Finance,NSE,NBFC,03-12-2020,6877.29,7028.61,6833.59,6928.94,6655.03,4852127,5996882.05,64.81,9.51,1.219,1.983,8739.26,5217.17,5.1,SECTORAL_PORTFOLIO,HOLD,96,5781.5,INR
IN003989,BAJFINANCE,Bajaj Finance,NSE,NBFC,03-12-2020,7270.63,7655.87,7102.67,7628.94,7458.05,4201590,6870873.67,37.95,7.44,1.856,1.212,8075.56,5829.18,5.1,SECTORAL_PORTFOLIO,BUY,942,6544.89,INR
IN002456,HCLTECH,HCL Technologies,NSE,TECHNOLOGY,03-12-2020,1474.29,1549.08,1435.5,1474.29,1536.55,3806106,1433958.04,49.96,3.54,0.228,1.221,1961.31,1114.8,0,SECTORAL_PORTFOLIO,HOLD,558,1741.51,INR
IN002495,HCLTECH,HCL Technologies,NSE,TECHNOLOGY,03-12-2020,1560.92,1593.58,1428.16,1456.54,1482.29,4306567,1089213.02,47.87,8.66,1.865,1.494,1638.94,1202.68,5.1,SECTORAL_PORTFOLIO,BUY,1395,1647.1,INR
IN002498,HCLTECH,HCL Technologies,NSE,TECHNOLOGY,03-12-2020,1493.67,1514.23,1385.89,1402.71,1410.63,1404671,1438092.43,14.22,8.71,1.836,0.806,1747.03,1381.14,0.5,NIFTY50_PORTFOLIO,HOLD,1359,1743.39,INR
IN002511,HCLTECH,HCL Technologies,NSE,TECHNOLOGY,03-12-2020,1435.66,1556.05,1413.38,1526.14,1558.5,1152602,1313790.25,16.22,12.8,1.836,0.677,1802.75,989.01,2.3,NIFTY50_PORTFOLIO,BUY,1625,1364.05,INR
IN002536,HCLTECH,HCL Technologies,NSE,TECHNOLOGY,03-12-2020,1446.09,1469.52,1342.12,1353.87,1304.71,697253,999768.25,45.92,3.07,2.47,0.895,1928.99,934.9,0,NIFTY50_PORTFOLIO,HOLD,1202,1795.56,INR
IN002579,HDFCBANK,HDFC Bank,NSE,FINANCE,03-12-2020,1612.74,1686.71,1602.82,1650.97,1598.39,1413534,114094.21,41.99,10.18,2.994,1.494,2209.79,1027.45,1.2,SECTORAL_PORTFOLIO,BUY,275,1825.73,INR
IN002594,HDFCBANK,HDFC Bank,NSE,FINANCE,03-12-2020,1637.5,1703.21,1615.2,1670.69,1647.66,3184226,95231.36,55.12,4.59,1.547,1.886,1945.59,995.14,5.1,SECTORAL_PORTFOLIO,BUY,1723,1850.27,INR
IN002599,HDFCBANK,HDFC Bank,NSE,FINANCE,03-12-2020,1561.71,1597.54,1520.75,1596.23,1579.52,501616,1331061.78,41.99,8.14,3.163,1.323,1829.31,1168.19,3.5,SECTORAL_PORTFOLIO,BUY,1157,1887.62,INR
IN002607,HDFCBANK,HDFC Bank,NSE,FINANCE,03-12-2020,1528.7,1559.16,1448.74,1476.51,1419.05,3744347,1386127.8,11.96,12.02,1.979,1.09,1743.96,1122.84,2.3,NIFTY50_PORTFOLIO,BUY,605,1639.97,INR
IN002610,HDFCBANK,HDFC Bank,NSE,FINANCE,03-12-2020,1625.27,1691.42,1612.88,1656.09,1720.65,1630403,604031.8,68.75,11.99,1.911,1.372,2119.07,1256.68,3.5,SECTORAL_PORTFOLIO,HOLD,29,1381.69,INR
IN002629,HDFCBANK,HDFC Bank,NSE,FINANCE,03-12-2020,1582.45,1692.27,1567.6,1648.17,1633.89,3099218,1462469.98,37.75,7.66,2.248,1.105,1771.07,1020.32,2.3,SECTORAL_PORTFOLIO,BUY,327,1510.67,INR
IN002630,HDFCBANK,HDFC Bank,NSE,FINANCE,03-12-2020,1662.56,1694.1,1549.37,1556.37,1607.01,2613238,737952.05,30.34,11.45,1.155,0.963,1789.07,1197.75,0,NIFTY50_PORTFOLIO,BUY,949,1403.03,INR
IN002670,HDFCBANK,HDFC Bank,NSE,FINANCE,03-12-2020,1638.23,1658.83,1567.99,1580.35,1539.43,3983403,696108.58,22.25,5.94,0.755,0.879,1832.74,1218.42,3.5,MIDCAP_PORTFOLIO,BUY,127,1273.31,INR
IN002178,RELIANCE,Reliance Industries,NSE,ENERGY,03-12-2020,2130.79,2168.15,2025.03,2130.79,2028.45,2422094,520464.31,61.03,4.91,3.435,0.553,2829.22,1953.17,1.2,MIDCAP_PORTFOLIO,BUY,480,1895.35,INR
IN002212,RELIANCE,Reliance Industries,NSE,ENERGY,03-12-2020,2100.54,2125.77,1967.59,1999.75,2067.61,2391848,1611477.03,75.45,6.6,2.038,1.877,2951.91,1383.72,1.2,SECTORAL_PORTFOLIO,SELL,533,2659.51,INR
IN001747,ULTRACEMCO,UltraTech Cement,BSE,INFRASTRUCTURE,03-12-2020,9084.38,9267.93,8667.35,9084.38,9128.27,1601461,8538279.85,53.2,13.04,0.568,0.936,12585.98,5930.96,3.5,NIFTY50_PORTFOLIO,BUY,133,9590.19,INR
IN000467,RELIANCE,Reliance Industries,NSE,ENERGY,05-12-2020,2260.14,2337.85,2237.14,2274.66,2320.1,3532099,995576.01,26.92,8.545,2.134,0.481,2820.74,1499.23,0,SECTORAL_PORTFOLIO,SELL,1268,2523.43,INR
IN000468,RELIANCE,Reliance Industries,NSE,ENERGY,05-12-2020,2291.29,2346.16,2095.56,2141.89,2096.12,4474490,787966.09,78.66,10.68,2.134,1.918,2578.86,1962.71,0,SECTORAL_PORTFOLIO,HOLD,294,1945.95,INR
IN001487,RELIANCE,Reliance Industries,NSE,ENERGY,05-12-2020,2127.75,2181.63,2072.12,2073.86,2089.95,189262,1188024.77,11.81,1.69,3.713,1.144,2699.22,1898.62,3.5,SECTORAL_PORTFOLIO,BUY,289,2472.47,INR
IN001506,RELIANCE,Reliance Industries,NSE,ENERGY,05-12-2020,2150.91,2246.89,2111.43,2195.38,2201.75,2422094,992462.02,15.76,12.79,0.768,1.395,2619.25,1604.66,0,SECTORAL_PORTFOLIO,BUY,1663,2345.07,INR
IN001602,RELIANCE,Reliance Industries,NSE,ENERGY,05-12-2020,2194.84,2232.39,2163.77,2223.65,2254.68,3004406,2176536.99,15.85,6.03,1.738,1.144,2223.65,1689.87,1.2,NIFTY50_PORTFOLIO,BUY,685,2468.04,INR
IN001599,ADANIENT,Adani Enterprises,NSE,CONGLOMERATE,06-12-2020,2902.1,2922.11,2835.08,2873.33,2870.28,584782,518480.28,48.92,1.12,0.373,1.256,2971.68,1963.32,0.5,MIDCAP_PORTFOLIO,HOLD,853,2297.21,INR
IN004686,SUNPHARMA,Sun Pharmaceutical,BSE,PHARMACEUTICALS,08-12-2020,1173.03,1182.07,1132.12,1158.49,1187.48,2593337,696482.73,10.87,13.4,0.467,0.522,1305.43,910.39,0.5,MIDCAP_PORTFOLIO,HOLD,176,1103.39,INR
IN004742,TCS,Tata Consultancy Services,NSE,TECHNOLOGY,08-12-2020,3601.42,3747.48,3526.74,3639.27,3658.49,2023174,1602477.05,69.17,10.11,0.314,1.679,4444.15,2486.02,0,MIDCAP_PORTFOLIO,HOLD,1665,3395.82,INR
IN000945,WIPRO,Wipro,BSE,TECHNOLOGY,08-12-2020,519.56,519.71,486.55,496.67,510.74,2981149,126314.68,58.27,10.06,0.543,1.599,616.51,403.59,1.2,NIFTY50_PORTFOLIO,BUY,1217,505.2,INR
IN001049,WIPRO,Wipro,BSE,TECHNOLOGY,08-12-2020,478.06,503.1,469.91,498.62,486.59,187733,255127.93,16.02,4.22,1.87,0.926,693.05,435.95,0,NIFTY50_PORTFOLIO,BUY,683,509.94,INR
IN001086,WIPRO,Wipro,BSE,TECHNOLOGY,08-12-2020,508.92,512.52,496.91,506.59,501.46,229685,253259.78,24.72,6.09,0.995,1.55,596.39,355.36,3.5,NIFTY50_PORTFOLIO,HOLD,1216,520.14,INR
IN000390,TCS,Tata Consultancy Services,NSE,TECHNOLOGY,10-12-2020,3465.97,3748.73,3371.31,3673.42,3686.88,2251547,301829.08,13.67,12.15,1.856,1.572,4649.65,2597.96,3.5,SECTORAL_PORTFOLIO,BUY,1302,3391.9,INR
IN004498,HDFCBANK,HDFC Bank,NSE,FINANCE,11-12-2020,1631.17,1677.3,1543.42,1563.12,1531.86,1494331,369196.79,77.56,8.14,1.979,1.614,1887.67,995.35,1.2,SECTORAL_PORTFOLIO,HOLD,1224,1704.11,INR
IN004501,HDFCBANK,HDFC Bank,NSE,FINANCE,11-12-2020,1521.04,1547.62,1494.6,1516,1564.65,1766655,411849.27,28.28,1.42,1.979,0.671,1721.43,1118.08,3.5,NIFTY50_PORTFOLIO,HOLD,59,1351.49,INR
IN004511,HDFCBANK,HDFC Bank,NSE,FINANCE,11-12-2020,1631.24,1669.11,1527.32,1529.93,1515.91,1580870,798950.83,41.99,8.71,2.656,1.008,1703.49,1227.26,0,MIDCAP_PORTFOLIO,BUY,1405,1989.92,INR
IN004537,HDFCBANK,HDFC Bank,NSE,PHARMACEUTICALS,11-12-2020,1648.94,1719.53,1620.15,1709.62,1646.88,3793949,798950.83,22.25,3.16,2.054,0.613,1870.41,1318.04,0.5,NIFTY50_PORTFOLIO,BUY,799,1511.93,INR
IN002393,MARUTI,Maruti Suzuki,BSE,AUTOMOBILE,11-12-2020,10199.53,10400.48,9346.39,9566.53,9224.29,3864470,5876941.31,59.06,4.66,1.866,1.695,12292.48,7026.67,5.1,MIDCAP_PORTFOLIO,BUY,1398,9916.51,INR
IN002446,MARUTI,Maruti Suzuki,BSE,AUTOMOBILE,11-12-2020,10393.11,10632.8,10072.37,10129.17,10511.16,4872115,862119.82,38.06,2.53,3.304,0.553,11361.78,8104.75,2.3,NIFTY50_PORTFOLIO,BUY,1514,10382.57,INR
IN004138,HINDUNILVR,Hindustan Unilever,NSE,FMCG,01-01-2021,2481.21,2661.68,2433.37,2607.9,2567.34,224218,1918505.62,76.01,8.21,1.667,1.232,3398.45,1687.09,2.3,NIFTY50_PORTFOLIO,HOLD,1653,2871.66,INR
IN004946,ICICIBANK,ICICI Bank,NSE,FINANCE,01-01-2021,921.19,946.28,877.15,895.45,912.03,3058945,938495.26,27.3,7.5,2.363,1.792,1034.29,690.08,3.5,SECTORAL_PORTFOLIO,BUY,507,815.32,INR
IN000798,NESTLEIND,Nestle India,BSE,FMCG,01-01-2021,22104.31,23334.4,22010.57,23194.07,23324.62,547483,14234920.89,51.57,8.27,0.807,1.718,29857.27,14494.68,0,NIFTY50_PORTFOLIO,SELL,1920,20659.92,INR
IN000805,NESTLEIND,Nestle India,BSE,FMCG,01-01-2021,22186.64,24171.72,21637.19,23514.52,23680.14,3870317,21148968.04,44.3,7.68,1.929,1.2725,25158.69,13371.5,0.5,MIDCAP_PORTFOLIO,HOLD,1209,26586.05,INR
IN001417,SBIN,State Bank of India,NSE,FINANCE,02-01-2021,624.71,664.04,611.43,661.25,683.4,257111,519439.5,44,8.26,1.98,1.235,831.22,433.89,0.5,SECTORAL_PORTFOLIO,BUY,1289,568.17,INR
IN000642,TITAN,Titan Company,BSE,CONSUMER GOODS,02-01-2021,3545.55,3805.29,3534.99,3789.89,3815.46,1101879,3261413.81,48.31,11.37,2.77,0.6,3902.24,2497.67,1.2,MIDCAP_PORTFOLIO,BUY,1613,4212.75,INR
IN001888,ASIANPAINT,Asian Paints,BSE,CONSUMER GOODS,04-01-2021,3065.72,3319.06,3030.28,3271.13,3381.57,4362994,2133621.87,21.5,2.14,3.947,1.761,3491.56,1957.72,0.5,MIDCAP_PORTFOLIO,BUY,1420,3012.63,INR
IN001891,ASIANPAINT,Asian Paints,BSE,CONSUMER GOODS,04-01-2021,2925.27,3009.14,2754.34,2829.23,2889.57,1279022,1998811.78,71.18,14.16,2.355,1.209,4165.83,2110.14,5.1,MIDCAP_PORTFOLIO,BUY,216,3450.41,INR
IN001905,ASIANPAINT,Asian Paints,BSE,CONSUMER GOODS,04-01-2021,3019.39,3049.42,2956,3043.08,3056.73,3370587,1941215.18,10.75,6.16,2.578,1.605,3198.53,2195.99,5.1,MIDCAP_PORTFOLIO,BUY,1525,3379.7,INR
IN001916,ASIANPAINT,Asian Paints,BSE,CONSUMER GOODS,04-01-2021,2975.74,3062.21,2967.5,3051.99,3068.42,72355,1583748.83,23.52,3.14,1.446,0.443,3696.58,1821.96,5.1,SECTORAL_PORTFOLIO,BUY,1471,3273.5,INR
IN002083,BAJFINANCE,Bajaj Finance,NSE,NBFC,04-01-2021,6737.25,7097.05,6709.26,6895.5,6733.58,68679,5673415.99,41.19,14.1,1.856,1.233,7994.09,6223.79,0,SECTORAL_PORTFOLIO,HOLD,710,7546.94,INR
IN002088,BAJFINANCE,Bajaj Finance,NSE,NBFC,04-01-2021,6682.94,6852.7,6393.98,6546.36,6490.94,2730436,3218618.7,44.36,8.97,1.856,0.532,8422.39,4427.9,0,NIFTY50_PORTFOLIO,HOLD,707,5261.34,INR
IN002121,BAJFINANCE,Bajaj Finance,NSE,NBFC,04-01-2021,6963.29,7387.04,6828.78,7267.89,7391.4,970602,3423400.78,9.11,8.03,2.245,1.112,7562.11,6251.74,0.5,SECTORAL_PORTFOLIO,HOLD,469,8519.93,INR
IN003769,KOTAKBANK,Kotak Mahindra Bank,NSE,FINANCE,04-01-2021,1762.65,1764.76,1698.39,1745.64,1778.01,3887772,622641.97,33.78,7.35,1.391,0.755,2054.41,1535.32,5.1,MIDCAP_PORTFOLIO,BUY,1506,2038.46,INR
IN001752,NTPC,NTPC Limited,NSE,UTILITIES,04-01-2021,349.31,372.92,347.62,364.06,371.55,2331203,256845.22,61.12,6.03,0.933,1.829,477.62,319.54,5.1,SECTORAL_PORTFOLIO,BUY,680,301.47,INR
IN004997,ONGC,Oil & Natural Gas Corp,NSE,ENERGY,04-01-2021,269.11,274.43,254.78,261.82,269.78,260970,170153.28,56.14,8.35,2.894,1.925,322.22,224.55,0,MIDCAP_PORTFOLIO,BUY,1533,235.53,INR
IN004728,WIPRO,Wipro,BSE,TECHNOLOGY,04-01-2021,476.87,477.29,440.33,448.42,452.12,1368232,236444.75,34.65,2.61,1.135,0.541,656,423.59,0,SECTORAL_PORTFOLIO,HOLD,1218,476.33,INR
IN003272,SUNPHARMA,Sun Pharmaceutical,BSE,PHARMACEUTICALS,06-01-2021,1204.81,1286.15,1170.3,1204.81,1277.83,3340371,867269.67,66.88,2.76,3.432,0.679,1408.38,1032.61,0,NIFTY50_PORTFOLIO,SELL,264,1428.3,INR
IN003285,SUNPHARMA,Sun Pharmaceutical,BSE,PHARMACEUTICALS,06-01-2021,1147.9,1200.18,1137.17,1178.35,1210.9,275377,207469.09,34.46,1.41,3.421,0.491,1286.41,927.48,0,SECTORAL_PORTFOLIO,BUY,1356,1045.49,INR
IN003298,SUNPHARMA,Sun Pharmaceutical,BSE,PHARMACEUTICALS,06-01-2021,1144.32,1207.42,1113.86,1205.15,1193.8,4546580,610948.3,52.36,13.93,3.635,0.511,1447.05,1025.98,5.1,NIFTY50_PORTFOLIO,BUY,484,1115.34,INR
IN003339,SUNPHARMA,Sun Pharmaceutical,BSE,PHARMACEUTICALS,06-01-2021,1257.51,1271.4,1215.25,1222.58,1227.48,1567397,632640.9,43.48,1.55,2.259,1.189,1311.63,794.08,0,NIFTY50_PORTFOLIO,BUY,1768,1216.73,INR
IN000266,ADANIENT,Adani Enterprises,NSE,CONGLOMERATE,07-01-2021,2666.99,2746.97,2471.16,2666.99,2493.71,855103,531786.62,42,13.95,1.212,1.165,3779.82,2546.1,3.5,SECTORAL_PORTFOLIO,SELL,313,2766.13,INR
IN002344,AXISBANK,Axis Bank,BSE,FINANCE,07-01-2021,1143.94,1149.73,1114.37,1125.04,1116.47,3210951,424255.08,19.28,4.91,0.753,1.259,1449.58,994.38,5.1,SECTORAL_PORTFOLIO,BUY,104,1295.62,INR
IN003702,HDFCBANK,HDFC Bank,NSE,FINANCE,07-01-2021,1648.19,1652.15,1549.26,1585.32,1620.69,1417960,755828.65,25.03,13.3,2.888,0.628,2111.11,1074.94,2.3,SECTORAL_PORTFOLIO,BUY,822,1675.17,INR
IN003730,HDFCBANK,HDFC Bank,NSE,FINANCE,07-01-2021,1527.9,1603.55,1497.39,1586.01,1544.77,90856,810410.79,78.54,1.99,1.787,1.793,2238.04,1202.67,0,NIFTY50_PORTFOLIO,BUY,1042,1225.14,INR
IN003753,HDFCBANK,HDFC Bank,NSE,FINANCE,07-01-2021,1580.02,1583.78,1510.14,1549.08,1488.32,1564585,798950.83,70.14,8.14,0.642,1.216,1850.37,1164.21,0,MIDCAP_PORTFOLIO,BUY,1700,1772.12,INR
IN003771,HDFCBANK,HDFC Bank,NSE,FINANCE,07-01-2021,1580.64,1604.1,1450.66,1580.64,1442.95,2613238,726495.86,66.86,11.37,2.512,1.704,1728.39,1266.34,5.1,SECTORAL_PORTFOLIO,BUY,468,1460.41,INR
IN003797,HDFCBANK,HDFC Bank,NSE,FINANCE,07-01-2021,1578.99,1644.59,1568.71,1627.62,1632.88,2138749,560551.38,78.81,8.14,0.336,0.699,1948.67,1154.7,0.5,NIFTY50_PORTFOLIO,BUY,1194,1998.98,INR
IN003814,HDFCBANK,HDFC Bank,NSE,FINANCE,07-01-2021,1556.51,1574.59,1517.51,1556.51,1571.49,2613238,1011903.76,30.89,14.45,3.282,1.09,2178.21,993.44,0,SECTORAL_PORTFOLIO,SELL,947,1460.76,INR
IN003822,HDFCBANK,HDFC Bank,NSE,FINANCE,07-01-2021,1618.7,1648.36,1560.94,1590.77,1645.65,4584872,748009.96,50.48,1.1,3.532,1.173,1785.12,1197.68,0.5,SECTORAL_PORTFOLIO,BUY,693,1702.39,INR
IN003890,HDFCBANK,HDFC Bank,NSE,FINANCE,07-01-2021,1571.22,1593.6,1531.55,1537.18,1551.14,1731994,1059158.55,41.99,8.89,2.948,1.457,2090.65,963.49,2.3,SECTORAL_PORTFOLIO,HOLD,561,1771.57,INR
IN003903,HDFCBANK,HDFC Bank,NSE,FINANCE,07-01-2021,1675.11,1789.77,1649.9,1784.92,1829.36,2737277,858893.88,12.37,14.44,1.979,1.085,1918.61,1495.74,5.1,NIFTY50_PORTFOLIO,HOLD,1836,1669.32,INR
IN002343,NESTLEIND,Nestle India,BSE,FMCG,07-01-2021,21878.65,22037.77,20822.82,20994.25,21624.65,3670258,10759084.95,69.56,9.24,2.361,0.453,26496.31,13360.94,5.1,NIFTY50_PORTFOLIO,SELL,772,21784.26,INR
IN002349,NESTLEIND,Nestle India,BSE,FMCG,07-01-2021,21898.64,22407.23,20123.92,20589.7,20349.02,594997,13143512.55,76.64,5.69,3.333,0.596,26352.95,19163.02,0,SECTORAL_PORTFOLIO,HOLD,1877,21122.2,INR
IN002414,NESTLEIND,Nestle India,BSE,FMCG,07-01-2021,21634.59,21979.49,21509.16,21627.25,22123.66,2585084,4762381.27,75.04,5.85,2.907,1.727,26802.74,13402.81,0,NIFTY50_PORTFOLIO,BUY,918,18901.35,INR
IN002420,NESTLEIND,Nestle India,BSE,FMCG,07-01-2021,22232.66,22711.75,21023.86,21620.63,20805.75,681263,4098597.45,56.08,1.06,0.049,0.677,26541.73,17072.55,1.2,SECTORAL_PORTFOLIO,BUY,1709,22612.44,INR
IN002316,TCS,Tata Consultancy Services,NSE,TECHNOLOGY,07-01-2021,3592.67,3921.76,3592.22,3840.2,3794.29,4797824,2540139.64,47.62,8.6,2.97,1.485,4180.39,2228.06,0,NIFTY50_PORTFOLIO,HOLD,1586,3270.81,INR
IN002350,TCS,Tata Consultancy Services,NSE,TECHNOLOGY,07-01-2021,3502.45,3551.88,3358.67,3442.72,3483.26,1001336,2753580.24,60.46,5.84,2.484,0.501,3806.96,2831.07,0.5,MIDCAP_PORTFOLIO,HOLD,12,3091.19,INR
IN002364,TCS,Tata Consultancy Services,NSE,TECHNOLOGY,07-01-2021,3446.72,3522.66,3283.07,3326.83,3452.64,1467072,3420656.8,43.14,3.14,2.342,0.926,3976.56,3226.82,5.1,MIDCAP_PORTFOLIO,BUY,796,4353.77,INR
IN002431,TCS,Tata Consultancy Services,NSE,TECHNOLOGY,07-01-2021,3463.81,3743.15,3391.38,3673.35,3617.28,2548319,1354861.75,35.55,8.42,0.766,1.695,4292.16,2757.43,0,NIFTY50_PORTFOLIO,BUY,1846,4233.81,INR
IN002449,TCS,Tata Consultancy Services,NSE,TECHNOLOGY,07-01-2021,3567.85,3639.67,3510.02,3617.81,3544.25,1335556,521234.21,44.79,13.39,3.848,1.516,3865.77,2236.53,1.2,NIFTY50_PORTFOLIO,BUY,848,3828.62,INR
IN002486,TCS,Tata Consultancy Services,NSE,FMCG,07-01-2021,3525.88,3554.36,3316.16,3342.39,3350.92,1766313,3247586.85,44.81,7.44,2.24,0.77,4007.23,2654.05,0,MIDCAP_PORTFOLIO,BUY,307,4184.37,INR
IN002500,TCS,Tata Consultancy Services,NSE,TECHNOLOGY,07-01-2021,3632.56,3814.05,3571.05,3801.8,3695.22,2373145,2443239.88,26.63,1.22,2.271,1.154,4820.62,3069.23,2.3,SECTORAL_PORTFOLIO,BUY,1308,2692.16,INR
IN002503,TCS,Tata Consultancy Services,NSE,TECHNOLOGY,07-01-2021,3396.97,3444,3110.99,3203.84,3330.18,4529841,1867303.16,18.83,2.03,2.481,1.77,4330.46,3203.84,0.5,NIFTY50_PORTFOLIO,SELL,757,2728.3,INR
IN002507,TCS,Tata Consultancy Services,NSE,TECHNOLOGY,07-01-2021,3564.39,3649.2,3336.37,3382.87,3462.7,1435274,1183988.85,33.96,10.94,2.342,1.905,4630.35,2325.81,2.3,SECTORAL_PORTFOLIO,BUY,949,4121.66,INR
IN001737,ICICIBANK,ICICI Bank,NSE,FINANCE,09-01-2021,981.63,1057.51,962.06,1027.95,1032.22,390521,546657.26,54.08,4.94,2.946,1.189,1028.17,710.87,1.2,NIFTY50_PORTFOLIO,BUY,1662,748.6,INR
IN001741,ICICIBANK,ICICI Bank,NSE,FINANCE,09-01-2021,934.73,949.08,878.76,886.94,916.12,2187173,180055.46,44.145,5.09,2.91,1.896,1027.51,702.56,0.5,NIFTY50_PORTFOLIO,BUY,1907,877.86,INR
IN001744,ICICIBANK,ICICI Bank,NSE,FINANCE,09-01-2021,973.26,995.02,948.02,982.68,977.97,3214670,631418.26,44.145,7.5,2.792,1.189,1002.6,708.34,3.5,SECTORAL_PORTFOLIO,HOLD,1803,928.44,INR
IN000926,HDFCBANK,HDFC Bank,NSE,FINANCE,10-01-2021,1667.89,1726.83,1663.51,1712.16,1716.57,320260,1510720.89,10.74,13.52,3.038,1.953,1886.72,1279.81,5.1,MIDCAP_PORTFOLIO,BUY,82,1369.21,INR
IN000942,HDFCBANK,HDFC Bank,BSE,FINANCE,10-01-2021,1623.18,1670.56,1503.27,1523.87,1571.23,1987387,608336.51,41.99,10.64,1.979,1.727,2104.02,997.52,2.3,SECTORAL_PORTFOLIO,HOLD,558,1219.71,INR
IN000951,HDFCBANK,HDFC Bank,NSE,FINANCE,10-01-2021,1650.44,1691.65,1565.18,1583.54,1582.66,4951156,460684.45,15.13,1.49,2.348,0.68,1988.38,1211.73,5.1,SECTORAL_PORTFOLIO,BUY,95,1494.4,INR
IN000971,HDFCBANK,HDFC Bank,NSE,FINANCE,10-01-2021,1594.21,1639.59,1579.32,1614.37,1553.86,2613238,1247965.35,47.15,5.59,2.115,1.935,2026.29,988.78,0,SECTORAL_PORTFOLIO,HOLD,1418,1264.85,INR
IN001011,HDFCBANK,HDFC Bank,NSE,FINANCE,10-01-2021,1603.71,1630.9,1560.88,1592.8,1646.32,4047337,1437306.29,44.88,14.8,3.865,0.791,2163.67,1490.15,0.5,MIDCAP_PORTFOLIO,HOLD,83,1737.95,INR
IN001056,HDFCBANK,HDFC Bank,NSE,FINANCE,10-01-2021,1677.73,1723.1,1646.59,1662.38,1717.63,3004964,956061.69,41.99,11.52,0.514,1.189,2043.11,1350.5,2.3,NIFTY50_PORTFOLIO,BUY,573,1472.59,INR
IN001081,HDFCBANK,HDFC Bank,NSE,FINANCE,10-01-2021,1535.78,1575.89,1526.87,1559.28,1503.53,4746855,798950.83,28.95,13.41,1.001,0.867,1850.42,1329.01,5.1,SECTORAL_PORTFOLIO,BUY,1887,1412.82,INR
IN001093,HDFCBANK,HDFC Bank,NSE,FINANCE,10-01-2021,1579.45,1616.13,1455.49,1488.45,1486.53,2613238,1498762.25,78.36,9.59,2.34,1.265,1908.65,1451.03,3.5,MIDCAP_PORTFOLIO,BUY,106,1910.07,INR
IN000648,KOTAKBANK,Kotak Mahindra Bank,NSE,FINANCE,10-01-2021,1717.93,1851.8,1697.09,1819.01,1773.09,540773,1103070.46,15.94,2.42,0.733,1.914,1949.29,1126.76,1.2,MIDCAP_PORTFOLIO,HOLD,1877,1365.89,INR
IN000673,KOTAKBANK,Kotak Mahindra Bank,NSE,FINANCE,10-01-2021,1727.23,1741.79,1631,1647.33,1660.82,3320767,1003289.995,30.61,12.29,1.96,1.233,2274.64,1340.66,5.1,MIDCAP_PORTFOLIO,HOLD,704,1387.06,INR
IN000726,KOTAKBANK,Kotak Mahindra Bank,NSE,FINANCE,10-01-2021,1721.82,1787.78,1697.01,1776.56,1759.54,4180650,1222118.87,34.44,14.07,2.197,1.164,2129.4,1181.29,2.3,NIFTY50_PORTFOLIO,BUY,1893,1491.92,INR
IN000758,KOTAKBANK,Kotak Mahindra Bank,NSE,FINANCE,10-01-2021,1880.42,2035.03,1841.75,1999.96,1988.23,3097880,524869.51,47.04,2.34,0.819,0.731,2398.88,1301.06,3.5,NIFTY50_PORTFOLIO,HOLD,742,1861.18,INR
IN002723,MARUTI,Maruti Suzuki,BSE,AUTOMOBILE,10-01-2021,9912.68,10206.8,9442.79,9912.68,9425.82,2202689,5168125.28,59.05,9.4,2.652,1.797,12485.67,7672.84,1.2,MIDCAP_PORTFOLIO,BUY,1701,10797.13,INR
IN002746,MARUTI,Maruti Suzuki,BSE,AUTOMOBILE,10-01-2021,10150.11,10259.54,9867.35,10216.78,10276.4,2994118,3883227.66,8.65,1.18,1.695,1.778,11961.36,9311.61,1.2,NIFTY50_PORTFOLIO,BUY,1005,11296.47,INR
IN002772,MARUTI,Maruti Suzuki,BSE,AUTOMOBILE,10-01-2021,9877.01,9896.55,9497.77,9623.91,9919.16,405917,5803171.16,43.73,3.8,3.908,0.933,13808.28,8261.72,3.5,NIFTY50_PORTFOLIO,HOLD,694,11317.04,INR
IN002317,SUNPHARMA,Sun Pharmaceutical,BSE,PHARMACEUTICALS,10-01-2021,1171.87,1174.03,1088.91,1104.54,1062.18,155332,944936.77,46.88,8.17,2.043,0.891,1580.38,825.36,0,MIDCAP_PORTFOLIO,SELL,410,1490.51,INR
IN002324,SUNPHARMA,Sun Pharmaceutical,BSE,PHARMACEUTICALS,10-01-2021,1175.58,1205.71,1071.58,1100.39,1091.22,113683,166722.99,36.3,4.11,3.128,0.779,1318.93,944.78,3.5,MIDCAP_PORTFOLIO,BUY,1929,1015.21,INR
IN003879,TITAN,Titan Company,BSE,CONSUMER GOODS,10-01-2021,3241.2,3449.38,3159.71,3380.76,3495.7,2389908.5,1759191.22,28.65,6.61,0.977,1.16,3790.6,2746.36,2.3,NIFTY50_PORTFOLIO,BUY,751,3117.27,INR
IN002098,ICICIBANK,ICICI Bank,NSE,FINANCE,11-01-2021,956.5,981.66,897.17,956.5,872.83,2688028,180103.85,43.4,14,1.233,0.86,1185.82,677.64,1.2,SECTORAL_PORTFOLIO,BUY,313,1180.75,INR
IN000047,SBIN,State Bank of India,NSE,FINANCE,11-01-2021,599.74,607.5,571.95,574.91,579.76,3091907,592630.75,58.91,12.71,3.941,1.104,825.57,397.01,2.3,MIDCAP_PORTFOLIO,BUY,1039,571.15,INR
IN000058,SBIN,State Bank of India,NSE,FINANCE,11-01-2021,606.68,611.92,558.18,567.16,565.43,3538190,521282.75,69.47,7.84,3.798,0.64,749.66,445.46,0.5,NIFTY50_PORTFOLIO,BUY,613,640.14,INR
IN000102,SBIN,State Bank of India,NSE,FINANCE,11-01-2021,612.4,643.39,603.48,634.55,653.74,4226782,289399.815,58.62,12.44,2.218,1.216,662.67,492.33,3.5,NIFTY50_PORTFOLIO,BUY,1781,548.09,INR
IN004475,BAJFINANCE,Bajaj Finance,NSE,NBFC,12-01-2021,6770.71,6866.91,6299.64,6418.14,6309.95,3152681,4921953.1,61.65,11.32,2.676,1.479,8240.19,5239.98,0.5,SECTORAL_PORTFOLIO,SELL,1436,5831.53,INR
IN004487,BAJFINANCE,Bajaj Finance,NSE,NBFC,12-01-2021,7267.73,7521.72,7074.9,7267.73,7208.38,3951186,2685616.97,18.21,12.12,2.753,0.518,9282.86,5030.14,0,MIDCAP_PORTFOLIO,HOLD,1770,7153.25,INR
IN004504,BAJFINANCE,Bajaj Finance,NSE,NBFC,12-01-2021,6714.39,6753.99,6586.96,6626.71,6891.39,4396474,2788170.06,56.34,9.61,2.158,1.743,8348.1,5280,3.5,MIDCAP_PORTFOLIO,BUY,181,6789.73,INR
IN004531,BAJFINANCE,Bajaj Finance,NSE,NBFC,12-01-2021,7011.51,7395.36,6909.85,7241.35,7357.31,606117,656996.84,44.36,10.88,3.077,1.035,9369.18,5324.76,1.2,MIDCAP_PORTFOLIO,HOLD,1415,7004.41,INR
IN002871,BHARTIARTL,Bharti Airtel,NSE,TELECOMMUNICATION,12-01-2021,933.96,958.32,908.66,933.96,932.22,1797262,775619.36,61.73,3.34,3.556,0.606,1096.51,705.41,2.3,NIFTY50_PORTFOLIO,BUY,610,824.96,INR
IN002939,BHARTIARTL,Bharti Airtel,NSE,TELECOMMUNICATION,12-01-2021,923.09,942.35,909.48,938.6,971.36,2586986,860963.1,72.93,5.28,1.442,1.217,992.74,544.92,0.5,MIDCAP_PORTFOLIO,HOLD,58,1075.17,INR
IN002942,BHARTIARTL,Bharti Airtel,NSE,TELECOMMUNICATION,12-01-2021,891.33,895.55,807.06,891.33,803.74,1475869,890748.61,44.65,11.41,1.082,1.156,1113.78,702.58,1.2,MIDCAP_PORTFOLIO,BUY,1006,1075.49,INR
IN003044,BHARTIARTL,Bharti Airtel,NSE,TELECOMMUNICATION,12-01-2021,905.12,933.7,901.97,917.24,899.1,2586986,591665.97,69.99,3.8,1.421,1.47,1054.58,724.41,2.3,SECTORAL_PORTFOLIO,BUY,1277,932.59,INR
IN003086,BHARTIARTL,Bharti Airtel,NSE,TELECOMMUNICATION,12-01-2021,941.8,962.59,915.03,938.52,901.07,4986939,588866.63,43,10.64,1.26,0.871,1040.94,685.14,5.1,SECTORAL_PORTFOLIO,BUY,1494,782.99,INR
IN003114,BHARTIARTL,Bharti Airtel,NSE,TELECOMMUNICATION,12-01-2021,916.65,978.72,915.56,951.58,970.63,1257581,303039.74,69.5,10.75,3.966,1.056,1149.48,587.56,2.3,SECTORAL_PORTFOLIO,BUY,690,832.62,INR
IN000753,NESTLEIND,Nestle India,BSE,FMCG,12-01-2021,21370.14,21602.82,20819.83,20894.09,21370.41,548317,17797618.06,55.04,12.94,1.474,0.583,23797.94,20064.77,0.5,NIFTY50_PORTFOLIO,BUY,439,22950.61,INR
IN002552,TECHM,Tech Mahindra,NSE,TECHNOLOGY,12-01-2021,1263.31,1280.52,1226.77,1263.07,1309.29,2395139,353693.91,45.87,11.1,0.86,1.465,1742.16,1158.2,2.3,MIDCAP_PORTFOLIO,BUY,632,1150.15,INR
IN002913,ASIANPAINT,Asian Paints,BSE,CONSUMER GOODS,02-02-2021,3068.59,3292.85,2989.2,3261.87,3299.41,485238,2905050.1,33.07,3.89,1.165,1.799,3730.28,1938.89,2.3,SECTORAL_PORTFOLIO,BUY,271,2483.52,INR
IN002923,ASIANPAINT,Asian Paints,BSE,CONSUMER GOODS,02-02-2021,3026.44,3048.81,2951.56,3029.98,3095.44,2510254,2972640.59,44.31,2.31,1.153,1.772,3800.61,2705.21,2.3,SECTORAL_PORTFOLIO,BUY,589,2447.8,INR
IN002948,ASIANPAINT,Asian Paints,BSE,CONSUMER GOODS,02-02-2021,3001.61,3065.16,2842.49,2892.18,2919.72,2047405,526279.61,9.99,11.32,2.534,1.019,4005.65,2672.36,3.5,NIFTY50_PORTFOLIO,BUY,1331,2652.97,INR
IN003011,ASIANPAINT,Asian Paints,BSE,CONSUMER GOODS,02-02-2021,3006.06,3017.19,2750.9,2817.73,2744.88,1393772,1583748.83,17.15,7.6,2.185,1.499,3817.79,2765.78,3.5,MIDCAP_PORTFOLIO,BUY,1815,2822.77,INR
IN003089,ASIANPAINT,Asian Paints,BSE,CONSUMER GOODS,02-02-2021,3059.5,3142.42,2911.63,2954.15,2893.56,1046068,1900162.87,8.69,8.65,0.353,1.705,4010.16,1920.18,3.5,NIFTY50_PORTFOLIO,HOLD,1350,3238.86,INR
IN002795,BAJFINANCE,Bajaj Finance,NSE,NBFC,02-02-2021,7025.57,7650.4,6964.39,7025.57,7702.17,4749877,3566062.89,42.51,13.91,1.403,0.902,7652.16,5059.41,3.5,SECTORAL_PORTFOLIO,BUY,1317,7190.31,INR
IN001423,INFY,Infosys,NSE,TECHNOLOGY,02-02-2021,1459.69,1591.34,1440.66,1560.75,1622.79,806834,962032.02,74.33,9.59,1.609,1.165,1634.95,1085.68,0.5,MIDCAP_PORTFOLIO,HOLD,1877,1635.91,INR
IN001433,INFY,Infosys,NSE,TECHNOLOGY,02-02-2021,1566.54,1645.01,1560.47,1633,1641.71,249257,184024.43,55.11,2.02,1.888,0.978,1643.6,1415.71,5.1,MIDCAP_PORTFOLIO,SELL,1175,1805.75,INR
IN001467,INFY,Infosys,NSE,TECHNOLOGY,02-02-2021,1445.89,1503.91,1408.41,1476.16,1432.56,1079793,1091020.48,72.11,9.62,0.904,1.312,1841.4,903.11,0.5,NIFTY50_PORTFOLIO,SELL,438,1790.37,INR
IN001473,INFY,Infosys,NSE,TECHNOLOGY,02-02-2021,1554.37,1559.82,1513.11,1554.37,1609.09,904858,1279888.75,39.855,3.99,0.205,0.986,1885.5,966.3,0.5,MIDCAP_PORTFOLIO,BUY,1344,1456.54,INR
IN004144,INFY,Infosys,NSE,TECHNOLOGY,02-02-2021,1508.5,1627.13,1501.29,1596.39,1565.1,4728619,1067883.89,35.43,6.25,3.389,1.165,1765.85,1368.76,0,NIFTY50_PORTFOLIO,BUY,1688,1140.76,INR
IN004154,INFY,Infosys,NSE,TECHNOLOGY,02-02-2021,1460.13,1519.99,1439.34,1518.04,1561.86,3000793,798806.85,46.45,4.13,1.328,1.178,1639.31,1255.56,3.5,MIDCAP_PORTFOLIO,SELL,479,1323.82,INR
IN004165,INFY,Infosys,NSE,TECHNOLOGY,02-02-2021,1502.87,1593.84,1470.52,1576.4,1626.2,2118057,322798.73,18.69,9.98,0.441,1.341,1724.8,1143.69,5.1,NIFTY50_PORTFOLIO,BUY,1355,1384.77,INR
IN004188,INFY,Infosys,NSE,TECHNOLOGY,02-02-2021,1509,1515.73,1424.33,1430.49,1436.64,584983,302752.75,39.855,7.54,3.438,1.165,1746.11,1391.97,2.3,NIFTY50_PORTFOLIO,BUY,871,1703.31,INR
IN004203,INFY,Infosys,NSE,TECHNOLOGY,02-02-2021,1435.68,1453.35,1358.04,1359.38,1385.62,3139437,212776.35,49.3,9.37,0.828,0.576,1977.01,927.61,0.5,NIFTY50_PORTFOLIO,BUY,1511,1735.24,INR
IN004234,INFY,Infosys,NSE,TECHNOLOGY,02-02-2021,1561.77,1584.57,1490.78,1510.44,1570.6,1256374,106473.92,48.91,14.58,0.045,1.887,1656.23,933.15,2.3,MIDCAP_PORTFOLIO,SELL,292,1632.35,INR
IN004374,BAJFINANCE,Bajaj Finance,NSE,NBFC,03-02-2021,7163.99,7286.4,6754.82,6823.33,6586.96,2485547,2385191.75,42.4,6.32,3.763,0.441,8094.86,5215.45,3.5,MIDCAP_PORTFOLIO,BUY,864,5961.56,INR
IN004377,BAJFINANCE,Bajaj Finance,NSE,NBFC,03-02-2021,7123.19,7655.24,6979,7464.21,7318.49,2708701,2775797.78,19.91,7.12,3.454,1.175,8980.67,6074.78,1.2,MIDCAP_PORTFOLIO,BUY,1269,7302.22,INR
IN000396,HCLTECH,HCL Technologies,BSE,TECHNOLOGY,03-02-2021,1553.21,1613.63,1533.83,1608.18,1665.41,480035,1077757.42,51.13,11.97,3.642,0.512,2040.28,936.39,2.3,SECTORAL_PORTFOLIO,BUY,1806,1299.6,INR
IN000423,HCLTECH,HCL Technologies,NSE,TECHNOLOGY,03-02-2021,1433.03,1470.53,1392.01,1419.09,1409.04,3124980,1164845.74,41.08,12.23,2.183,1.176,1921.6,921.2,1.2,MIDCAP_PORTFOLIO,BUY,970,1265.25,INR
IN000426,HCLTECH,HCL Technologies,NSE,TECHNOLOGY,03-02-2021,1464.81,1546.75,1435.07,1545.73,1599.28,2411753,847567.58,28.96,5.68,0.834,1.28,1806.9,1273.46,0,NIFTY50_PORTFOLIO,BUY,101,1549.68,INR
IN000427,HCLTECH,HCL Technologies,NSE,TECHNOLOGY,03-02-2021,1508.15,1559.73,1482.78,1517.13,1572.66,4352689,980885.3,63.21,8.71,1.579,1.116,2054.65,1403.18,0,SECTORAL_PORTFOLIO,SELL,1224,1309.47,INR
IN000433,HCLTECH,HCL Technologies,NSE,TECHNOLOGY,03-02-2021,1516.49,1609.32,1500.91,1516.49,1655.72,4015340,317389.3,31.08,8.12,2.459,1.399,1692.67,1242.57,5.1,SECTORAL_PORTFOLIO,BUY,1646,1461.82,INR
IN000840,HINDUNILVR,Hindustan Unilever,NSE,FMCG,03-02-2021,2529.69,2600.57,2524.69,2526.09,2564.68,2163357,684543.56,78.48,8.21,0.648,1.232,3002.18,1915.87,5.1,SECTORAL_PORTFOLIO,SELL,1680,1904.44,INR
IN000849,HINDUNILVR,Hindustan Unilever,NSE,FMCG,03-02-2021,2525.8,2527.34,2381.78,2452.46,2395.58,3260465,1263292.75,43.87,3.03,3.526,1.547,3150.03,1597.56,3.5,SECTORAL_PORTFOLIO,BUY,1615,2526.44,INR
IN000868,HINDUNILVR,Hindustan Unilever,NSE,FMCG,03-02-2021,2566.46,2624.01,2559.47,2623.99,2655.37,248823,435625.15,65.01,2.85,2.026,1.603,3094.03,2243.89,1.2,SECTORAL_PORTFOLIO,BUY,511,3030.09,INR
IN000902,HINDUNILVR,Hindustan Unilever,NSE,FMCG,03-02-2021,2576.49,2626.07,2493.38,2576.49,2484.08,2201200.5,2437020.5,17.17,8.21,3.623,1.28,2641.65,1831.79,0.5,NIFTY50_PORTFOLIO,BUY,650,2684.59,INR
IN000950,HINDUNILVR,Hindustan Unilever,NSE,FMCG,03-02-2021,2398.02,2512.22,2339.33,2450.43,2397.56,1138535,1319395.24,77.23,11.27,1.853,1.275,2717.29,1764.6,2.3,SECTORAL_PORTFOLIO,BUY,381,2790.04,INR
IN000989,HINDUNILVR,Hindustan Unilever,NSE,FMCG,03-02-2021,2570.09,2577.01,2432.07,2464.31,2435.52,292462,1286786.46,28.79,2.58,3.01,1.239,3079.31,1652.64,3.5,MIDCAP_PORTFOLIO,BUY,320,2539.92,INR
IN000994,HINDUNILVR,Hindustan Unilever,NSE,FMCG,03-02-2021,2574.13,2591.29,2509.76,2542.85,2470.62,2201200.5,2323485.21,15.82,13.94,2.672,1.409,2856.03,1737.03,0,MIDCAP_PORTFOLIO,BUY,1235,3052.41,INR
IN001735,HINDUNILVR,Hindustan Unilever,NSE,FMCG,03-02-2021,2556.28,2573.33,2395.78,2448.53,2477.64,4138782,585374.46,47.31,10.78,3.778,1.533,3294.02,1660.74,1.2,NIFTY50_PORTFOLIO,SELL,971,2514.74,INR
IN002640,INFY,Infosys,NSE,TECHNOLOGY,03-02-2021,1492.45,1494.3,1411.69,1415.63,1441.85,4794489,1271065.19,39.855,9.5,0.986,1.621,2050.27,1184.21,2.3,MIDCAP_PORTFOLIO,BUY,969,1549.37,INR
IN002643,INFY,Infosys,NSE,TECHNOLOGY,03-02-2021,1518.3,1645.92,1507.46,1620.14,1588.23,2713012,1259324.27,35.99,1.18,3.186,0.726,1779.87,1228.64,2.3,NIFTY50_PORTFOLIO,BUY,1883,1700.95,INR
IN002679,INFY,Infosys,NSE,TECHNOLOGY,03-02-2021,1491.23,1526.44,1462.97,1510.64,1538.49,3336291,1436829.81,62.84,9.22,2.119,0.91,1668.33,1324.4,5.1,NIFTY50_PORTFOLIO,BUY,142,1868.72,INR
IN004016,BAJFINANCE,Bajaj Finance,NSE,NBFC,04-02-2021,6957.08,6997.69,6777,6924.66,6725.66,3351901,1942416.71,11.19,12.19,1.744,1.323,7971.59,6271.1,2.3,NIFTY50_PORTFOLIO,BUY,523,5436.15,INR
IN001313,ULTRACEMCO,UltraTech Cement,BSE,INFRASTRUCTURE,04-02-2021,9286.76,9548.18,8904.32,8919.4,8756.17,1166475,923035.06,28.21,11.2,0.675,0.901,11593.05,8097.73,0,NIFTY50_PORTFOLIO,BUY,846,9692.57,INR
IN001330,ULTRACEMCO,UltraTech Cement,BSE,INFRASTRUCTURE,04-02-2021,9585.17,9896.45,9325.36,9585.17,10050.59,4458585,7616220.78,66.69,7.07,0.528,1.148,13051.94,8677.09,5.1,MIDCAP_PORTFOLIO,SELL,1344,11289.05,INR
IN001766,BHARTIARTL,Bharti Airtel,NSE,TELECOMMUNICATION,06-02-2021,941.59,1007.64,937.58,985.3,1013.57,1772397,494415.18,69.75,4.32,2.056,0.492,1202.83,664.74,2.3,MIDCAP_PORTFOLIO,BUY,1371,759.97,INR
IN000071,HCLTECH,HCL Technologies,NSE,TECHNOLOGY,06-02-2021,1455.52,1481.77,1347.9,1360.49,1328.33,2441495,924559.7,36.62,9.41,0.435,1.647,1849.86,1255.74,1.2,MIDCAP_PORTFOLIO,BUY,1603,1383.53,INR
IN004964,KOTAKBANK,Kotak Mahindra Bank,NSE,FINANCE,06-02-2021,1821.48,1845.02,1769.78,1837.23,1798.09,2830707,1666562.79,33.81,11.7,1.796,0.46,1939.49,1344.21,0.5,NIFTY50_PORTFOLIO,BUY,1682,2172.51,INR
IN004978,KOTAKBANK,Kotak Mahindra Bank,NSE,FINANCE,06-02-2021,1771.28,1933.43,1770.25,1877.75,1854,2824831,121699.64,40.57,8.1,2.346,0.461,2268.55,1675.29,5.1,SECTORAL_PORTFOLIO,SELL,1608,1954,INR
IN002453,ULTRACEMCO,UltraTech Cement,BSE,INFRASTRUCTURE,06-02-2021,9098.54,9493.96,9031.17,9392.32,9250.78,1147637,4546985.4,29.25,1.71,0.265,0.658,12129.62,6468.54,2.3,NIFTY50_PORTFOLIO,BUY,1037,11266.69,INR
IN002493,ULTRACEMCO,UltraTech Cement,BSE,INFRASTRUCTURE,06-02-2021,9027.21,9030.44,8380.72,9027.21,8881.87,551213,8124916.64,43.495,5.99,2.191,1.625,10541.63,6665.57,3.5,SECTORAL_PORTFOLIO,BUY,239,7891.03,INR
IN002548,ULTRACEMCO,UltraTech Cement,BSE,INFRASTRUCTURE,06-02-2021,9839.24,10123.42,9308.54,9542.9,9368.38,1605476,610555.84,54.49,3.6,1.122,0.932,13013.21,8893.95,2.3,NIFTY50_PORTFOLIO,HOLD,736,7684.57,INR
IN002356,WIPRO,Wipro,BSE,TECHNOLOGY,06-02-2021,498.2,505.59,464.44,476.6,488,199850,449673.49,9.54,11.88,1.146,1.451,617.85,465.81,2.3,NIFTY50_PORTFOLIO,BUY,1809,448.78,INR
IN002445,WIPRO,Wipro,BSE,TECHNOLOGY,06-02-2021,509.35,509.92,490.79,499.53,506.55,3353333,264516.23,62.79,9.07,0.892,1.307,555.52,450.09,5.1,NIFTY50_PORTFOLIO,BUY,74,376.14,INR
IN004062,ADANIENT,Adani Enterprises,NSE,CONGLOMERATE,07-02-2021,2785.43,2928.78,2775.29,2899.02,2987.72,1582985,1683396.91,54.99,7.76,0.637,0.652,3321.07,2369.01,5.1,MIDCAP_PORTFOLIO,SELL,962,2104.43,INR
IN003384,AXISBANK,Axis Bank,BSE,FINANCE,07-02-2021,1084.19,1109.38,1078.18,1088.49,1071.95,2454675,915697.74,13.31,6.51,1.013,1.438,1198.48,774.71,5.1,SECTORAL_PORTFOLIO,HOLD,70,1220.73,INR
IN003400,AXISBANK,Axis Bank,BSE,FINANCE,07-02-2021,1073.42,1114.54,1070.99,1093.84,1109.06,3166322,306130.7,41.47,4.05,1.934,1.259,1272.93,803,5.1,SECTORAL_PORTFOLIO,BUY,963,1166.15,INR
IN003443,AXISBANK,Axis Bank,BSE,FINANCE,07-02-2021,1143.15,1151.84,1095.5,1108.93,1148.79,3355229,339484.17,25.49,10.33,1.933,0.791,1326.13,1037.25,3.5,NIFTY50_PORTFOLIO,HOLD,1088,1007.13,INR
IN003503,AXISBANK,Axis Bank,BSE,FINANCE,07-02-2021,1070.01,1086.13,1016.44,1070.01,1035.84,1872570,84276.68,41.47,7.27,0.726,1.147,1304.95,978.25,0,SECTORAL_PORTFOLIO,BUY,1215,933.51,INR
IN003509,AXISBANK,Axis Bank,BSE,FINANCE,07-02-2021,1046.38,1075.47,1011.73,1012.5,1021.99,4589375,579915.43,51.28,8.79,3.987,0.829,1290.04,834.3,3.5,NIFTY50_PORTFOLIO,BUY,592,1011.29,INR
IN003510,AXISBANK,Axis Bank,BSE,FINANCE,07-02-2021,1061.94,1099.37,1058.15,1084.55,1072.66,2593239,529913.03,53.33,5.17,1.438,1.259,1210.72,713.53,0.5,NIFTY50_PORTFOLIO,BUY,67,972.56,INR
IN003622,AXISBANK,Axis Bank,BSE,FINANCE,07-02-2021,1058.69,1083.25,998.01,1020.65,982.36,1052628,529913.03,29.45,5.38,3.903,1.072,1323.23,752.94,1.2,NIFTY50_PORTFOLIO,BUY,949,1237.66,INR
IN003112,HINDUNILVR,Hindustan Unilever,NSE,FMCG,07-02-2021,2453.64,2490.13,2271.29,2326.76,2371.46,2201200.5,1710557.3,50.37,3.5,0.732,1.28,3081.49,2239.4,1.2,SECTORAL_PORTFOLIO,BUY,1034,2168.93,INR
IN003128,HINDUNILVR,Hindustan Unilever,NSE,FMCG,07-02-2021,2480.38,2487.97,2418.2,2424.76,2404.75,2945025,1899658.75,73.07,11.74,3.959,1.301,3073.12,1531.78,5.1,NIFTY50_PORTFOLIO,BUY,1008,2197.5,INR
IN003180,HINDUNILVR,Hindustan Unilever,NSE,FMCG,07-02-2021,2502.09,2543.63,2384.19,2436.7,2482.79,2201200.5,338183.68,40.29,8.88,2.205,0.589,3125.08,2106.09,3.5,NIFTY50_PORTFOLIO,SELL,1155,3050.97,INR
IN003182,HINDUNILVR,Hindustan Unilever,NSE,FMCG,07-02-2021,2441.53,2467.44,2348.1,2419.74,2360.61,3744701,1796650.14,66.3,6.81,3.824,1.852,3156.37,2041.45,2.3,NIFTY50_PORTFOLIO,SELL,1710,2924.13,INR
IN001931,MARUTI,Maruti Suzuki,BSE,AUTOMOBILE,07-02-2021,10194.92,10791.3,10188.02,10662.19,11034.92,4183622,8961864.75,11.53,5.62,3.01,0.402,12684.06,7649.19,2.3,NIFTY50_PORTFOLIO,HOLD,147,7615.7,INR
IN001941,MARUTI,Maruti Suzuki,BSE,AUTOMOBILE,07-02-2021,9691.96,10229.48,9464.16,10218.69,10590.54,3786529,9929806.78,19.21,14.29,2.093,0.819,10926.05,8277,1.2,NIFTY50_PORTFOLIO,BUY,1728,9104.18,INR
IN001970,MARUTI,Maruti Suzuki,BSE,AUTOMOBILE,07-02-2021,9801.81,9884.74,9679.37,9859.63,9604.75,1467718,3817396.58,12.76,7.94,1.987,1.515,12793.66,8392.66,0.5,NIFTY50_PORTFOLIO,BUY,1474,8663.64,INR
IN001972,MARUTI,Maruti Suzuki,BSE,AUTOMOBILE,07-02-2021,10005.37,10235.82,9730.65,9962.4,9809.1,4961265,5503236.6,72.27,7.32,3.423,1.661,11445.61,8334.18,2.3,MIDCAP_PORTFOLIO,HOLD,1279,11746,INR
IN003470,HCLTECH,HCL Technologies,NSE,TECHNOLOGY,08-02-2021,1516.12,1538.74,1413.3,1446.57,1491.34,2411753,399764.14,46.44,2.5,1.914,1.308,1735.64,1413.92,3.5,MIDCAP_PORTFOLIO,BUY,712,1483.85,INR
IN003506,HCLTECH,HCL Technologies,NSE,TECHNOLOGY,08-02-2021,1490.8,1534.53,1447.55,1498.5,1535.36,3045294,716373.1,27.43,1.39,1.616,1.15,1785.54,902.01,3.5,MIDCAP_PORTFOLIO,HOLD,66,1838.97,INR
IN003514,HCLTECH,HCL Technologies,NSE,TECHNOLOGY,08-02-2021,1513.7,1552.11,1399.66,1442.56,1412.54,731843,688354.73,19.5,6.42,3.845,0.77,1817.88,1021.9,0.5,NIFTY50_PORTFOLIO,HOLD,1830,1160.17,INR
IN003526,HCLTECH,HCL Technologies,NSE,TECHNOLOGY,08-02-2021,1426.65,1465.2,1379.25,1408.15,1383.34,3434030,535853.02,9.16,11.63,0.15,0.986,1974.24,1273.43,0,SECTORAL_PORTFOLIO,HOLD,1082,1161.76,INR
IN003995,SBIN,State Bank of India,NSE,FINANCE,08-02-2021,608.16,612.2,601.07,608.38,599.7,3321005,249643.47,67.55,8.26,1.8405,1.698,722.84,482.11,5.1,SECTORAL_PORTFOLIO,BUY,427,574.13,INR
IN003997,SBIN,State Bank of India,NSE,FINANCE,08-02-2021,574.96,597.38,566.67,587.73,597.2,3699778,599704.25,57.61,4.83,1.8405,1.599,720.87,364.46,0.5,SECTORAL_PORTFOLIO,BUY,21,663.38,INR
IN004117,SBIN,State Bank of India,NSE,FINANCE,08-02-2021,594.16,596.24,548.55,553.25,564.47,1644466,538296.87,63.16,3.92,2.295,0.963,643.75,478.61,2.3,NIFTY50_PORTFOLIO,BUY,1069,550.11,INR
IN004127,SBIN,State Bank of India,NSE,FINANCE,08-02-2021,573.37,585.72,539.13,540.57,562.08,3109604,181402.7,46.57,2.59,1.422,1.515,774.25,505.23,3.5,SECTORAL_PORTFOLIO,BUY,605,695.74,INR
IN004584,SUNPHARMA,Sun Pharmaceutical,BSE,PHARMACEUTICALS,08-02-2021,1187.04,1207.96,1158.66,1190.55,1148.58,2616174,455958.65,63.59,4.87,0.515,1.867,1357.45,1056.67,1.2,NIFTY50_PORTFOLIO,SELL,920,1337.25,INR
IN000106,ASIANPAINT,Asian Paints,BSE,CONSUMER GOODS,09-02-2021,2954.98,3080.44,2895.11,3012.88,3063.62,2027440,917468.43,53.83,7.72,1.087,1.171,3438.16,2220.19,5.1,NIFTY50_PORTFOLIO,BUY,1494,2515.29,INR
IN000036,NESTLEIND,Nestle India,BSE,FMCG,09-02-2021,22817.23,23336.55,22261.13,23329.57,24172.76,976078,18439590.82,18.6,4.21,1.9485,1.016,24841.11,17699.29,0.5,MIDCAP_PORTFOLIO,BUY,1431,22106.32,INR
IN000043,NESTLEIND,Nestle India,BSE,FMCG,09-02-2021,22165.9,22347.19,21303.89,21826.88,22433.3,4854009,20839915.55,36.58,8.51,2.035,1.217,28968.01,15499.87,2.3,SECTORAL_PORTFOLIO,BUY,666,22497.96,INR
IN000110,NESTLEIND,Nestle India,BSE,FMCG,09-02-2021,22753.12,23048.96,21969.25,22375.38,21652.24,4276539,1697719.78,11.08,4.14,3.593,1.414,24653.39,14518.1,0,MIDCAP_PORTFOLIO,HOLD,1267,24219.59,INR
IN000152,NESTLEIND,Nestle India,BSE,FMCG,09-02-2021,21876.49,22395.64,21198.1,21786.06,21270.1,1387719,15780230.32,17.8,6.76,2.318,1.016,30344.61,13753.52,5.1,NIFTY50_PORTFOLIO,SELL,601,23842.16,INR
IN003489,ASIANPAINT,Asian Paints,BSE,CONSUMER GOODS,12-02-2021,2994.69,3012.25,2741.59,2803.9,2830.05,791915,1207208.53,64.96,12.02,1.665,1.958,3808.83,1855.81,0,SECTORAL_PORTFOLIO,SELL,465,2293.48,INR
IN003505,ASIANPAINT,Asian Paints,BSE,CONSUMER GOODS,12-02-2021,2999.46,3065.15,2745.97,2796.17,2874.67,3027771,1044406.24,44.02,10.81,2.34,1.909,3888.69,2242.55,3.5,SECTORAL_PORTFOLIO,HOLD,711,3013.94,INR
IN003507,ASIANPAINT,Asian Paints,BSE,CONSUMER GOODS,12-02-2021,2915.48,2997.63,2851.96,2940.4,2987.18,3618816,693202.92,52.69,11.77,3.464,0.956,4134.76,2064,2.3,NIFTY50_PORTFOLIO,BUY,649,2762.15,INR
IN003527,ASIANPAINT,Asian Paints,BSE,CONSUMER GOODS,12-02-2021,2974.99,3087.21,2941.02,3057.83,2949.48,2432551,544568.82,15.55,2.21,1.6,1.106,3485.76,2823.11,5.1,MIDCAP_PORTFOLIO,HOLD,848,3192.64,INR
IN003531,ASIANPAINT,Asian Paints,BSE,CONSUMER GOODS,12-02-2021,2903.36,3128.74,2865.91,3057.39,3025.44,484475,254698.09,37.62,14.84,2.258,0.657,4049.58,2832.62,5.1,MIDCAP_PORTFOLIO,BUY,1468,2341.19,INR
IN001348,BAJFINANCE,Bajaj Finance,NSE,NBFC,12-02-2021,7144.91,7801.19,7070.21,7577.58,7538.89,2412139,4081445.02,17.09,9.06,3.085,1.404,7577.58,6475.41,0.5,SECTORAL_PORTFOLIO,BUY,855,6853.82,INR
IN004070,INFY,Infosys,NSE,TECHNOLOGY,12-02-2021,1523.98,1623.49,1492.71,1606.06,1582.96,2987432,445126.8,62.9,4.15,2.911,1.281,1702.15,1256.59,1.2,NIFTY50_PORTFOLIO,BUY,744,1627.58,INR
IN004102,INFY,Infosys,NSE,TECHNOLOGY,12-02-2021,1497,1512.83,1453.93,1480.84,1500.37,3779399,233265.83,11.61,14.85,0.904,0.436,1597.8,1404.73,2.3,MIDCAP_PORTFOLIO,BUY,763,1466.11,INR
IN004133,INFY,Infosys,NSE,TECHNOLOGY,12-02-2021,1569.09,1569.92,1459.95,1503.19,1558.54,1865208,1296088.08,48.86,12.93,0.267,0.405,1917.86,1310.78,3.5,MIDCAP_PORTFOLIO,BUY,115,1785.58,INR
IN003455,POWERGRID,Power Grid Corporation,BSE,UTILITIES,12-02-2021,246.48,253.49,244.63,247.81,249.38,3875784,66041,79.4,6.59,3.818,1.147,348.17,190.51,0.5,SECTORAL_PORTFOLIO,BUY,370,307.39,INR
IN003486,POWERGRID,Power Grid Corporation,BSE,UTILITIES,12-02-2021,247.88,307.2875527,240.44,240.44,234.09,4028602,95867.39,19.15,8.7,3.281,0.674,301.36,170.55,3.5,NIFTY50_PORTFOLIO,HOLD,1311,284.3,INR
IN001756,MARUTI,Maruti Suzuki,BSE,AUTOMOBILE,03-03-2021,10096.43,10604.3,9817.97,10477.98,10762.93,1887302,6411956.63,15.13,4.26,1.547,1.186,10902.13,8458.56,1.2,SECTORAL_PORTFOLIO,BUY,539,10109.74,INR
IN001757,MARUTI,Maruti Suzuki,BSE,AUTOMOBILE,03-03-2021,9984.69,10779.7,9697.98,10484.4,10843.79,1154309,6024686.4,18.82,7.84,3.477,0.996,10678.83,6459.24,0.5,SECTORAL_PORTFOLIO,BUY,195,8542.48,INR
IN001767,MARUTI,Maruti Suzuki,BSE,AUTOMOBILE,03-03-2021,10035.63,10876.02,9916.53,10643.28,10694.49,2202689,887414.12,59.57,7.13,1.652,1.947,10643.28,8577.34,2.3,NIFTY50_PORTFOLIO,SELL,1941,7753.67,INR
IN003402,NESTLEIND,Nestle India,BSE,FMCG,03-03-2021,22879.12,23008.07,21292.55,21689.19,20962.3,3968832,10423494.17,57.94,10.17,2.256,0.993,27328.57,14446.82,3.5,MIDCAP_PORTFOLIO,HOLD,1393,18376.16,INR
IN003415,NESTLEIND,Nestle India,BSE,FMCG,03-03-2021,22053.9,23578.1,21493.23,23039.23,23595.9,2775789,10446226.57,29.5,8.27,3.525,0.682,24741.18,18038.41,3.5,MIDCAP_PORTFOLIO,BUY,626,25338.22,INR
IN003428,NESTLEIND,Nestle India,BSE,FMCG,03-03-2021,22985.3,24302.26,22723.07,23626.24,23284.29,3982945,14147323.63,25.1,9.38,3.887,0.954,28807.25,18530.79,0.5,MIDCAP_PORTFOLIO,BUY,1665,24671.18,INR
IN003430,NESTLEIND,Nestle India,BSE,FMCG,03-03-2021,21904.11,23541.42,21882.45,22997.17,23250.75,2779625,5971837.04,42.55,8.27,3.5,0.782,30395.69,18882.01,5.1,NIFTY50_PORTFOLIO,BUY,67,20442.42,INR
IN001122,RELIANCE,Reliance Industries,NSE,ENERGY,03-03-2021,2282.25,2304.45,2137.46,2179.45,2114.29,4139009,1784184.75,10.93,5.89,0.786,0.794,2398.11,1458.3,2.3,MIDCAP_PORTFOLIO,BUY,1362,2148.05,INR
IN004115,HCLTECH,HCL Technologies,NSE,TECHNOLOGY,05-03-2021,1459.89,1555.83,1419.18,1555.15,1612.83,4240316,1159008.32,71.02,4.05,0.389,0.714,1792.61,1366.4,0,MIDCAP_PORTFOLIO,HOLD,1221,1530.63,INR
IN004140,HCLTECH,HCL Technologies,NSE,TECHNOLOGY,05-03-2021,1443.44,1490,1402.76,1473.81,1509.84,1789293,304522.8,41.4,9.89,0.571,0.722,1839.29,1226.97,0,MIDCAP_PORTFOLIO,BUY,59,1224.51,INR
IN002793,POWERGRID,Power Grid Corporation,BSE,UTILITIES,05-03-2021,245.59,264.86,244.53,259.02,258.57,4846666,233630.43,49.02,8.885,1.011,0.888,281.71,180.64,1.2,MIDCAP_PORTFOLIO,BUY,1657,252.13,INR
IN002799,POWERGRID,Power Grid Corporation,BSE,UTILITIES,05-03-2021,239.59,242.64,232.91,239.59,239,4059327,210075.72,12.33,3.73,1.202,1.165,319.45,224.84,5.1,NIFTY50_PORTFOLIO,BUY,1450,274.2,INR
IN004446,POWERGRID,Power Grid Corporation,BSE,UTILITIES,05-03-2021,259.76,265.39,242.44,243.31,238.59,3217073,220979.85,52.59,6.4,0.238,0.59,343.26,162.36,2.3,NIFTY50_PORTFOLIO,BUY,1365,283.95,INR
IN004482,POWERGRID,Power Grid Corporation,BSE,UTILITIES,05-03-2021,253.02,265.93,251.59,261.93,252.07,4960691,247786.79,77.68,8.885,1.925,1.942,276.6,180.39,1.2,SECTORAL_PORTFOLIO,HOLD,1388,252.46,INR
IN004485,POWERGRID,Power Grid Corporation,BSE,UTILITIES,05-03-2021,255.96,256.42,245.86,246.2,238.52,2235274,237734.06,31.8,7.15,3.967,0.985,323.51,179.35,2.3,MIDCAP_PORTFOLIO,BUY,340,207.48,INR
IN004518,POWERGRID,Power Grid Corporation,BSE,UTILITIES,05-03-2021,251.68,252.68,230.21,235.18,240.05,3680637,246382.83,50.43,10.85,1.825,0.813,304.76,224.39,1.2,SECTORAL_PORTFOLIO,HOLD,931,198.5,INR
IN003050,ULTRACEMCO,UltraTech Cement,BSE,INFRASTRUCTURE,05-03-2021,9060.36,9153.38,9057.91,9149.45,9130.8,3071075,8005364.35,43.495,6.05,1.902,1.184,11959.74,8511.22,3.5,NIFTY50_PORTFOLIO,SELL,1246,11484.96,INR
IN002160,AXISBANK,Axis Bank,BSE,FINANCE,06-03-2021,1118.48,1127.36,1108.27,1110.35,1133.17,3252754,387916.86,16.59,2.72,3.338,0.64,1450.72,769.81,1.2,SECTORAL_PORTFOLIO,HOLD,1452,1255.83,INR
IN003556,BAJFINANCE,Bajaj Finance,NSE,NBFC,06-03-2021,7071.28,7531.14,7024.92,7071.28,7243.61,4823868,6757876.76,18.92,12.66,1.578,1.242,9582.29,6333.93,0.5,SECTORAL_PORTFOLIO,BUY,201,5504.68,INR
IN004569,BAJFINANCE,Bajaj Finance,NSE,NBFC,06-03-2021,6810.86,6924.42,6474.89,6518.73,6330.07,4537139,2794955.09,37.61,13.84,0.434,1.838,9349.79,6295.53,2.3,NIFTY50_PORTFOLIO,BUY,917,8376.26,INR
IN004600,BAJFINANCE,Bajaj Finance,NSE,NBFC,06-03-2021,7343.5,7568.12,7329,7438.88,7704.27,1016243,3192603.03,15.86,12.61,3.653,1.301,8440.59,5739.76,5.1,NIFTY50_PORTFOLIO,BUY,190,7714.1,INR
IN004639,BAJFINANCE,Bajaj Finance,NSE,NBFC,06-03-2021,7239.72,7284.75,7139.77,7283.07,7555.17,1369314,4486309,79.23,13.77,0.207,1.224,9481.68,4345.23,0.5,SECTORAL_PORTFOLIO,BUY,1646,5699.66,INR
IN002481,BHARTIARTL,Bharti Airtel,NSE,TELECOMMUNICATION,06-03-2021,875.01,879.22,837.61,875.01,874.64,2586986,834658.65,59.56,13.47,0.463,0.819,947.25,542.53,2.3,SECTORAL_PORTFOLIO,BUY,616,782.34,INR
IN002565,BHARTIARTL,Bharti Airtel,NSE,TELECOMMUNICATION,06-03-2021,869.63,889.76,851.55,869.11,865.61,3071298,246323.33,74.15,11.5,3.604,1.594,1097.95,803.14,2.3,MIDCAP_PORTFOLIO,BUY,1574,706.88,INR
IN002569,BHARTIARTL,Bharti Airtel,NSE,TELECOMMUNICATION,06-03-2021,916.25,925.79,865,886.75,905.19,1621809,725121.54,54.66,8.48,3.194,1.124,1117.9,767.15,5.1,SECTORAL_PORTFOLIO,HOLD,1733,1112.87,INR
IN002604,BHARTIARTL,Bharti Airtel,NSE,TELECOMMUNICATION,06-03-2021,918.81,971.08,893.99,954.39,968.06,1574808,503292.33,77.55,5.88,3.093,1.299,963.25,800.17,0.5,NIFTY50_PORTFOLIO,SELL,1411,912.64,INR
IN000364,ICICIBANK,ICICI Bank,NSE,FINANCE,06-03-2021,921.43,991.46,908.29,979.82,986.24,1501028,768128.17,68.33,3.95,3.613,1.129,1252.86,824.88,2.3,NIFTY50_PORTFOLIO,BUY,374,728.43,INR
IN000435,ICICIBANK,ICICI Bank,NSE,FINANCE,06-03-2021,977.15,980.21,932.56,960.55,988.51,816466,87697.23,17.41,7.95,0.834,0.436,1023.47,751.28,1.2,SECTORAL_PORTFOLIO,BUY,1460,895.29,INR
IN003787,ICICIBANK,ICICI Bank,NSE,FINANCE,06-03-2021,968.42,997.55,947.39,996.58,1004.64,4259601,187931.18,41.19,2.56,0.735,0.563,1143.05,735.9,2.3,SECTORAL_PORTFOLIO,BUY,1472,815.63,INR
IN003829,ICICIBANK,ICICI Bank,NSE,FINANCE,06-03-2021,984.53,985.17,922.21,922.34,952.33,111434,734117.76,44.145,9.91,2.097,1.735,1282.81,849.46,5.1,NIFTY50_PORTFOLIO,BUY,521,1081.65,INR
IN004239,NESTLEIND,Nestle India,BSE,FMCG,06-03-2021,22598.6,22814.63,20933.44,21507.59,20932.25,2182259,8805187.97,69.11,5.39,3.971,1.343,25050.31,14608.9,0.5,NIFTY50_PORTFOLIO,BUY,1572,17048.73,INR
IN004280,NESTLEIND,Nestle India,BSE,FMCG,06-03-2021,22830.97,23301.81,22576.73,23055.83,23320.97,472663,11831539.91,35,8.27,1.454,0.92,24738.39,20701.55,5.1,NIFTY50_PORTFOLIO,HOLD,594,26147.11,INR
IN000012,NTPC,NTPC Limited,NSE,UTILITIES,06-03-2021,362.7,397.93,352.08,387.01,396.24,647925,321127.59,72.14,8.21,0.809,1.23,435.74,306.66,0,SECTORAL_PORTFOLIO,BUY,1113,316.17,INR
IN000016,NTPC,NTPC Limited,NSE,UTILITIES,06-03-2021,351.45,352.7,328.68,334.87,346.17,1169320,254737.44,55.61,1.27,0.003,0.898,487.74,262.33,5.1,NIFTY50_PORTFOLIO,SELL,1955,283.75,INR
IN000021,NTPC,NTPC Limited,NSE,UTILITIES,06-03-2021,336.75,365.32,330.33,359.17,367.82,588768,230202.06,69.94,6.38,2.485,0.969,427.28,239.11,1.2,SECTORAL_PORTFOLIO,BUY,1178,312.87,INR
IN001021,INFY,Infosys,NSE,TECHNOLOGY,11-03-2021,1436.2,1470.2,1401.58,1440.39,1485.02,3464486,292291.04,41.36,10.29,2.823,1.818,1960.56,1362.94,0,SECTORAL_PORTFOLIO,HOLD,1988,1673.07,INR
IN004935,ONGC,Oil & Natural Gas Corp,NSE,ENERGY,11-03-2021,277.63,280.42,274.11,276.56,279.05,3470711,29087.73,40.515,14.74,0.342,0.898,337,261.07,5.1,NIFTY50_PORTFOLIO,BUY,1130,252.6,INR
IN004965,ONGC,Oil & Natural Gas Corp,NSE,ENERGY,11-03-2021,284.22,291.18,277.02,290.6,279.32,2795268,76426.67,36.9,7.59,3.38,0.989,328.68,230.73,5.1,NIFTY50_PORTFOLIO,BUY,250,310.39,INR
IN004972,ONGC,Oil & Natural Gas Corp,NSE,ENERGY,11-03-2021,269.76,277.75,265.19,271.78,279.44,3983556,243511.44,77.17,1.94,2.595,1.062,308.15,241.16,5.1,MIDCAP_PORTFOLIO,SELL,440,332.82,INR
IN001100,BHARTIARTL,Bharti Airtel,BSE,TELECOMMUNICATION,12-03-2021,883.35,940.74,878.87,916.2,902.77,3797664,132761.48,31.95,6.16,3.454,1.008,1217.73,740.05,3.5,MIDCAP_PORTFOLIO,HOLD,182,745.38,INR
IN001220,BHARTIARTL,Bharti Airtel,NSE,TELECOMMUNICATION,12-03-2021,899.14,962.16,893.33,961.9,958.4,2527662,569565.91,71.74,6.6,1.21,0.445,1171.45,747.26,1.2,NIFTY50_PORTFOLIO,BUY,695,1081.86,INR
IN001225,BHARTIARTL,Bharti Airtel,NSE,TELECOMMUNICATION,12-03-2021,907.89,971.64,907.76,907.89,929.21,2133761,206968.09,12.98,9.08,3.13,1.995,1064.52,753.12,1.2,NIFTY50_PORTFOLIO,BUY,1277,1014.46,INR
IN004315,AXISBANK,Axis Bank,BSE,FINANCE,01-04-2021,1124.33,1147.93,1090,1099.41,1111.66,2821780,529913.03,56.14,7.24,2.253,0.943,1292.38,789.96,2.3,SECTORAL_PORTFOLIO,HOLD,1754,1344.33,INR
IN004379,AXISBANK,Axis Bank,BSE,FINANCE,01-04-2021,1098.82,1119.1,1010.47,1032.96,1033.7,1458152,138468.47,41.47,14.91,2.687,0.638,1485.01,872.38,0,SECTORAL_PORTFOLIO,BUY,187,1131.91,INR
IN004472,AXISBANK,Axis Bank,BSE,FINANCE,01-04-2021,1077.07,1142.16,1066.31,1134.85,1147.17,4319389,674880.23,16.26,10.52,0.348,1.001,1425.12,678.88,2.3,MIDCAP_PORTFOLIO,BUY,736,1357.38,INR
IN000655,NESTLEIND,Nestle India,BSE,FMCG,01-04-2021,21603.23,22091.25,20209.59,20813.14,21329.67,2585084,10506091.02,70.62,8.38,1.424,0.428,28696.71,18322.07,3.5,MIDCAP_PORTFOLIO,HOLD,1243,21745.07,INR
IN000669,NESTLEIND,Nestle India,BSE,FMCG,01-04-2021,21243.82,21569.96,20804.06,21422.78,20594.99,2099296,16145317.11,18.43,6.12,0.159,1.2725,25793.17,18197.55,2.3,MIDCAP_PORTFOLIO,HOLD,1287,21576.76,INR
IN000674,NESTLEIND,Nestle India,BSE,ENERGY,01-04-2021,21598.93,22838.21,21093.7,22558.74,22466.07,2236388,21321080.24,47.51,9.64,1.18,1.56,28763.25,16782.68,3.5,SECTORAL_PORTFOLIO,BUY,344,17016.67,INR
IN004908,ULTRACEMCO,UltraTech Cement,BSE,INFRASTRUCTURE,01-04-2021,9483.59,9743.52,9354.61,9456.07,9743.12,3218019,6648818.41,65.36,2.55,1.044,1.941,12515.81,8094.04,2.3,SECTORAL_PORTFOLIO,BUY,1200,9761.24,INR
IN004916,ULTRACEMCO,UltraTech Cement,BSE,INFRASTRUCTURE,01-04-2021,9670.2,10121.26,9452.66,9930.59,9764.07,2659234,2974088.23,44.72,7.99,1.739,1.876,12989.58,8917.67,5.1,MIDCAP_PORTFOLIO,BUY,1276,7656.43,INR
IN004920,ULTRACEMCO,UltraTech Cement,BSE,INFRASTRUCTURE,01-04-2021,9127.46,9269.12,8639.55,9127.46,8487.96,2659234,6204278.42,26.46,7.04,0.514,1.439,10593.47,6892.07,0,NIFTY50_PORTFOLIO,BUY,596,8077.32,INR
IN004112,KOTAKBANK,Kotak Mahindra Bank,NSE,FINANCE,02-04-2021,1731.59,1739.22,1712.14,1722,1684.23,3235182,1021117.56,37.66,7.3,2.522,1.168,2323.8,1336.47,5.1,MIDCAP_PORTFOLIO,SELL,1475,1570.92,INR
IN002407,NTPC,NTPC Limited,NSE,UTILITIES,02-04-2021,350.04,377.49,348.39,371.14,357.66,1491044,139169.78,67.08,10.01,2.786,0.872,380.8,249.02,2.3,MIDCAP_PORTFOLIO,BUY,1273,436.92,INR
IN002413,NTPC,NTPC Limited,NSE,UTILITIES,02-04-2021,356.01,382.45,351.81,377.6,368.44,325491,179918,58.56,6,1.808,1.0765,385.81,250.63,0.5,NIFTY50_PORTFOLIO,SELL,1443,336.48,INR
IN002462,NTPC,NTPC Limited,NSE,UTILITIES,02-04-2021,360.82,367.56,334.23,339.09,339.2,2394789.5,43498.82,51.13,7.9,1.369,0.73,409.88,245.25,5.1,NIFTY50_PORTFOLIO,BUY,653,318.57,INR
IN000339,WIPRO,Wipro,BSE,TECHNOLOGY,02-04-2021,524.34,627.5743391,512.25,512.25,516.42,1015356,371896.38,49.07,12.27,1.251,1.766,576.99,437.17,0.5,MIDCAP_PORTFOLIO,HOLD,1973,588.99,INR
IN000339,WIPRO,Wipro,BSE,TECHNOLOGY,02-04-2021,524.34,538.29,501.06,512.25,516.42,1015356,371896.38,49.07,12.27,1.251,1.766,576.99,437.17,0.5,MIDCAP_PORTFOLIO,HOLD,1973,588.99,INR
IN000359,WIPRO,Wipro,BSE,TECHNOLOGY,02-04-2021,484.54,496.37,467.86,484.54,481.65,4270076,102541.51,29.31,10.02,1.497,1.728,640.3,325.83,1.2,SECTORAL_PORTFOLIO,BUY,1370,582.46,INR
IN003750,ICICIBANK,ICICI Bank,NSE,FINANCE,03-04-2021,963.42,988.12,931.59,940.39,960.4,3700043,400233.59,66.45,6.99,0.638,0.65,1285.23,571.12,0.5,SECTORAL_PORTFOLIO,SELL,1923,862.16,INR
IN003767,ICICIBANK,ICICI Bank,NSE,FINANCE,03-04-2021,963.55,978.18,921.61,946.4,970.88,2832012,313095.04,23.08,3.82,3.653,1.932,1257.69,898.79,3.5,NIFTY50_PORTFOLIO,BUY,309,736.51,INR
IN003768,ICICIBANK,ICICI Bank,NSE,FINANCE,03-04-2021,983.24,1046.54,959.27,1030.25,1069.82,1737818,257121.33,26.28,2.42,0.918,1.267,1260.13,805.38,3.5,MIDCAP_PORTFOLIO,HOLD,642,1129.81,INR
IN001607,TCS,Tata Consultancy Services,NSE,TECHNOLOGY,03-04-2021,3399.3,3405.59,3146.9,3200.94,3216.04,2563990,1932396.03,18.52,1.13,2.561,1.608,4161.79,2760.89,0.5,SECTORAL_PORTFOLIO,BUY,1085,4331.54,INR
IN001611,TCS,Tata Consultancy Services,NSE,TECHNOLOGY,03-04-2021,3330.03,3359.36,3094.05,3107.26,3002.72,2987618,1932396.03,40.42,12.4,2.982,1.008,3692.78,3010.35,0.5,NIFTY50_PORTFOLIO,BUY,633,4222.03,INR
IN001667,TCS,Tata Consultancy Services,NSE,TECHNOLOGY,03-04-2021,3663.71,3717.34,3622.1,3704.63,3662.46,2373145,3411552.87,79.84,1.25,0.437,0.478,4484.07,2739.38,1.2,MIDCAP_PORTFOLIO,BUY,1430,3699.04,INR
IN001681,TCS,Tata Consultancy Services,NSE,TECHNOLOGY,03-04-2021,3394.77,3483.24,3221.85,3289.72,3374.44,3856761,1678855.36,16.58,12.36,0.077,0.611,3939.3,3007.6,0.5,SECTORAL_PORTFOLIO,SELL,1982,3745.78,INR
IN001715,TCS,Tata Consultancy Services,NSE,TECHNOLOGY,03-04-2021,3500.7,3584.1,3461.43,3521.88,3467.07,2631727,1993569.6,78.35,7.44,1.201,1.226,4341.63,3043.43,0,NIFTY50_PORTFOLIO,BUY,1020,3838.62,INR
IN001723,TCS,Tata Consultancy Services,NSE,TECHNOLOGY,03-04-2021,3355.49,3511.47,3337.44,3485.34,3374.2,564218,826346.72,22.09,7.44,1.213,1.367,4251.65,2249.78,1.2,NIFTY50_PORTFOLIO,HOLD,735,2904.34,INR
IN001732,TCS,Tata Consultancy Services,NSE,TECHNOLOGY,03-04-2021,3429.73,3500.48,3142.65,3229.38,3215.21,3202613,359807.9,13.9,7.44,3.641,1.359,3897.89,2346.38,0.5,MIDCAP_PORTFOLIO,BUY,160,4103.89,INR
IN004695,TITAN,Titan Company,BSE,CONSUMER GOODS,03-04-2021,3340.35,3401.97,3197.92,3340.35,3166.54,2389908.5,2587393.47,70.27,9.94,2.923,1.251,4635.32,2593.79,1.2,SECTORAL_PORTFOLIO,HOLD,1822,2807.58,INR
IN003633,ULTRACEMCO,UltraTech Cement,BSE,INFRASTRUCTURE,03-04-2021,9299.4,9385.86,8941.93,8988.41,9336.13,2800652,4414333.14,47.17,14.47,2.511,1.984,11005.82,8166.13,3.5,MIDCAP_PORTFOLIO,BUY,1077,10611.31,INR
IN003655,ULTRACEMCO,UltraTech Cement,BSE,INFRASTRUCTURE,03-04-2021,9239.84,9776.15,9024.58,9664.05,9833.83,642201,5461688.78,46.81,13.77,0.326,1.962,11290.62,8577.54,5.1,SECTORAL_PORTFOLIO,BUY,168,11796.01,INR
IN003691,ULTRACEMCO,UltraTech Cement,BSE,INFRASTRUCTURE,03-04-2021,9134.63,9300.84,9076.56,9109.85,9377.19,4626489,5744664.27,19.89,10.98,0.584,1.17,10127.04,7333.68,0.5,MIDCAP_PORTFOLIO,BUY,1565,9970.4,INR
IN003729,ULTRACEMCO,UltraTech Cement,BSE,INFRASTRUCTURE,03-04-2021,9448.41,9554.72,9266.62,9288.75,9644.82,1982933,1791784.29,76.38,5.12,1.131,0.902,10790.55,7302.33,1.2,MIDCAP_PORTFOLIO,BUY,1486,9907.37,INR
IN003749,ULTRACEMCO,UltraTech Cement,BSE,INFRASTRUCTURE,03-04-2021,9868.16,10429.34,9654.65,10344.67,10535.27,2659234,8284059.89,27.49,14.92,1.049,1.361,10739.98,8658.96,5.1,SECTORAL_PORTFOLIO,SELL,1056,11449.14,INR
IN003762,ULTRACEMCO,UltraTech Cement,BSE,INFRASTRUCTURE,03-04-2021,9832.91,10182.73,9723.48,9996.28,9868.63,3237906,7909963.82,29.8,7.16,3.831,1.886,10595.83,6766.98,5.1,NIFTY50_PORTFOLIO,SELL,146,9292.59,INR
IN003775,ULTRACEMCO,UltraTech Cement,BSE,INFRASTRUCTURE,03-04-2021,9508.26,9564.38,9024.38,9044.17,8961.06,2654143,8336241.92,43.495,4.22,2.024,1.708,11622.25,8906.56,5.1,MIDCAP_PORTFOLIO,BUY,676,11793.43,INR
IN000801,WIPRO,Wipro,BSE,TECHNOLOGY,03-04-2021,495.39,509.53,478.52,488.61,482.09,877314,229461.52,13.76,14.05,1.184,0.451,528.5,335.65,0.5,SECTORAL_PORTFOLIO,BUY,342,415.22,INR
IN000131,HDFCBANK,HDFC Bank,NSE,FINANCE,05-04-2021,1561.32,1597.88,1488.21,1489.18,1442.68,1202314,270275.3,67.03,1.41,2.608,1.804,1760.31,1038.55,1.2,MIDCAP_PORTFOLIO,BUY,321,1582.82,INR
IN000135,HDFCBANK,HDFC Bank,NSE,FINANCE,05-04-2021,1656.41,1675.51,1564.31,1578.41,1570.82,2613238,726208.21,45.39,3.06,0.363,1.09,2211.52,1275.1,1.2,MIDCAP_PORTFOLIO,HOLD,783,1739.71,INR
IN000137,HDFCBANK,HDFC Bank,NSE,FINANCE,05-04-2021,1641.32,1681.2,1502.38,1532.56,1560.41,1891942,1260419.74,41.99,4.24,3.309,0.862,2173.64,990.07,1.2,SECTORAL_PORTFOLIO,HOLD,1508,1884.87,INR
IN004990,HDFCBANK,HDFC Bank,NSE,FINANCE,05-04-2021,1641.24,1672.38,1562.25,1599.08,1558.72,2613429,1210671.27,8.85,1.19,2.468,0.806,2035.3,1387.08,0.5,NIFTY50_PORTFOLIO,BUY,1193,1405.9,INR
IN004226,SBIN,State Bank of India,NSE,FINANCE,05-04-2021,581,585.86,534.99,545.46,551.75,3894115,105428.37,44,6.81,2.314,1.1655,698.2,443.69,0,SECTORAL_PORTFOLIO,HOLD,1798,602.19,INR
IN004236,SBIN,State Bank of India,NSE,FINANCE,05-04-2021,597.04,612.74,590.12,597.96,602.8,4870286,104599.32,25.66,11.82,1.8405,1.685,815.15,546.06,5.1,NIFTY50_PORTFOLIO,BUY,1687,641.46,INR
IN004274,SBIN,State Bank of India,NSE,FINANCE,05-04-2021,575.71,612.96,559.5,599.52,614.58,1854544,245062.65,64.37,2.31,0.759,0.995,801.03,504.7,1.2,SECTORAL_PORTFOLIO,SELL,286,605.24,INR
IN004382,SBIN,State Bank of India,NSE,FINANCE,05-04-2021,619.48,639.81,602.95,619.48,628.86,4174422,156564.18,36.02,3.26,1.443,1.056,794.67,372.97,5.1,SECTORAL_PORTFOLIO,HOLD,1887,701.44,INR
IN004422,SBIN,State Bank of India,NSE,FINANCE,05-04-2021,594.37,615.46,580.62,602.63,593.66,4751028,260811.58,19.95,10.81,0.192,1.16,662.46,492.98,5.1,NIFTY50_PORTFOLIO,BUY,1275,495.04,INR
IN003918,TECHM,Tech Mahindra,NSE,TECHNOLOGY,05-04-2021,1310.91,1381.384702,1280.48,1280.48,1279.62,2381667,74452.33,38.66,13.41,2.833,1.08,1603.65,915,0,MIDCAP_PORTFOLIO,SELL,1543,1370.15,INR
IN003996,TECHM,Tech Mahindra,NSE,TECHNOLOGY,05-04-2021,1348.75,1355.34,1249.66,1287.5,1242.33,1130761,661623.79,44.16,6.89,2.6,1.843,1436.13,899.42,5.1,MIDCAP_PORTFOLIO,HOLD,130,1141.5,INR
IN004001,TECHM,Tech Mahindra,NSE,TECHNOLOGY,05-04-2021,1292.02,1395.91,1270.75,1370.49,1411.51,1216464,692729.42,54.19,6.74,2.719,1.956,1651.54,1178.47,0,SECTORAL_PORTFOLIO,HOLD,1692,1374.59,INR
IN004003,TECHM,Tech Mahindra,NSE,TECHNOLOGY,05-04-2021,1289.64,1357.6,1269.35,1339.52,1302.86,3422668,817828.95,42.3,7.36,2.624,1.745,1406.23,918.09,0,NIFTY50_PORTFOLIO,BUY,1739,1084.58,INR
IN004005,TECHM,Tech Mahindra,NSE,TECHNOLOGY,05-04-2021,1352.33,1367.64,1280.44,1307.79,1277.29,945750,238248.15,17.93,12.62,2.651,1.288,1589.95,1217.89,3.5,NIFTY50_PORTFOLIO,BUY,502,1155.98,INR
IN004025,TECHM,Tech Mahindra,NSE,TECHNOLOGY,05-04-2021,1244.51,1274.78,1185.17,1197.4,1213.77,1782618,172591.44,45.52,8.715,3.024,0.799,1622.53,859.89,2.3,NIFTY50_PORTFOLIO,SELL,1374,1390.13,INR
IN002614,ULTRACEMCO,UltraTech Cement,BSE,INFRASTRUCTURE,05-04-2021,9315.6,9591.42,9114.86,9532.71,9809.95,4057856,4307406,39.35,11.35,1.739,0.889,13268.53,8838.72,2.3,MIDCAP_PORTFOLIO,BUY,1628,10421.42,INR
IN002649,ULTRACEMCO,UltraTech Cement,BSE,INFRASTRUCTURE,05-04-2021,9351.21,9390.14,9071.95,9072.5,9299.85,1912779,4452398.58,8.15,6.69,1.846,1.498,10222.87,7287.38,3.5,MIDCAP_PORTFOLIO,SELL,1835,7167.93,INR
IN002663,ULTRACEMCO,UltraTech Cement,BSE,INFRASTRUCTURE,05-04-2021,9388.76,9857.55,9329.15,9843.56,10137.39,285374,3693428.33,43.495,7.44,3.457,0.594,12859.98,7857.92,3.5,NIFTY50_PORTFOLIO,SELL,192,8991.66,INR
IN002691,ULTRACEMCO,UltraTech Cement,BSE,INFRASTRUCTURE,05-04-2021,9815.14,9851.78,9717.18,9807.74,9848.35,845656,9398809.35,74.91,10.25,1.739,1.993,12691.76,6353.42,2.3,NIFTY50_PORTFOLIO,BUY,187,8148.82,INR
IN001985,ASIANPAINT,Asian Paints,BSE,CONSUMER GOODS,06-04-2021,2914.55,2932.32,2681.02,2914.55,2717.72,4255879,2308478.33,64.9,3.85,3.696,1.601,3214.72,2752.9,0.5,SECTORAL_PORTFOLIO,BUY,1642,3033.63,INR
IN002357,AXISBANK,Axis Bank,BSE,FINANCE,06-04-2021,1131.8,1208.39,1117.95,1201.67,1248.68,4877145,405569.06,79.88,1.91,3.137,0.58,1442.22,1020.05,3.5,MIDCAP_PORTFOLIO,BUY,1555,1367.24,INR
IN002392,AXISBANK,Axis Bank,BSE,FINANCE,06-04-2021,1127.45,1175.63,1107.44,1155.88,1170.09,1226358,529913.03,41.47,8.26,0.55,1.586,1455.33,875.55,0,SECTORAL_PORTFOLIO,HOLD,942,1054.82,INR
IN002401,AXISBANK,Axis Bank,BSE,FINANCE,06-04-2021,1123.73,1201.24,1098.52,1196.55,1158.04,1234110,414105.47,25.33,4.62,1.933,0.973,1236.94,735.2,0.5,MIDCAP_PORTFOLIO,SELL,1807,1003.48,INR
IN002427,AXISBANK,Axis Bank,BSE,FINANCE,06-04-2021,1140.66,1157.32,1092.89,1109.42,1094.29,3716431,592953.36,41.19,10.32,2.212,1.259,1316.35,692.22,0.5,MIDCAP_PORTFOLIO,BUY,392,826.29,INR
IN002694,HDFCBANK,HDFC Bank,NSE,FINANCE,06-04-2021,1669.58,1746.99,1647,1739.79,1807.09,2325267,785264.5,30.88,13.68,3.373,0.733,1769.27,1511.24,2.3,MIDCAP_PORTFOLIO,BUY,1330,1397.38,INR
IN002726,HDFCBANK,HDFC Bank,NSE,FINANCE,06-04-2021,1523.95,1546.52,1465.67,1523.95,1469.29,4023622,335536.82,69.94,2.65,1.212,0.456,1792.91,1091.84,0.5,MIDCAP_PORTFOLIO,HOLD,867,1436.67,INR
IN002739,HDFCBANK,HDFC Bank,NSE,FINANCE,06-04-2021,1632.38,1745.98,1602.47,1735.03,1764.41,4583552,251303.27,31.83,11.85,3.147,1.09,1735.03,1478.66,0,SECTORAL_PORTFOLIO,BUY,1391,1531.17,INR
IN002789,HDFCBANK,HDFC Bank,NSE,FINANCE,06-04-2021,1626.77,1708.67,1583.99,1703.22,1765.65,141006,224498.84,75.76,8.87,0.369,1.09,2164.52,1335.58,0,NIFTY50_PORTFOLIO,BUY,1674,1615.23,INR
IN002822,HDFCBANK,HDFC Bank,NSE,FINANCE,06-04-2021,1536.3,1543.83,1441.71,1448.86,1478.69,4193872,1490354.02,40.55,9.06,3.347,1.252,1889.14,1416.15,0.5,SECTORAL_PORTFOLIO,BUY,641,1670.55,INR
IN002866,HDFCBANK,HDFC Bank,NSE,FINANCE,06-04-2021,1644.55,1756.3,1638.89,1751.84,1738.16,1161952,798950.83,16.9,12.25,2.225,0.667,1751.84,1277.98,1.2,MIDCAP_PORTFOLIO,BUY,1121,1998.62,INR
IN002908,HDFCBANK,HDFC Bank,NSE,FINANCE,06-04-2021,1540.36,1561.94,1523.8,1523.85,1509.52,3853805,1182868.94,41.99,8.14,2.669,0.729,2015.85,1367.69,0,NIFTY50_PORTFOLIO,BUY,404,1223.3,INR
IN002925,HDFCBANK,HDFC Bank,NSE,FINANCE,06-04-2021,1552.11,1663.58,1550.48,1631.67,1569.25,3445784,411731.17,26.9,2.48,3.222,1.09,1728.87,1327.42,0,MIDCAP_PORTFOLIO,HOLD,895,1290.53,INR
IN002929,HDFCBANK,HDFC Bank,NSE,FINANCE,06-04-2021,1619.29,1624.71,1567.78,1592.61,1536.85,1301487,1300905.24,73.05,5.32,1.799,0.732,2041.39,1137.98,2.3,MIDCAP_PORTFOLIO,SELL,692,1321.51,INR
IN002972,HDFCBANK,HDFC Bank,NSE,FINANCE,06-04-2021,1611.47,1659.18,1537.26,1560.42,1536.53,3412767,1355123.33,49.03,7.68,0.026,1.707,2149.82,1461.08,0.5,NIFTY50_PORTFOLIO,BUY,1473,1365.47,INR
IN002992,HDFCBANK,HDFC Bank,NSE,FINANCE,06-04-2021,1534.98,1603.05,1514.89,1595.93,1646.99,1176246,195071.77,38.57,8.14,0.754,0.856,1885.19,1446.35,3.5,NIFTY50_PORTFOLIO,BUY,1428,1467.76,INR
IN003051,HDFCBANK,HDFC Bank,NSE,FINANCE,06-04-2021,1666.82,1683.05,1594.95,1635.55,1652.61,3227434,1213032.4,29.06,10.85,0.599,1.059,1697.7,1302.95,1.2,MIDCAP_PORTFOLIO,BUY,1330,1582.56,INR
IN004425,POWERGRID,Power Grid Corporation,BSE,UTILITIES,06-04-2021,238.52,241.82,226.84,238.52,224.97,2738023,108642.08,28.57,2.66,3.797,0.841,302.72,201.35,0,MIDCAP_PORTFOLIO,BUY,1712,276.24,INR
IN001413,BAJFINANCE,Bajaj Finance,NSE,NBFC,08-04-2021,7298.34,7937.22,7128.27,7728.95,7982,4304303,1964093.54,44.36,14.47,1.856,0.999,7728.95,5569.75,1.2,MIDCAP_PORTFOLIO,HOLD,101,5497.21,INR
IN001449,BAJFINANCE,Bajaj Finance,NSE,NBFC,08-04-2021,6786.17,7342.81,6657.38,7186.9,7011.45,4908671,6721107.39,9.7,11.43,1.856,0.551,7506.52,5953.68,5.1,NIFTY50_PORTFOLIO,BUY,1540,6683.75,INR
IN001471,BAJFINANCE,Bajaj Finance,BSE,NBFC,08-04-2021,6699.64,6823.8,6508.05,6712.06,6961.19,2923137,2261802.1,44.36,9.96,0.062,0.535,9699.28,5810.7,0.5,SECTORAL_PORTFOLIO,HOLD,684,5382.45,INR
IN001476,BAJFINANCE,Bajaj Finance,NSE,NBFC,08-04-2021,7090.74,7235.98,6635.61,6668.51,6638.84,1951266,1201993.86,50.06,7.47,1.193,0.912,8389.42,6261.76,3.5,MIDCAP_PORTFOLIO,BUY,942,8384.54,INR
IN001504,BAJFINANCE,Bajaj Finance,NSE,NBFC,08-04-2021,7121.48,7327.96,6684.43,7121.48,6920.73,3140965,6346455.11,25.07,4,1.371,0.898,7974.2,5233.92,2.3,MIDCAP_PORTFOLIO,HOLD,238,8469.02,INR
IN004126,BHARTIARTL,Bharti Airtel,NSE,TELECOMMUNICATION,08-04-2021,871.95,881.06,812.33,826.61,833.03,926805,503292.33,30.47,7.87,1.938,1.98,1228.58,603.46,0.5,SECTORAL_PORTFOLIO,BUY,983,764.62,INR
IN004128,BHARTIARTL,Bharti Airtel,NSE,TELECOMMUNICATION,08-04-2021,862.26,867.88,811.1,823.42,830.83,2018547,236876.27,25.97,8.39,0.558,1.203,999.1,661.55,2.3,SECTORAL_PORTFOLIO,HOLD,99,1098.11,INR
IN004119,HDFCBANK,HDFC Bank,NSE,FINANCE,08-04-2021,1650.15,1693.02,1507.67,1550.4,1502.47,4055458,1440806.71,57.64,5.53,1.483,0.947,1833.64,1063.71,1.2,NIFTY50_PORTFOLIO,SELL,1938,1471.67,INR
IN004124,HDFCBANK,HDFC Bank,NSE,FINANCE,08-04-2021,1612.19,1635.93,1465.76,1510.41,1565.25,2182323,1146742.39,21.67,11.69,1.979,0.721,2126.86,1267.75,5.1,MIDCAP_PORTFOLIO,BUY,512,1378.39,INR
IN000337,ONGC,Oil & Natural Gas Corp,NSE,ENERGY,08-04-2021,287.75,310.61,283.85,302.23,313.11,173263,235041.99,65.73,6.08,2.388,1.388,376.59,194.59,5.1,SECTORAL_PORTFOLIO,BUY,946,227.2,INR
IN000373,ONGC,Oil & Natural Gas Corp,NSE,ENERGY,08-04-2021,284.37,287.79,273.82,276.17,266.9,2914546,61208.76,29.31,4.34,1.99,1.822,321.88,208.28,1.2,NIFTY50_PORTFOLIO,HOLD,892,227.05,INR
IN000387,ONGC,Oil & Natural Gas Corp,NSE,ENERGY,08-04-2021,286.61,291.19,284.34,290.68,286.11,1923357,168155.26,63.44,11.07,0.933,1.146,369.55,250.13,3.5,SECTORAL_PORTFOLIO,BUY,1382,299.7,INR
IN000400,ONGC,Oil & Natural Gas Corp,NSE,ENERGY,08-04-2021,277.38,289.95,272.84,282.45,279.94,915500,19930.94,67.07,5.05,3.499,1.789,308.5,218.73,5.1,NIFTY50_PORTFOLIO,BUY,1698,318.19,INR
IN002221,RELIANCE,Reliance Industries,NSE,ENERGY,08-04-2021,2262.99,2346.54,2238.11,2341.16,2380.81,896087,1478311.03,33.8,8.43,2.851,0.479,2836.65,1661.03,5.1,SECTORAL_PORTFOLIO,BUY,1270,2126.5,INR
IN003354,SUNPHARMA,Sun Pharmaceutical,BSE,PHARMACEUTICALS,08-04-2021,1245.77,1252.99,1188.6,1217.08,1227.24,994889,611604.57,46.88,7.735,0.784,1.419,1625.72,995.79,1.2,MIDCAP_PORTFOLIO,SELL,842,913.17,INR
IN003364,SUNPHARMA,Sun Pharmaceutical,BSE,PHARMACEUTICALS,08-04-2021,1229.7,1321.15,1203.88,1229.7,1287.61,135240,470098.99,24.54,13.4,0.118,1.495,1460.42,994.26,0.5,SECTORAL_PORTFOLIO,SELL,1464,1463.69,INR
IN003426,SUNPHARMA,Sun Pharmaceutical,BSE,PHARMACEUTICALS,08-04-2021,1205.92,1218.99,1115.03,1134.61,1094.63,3197848,249702.26,22.77,8.46,0.371,1.565,1517.22,792.61,1.2,SECTORAL_PORTFOLIO,HOLD,736,902.3,INR
IN000376,ULTRACEMCO,UltraTech Cement,BSE,INFRASTRUCTURE,08-04-2021,9650.18,9772.72,9198.49,9397.11,9714.16,2878162,8445553.77,16.79,11.93,3.428,1.008,11062.06,6773.38,3.5,SECTORAL_PORTFOLIO,SELL,1248,11335.57,INR
IN003150,ICICIBANK,ICICI Bank,NSE,FINANCE,10-04-2021,945.01,970.98,872.84,895.7,898.56,1561007,588421.89,18.52,7.5,2.857,1.648,1143.21,834.94,0,MIDCAP_PORTFOLIO,BUY,1059,719.83,INR
IN003187,ICICIBANK,ICICI Bank,NSE,FINANCE,10-04-2021,962.71,1043.5,961.42,1028.83,1045.47,4039186,367580.47,23.67,10.53,3.146,0.86,1049.52,801.74,3.5,MIDCAP_PORTFOLIO,SELL,363,1063.64,INR
IN002204,POWERGRID,Power Grid Corporation,BSE,UTILITIES,10-04-2021,241.83,256.91,236.97,254.19,247.4,3368087,67697.96,31.54,9.11,3.656,1.397,263.7,193.59,0,SECTORAL_PORTFOLIO,HOLD,449,295.79,INR
IN000020,TCS,Tata Consultancy Services,NSE,TECHNOLOGY,10-04-2021,3633.58,3705.73,3598.72,3675.12,3542.99,4971422,835640.62,53.01,4.16,2.342,0.449,4716.31,2392.11,3.5,SECTORAL_PORTFOLIO,BUY,359,3771.91,INR
IN000024,TCS,Tata Consultancy Services,NSE,TECHNOLOGY,10-04-2021,3366.45,3452.3,3060.02,3132.92,3051.37,2734534,421790.16,11.92,14.24,0.369,0.692,4517.71,2862.65,2.3,SECTORAL_PORTFOLIO,SELL,304,4260.26,INR
IN002938,TCS,Tata Consultancy Services,NSE,TECHNOLOGY,10-04-2021,3366.3,3367.52,3093.41,3170.38,3227.93,3426446,1455083.96,43.14,3.57,3.144,1.062,4431.76,2831.97,0.5,NIFTY50_PORTFOLIO,HOLD,1784,3283.65,INR
IN002953,TCS,Tata Consultancy Services,NSE,TECHNOLOGY,10-04-2021,3557.98,3875.05,3475.44,3786.68,3703.96,1819395,1687523.81,16.33,11.16,1.553,1.425,3957.79,2482.77,3.5,NIFTY50_PORTFOLIO,BUY,1257,3691.46,INR
IN001516,ICICIBANK,ICICI Bank,NSE,FINANCE,11-04-2021,956.72,969.16,937.47,959.22,995.2,4692877,507790.9,48.21,2.86,2.569,1.881,1153.33,896.81,5.1,SECTORAL_PORTFOLIO,SELL,1644,900.18,INR
IN001524,ICICIBANK,ICICI Bank,NSE,FINANCE,11-04-2021,974.02,990.25,962.35,968.23,986.61,3558168,487752.09,58.2,13.45,3.702,0.683,1019.97,677.97,3.5,SECTORAL_PORTFOLIO,BUY,1287,1007.38,INR
IN002187,NTPC,NTPC Limited,NSE,UTILITIES,11-04-2021,348.25,349.76,337.1,346.81,349.15,2826081,286263.78,54.11,7.9,2.265,0.884,456.08,273.98,1.2,SECTORAL_PORTFOLIO,HOLD,173,431.67,INR
IN002194,NTPC,NTPC Limited,NSE,UTILITIES,11-04-2021,357.64,359.96,341.61,346.96,355.23,2453507,329043.19,62.02,9.34,2.035,0.672,412.1,266.51,0,SECTORAL_PORTFOLIO,BUY,1978,326.26,INR
IN001228,ONGC,Oil & Natural Gas Corp,NSE,ENERGY,11-04-2021,287.89,313.83,280.44,308.02,316.36,3570597,203636,21.14,8.35,1.678,1.146,308.02,217,2.3,MIDCAP_PORTFOLIO,BUY,1222,243.12,INR
IN001236,ONGC,Oil & Natural Gas Corp,NSE,ENERGY,11-04-2021,286.45,297.24,282.19,295.04,298.5,91503,168155.26,37.72,5.9,3.683,0.684,299.14,231.16,1.2,MIDCAP_PORTFOLIO,SELL,686,307.56,INR
IN004665,SUNPHARMA,Sun Pharmaceutical,BSE,PHARMACEUTICALS,11-04-2021,1233.18,1247.81,1152.21,1157.53,1171.74,4677976,604430.03,15.78,4.41,3.566,1.411,1478.69,870.37,5.1,SECTORAL_PORTFOLIO,BUY,1156,1208.95,INR
IN001388,ASIANPAINT,Asian Paints,BSE,CONSUMER GOODS,01-05-2021,2894.17,3038.88,2854.04,2978.39,2933.98,1138921,1621839.24,10.17,2.36,1.677,0.684,4040.98,2367.79,0.5,NIFTY50_PORTFOLIO,HOLD,526,3657.16,INR
IN001355,LT,Larsen & Toubro,NSE,INFRASTRUCTURE,01-05-2021,3106.69,3336.84,3070.89,3254,3160.77,1925436,3062632.28,64.61,8.12,1.9605,1.848,3949.6,2642.62,0,NIFTY50_PORTFOLIO,BUY,692,3530.2,INR
IN002293,TITAN,Titan Company,BSE,CONSUMER GOODS,01-05-2021,3415.94,3508.71,3405.69,3464.43,3365.92,4688559,1835830.275,22.22,14.38,0.759,1.507,4197.01,2863.18,5.1,MIDCAP_PORTFOLIO,BUY,153,3530.92,INR
IN002365,TITAN,Titan Company,BSE,CONSUMER GOODS,01-05-2021,3237.36,3244.4,3076.73,3166.39,3202.28,4172097,1437060.56,10.44,11.55,3.168,1.316,4305.3,2677.96,2.3,NIFTY50_PORTFOLIO,BUY,926,3279.95,INR
IN002377,TITAN,Titan Company,BSE,CONSUMER GOODS,01-05-2021,3251.84,3313.68,2974.36,3028.7,3091.07,4604753,2813380.41,33.11,9.57,3.393,1.609,4753.22,2127.62,1.2,SECTORAL_PORTFOLIO,HOLD,1296,4216.16,INR
IN004825,WIPRO,Wipro,BSE,TECHNOLOGY,01-05-2021,505.55,515.65,484.31,488.58,493.14,156298,216403.07,45.04,13.75,1.122,0.977,598.4,323.69,0.5,MIDCAP_PORTFOLIO,BUY,428,592.92,INR
IN004924,ADANIENT,Adani Enterprises,NSE,CONGLOMERATE,02-05-2021,2805.65,2993.97,2752.35,2942.25,2866.7,2208959,1598396.39,63.21,10.07,1.494,0.754,3647.72,1789.66,3.5,SECTORAL_PORTFOLIO,SELL,373,3246.5,INR
IN004940,ADANIENT,Adani Enterprises,NSE,CONGLOMERATE,02-05-2021,2692.04,2739.67,2659.85,2692.04,2798.78,679816,2418753.91,10.48,7.33,3.474,0.806,3788.77,1957.8,3.5,NIFTY50_PORTFOLIO,HOLD,857,3082.1,INR
IN004966,ADANIENT,Adani Enterprises,NSE,CONGLOMERATE,02-05-2021,2715.69,2879.35,2666.79,2842.45,2796.3,2049154,2119710.09,28.7,3.98,2.925,0.606,3232.23,1855.84,2.3,SECTORAL_PORTFOLIO,BUY,1641,2985.58,INR
IN004970,ADANIENT,Adani Enterprises,NSE,CONGLOMERATE,02-05-2021,2935.07,3007.11,2859.26,2888.84,2828.91,4518633,1465764.67,40.83,8.58,1.92,1.165,3249.02,2085.76,0.5,SECTORAL_PORTFOLIO,BUY,941,2539.88,INR
IN004938,HINDUNILVR,Hindustan Unilever,NSE,FMCG,02-05-2021,2512.79,2620.42,2446.41,2581.98,2486.82,1497148,214013.34,49.82,1.17,3.416,1.287,3395.63,1695.07,0.5,NIFTY50_PORTFOLIO,HOLD,599,2969.45,INR
IN001593,SBIN,State Bank of India,NSE,FINANCE,02-05-2021,613.08,629.81,567.65,581.82,588.14,306653,272012.75,38.61,1.15,1.128,1.453,737.78,379.36,3.5,NIFTY50_PORTFOLIO,BUY,91,600.1,INR
IN001617,SBIN,State Bank of India,NSE,FINANCE,02-05-2021,627.15,642.09,623.01,624.99,646,3330379,166585.99,75.09,8.26,2.277,0.673,701,363.18,3.5,SECTORAL_PORTFOLIO,BUY,580,485.51,INR
IN001631,SBIN,State Bank of India,NSE,FINANCE,02-05-2021,583.23,623.79,570.82,606.85,600.2,3787853,309241.98,44.1,2.69,3.384,0.632,764.78,385.49,2.3,SECTORAL_PORTFOLIO,HOLD,1328,618.22,INR
IN001661,SBIN,State Bank of India,NSE,FINANCE,02-05-2021,607.15,620.65,577.38,593.13,585.97,3763500,44477.97,39.7,8.47,0.945,1.116,828.29,417.9,5.1,SECTORAL_PORTFOLIO,BUY,357,658.1,INR
IN002825,INFY,Infosys,NSE,TECHNOLOGY,03-05-2021,1569.12,1614.31,1486.86,1501.23,1467.36,4771788,1279041.64,40.86,9.76,1.432,1.687,1789.72,1139.42,0,MIDCAP_PORTFOLIO,BUY,734,1424.02,INR
IN002834,INFY,Infosys,NSE,TECHNOLOGY,03-05-2021,1487.68,1586.7,1471.56,1585.24,1553.87,2388298,888705.34,52.18,3.26,0.714,0.743,1643.62,1131.55,5.1,MIDCAP_PORTFOLIO,HOLD,1846,1736.75,INR
IN002927,INFY,Infosys,NSE,TECHNOLOGY,03-05-2021,1454.25,1590.82,1425.28,1545.66,1490.94,3609922,846106.54,40.15,2.76,0.325,1.885,1602.15,1188.05,2.3,NIFTY50_PORTFOLIO,SELL,1856,1391.41,INR
IN002944,INFY,Infosys,NSE,TECHNOLOGY,03-05-2021,1451.23,1558.59,1422.17,1514.68,1501.98,4041082,475931.23,14.45,12.79,3.12,0.516,1655.67,1008.99,0.5,NIFTY50_PORTFOLIO,HOLD,1778,1323.24,INR
IN002965,INFY,Infosys,NSE,TECHNOLOGY,03-05-2021,1494,1572.117252,1494,1494,1509.78,1007674,1131893.19,33.01,8.085,3.572,1.165,1854.85,1281.76,2.3,MIDCAP_PORTFOLIO,BUY,1458,1457.15,INR
IN000804,RELIANCE,Reliance Industries,NSE,ENERGY,03-05-2021,2272.02,2424.24,2264.24,2354.94,2394.33,3451148,1282143.18,68.26,12.42,3.58,0.583,2920.01,1742.67,0,MIDCAP_PORTFOLIO,HOLD,935,2123.66,INR
IN001586,HDFCBANK,HDFC Bank,NSE,FINANCE,04-05-2021,1574.29,1627.07,1534.44,1592.93,1633.13,3326299,634075.5,33.46,12.12,3.767,1.18,1712.19,1001.18,2.3,NIFTY50_PORTFOLIO,BUY,977,1323.79,INR
IN000671,HCLTECH,HCL Technologies,NSE,TECHNOLOGY,05-05-2021,1502.74,1607.05,1485.21,1564.47,1551.44,797111,710678.88,47.65,11.37,0.92,0.6,2082.98,1099.91,0.5,SECTORAL_PORTFOLIO,BUY,246,1751.35,INR
IN000671,HCLTECH,HCL Technologies,NSE,TECHNOLOGY,05-05-2021,1502.74,1607.05,1485.21,1564.47,1551.44,797111,710679,47.65,11.37,0.92,0.6,2082.98,1099.91,0.5,SECTORAL_PORTFOLIO,BUY,246,1751.35,INR
IN004658,HINDUNILVR,Hindustan Unilever,NSE,FMCG,05-05-2021,2475.57,2489.14,2282.8,2350.7,2443.5,2025761,1728012.56,10.05,10.56,0.692,0.607,2806.26,2350.7,0.5,SECTORAL_PORTFOLIO,BUY,998,2207.32,INR
IN004702,HINDUNILVR,Hindustan Unilever,NSE,FMCG,05-05-2021,2577.77,2682.14,2536.46,2607.36,2524.4,2201200.5,1498103.65,16.77,2.08,3.059,1.41,3302.13,2142.29,5.1,MIDCAP_PORTFOLIO,BUY,122,2576.62,INR
IN004743,HINDUNILVR,Hindustan Unilever,NSE,FMCG,05-05-2021,2540.88,2551.15,2382.12,2430.35,2497.11,2071677,1498693.88,53.27,11.85,3.34,0.962,3302.73,2195.36,2.3,NIFTY50_PORTFOLIO,HOLD,1800,2761.95,INR
IN004763,HINDUNILVR,Hindustan Unilever,NSE,ENERGY,05-05-2021,2608.95,2758.11,2548.52,2748.98,2745.52,4904256,1398609.34,27.42,10.87,3.8,1.948,2860.37,1855.66,2.3,MIDCAP_PORTFOLIO,HOLD,882,3052.17,INR
IN004769,HINDUNILVR,Hindustan Unilever,NSE,FMCG,05-05-2021,2603.71,2720.33,2548.23,2683.93,2768.12,2535760,1398609.34,47.55,7.28,2.026,1.299,3155.45,1834.74,1.2,NIFTY50_PORTFOLIO,BUY,212,2897.82,INR
IN004784,HINDUNILVR,Hindustan Unilever,NSE,FMCG,05-05-2021,2409.25,2532.74,2361.9,2503.16,2521.54,3067111,1398609.34,16.29,1.13,3.608,1.613,2913.28,2366.11,0,SECTORAL_PORTFOLIO,SELL,1834,3029.64,INR
IN000704,ICICIBANK,ICICI Bank,NSE,FINANCE,05-05-2021,986.51,1007.52,959.9,976.58,938.1,4157194,106602.66,34.9,1.16,2.28,1.239,1036.43,877.41,1.2,SECTORAL_PORTFOLIO,BUY,1152,994.21,INR
IN000737,ICICIBANK,ICICI Bank,NSE,FINANCE,05-05-2021,968.09,978.46,914.65,942.93,960,3595607,307027.3,73.75,14.54,0.568,1.304,1229.48,610.11,1.2,NIFTY50_PORTFOLIO,HOLD,1057,843.84,INR
IN000754,ICICIBANK,ICICI Bank,NSE,FINANCE,05-05-2021,942.4,994.89,923.83,980,991.73,4471948,153047.57,10.03,7.5,0.35,0.943,1154.83,689.43,0.5,NIFTY50_PORTFOLIO,BUY,654,1132.91,INR
IN000762,ICICIBANK,ICICI Bank,NSE,FINANCE,05-05-2021,968.78,988.71,924.04,926.3,927.51,1189037,167181.85,56.09,3.2,3.282,0.756,1297.04,823.64,0,SECTORAL_PORTFOLIO,SELL,509,1147.87,INR
IN000787,ICICIBANK,ICICI Bank,NSE,FINANCE,05-05-2021,965.47,981.22,963.23,973.41,971.41,677403,458821.68,44.13,11.63,2.708,1.596,1284.96,834.14,5.1,SECTORAL_PORTFOLIO,HOLD,1968,936.05,INR
IN002988,ONGC,Oil & Natural Gas Corp,NSE,ENERGY,05-05-2021,266.06,276.12,262.91,270.63,268.98,2699963.5,168155.26,15.79,7.9,2.037,0.89,314.85,230.34,1.2,MIDCAP_PORTFOLIO,BUY,46,271.01,INR
IN002996,ONGC,Oil & Natural Gas Corp,NSE,ENERGY,05-05-2021,291.03,306.5,283.34,304.05,314.64,3142182,187397.65,40.81,1.01,3.421,1.616,316.4,244.5,2.3,MIDCAP_PORTFOLIO,SELL,1231,338.18,INR
IN003019,ONGC,Oil & Natural Gas Corp,NSE,ENERGY,05-05-2021,267.32,270.07,256.36,258.76,262.1,4818387,211596.98,56.14,3.55,3.653,0.593,297.83,182.44,0.5,SECTORAL_PORTFOLIO,BUY,1572,279.9,INR
IN003021,ONGC,Oil & Natural Gas Corp,NSE,ENERGY,05-05-2021,292.77,309.02,285.25,292.77,302.97,667178,166479.36,29.09,4.78,2.456,1.559,373.27,181.21,2.3,NIFTY50_PORTFOLIO,BUY,319,247.48,INR
IN003102,ONGC,Oil & Natural Gas Corp,NSE,ENERGY,05-05-2021,276.16,301.05,268.24,295.01,295.4,1939572,96068.27,72.51,2.48,3.279,1.717,347.6,221.85,0.5,SECTORAL_PORTFOLIO,BUY,1953,307.44,INR
IN003149,ONGC,Oil & Natural Gas Corp,NSE,ENERGY,05-05-2021,278.51,281.11,256.36,259.75,251.86,4039039,168155.26,41.02,12.04,0.812,0.647,387.71,192.61,2.3,SECTORAL_PORTFOLIO,BUY,1151,274.97,INR
IN003168,ONGC,Oil & Natural Gas Corp,NSE,ENERGY,05-05-2021,284.97,286.73,264.61,270.42,263.18,3802272,206715.35,23.55,10.35,2.037,1.146,303.1,176.44,3.5,NIFTY50_PORTFOLIO,BUY,1626,213.66,INR
IN003240,ONGC,Oil & Natural Gas Corp,NSE,ENERGY,05-05-2021,293.99,303.06,287.21,302.44,306.25,2796554,214455.1,32.19,8.72,3.865,1.877,388.83,226.32,3.5,MIDCAP_PORTFOLIO,HOLD,1995,339.14,INR
IN002470,WIPRO,Wipro,BSE,TECHNOLOGY,05-05-2021,522.7,538.22,503.57,518.1,507.69,4768891,362910.06,30.95,9.84,1.314,0.577,666.2,388.37,5.1,SECTORAL_PORTFOLIO,BUY,1672,526.88,INR
IN002558,WIPRO,Wipro,BSE,TECHNOLOGY,05-05-2021,522.64,533.6,495.14,504.51,484.73,1520128,345801.12,15.77,8.38,3.852,1.566,662.34,467.57,2.3,MIDCAP_PORTFOLIO,BUY,155,469.87,INR
IN002597,WIPRO,Wipro,BSE,TECHNOLOGY,05-05-2021,514.09,549.19,509.58,546.27,534.9,3904673,349532.01,26.38,9.66,2.757,1.301,661.13,338.39,1.2,MIDCAP_PORTFOLIO,BUY,1210,534.89,INR
IN002603,WIPRO,Wipro,BSE,TECHNOLOGY,05-05-2021,500.73,508.19,497.57,503.49,511.37,3304192,109616.63,29.25,6.42,3.228,0.772,661.1,446.98,1.2,MIDCAP_PORTFOLIO,BUY,276,533.26,INR
IN002612,WIPRO,Wipro,BSE,TECHNOLOGY,05-05-2021,514.33,544.83,510.33,530.33,530.75,4737862,419224.29,71.69,7.97,0.675,1.599,660.01,421.4,3.5,SECTORAL_PORTFOLIO,SELL,1880,422.04,INR
IN000616,ASIANPAINT,Asian Paints,BSE,CONSUMER GOODS,07-05-2021,2897.49,2952.99,2775.11,2816.96,2734.47,3368755,2105636.47,8.12,9.09,2.349,0.429,4067.04,2444.4,0,NIFTY50_PORTFOLIO,HOLD,771,3732.07,INR
IN000638,ASIANPAINT,Asian Paints,BSE,CONSUMER GOODS,07-05-2021,2924.93,2927.17,2701.05,2754.04,2657.69,1161509,315000.28,24.22,9.97,2.185,1.424,4112.13,1907.38,5.1,MIDCAP_PORTFOLIO,BUY,439,3166.42,INR
IN000641,ASIANPAINT,Asian Paints,BSE,CONSUMER GOODS,07-05-2021,2949.63,2965.67,2910.7,2954.59,2882.41,3457295,1731136.66,71.59,5.49,3.077,1.673,3482.56,2599.07,3.5,NIFTY50_PORTFOLIO,HOLD,772,3494.47,INR
IN000181,RELIANCE,Reliance Industries,NSE,ENERGY,07-05-2021,2271.35,2397.37,2256.1,2335.93,2423.14,1809718,560177.13,68.21,14.91,1.829,1.71,2893.23,1342.82,5.1,NIFTY50_PORTFOLIO,HOLD,714,1865.53,INR
IN000182,RELIANCE,Reliance Industries,NSE,ENERGY,07-05-2021,2228.61,2275.46,2116.54,2163.55,2200.33,898419,533915.05,26.34,3.09,2.134,1.264,2163.55,1942.96,0.5,SECTORAL_PORTFOLIO,HOLD,128,2084.88,INR
IN000194,RELIANCE,Reliance Industries,NSE,ENERGY,07-05-2021,2245.5,2273.17,2162.34,2203.69,2267.61,4853403,1546371.92,78.13,12.05,2.134,1.127,2879.7,1909.13,2.3,NIFTY50_PORTFOLIO,BUY,1217,1734.94,INR
IN000222,RELIANCE,Reliance Industries,NSE,ENERGY,07-05-2021,2181.26,2194.67,1973.92,2029.05,1999.55,2422094,2094637.87,37.13,5.01,2.756,1.561,2493.37,1523.7,2.3,NIFTY50_PORTFOLIO,SELL,492,2646.22,INR
IN000223,RELIANCE,Reliance Industries,NSE,ENERGY,07-05-2021,2178.51,2338.98,2160.64,2291.82,2328.94,2919297,181812.79,60.67,9.17,1.632,1.494,2772.36,1828.72,3.5,NIFTY50_PORTFOLIO,BUY,1083,2244.89,INR
IN000245,RELIANCE,Reliance Industries,NSE,ENERGY,07-05-2021,2273.22,2399.66,2206.93,2399.4,2391.51,3807781,2097229.43,76.82,14.2,0.495,1.144,2632.45,1384.13,0.5,MIDCAP_PORTFOLIO,BUY,1066,2272.66,INR
IN004967,TECHM,Tech Mahindra,NSE,ENERGY,07-05-2021,1266.24,1333.32,1236.49,1306.28,1328.81,4461788,155576.4,16.74,12.94,1.267,1.218,1427.62,1080.89,1.2,SECTORAL_PORTFOLIO,BUY,1912,1065.5,INR
IN002977,BAJFINANCE,Bajaj Finance,NSE,NBFC,08-05-2021,6727.1,6953.47,6694.87,6727.1,7015.47,4148474,6617176.21,9.23,14.5,0.201,0.418,9358.11,6224.81,1.2,NIFTY50_PORTFOLIO,BUY,932,5614.9,INR
IN003963,BAJFINANCE,Bajaj Finance,NSE,NBFC,08-05-2021,6843.15,7002.1,6543.34,6629.24,6452.2,166888,1539362.68,61.8,13.15,1.429,1.439,8802.13,5998.88,0,MIDCAP_PORTFOLIO,HOLD,575,6404.33,INR
IN002469,MARUTI,Maruti Suzuki,BSE,AUTOMOBILE,08-05-2021,9533.01,9975.57,9417.53,9533.01,10072.12,2202689,6310880.55,30.91,3.02,2.504,1.433,10883.02,6603,1.2,NIFTY50_PORTFOLIO,BUY,174,8479.71,INR
IN002484,MARUTI,Maruti Suzuki,BSE,AUTOMOBILE,08-05-2021,9753.38,10596.92,9552.87,10425.05,10138.39,900277,1242067.91,34.64,11.19,1.866,1.186,12084.77,7345.28,1.2,MIDCAP_PORTFOLIO,BUY,1484,12043.57,INR
IN002515,MARUTI,Maruti Suzuki,BSE,AUTOMOBILE,08-05-2021,10014.78,10227.2,9774.36,10014.78,10055.75,2566969,7393019.42,28.52,8.73,2.699,1.944,13342.28,7922.98,0,SECTORAL_PORTFOLIO,BUY,587,11827.99,INR
IN002532,MARUTI,Maruti Suzuki,BSE,AUTOMOBILE,08-05-2021,9602.77,9819.03,8931.7,9125.66,8983.59,2884175,5033065.11,74.54,11.07,2.674,1.219,11780.67,8805.54,0.5,NIFTY50_PORTFOLIO,BUY,368,8109.99,INR
IN003110,ADANIENT,Adani Enterprises,NSE,CONGLOMERATE,10-05-2021,2714.45,2829.39,2697.81,2802.32,2732.96,3916274,1432797.33,57.97,10.7,2.582,0.87,3742.11,1949.65,5.1,MIDCAP_PORTFOLIO,BUY,105,2749.7,INR
IN003122,ADANIENT,Adani Enterprises,NSE,CONGLOMERATE,10-05-2021,2851.13,3034.01,2768.41,2957.35,3003.31,4072255,2386944.32,14.62,4.73,1.512,0.742,3013.22,1807.66,5.1,MIDCAP_PORTFOLIO,SELL,1523,3274.8,INR
IN003143,ADANIENT,Adani Enterprises,NSE,CONGLOMERATE,10-05-2021,2735.11,2773.24,2699.53,2772.12,2800.17,1950611,2671453.08,72.59,4.83,1.8295,1.941,3814.85,2359.41,2.3,NIFTY50_PORTFOLIO,BUY,1424,2972,INR
IN003155,ADANIENT,Adani Enterprises,NSE,CONGLOMERATE,10-05-2021,2897.58,2969.3,2757.49,2841.14,2891.67,4076108,2128211.59,64.3,1.49,0.117,1.182,3150.79,2459.49,0.5,NIFTY50_PORTFOLIO,BUY,1132,2284.58,INR
IN003158,ADANIENT,Adani Enterprises,NSE,CONGLOMERATE,10-05-2021,2836.24,3002.55,2778.66,2936.49,2909.61,2279228,342443.79,68.94,10.59,2.124,0.913,3638.25,1751.62,3.5,SECTORAL_PORTFOLIO,BUY,923,3256.95,INR
IN003165,ADANIENT,Adani Enterprises,NSE,CONGLOMERATE,10-05-2021,2832.33,2891.53,2770.24,2863.17,2779.36,4018024,237897.19,72.81,5.5,0.444,0.413,3797.67,1891.5,5.1,NIFTY50_PORTFOLIO,BUY,70,3355.78,INR
IN003191,ADANIENT,Adani Enterprises,NSE,CONGLOMERATE,10-05-2021,2897.73,3017.53,2866.23,2992.26,3014.2,2623489,1061828.56,28.61,8.71,0.601,0.413,2992.26,2095.94,1.2,NIFTY50_PORTFOLIO,BUY,337,3115.44,INR
IN000828,AXISBANK,Axis Bank,BSE,FINANCE,10-05-2021,1093.9,1104.43,1009.82,1020.66,981.92,3688934,871824.35,8.4,11.24,3.386,1.087,1446.93,987.44,0,MIDCAP_PORTFOLIO,BUY,684,1334.81,INR
IN004540,AXISBANK,Axis Bank,BSE,FINANCE,10-05-2021,1093.92,1127.54,1074.76,1096.43,1129.24,4125469,1089673.68,41.47,13.23,0.795,1.978,1407.91,766.75,3.5,NIFTY50_PORTFOLIO,BUY,1955,1036.15,INR
IN004546,AXISBANK,Axis Bank,BSE,FINANCE,10-05-2021,1134.69,1217.51,1107.23,1187.02,1179.41,4982188,815923.37,16.77,7.91,1.933,1.742,1223.87,820.76,3.5,NIFTY50_PORTFOLIO,HOLD,438,1172.94,INR
IN004559,AXISBANK,Axis Bank,BSE,FINANCE,10-05-2021,1153.08,1180.06,1106.37,1117.02,1145.04,1554683,487915.38,42.84,7.45,3.252,1.711,1325.1,921.41,3.5,MIDCAP_PORTFOLIO,BUY,1532,925.61,INR
IN003064,HDFCBANK,HDFC Bank,NSE,FINANCE,10-05-2021,1670.54,1719.78,1655.52,1670.54,1630.67,3410301,243790.92,76.52,5.54,0.444,0.823,1730.13,1027.28,0,NIFTY50_PORTFOLIO,BUY,24,1623.99,INR
IN003080,HDFCBANK,HDFC Bank,NSE,FINANCE,10-05-2021,1542.66,1579.86,1436.65,1446.21,1477.17,51803,656352.49,73.75,9.88,1.979,1.011,2038.31,1446.21,1.2,SECTORAL_PORTFOLIO,HOLD,190,1346.44,INR
IN003666,HINDUNILVR,Hindustan Unilever,NSE,FMCG,10-05-2021,2558.21,2601.71,2530.47,2548.96,2587.58,2011016,1398609.34,71.52,2.26,1.265,0.655,3134.02,2069.16,1.2,SECTORAL_PORTFOLIO,BUY,1511,2923.23,INR
IN003687,HINDUNILVR,Hindustan Unilever,NSE,FMCG,10-05-2021,2583.72,2632.02,2396.6,2426.13,2513.82,392603,2359014.76,51.5,6.93,2.508,1.775,2967.05,1831.37,3.5,MIDCAP_PORTFOLIO,BUY,1694,2245.29,INR
IN003698,HINDUNILVR,Hindustan Unilever,NSE,FMCG,10-05-2021,2565.71,2641,2488.55,2530.51,2477.77,654010,378130.84,18.72,5.5,3.203,1.7,2686.85,1542.79,5.1,NIFTY50_PORTFOLIO,BUY,268,2454.61,INR
IN000615,HDFCBANK,HDFC Bank,NSE,FINANCE,11-05-2021,1647.03,1695.9,1645.48,1676.39,1661.03,855741,701818.59,12.42,11.35,3.31,1.104,2137.32,1133.46,3.5,MIDCAP_PORTFOLIO,BUY,1475,1309.11,INR
IN000615,HDFCBANK,HDFC Bank,BSE,FINANCE,11-05-2021,1647.03,1695.9,1645.48,1676.39,1661.03,855741,701818.59,12.42,11.35,3.31,1.104,2137.32,1133.46,3.5,MIDCAP_PORTFOLIO,BUY,1475,1309.11,INR
IN000632,HDFCBANK,HDFC Bank,NSE,FINANCE,11-05-2021,1628.67,1735.08,1580.6,1628.67,1722.2,4438135,675768.91,62.86,6.34,0.659,1.218,2115.91,1199.34,3.5,SECTORAL_PORTFOLIO,BUY,1599,1569.03,INR
IN000676,HDFCBANK,HDFC Bank,NSE,FINANCE,11-05-2021,1561.97,1683.06,1557.54,1657.83,1627.99,3864582,798950.83,58.15,6.7,1.608,1.765,2222.52,1395.69,3.5,MIDCAP_PORTFOLIO,BUY,122,1589.06,INR
IN000685,HDFCBANK,HDFC Bank,NSE,FINANCE,11-05-2021,1570.37,1582.29,1503.95,1547.39,1554.38,3671552,887330.47,28.96,11.86,2.885,0.859,1836.97,964.74,3.5,MIDCAP_PORTFOLIO,HOLD,1334,1215.85,INR
IN000706,HDFCBANK,HDFC Bank,NSE,FINANCE,11-05-2021,1652.56,1662.38,1504.38,1652.56,1501.49,4042720,1205585.42,67.18,4.64,0.176,1.09,1972.27,1204.22,2.3,NIFTY50_PORTFOLIO,BUY,1385,1555.58,INR
IN000720,HDFCBANK,HDFC Bank,NSE,FINANCE,11-05-2021,1679.62,1728.23,1544.44,1563.44,1588.3,1064940,798950.83,55.7,8.7,2.765,0.816,2161.97,964.32,3.5,NIFTY50_PORTFOLIO,HOLD,1748,1746.36,INR
IN001316,INFY,Infosys,NSE,TECHNOLOGY,11-05-2021,1513.21,1626.9,1477.79,1611.95,1628.53,1953651,1156086.89,39.855,3.74,0.942,1.285,1836.1,1188,0,MIDCAP_PORTFOLIO,SELL,973,1125.1,INR
IN001357,INFY,Infosys,NSE,TECHNOLOGY,11-05-2021,1520.77,1548.21,1459.85,1520.77,1519.56,1432255,1197783,43.87,11.65,3.938,0.486,1610.02,1135.64,5.1,MIDCAP_PORTFOLIO,BUY,637,1152.56,INR
IN001712,INFY,Infosys,NSE,TECHNOLOGY,11-05-2021,1558.54,1573.68,1503.78,1529.55,1554.18,321015,757662.76,21.56,13.89,1.8,0.928,1636.13,1020.67,2.3,SECTORAL_PORTFOLIO,BUY,1053,1730.61,INR
IN001773,INFY,Infosys,NSE,TECHNOLOGY,11-05-2021,1433.07,1462.71,1401.63,1456.35,1497.32,3151932,345926.79,27.21,8.085,2.395,1.412,2068.59,1240.66,0,MIDCAP_PORTFOLIO,BUY,1930,1391.24,INR
IN003124,INFY,Infosys,NSE,TECHNOLOGY,11-05-2021,1460.62,1528.41,1458.7,1527.36,1586.75,2959946,166706.4,18.81,13.73,2.394,1.471,1636.88,910.47,2.3,SECTORAL_PORTFOLIO,BUY,661,1218.04,INR
IN003163,INFY,Infosys,NSE,TECHNOLOGY,11-05-2021,1434.02,1441.74,1324.3,1361.56,1319.07,2869785,382738.75,55.63,4.23,3.506,0.514,1624.6,986.21,5.1,NIFTY50_PORTFOLIO,BUY,1640,1717.24,INR
IN000277,TITAN,Titan Company,BSE,CONSUMER GOODS,11-05-2021,3448.48,3583.483776,3409.62,3409.62,3538.1,1249037,1835830.275,38.24,7.7,3.355,1.712,4047.9,2162.24,0.5,SECTORAL_PORTFOLIO,BUY,409,3387.63,INR
IN000300,TITAN,Titan Company,BSE,CONSUMER GOODS,11-05-2021,3435.03,3644.51,3373.7,3573.03,3647.64,2389908.5,786905.71,69.46,2.06,1.563,0.426,3729.88,3157.54,5.1,NIFTY50_PORTFOLIO,BUY,71,2918.94,INR
IN000331,TITAN,Titan Company,BSE,CONSUMER GOODS,11-05-2021,3354.3,3393.59,3235.77,3253.51,3260.52,4672363,2521815.28,13.32,12.39,1.395,0.699,4153.86,3222.06,0.5,NIFTY50_PORTFOLIO,HOLD,1014,3229.48,INR
IN000356,TITAN,Titan Company,BSE,CONSUMER GOODS,11-05-2021,3473.16,3781.36,3446.12,3699.46,3660.67,2389908.5,554869.68,51.69,5.88,1.354,1.816,3699.46,2966.66,0,SECTORAL_PORTFOLIO,BUY,259,3369.64,INR
IN003040,AXISBANK,Axis Bank,BSE,FINANCE,01-06-2021,1063.61,1075.56,1015.54,1063.61,1021.4,3292442,773875.76,38.79,2.29,0.513,1.347,1479.69,973.29,1.2,SECTORAL_PORTFOLIO,BUY,1529,1324.06,INR
IN003129,AXISBANK,Axis Bank,BSE,FINANCE,01-06-2021,1055.38,1074.85,1024.15,1055.81,1022.95,2567755,529913.03,19.2,2.54,3.248,1.292,1172.59,809.12,0,MIDCAP_PORTFOLIO,SELL,1594,1080.44,INR
IN003135,AXISBANK,Axis Bank,BSE,FINANCE,01-06-2021,1056.57,1108.84,1049.99,1108.46,1105.62,2897578,369619.22,30.01,12.47,2.913,1.526,1485.69,791.33,2.3,MIDCAP_PORTFOLIO,BUY,25,1201.28,INR
IN004257,AXISBANK,Axis Bank,BSE,FINANCE,01-06-2021,1049.41,1074.96,1038.29,1070.49,1093.67,504573,319436.76,52.07,1.01,1.685,1.272,1334.86,850.72,5.1,MIDCAP_PORTFOLIO,BUY,924,1131.94,INR
IN004269,AXISBANK,Axis Bank,BSE,FINANCE,01-06-2021,1121.87,1133.69,1116.78,1129.1,1095.86,4885240,859787.12,54.8,9.85,2.268,1.076,1241.01,760.04,3.5,NIFTY50_PORTFOLIO,SELL,267,1295.12,INR
IN004287,AXISBANK,Axis Bank,BSE,FINANCE,01-06-2021,1063.73,1063.88,980.81,1003.26,999.47,2481852,452962.24,17.19,8.65,2.186,1.956,1347.28,826.08,3.5,MIDCAP_PORTFOLIO,SELL,1618,1095.24,INR
IN004292,AXISBANK,Axis Bank,BSE,FINANCE,01-06-2021,1140.38,1214.38,1119.64,1191.68,1175.48,4393900,674412.81,12.46,12.82,0.009,1.134,1470.27,691.68,1.2,SECTORAL_PORTFOLIO,SELL,1818,1088.47,INR
IN004329,BAJFINANCE,Bajaj Finance,NSE,NBFC,01-06-2021,6994.65,7080.02,6796.21,6893.02,6652.46,4148104,3681378.1,44.36,3.49,3.362,1.434,8497.42,6003.61,0,SECTORAL_PORTFOLIO,BUY,1916,7564.28,INR
IN002025,ONGC,Oil & Natural Gas Corp,NSE,ENERGY,01-06-2021,288.28,292.82,277.07,283.55,278.32,1641879,241118.63,17.87,2.78,0.206,0.743,347.37,226.62,5.1,NIFTY50_PORTFOLIO,BUY,227,211.38,INR
IN003312,RELIANCE,Reliance Industries,NSE,ENERGY,01-06-2021,2136.07,2241.87,2132.25,2225.78,2163.06,643747,878546.99,70.43,13.74,0.541,1.502,2713.9,1474.22,2.3,NIFTY50_PORTFOLIO,BUY,46,1749.93,INR
IN002231,BAJFINANCE,Bajaj Finance,NSE,NBFC,04-06-2021,6926.79,7039.59,6692.34,6818.81,7045.66,4686770,5662395.82,19.23,10.22,3.077,0.893,8506.45,5056.68,3.5,MIDCAP_PORTFOLIO,SELL,1649,8706.29,INR
IN002234,BAJFINANCE,Bajaj Finance,NSE,NBFC,04-06-2021,6942.17,7358.23,6839.2,7255.85,6966.05,962368,1867716.7,67.12,3.43,1.789,1.827,9115,5613.52,0,SECTORAL_PORTFOLIO,BUY,1723,8095.01,INR
IN002299,BAJFINANCE,Bajaj Finance,NSE,NBFC,04-06-2021,7300.75,7656.07,7099.29,7573.2,7754.59,2936846,1885154.83,41.27,8.97,1.75,1.178,7742.07,6003.42,0,MIDCAP_PORTFOLIO,BUY,972,5562.21,INR
IN003953,BAJFINANCE,Bajaj Finance,NSE,NBFC,05-06-2021,6851.4,7214.99,6658.98,7176.12,7317.14,1747352,6761182,63.61,12.56,2.572,1.436,9573.12,4657.2,1.2,NIFTY50_PORTFOLIO,BUY,1618,8181.92,INR
IN004566,TECHM,Tech Mahindra,NSE,TECHNOLOGY,05-06-2021,1346.53,1385.86,1310.53,1367.84,1421.68,1051765,92173.94,79.05,7.98,1.074,0.843,1482.1,816.92,0.5,MIDCAP_PORTFOLIO,SELL,1273,1013.39,INR
IN004568,TECHM,Tech Mahindra,NSE,TECHNOLOGY,05-06-2021,1355.09,1364.48,1305.37,1325.29,1343.88,3968283,889694.87,12.89,1.68,0.224,1.218,1573.14,1057.44,2.3,SECTORAL_PORTFOLIO,BUY,1094,1320.93,INR
IN001134,BAJFINANCE,Bajaj Finance,NSE,NBFC,07-06-2021,7283.88,7480.21,7039.29,7124.65,6865.48,3775312,5950017.42,38.03,3.7,0.065,0.678,7509.07,6057.68,3.5,NIFTY50_PORTFOLIO,BUY,659,7689.74,INR
IN001001,HINDUNILVR,Hindustan Unilever,NSE,FMCG,07-06-2021,2444.46,2533.27,2409.74,2513.18,2604.51,4748165,2286920,75.3,2.73,0.839,1.134,3488.04,1760.91,0,NIFTY50_PORTFOLIO,SELL,1670,2543.55,INR
IN001002,HINDUNILVR,Hindustan Unilever,NSE,FMCG,07-06-2021,2567.88,2754.32,2495.02,2721.32,2747.3,4141550,2036579.98,45.93,9.98,3.811,1.479,2947.83,1995.8,3.5,MIDCAP_PORTFOLIO,HOLD,1946,1892.19,INR
IN001017,HINDUNILVR,Hindustan Unilever,NSE,FMCG,07-06-2021,2619.26,2696.34,2531.29,2542.76,2503.28,2051562,1107287.77,19.22,4.29,0.709,1.334,3380.18,1813.27,5.1,MIDCAP_PORTFOLIO,BUY,1881,2374.79,INR
IN001023,HINDUNILVR,Hindustan Unilever,NSE,FMCG,07-06-2021,2624.14,2679.62,2503.97,2534.53,2502.88,997714,1339761.9,45.29,1.89,0.032,1.09,3331.21,2179,3.5,SECTORAL_PORTFOLIO,BUY,715,2204.1,INR
IN001027,HINDUNILVR,Hindustan Unilever,NSE,FMCG,07-06-2021,2610.39,2635.06,2505.54,2509.35,2453.04,2148958,1398609.34,29.33,11.89,3.085,1.779,3256.89,1768.06,3.5,SECTORAL_PORTFOLIO,SELL,1004,2401.62,INR
IN004674,NTPC,NTPC Limited,NSE,UTILITIES,07-06-2021,347.06,355.2,333.1,347.06,328.78,2494581,253427.64,78.79,3.07,0.035,1.0765,393.21,241.39,0,MIDCAP_PORTFOLIO,BUY,1861,345.25,INR
IN004439,ULTRACEMCO,UltraTech Cement,BSE,INFRASTRUCTURE,07-06-2021,9743.17,9785.17,9209.86,9389.83,9414.51,2764683,6927400.24,66.7,12.09,1.739,0.599,10969.71,7476.94,1.2,MIDCAP_PORTFOLIO,BUY,423,7389.52,INR
IN002236,WIPRO,Wipro,BSE,TECHNOLOGY,07-06-2021,521.89,540.15,509.44,530.91,514.51,1551241,351033.42,49.07,7.05,2.875,0.424,534.1,347.45,0,SECTORAL_PORTFOLIO,BUY,722,384.48,INR
IN002242,WIPRO,Wipro,BSE,TECHNOLOGY,07-06-2021,487.7,532.85,486.01,518.09,520.83,351913,329700.41,49.07,2.65,0.853,0.473,587.83,338.78,0.5,MIDCAP_PORTFOLIO,BUY,391,558.86,INR
IN002264,WIPRO,Wipro,BSE,TECHNOLOGY,07-06-2021,507.22,519.25,487.91,502.68,495.06,489222,435944.2,34.05,5.15,1.006,1.859,596.74,378.17,1.2,SECTORAL_PORTFOLIO,BUY,1089,592.59,INR
IN004731,HCLTECH,HCL Technologies,NSE,TECHNOLOGY,08-06-2021,1477.71,1537.46,1464.82,1502.89,1449.95,2113236,1102805.15,51.74,3.3,1,1.221,1669.73,1372.81,0.5,SECTORAL_PORTFOLIO,SELL,224,1273.05,INR
IN004764,HCLTECH,HCL Technologies,NSE,TECHNOLOGY,08-06-2021,1460.1,1565.37,1446.07,1551.18,1541.38,4356999,963333.82,17.37,3.48,0.538,1.249,1636.39,1094.09,2.3,NIFTY50_PORTFOLIO,BUY,40,1671.42,INR
IN004331,MARUTI,Maruti Suzuki,BSE,AUTOMOBILE,08-06-2021,9695.75,9746.08,9694.56,9746.08,9858.69,2202689,1497495.84,41.06,3.08,1.674,1.143,12725.74,6855.44,1.2,SECTORAL_PORTFOLIO,HOLD,1200,9468.3,INR
IN003575,TECHM,Tech Mahindra,NSE,TECHNOLOGY,08-06-2021,1290.4,1304.48,1237.46,1255.22,1232.53,4965910,892976.07,18.61,3.2,2.774,1.789,1391.28,801.98,0.5,SECTORAL_PORTFOLIO,BUY,106,1116.26,INR
IN003588,TECHM,Tech Mahindra,NSE,TECHNOLOGY,08-06-2021,1324.49,1344.51,1303.43,1340.69,1355.98,2395139,353500.65,58.12,6.01,1.546,0.6,1627.05,983.77,1.2,SECTORAL_PORTFOLIO,HOLD,1332,1541.56,INR
IN003609,TECHM,Tech Mahindra,NSE,TECHNOLOGY,08-06-2021,1301.13,1385.17,1277.9,1358.77,1380.07,1030772,476871.36,44.16,6.03,1.126,1.066,1402.36,1134.37,1.2,SECTORAL_PORTFOLIO,BUY,239,1582.25,INR
IN001893,BAJFINANCE,Bajaj Finance,NSE,NBFC,09-06-2021,6925.28,7100.6,6673.83,6701.1,6599.35,3388517,3077710.84,32.99,5.27,1.856,1.533,8747.56,6421.23,0.5,NIFTY50_PORTFOLIO,HOLD,801,8196.69,INR
IN000970,KOTAKBANK,Kotak Mahindra Bank,NSE,FINANCE,09-06-2021,1870.44,1890.45,1840.1,1870.44,1841.72,2825986,1086656.02,47.04,12.77,0.18,1.2315,2315.71,1707.25,0.5,SECTORAL_PORTFOLIO,HOLD,1400,2234.74,INR
IN003499,RELIANCE,Reliance Industries,NSE,ENERGY,09-06-2021,2277.28,2318.86,2214.6,2223.96,2237.82,2359146,520725.77,51.23,6.54,2.134,1.345,2577.93,1539.48,3.5,MIDCAP_PORTFOLIO,SELL,366,2138.23,INR
IN003537,RELIANCE,Reliance Industries,NSE,ENERGY,09-06-2021,2230.65,2236.87,2165.09,2171.47,2161.47,1601872,1188531.14,28.79,1.6,1.15,0.562,2387.84,2017.89,0,NIFTY50_PORTFOLIO,BUY,491,2406.73,INR
IN003485,SUNPHARMA,Sun Pharmaceutical,BSE,PHARMACEUTICALS,09-06-2021,1236.36,1257.76,1179.73,1179.8,1173.51,4595225,97118.57,46.88,11.24,0.349,1.144,1370.07,840.72,5.1,NIFTY50_PORTFOLIO,BUY,1700,1064.75,INR
IN003559,SUNPHARMA,Sun Pharmaceutical,BSE,PHARMACEUTICALS,09-06-2021,1205.28,1232.56,1178.62,1196.42,1174.82,4201459,611604.57,16.59,10.08,3.961,1.489,1466.1,756.44,1.2,MIDCAP_PORTFOLIO,BUY,293,1365.37,INR
IN004298,AXISBANK,Axis Bank,BSE,FINANCE,10-06-2021,1132.16,1171.1,1123.4,1164.72,1174.18,4839535,88159.8,55.64,6.2,0.629,1.948,1450.1,749.21,0,SECTORAL_PORTFOLIO,BUY,1529,895.65,INR
IN001969,BHARTIARTL,Bharti Airtel,NSE,TELECOMMUNICATION,10-06-2021,889.39,960.22,878.43,934.26,906.59,204307,583449.3,65.9,8.44,3.116,1.425,1175.53,647.37,0.5,SECTORAL_PORTFOLIO,HOLD,926,719.34,INR
IN001991,BHARTIARTL,Bharti Airtel,NSE,TELECOMMUNICATION,10-06-2021,882.93,958.9,876.83,942.98,922.56,1260953,354704.81,47.81,12.19,2.52,1.552,1003.16,561.31,1.2,NIFTY50_PORTFOLIO,HOLD,830,892.7,INR
IN000253,HDFCBANK,HDFC Bank,NSE,FINANCE,10-06-2021,1675.88,1690.56,1574.05,1675.88,1631.04,2613238,539010.28,8.22,2.14,0.871,1.915,1788.19,1224.21,1.2,SECTORAL_PORTFOLIO,BUY,486,1800.58,INR
IN000271,HDFCBANK,HDFC Bank,NSE,FINANCE,10-06-2021,1665.63,1714.82,1633.87,1670.89,1636.36,1832284,1351075.83,31.73,8.51,0.423,1.773,1707.83,1063.02,0,SECTORAL_PORTFOLIO,BUY,143,1471.07,INR
IN004328,HINDUNILVR,Hindustan Unilever,NSE,FMCG,10-06-2021,2489.04,2537.07,2454.84,2455.48,2438.44,433646,764194.28,26.48,3.79,2.208,1.865,3201.47,2135.89,0.5,SECTORAL_PORTFOLIO,BUY,853,2402.2,INR
IN000986,KOTAKBANK,Kotak Mahindra Bank,NSE,FINANCE,10-06-2021,1786.67,1827.12,1772.29,1800.33,1769.11,1654817,1250089.82,38.5,14.36,2.475,1.71,2192.43,1283.83,1.2,SECTORAL_PORTFOLIO,BUY,813,1730.2,INR
IN004646,NTPC,NTPC Limited,NSE,UTILITIES,10-06-2021,341.25,354.3,332.89,349.39,357.27,3364224,300535.67,42.34,8.3,1.252,1.658,471.78,251.29,3.5,MIDCAP_PORTFOLIO,HOLD,1196,368.23,INR
IN000659,RELIANCE,Reliance Industries,NSE,ENERGY,10-06-2021,2187.71,2278.62,2141.8,2256.2,2309.21,2648450,1327711.1,64.77,12.27,2.562,1.642,2769.44,1834.75,1.2,SECTORAL_PORTFOLIO,BUY,495,2179.65,INR
IN000684,RELIANCE,Reliance Industries,NSE,ENERGY,10-06-2021,2110.1,2137.96,1981.28,2016.96,2013.88,2375912,707152.4,11.94,9.19,1.587,1.743,2658.55,1475.65,2.3,MIDCAP_PORTFOLIO,SELL,935,1868.72,INR
IN000691,RELIANCE,Reliance Industries,NSE,ENERGY,10-06-2021,2234.77,2259.68,2058.86,2094.57,2160.41,2243726,1874021.2,45.63,1.01,2.251,0.494,2985.85,1968.75,1.2,MIDCAP_PORTFOLIO,BUY,481,2205.15,INR
IN000716,RELIANCE,Reliance Industries,NSE,ENERGY,10-06-2021,2174.1,2300.8,2146.35,2277.34,2229.98,1197455,968950.2,49.35,2.31,0.17,1.172,2728.05,1734.77,0.5,MIDCAP_PORTFOLIO,HOLD,761,1982.35,INR
IN002220,TCS,Tata Consultancy Services,NSE,TECHNOLOGY,10-06-2021,3549.36,3566.79,3411.8,3472.89,3502.39,4213924,813428.71,79.89,7.1,0.367,1.953,4536.6,2957.53,5.1,NIFTY50_PORTFOLIO,BUY,352,3190.93,INR
IN002247,TCS,Tata Consultancy Services,NSE,TECHNOLOGY,10-06-2021,3591.11,3847.43,3510.65,3782.43,3742.07,2606463,3071576.61,38.12,7.44,2.342,1.666,4711.5,2151.01,0.5,MIDCAP_PORTFOLIO,BUY,256,3934.53,INR
IN003305,TCS,Tata Consultancy Services,NSE,TECHNOLOGY,10-06-2021,3397.33,3456.01,3084.58,3161.2,3196.83,4050531,1591071.51,31.46,10.69,1.781,1.583,4550.02,2130.67,0,MIDCAP_PORTFOLIO,BUY,1224,3816.87,INR
IN003316,TCS,Tata Consultancy Services,NSE,TECHNOLOGY,10-06-2021,3490.09,3527.23,3400.79,3493.63,3430.76,2347550,1638437.77,77.43,1.6,0.84,0.823,3751.02,2319.31,2.3,NIFTY50_PORTFOLIO,BUY,1218,4202.35,INR
IN003328,TCS,Tata Consultancy Services,NSE,TECHNOLOGY,10-06-2021,3402.15,3487.43,3292.94,3330.75,3331.15,2373145,3424607.11,54.06,7.28,0.037,0.482,3830.95,2210.86,0.5,NIFTY50_PORTFOLIO,BUY,754,3690.79,INR
IN002581,LT,Larsen & Toubro,NSE,INFRASTRUCTURE,12-06-2021,3096.75,3170.06,2936.46,2980.68,2979.52,2675487,3052339.23,42.49,2.25,3.383,1.265,3419.81,2687.65,0,NIFTY50_PORTFOLIO,BUY,643,3454.8,INR
IN001168,MARUTI,Maruti Suzuki,BSE,AUTOMOBILE,12-06-2021,10354.81,11022.51,10120.74,10757.8,11039.88,3843501,2874515.1,54.84,14.58,0.875,1.186,12707.03,9303.5,1.2,SECTORAL_PORTFOLIO,BUY,666,10054.08,INR
IN001171,MARUTI,Maruti Suzuki,BSE,AUTOMOBILE,12-06-2021,9770.62,10216.24,9539.32,9981.18,10159.8,1529056,5537240.09,70.38,4.02,0.085,1.237,10710.14,7327.33,1.2,SECTORAL_PORTFOLIO,BUY,1688,11974.45,INR
IN001181,MARUTI,Maruti Suzuki,BSE,AUTOMOBILE,12-06-2021,9613.54,10311.54,9527.81,10034.48,10205.77,1055003,6439284.09,47.41,10.34,1.374,0.448,11521.38,9282.38,1.2,NIFTY50_PORTFOLIO,HOLD,1015,8993.04,INR
IN002540,NTPC,NTPC Limited,NSE,UTILITIES,12-06-2021,332.74,334.2,306.18,310.31,300.7,2799292,135080.79,36.24,2.73,2.254,0.934,403.39,302.56,0,NIFTY50_PORTFOLIO,BUY,362,369.56,INR
IN002595,NTPC,NTPC Limited,NSE,UTILITIES,12-06-2021,350.76,357.28,339.88,346.38,342.05,1342612,241490.03,40.435,7.9,2.26,0.498,481.3,252.39,2.3,MIDCAP_PORTFOLIO,BUY,64,343.05,INR
IN002664,NTPC,NTPC Limited,NSE,UTILITIES,12-06-2021,338.73,347.95,334.13,337.41,338.66,1931799,281065.34,31.17,8.97,1.658,0.507,438.52,210.56,2.3,NIFTY50_PORTFOLIO,BUY,1807,381.88,INR
IN002711,NTPC,NTPC Limited,NSE,UTILITIES,12-06-2021,362.43,367.26,333.31,340.12,326.74,2887715,179918,19.43,10.62,1.601,0.543,447.76,277.2,2.3,NIFTY50_PORTFOLIO,BUY,1374,300.98,INR
IN002750,NTPC,NTPC Limited,NSE,UTILITIES,12-06-2021,354.66,376.75,351.02,375.8,388.05,1972030,54632.04,64.8,14.67,0.858,1.548,472.5,267.3,2.3,SECTORAL_PORTFOLIO,BUY,753,318.87,INR
IN003920,ASIANPAINT,Asian Paints,BSE,CONSUMER GOODS,01-07-2021,3079.7,3144.84,2887.21,2961.75,3058.14,2530314,1324889.09,38.08,11.04,1.215,1.634,3770.11,2549.34,1.2,NIFTY50_PORTFOLIO,BUY,1783,2769.67,INR
IN004034,ASIANPAINT,Asian Paints,BSE,CONSUMER GOODS,01-07-2021,3140.43,3189.98,2919.82,2937.81,2990.53,2530314,1838336.2,75.63,1.03,1.233,1.035,4088.07,2659.6,2.3,NIFTY50_PORTFOLIO,BUY,1372,3605.67,INR
IN004043,ASIANPAINT,Asian Paints,BSE,CONSUMER GOODS,01-07-2021,2900.74,2977.79,2670.26,2900.74,2736.39,684921,1887163.68,36.36,7.6,3.614,1.467,3295.17,1819.71,3.5,SECTORAL_PORTFOLIO,HOLD,883,2273.05,INR
IN004768,AXISBANK,Axis Bank,BSE,FINANCE,01-07-2021,1048.95,1080.22,1046.62,1068.47,1086.67,682196,540563.8,25.26,4.87,1.283,1.6,1191.4,845.97,2.3,MIDCAP_PORTFOLIO,BUY,1537,1150.64,INR
IN003948,BHARTIARTL,Bharti Airtel,NSE,TELECOMMUNICATION,01-07-2021,928.84,989.05,915.95,928.84,991.6,4782166,766001.29,17.24,8.08,1.595,1.189,1143.42,612.58,0.5,MIDCAP_PORTFOLIO,BUY,1206,848.8,INR
IN003955,BHARTIARTL,Bharti Airtel,NSE,TELECOMMUNICATION,01-07-2021,861.31,872.34,840.04,849.62,868.55,2421903,522232.3,27.06,8.08,3.531,1.781,1049.89,613.14,5.1,MIDCAP_PORTFOLIO,BUY,22,992.19,INR
IN002535,BAJFINANCE,Bajaj Finance,NSE,NBFC,05-07-2021,7007.36,7154.95,6950.57,7116.57,7296.71,202779,3423400.78,45.22,6.61,0.497,1.482,7501.95,6640.23,3.5,SECTORAL_PORTFOLIO,BUY,1670,8596.87,INR
IN002539,BAJFINANCE,Bajaj Finance,NSE,NBFC,05-07-2021,6778.4,7054.09,6758.32,6926.89,6768.45,1825779,6260107.17,67.74,3.84,2.479,1.913,7511.74,6256.7,1.2,NIFTY50_PORTFOLIO,BUY,1398,7395.26,INR
IN000344,HCLTECH,HCL Technologies,NSE,TECHNOLOGY,05-07-2021,1517.58,1634.19,1480.74,1617.3,1561.46,2670620,1283788.22,43.8,14.54,3.356,0.61,2059.74,1117.49,0,SECTORAL_PORTFOLIO,HOLD,425,1223.52,INR
IN000379,HCLTECH,HCL Technologies,NSE,TECHNOLOGY,05-07-2021,1443.48,1521.25,1420.97,1443.48,1475.81,1277552,778115,60.07,12.43,3.278,0.79,1900.06,1402.23,0,NIFTY50_PORTFOLIO,BUY,1428,1140.17,INR
IN000386,HCLTECH,HCL Technologies,NSE,TECHNOLOGY,05-07-2021,1501.52,1596.56,1469.94,1551.3,1507.58,227390,1250229.8,70.55,8.71,2.998,0.766,1585.51,1378.17,0.5,NIFTY50_PORTFOLIO,BUY,522,1376.36,INR
IN003054,TITAN,Titan Company,BSE,CONSUMER GOODS,05-07-2021,3530.16,3563.47,3215.24,3299.87,3265.61,490640,2237251.29,22.42,6.18,1.515,0.715,3620.08,3225.53,0,SECTORAL_PORTFOLIO,SELL,167,2853.03,INR
IN003058,TITAN,Titan Company,BSE,CONSUMER GOODS,05-07-2021,3387.09,3448.39,3233.88,3268.97,3272.94,4920437,2803365.91,73.97,5.37,3.826,1.973,4747.33,2284.17,2.3,NIFTY50_PORTFOLIO,BUY,950,3435.09,INR
IN003070,TITAN,Titan Company,BSE,CONSUMER GOODS,05-07-2021,3493.53,3502.2,3408.1,3462.36,3587.42,3948186,3175222.62,19.93,5.94,0.82,1.822,4026.24,2959.71,3.5,MIDCAP_PORTFOLIO,BUY,1242,3964.44,INR
IN002371,ASIANPAINT,Asian Paints,BSE,CONSUMER GOODS,06-07-2021,2926.53,3032.39,2879.1,2926.53,3064.31,566976,1949069.39,41.7,13.59,3.178,1.066,3471.66,2465.77,5.1,MIDCAP_PORTFOLIO,BUY,550,3451.03,INR
IN000003,AXISBANK,Axis Bank,BSE,FINANCE,06-07-2021,1046.46,1131.27,1026.53,1101.39,1074.38,2345416,351513.36,71.65,5.58,1.45,0.79,1459.52,957.8,0.5,NIFTY50_PORTFOLIO,HOLD,1191,1146.07,INR
IN000034,AXISBANK,Axis Bank,BSE,FINANCE,06-07-2021,1090.62,1121.31,1014.92,1090.62,979.2,600575,1092213.4,51.91,7.24,1.814,1.724,1357.73,874.87,2.3,NIFTY50_PORTFOLIO,SELL,705,1329.61,INR
IN000035,AXISBANK,Axis Bank,BSE,FINANCE,06-07-2021,1127.93,1145.84,1082.37,1100.78,1140.16,3472886,742699.31,55.43,3.55,3.5,0.598,1221.6,1040.38,0,SECTORAL_PORTFOLIO,SELL,1279,1150.54,INR
IN000057,AXISBANK,Axis Bank,BSE,FINANCE,06-07-2021,1130.41,1200.55,1102.46,1193.95,1191.4,379083,69083.13,41.47,3.72,0.791,1.002,1483.85,933.42,3.5,NIFTY50_PORTFOLIO,HOLD,832,998.14,INR
IN000061,AXISBANK,Axis Bank,BSE,FINANCE,06-07-2021,1089.89,1112.08,1061.31,1105.88,1111.25,2760499,925886.81,79.52,7.24,0.256,0.865,1179.49,849.7,2.3,SECTORAL_PORTFOLIO,BUY,1641,1180.52,INR
IN000082,AXISBANK,Axis Bank,BSE,FINANCE,06-07-2021,1046.71,1090.12,1033.43,1071.96,1085.87,4898060,362617.39,49.61,1.14,0.514,0.416,1251.92,954.84,2.3,MIDCAP_PORTFOLIO,HOLD,576,1280.77,INR
IN000092,AXISBANK,Axis Bank,BSE,FINANCE,06-07-2021,1094.55,1153.22,1062.18,1124.93,1114.38,2732070,443405.86,44.41,11.64,2.672,1.186,1227,945.61,5.1,SECTORAL_PORTFOLIO,BUY,313,902.19,INR
IN003069,POWERGRID,Power Grid Corporation,BSE,UTILITIES,06-07-2021,261.54,281.09,254.09,274.97,265.35,2067659,247209.12,55.9,13.87,3.679,0.658,311.21,200.09,1.2,MIDCAP_PORTFOLIO,BUY,706,291.34,INR
IN003091,POWERGRID,Power Grid Corporation,BSE,UTILITIES,06-07-2021,254.3,268.23,252.39,266.2,263.87,112519,85381.08,43.46,2.01,3.725,0.517,304.53,163.91,0,MIDCAP_PORTFOLIO,BUY,1212,246.44,INR
IN003119,POWERGRID,Power Grid Corporation,BSE,UTILITIES,06-07-2021,248.56,258.63,246.01,255.76,262.53,3579064,58422.9,69.24,4.62,1.614,0.515,346.61,193.69,5.1,SECTORAL_PORTFOLIO,HOLD,104,226.6,INR
IN001369,RELIANCE,Reliance Industries,NSE,ENERGY,06-07-2021,2202.69,2231.31,2135.55,2157.18,2181.68,522389,1188531.14,44.76,5.94,1.882,1.289,2917.32,1582.94,5.1,NIFTY50_PORTFOLIO,BUY,703,2451.19,INR
IN003005,TITAN,Titan Company,BSE,CONSUMER GOODS,06-07-2021,3532.18,3589.96,3326.11,3374.23,3428.94,772531,2404982.07,44.08,8.8,3.878,1.836,4071.52,2970.35,1.2,NIFTY50_PORTFOLIO,BUY,1984,3715.7,INR
IN004353,ADANIENT,Adani Enterprises,NSE,CONGLOMERATE,07-07-2021,2820.62,2866.4,2680.12,2739.21,2769.77,4894615,512247.4,62.36,10.08,1.8295,0.533,3814.29,1834.86,2.3,NIFTY50_PORTFOLIO,HOLD,694,2308.41,INR
IN004745,BHARTIARTL,Bharti Airtel,NSE,TELECOMMUNICATION,07-07-2021,870.43,886.13,812.38,813.32,788.82,1650073,533892.56,10.44,11.63,1.934,1.561,1144.66,550.84,0.5,MIDCAP_PORTFOLIO,BUY,24,1022.86,INR
IN004749,BHARTIARTL,Bharti Airtel,NSE,TELECOMMUNICATION,07-07-2021,929.38,949,877.39,880.01,895.44,3666697,296890.88,19.42,11.81,3.93,1.411,1014.78,818.06,5.1,SECTORAL_PORTFOLIO,HOLD,1490,831.55,INR
IN004771,BHARTIARTL,Bharti Airtel,NSE,TELECOMMUNICATION,07-07-2021,891.97,927.13,887.71,908.54,934.75,147219,477511.68,47.83,6.47,2.056,1.156,994.73,715.69,3.5,SECTORAL_PORTFOLIO,BUY,1913,930.56,INR
IN002338,TECHM,Tech Mahindra,NSE,TECHNOLOGY,07-07-2021,1331.5,1358.09,1257.46,1296.29,1263.35,1398742,1152365.29,25.58,11.11,1.58,1.728,1528.39,1205.37,5.1,NIFTY50_PORTFOLIO,BUY,930,1461.84,INR
IN001503,BHARTIARTL,Bharti Airtel,NSE,TELECOMMUNICATION,10-07-2021,931.79,1024.994144,931.79,931.79,949.55,3182902,669304.88,51.7,8.08,3.852,1.396,1015.95,557.99,1.2,NIFTY50_PORTFOLIO,BUY,715,1083.04,INR
IN002256,BHARTIARTL,Bharti Airtel,NSE,TELECOMMUNICATION,10-07-2021,882.3,892.28,809.82,823.07,822.53,2499737,635444.77,49.38,13.59,0.961,1.705,1152.67,785.13,0,NIFTY50_PORTFOLIO,BUY,486,1051.44,INR
IN002259,BHARTIARTL,Bharti Airtel,NSE,TELECOMMUNICATION,10-07-2021,879.1,923.57,870.11,903.23,875.12,480158,896890.95,33.04,6.09,1.698,1.189,1192.87,773.43,0.5,MIDCAP_PORTFOLIO,SELL,1636,742.3,INR
IN002272,BHARTIARTL,Bharti Airtel,NSE,TELECOMMUNICATION,10-07-2021,932.96,943.81,912.8,932.79,940.26,3825455,412143.2,48.025,8.08,2.998,1.578,1091.4,783.51,3.5,MIDCAP_PORTFOLIO,BUY,1011,1082.58,INR
IN002494,HDFCBANK,HDFC Bank,NSE,FINANCE,10-07-2021,1677.43,1702.65,1550.9,1591.24,1529.67,1707631,708413.95,67.42,13.93,1.624,1.354,1693.6,1337.8,1.2,NIFTY50_PORTFOLIO,HOLD,1545,1276.28,INR
IN002497,HDFCBANK,HDFC Bank,NSE,FINANCE,10-07-2021,1653.29,1699.85,1554.69,1598.59,1622.29,506710,354341.58,34.24,12.66,2.172,0.735,1804.49,1286.09,5.1,NIFTY50_PORTFOLIO,BUY,1997,1207.2,INR
IN002506,HDFCBANK,HDFC Bank,NSE,FINANCE,10-07-2021,1607.31,1665.25,1573.44,1663.51,1719.41,3000591,492826.93,29.32,7.41,3.909,1.947,1816.2,1147.07,0.5,NIFTY50_PORTFOLIO,BUY,1839,1826.29,INR
IN002530,HDFCBANK,HDFC Bank,NSE,FINANCE,10-07-2021,1528.75,1554.94,1496.61,1528.75,1581.34,1746302,704870.27,41.99,12.7,3.646,0.527,1826.99,1222.06,2.3,SECTORAL_PORTFOLIO,HOLD,800,1708.51,INR
IN002572,HDFCBANK,HDFC Bank,NSE,FINANCE,10-07-2021,1535.29,1561.19,1424.56,1463.1,1462.79,1008225,176562.94,73.85,12.61,1.306,0.56,1943.97,1393.03,0.5,NIFTY50_PORTFOLIO,BUY,1444,1626.62,INR
IN000130,ICICIBANK,ICICI Bank,NSE,FINANCE,10-07-2021,917.57,943.41,871.16,889.9,886.25,3615305,407525.25,17.42,1.45,2.062,1.795,1028.54,579.43,3.5,MIDCAP_PORTFOLIO,BUY,497,951.88,INR
IN000138,ICICIBANK,ICICI Bank,NSE,FINANCE,10-07-2021,931.66,959.17,866.26,868.06,887.15,1959795,108733.99,26.02,5.68,2.935,0.955,1076.82,868.06,2.3,MIDCAP_PORTFOLIO,BUY,1650,1125.08,INR
IN000143,ICICIBANK,ICICI Bank,NSE,FINANCE,10-07-2021,920.11,930.16,859.81,868.33,864.97,2542643,228318.41,30.28,10.76,0.201,1.547,1315.41,594.12,2.3,MIDCAP_PORTFOLIO,HOLD,649,985.03,INR
IN000157,ICICIBANK,ICICI Bank,NSE,FINANCE,10-07-2021,953.16,978.13,885.5,887.82,865.32,3056084,449626.53,70.7,8.83,1.757,1.189,1255.52,755.99,0,SECTORAL_PORTFOLIO,HOLD,781,963.53,INR
IN000193,ICICIBANK,ICICI Bank,NSE,FINANCE,10-07-2021,979.71,1044.24,967.05,979.71,1054.22,3150370,921589.07,17.26,14.54,0.882,0.784,1004.43,856.64,2.3,SECTORAL_PORTFOLIO,BUY,1624,787.74,INR
IN000212,ICICIBANK,ICICI Bank,NSE,FINANCE,10-07-2021,932.16,951.8,866.47,932.16,902.77,2974511,49246.8,8.53,1.75,2.605,1.692,1286.61,806.67,2.3,SECTORAL_PORTFOLIO,BUY,1610,929.78,INR
IN000221,ICICIBANK,ICICI Bank,NSE,FINANCE,10-07-2021,991.65,1023.5,974.82,991.65,997.64,215177,784015.9,58.08,7.5,3.831,1.267,1083.43,637.07,1.2,MIDCAP_PORTFOLIO,BUY,1858,820.83,INR
IN000237,ICICIBANK,ICICI Bank,NSE,FINANCE,10-07-2021,947.08,963.55,937.81,952.77,944.7,3198424,713760.2,47.4,4.51,1.477,0.436,1201.85,603.68,5.1,SECTORAL_PORTFOLIO,BUY,373,784.24,INR
IN000282,ICICIBANK,ICICI Bank,NSE,FINANCE,10-07-2021,969.25,976.26,880.17,903.85,879.62,2422391,733583.86,23.94,5.89,0.416,1.69,1051.88,826.8,1.2,MIDCAP_PORTFOLIO,BUY,1014,1175.8,INR
IN000283,ICICIBANK,ICICI Bank,NSE,FINANCE,10-07-2021,908.82,978.46,884.65,964.07,980.45,3135413,635216.28,55.86,10.12,1.6,1.298,1237.08,747.95,0.5,NIFTY50_PORTFOLIO,HOLD,901,1171.03,INR
IN000351,ICICIBANK,ICICI Bank,NSE,FINANCE,10-07-2021,919.05,935.54,880.76,900.6,884.25,1920472,152582.52,58.04,1.41,1.935,0.689,1193.33,760.36,3.5,NIFTY50_PORTFOLIO,BUY,93,988.81,INR
IN001983,KOTAKBANK,Kotak Mahindra Bank,NSE,FINANCE,10-07-2021,1787.16,1825.7,1758.58,1767.86,1768.69,872461,1409552.41,35.31,13.08,0.154,1.572,1935.15,1566.12,5.1,NIFTY50_PORTFOLIO,BUY,1232,1897.03,INR
IN002012,KOTAKBANK,Kotak Mahindra Bank,NSE,FINANCE,10-07-2021,1762.5,1772.68,1659.12,1680.16,1673.69,1338703,1488753.39,19.17,6.9,0.093,1.349,2119.7,1657.83,0,MIDCAP_PORTFOLIO,BUY,1403,1389.02,INR
IN000056,POWERGRID,Power Grid Corporation,BSE,UTILITIES,10-07-2021,261.29,262.82,255.92,260.41,252.76,2114218,110255.31,40.92,10.8,1.9755,1.204,302.24,230.92,2.3,SECTORAL_PORTFOLIO,BUY,22,256.13,INR
IN000155,POWERGRID,Power Grid Corporation,BSE,UTILITIES,10-07-2021,248.28,282.2530843,248.28,248.28,261.42,2405674,64916.02,12.62,8.885,1.158,1.156,348.49,155.93,5.1,MIDCAP_PORTFOLIO,SELL,1879,295.29,INR
IN000176,POWERGRID,Power Grid Corporation,BSE,UTILITIES,10-07-2021,242.93,250.75,236.37,245.89,248.82,3598076,122852.31,20.2,14.76,3.819,0.442,343.13,183.82,5.1,MIDCAP_PORTFOLIO,BUY,469,193.46,INR
IN000185,POWERGRID,Power Grid Corporation,BSE,UTILITIES,10-07-2021,248.22,260.32,247.64,257.49,267.14,937555,20630.04,70.37,6.43,2.226,1.884,309.56,157.61,1.2,MIDCAP_PORTFOLIO,BUY,113,219.71,INR
IN000203,POWERGRID,Power Grid Corporation,BSE,UTILITIES,10-07-2021,251.78,254.46,227.76,234.21,233.4,1324645,53174.99,71.2,8.33,0.444,1.001,265.66,229.92,2.3,MIDCAP_PORTFOLIO,BUY,632,251.02,INR
IN000206,POWERGRID,Power Grid Corporation,BSE,UTILITIES,10-07-2021,261.53,286.34,254.34,279.73,285.19,4891192,198687.99,45.18,5.66,3.088,1.01,332.71,178.52,5.1,NIFTY50_PORTFOLIO,BUY,1198,300.13,INR
IN003566,TITAN,Titan Company,BSE,CONSUMER GOODS,10-07-2021,3504.27,3811.7,3462.24,3732.16,3665.86,1673547,1922578.62,12.96,14.1,3.34,1.701,3766.51,2859.36,1.2,NIFTY50_PORTFOLIO,HOLD,52,2878.67,INR
IN003568,TITAN,Titan Company,BSE,CONSUMER GOODS,10-07-2021,3435.16,3535.18,3168.29,3203.48,3273.32,2504113,1285628.72,38.8,7.58,3.139,1.84,4481.88,2108.2,0.5,NIFTY50_PORTFOLIO,HOLD,800,3562.66,INR
IN003576,TITAN,Titan Company,BSE,CONSUMER GOODS,10-07-2021,3417.79,3722.15,3358.47,3645.21,3746.61,648466,1110674.93,17.93,8.12,2.601,1.162,4148.45,2278.5,0.5,NIFTY50_PORTFOLIO,HOLD,1918,3960.04,INR
IN003584,TITAN,Titan Company,BSE,CONSUMER GOODS,10-07-2021,3369.5,3421.47,3313.9,3369.5,3325.93,1366395,1476024.24,44.08,10.39,0.8,1.252,4365.19,2054.29,0.5,MIDCAP_PORTFOLIO,BUY,1333,2985.27,INR
IN003586,TITAN,Titan Company,BSE,CONSUMER GOODS,10-07-2021,3272.49,3358.03,3249.6,3350.47,3222.47,2389908.5,406152.5,25.08,10.43,2.122,0.948,4672.37,2042.44,1.2,SECTORAL_PORTFOLIO,BUY,794,3987.94,INR
IN002400,BHARTIARTL,Bharti Airtel,NSE,TELECOMMUNICATION,12-07-2021,867.57,885.95,835.72,857.53,888.22,2586986,807170.34,24.33,1.4,3.227,1.189,1177.84,764.31,2.3,NIFTY50_PORTFOLIO,SELL,1464,808.41,INR
IN002444,BHARTIARTL,Bharti Airtel,NSE,TELECOMMUNICATION,12-07-2021,919.41,930.48,892.58,905.57,923.67,3916992,547438.52,48.025,12.61,3.908,1.642,1114.76,844.09,3.5,SECTORAL_PORTFOLIO,HOLD,1650,833.07,INR
IN002458,BHARTIARTL,Bharti Airtel,NSE,TELECOMMUNICATION,12-07-2021,884.01,922.48,862.39,910.26,908.94,3663944,874996.12,74.23,10.61,0.02,1.217,1133.24,712.63,2.3,NIFTY50_PORTFOLIO,BUY,253,712.9,INR
IN002477,BHARTIARTL,Bharti Airtel,NSE,TELECOMMUNICATION,12-07-2021,898.52,902.9,845.1,853.62,869.49,4912692,503292.33,21.14,3.14,0.04,1.688,1222.69,623.36,2.3,SECTORAL_PORTFOLIO,BUY,1867,797.54,INR
IN000072,KOTAKBANK,Kotak Mahindra Bank,NSE,FINANCE,12-07-2021,1732.93,1740.39,1608.55,1645.86,1598.59,67572,250149.92,46.97,7.72,0.221,0.467,2235.69,1626.85,5.1,MIDCAP_PORTFOLIO,BUY,40,1522.48,INR
IN000078,KOTAKBANK,Kotak Mahindra Bank,NSE,FINANCE,12-07-2021,1797.18,1919.72,1754.41,1875.27,1834.93,3967799,462510.55,32.92,7.06,2.946,1.54,2444.63,1669.78,0,MIDCAP_PORTFOLIO,SELL,1131,1794.97,INR
IN000117,KOTAKBANK,Kotak Mahindra Bank,NSE,FINANCE,12-07-2021,1786.69,1847.61,1745.01,1797.58,1765.93,2115512,768653.07,56.18,7.06,3.086,1.936,2332.89,1372.79,2.3,MIDCAP_PORTFOLIO,HOLD,1825,1610.56,INR
IN000150,KOTAKBANK,Kotak Mahindra Bank,NSE,FINANCE,12-07-2021,1815.24,1852.07,1757.75,1776.62,1774.89,4937498,1468948.94,71.94,14.15,2.141,1.092,2361.52,1231.85,1.2,SECTORAL_PORTFOLIO,BUY,932,1870.47,INR
IN002105,WIPRO,Wipro,BSE,TECHNOLOGY,12-07-2021,499.37,590.2464845,485.22,485.22,500.97,860956,453413.53,49.07,7.05,1.052,1.977,572.37,367.18,0,MIDCAP_PORTFOLIO,BUY,1269,547.3,INR
IN002132,WIPRO,Wipro,BSE,TECHNOLOGY,12-07-2021,492.36,518.33,483.32,511.7,508.93,3403599,178865.78,60.69,13.97,2.672,1.511,598.94,405.48,1.2,SECTORAL_PORTFOLIO,BUY,1576,510.58,INR
IN002166,WIPRO,Wipro,BSE,TECHNOLOGY,12-07-2021,476.45,491.5,466.05,480.11,473.55,3677798,125086.54,49.07,8.64,0.395,1.307,624.32,360.72,5.1,SECTORAL_PORTFOLIO,HOLD,857,559.1,INR
IN002181,WIPRO,Wipro,BSE,TECHNOLOGY,12-07-2021,517.24,528.36,486.21,491.37,485.71,2778818,175311.38,61.34,2.48,0.705,1.041,562.64,465.87,5.1,MIDCAP_PORTFOLIO,BUY,1520,611.7,INR
IN001779,ADANIENT,Adani Enterprises,NSE,CONGLOMERATE,01-08-2021,2866.69,2983.6,2838.2,2910.12,2932.9,2611412,2627425.45,67.7,5.29,2.11,1.142,3318.54,2503.49,0,NIFTY50_PORTFOLIO,BUY,886,2556.42,INR
IN001877,ADANIENT,Adani Enterprises,NSE,CONGLOMERATE,01-08-2021,2896.79,3028.06,2878.82,2985.6,2915.48,3428329,1323574.68,65.12,4.71,1.605,1.241,3204.08,1685.31,0,SECTORAL_PORTFOLIO,BUY,86,2873.79,INR
IN000813,BAJFINANCE,Bajaj Finance,NSE,NBFC,01-08-2021,6735.48,6824.91,6391.82,6539.85,6397.78,3900209,3423400.78,13.01,14.39,1.207,1.215,9727.05,4708.35,0.5,NIFTY50_PORTFOLIO,BUY,1988,6712.7,INR
IN000549,HDFCBANK,HDFC Bank,BSE,FINANCE,01-08-2021,1590.41,1597.37,1552.85,1559.52,1585.55,4758110,670857.21,39.71,2.36,1.171,0.876,1740.57,1134.55,5.1,NIFTY50_PORTFOLIO,HOLD,437,1865.43,INR
IN003479,LT,Larsen & Toubro,NSE,INFRASTRUCTURE,01-08-2021,3209.46,3389.75,3162.32,3350.06,3443.56,1059978,1616023.64,42.31,11.47,1.9605,1.036,4253.07,2295.28,3.5,NIFTY50_PORTFOLIO,HOLD,1484,3712.1,INR
IN003570,LT,Larsen & Toubro,BSE,INFRASTRUCTURE,01-08-2021,3090.21,3102.28,2899.91,2958.38,2956.51,2675487,2358169.84,17.19,5.43,2.088,1.111,3896.71,2383.66,2.3,MIDCAP_PORTFOLIO,BUY,106,3641.2,INR
IN004558,SUNPHARMA,Sun Pharmaceutical,BSE,PHARMACEUTICALS,01-08-2021,1244,1265.14,1221.32,1232.39,1242.62,4230174,99994.89,48.89,13.38,0.612,1.139,1666.58,773.63,3.5,SECTORAL_PORTFOLIO,BUY,1390,1463.74,INR
IN004563,SUNPHARMA,Sun Pharmaceutical,BSE,PHARMACEUTICALS,01-08-2021,1217.76,1251.21,1147.02,1160.07,1146,1494831,1154215.45,18.43,7.14,3.934,1.562,1578.41,994.46,3.5,MIDCAP_PORTFOLIO,BUY,1951,1310.65,INR
IN001551,BHARTIARTL,Bharti Airtel,NSE,TELECOMMUNICATION,02-08-2021,857.86,879.14,790.69,807.38,788.04,4991792,656227.3,48.025,4.29,1.776,0.861,1218.5,685.9,3.5,NIFTY50_PORTFOLIO,HOLD,1360,1117.78,INR
IN001566,BHARTIARTL,Bharti Airtel,NSE,TELECOMMUNICATION,02-08-2021,940.86,967.51,895.06,940.86,889.83,3633566,618035.49,34.13,10.07,3.018,0.815,1245.75,793.26,0.5,MIDCAP_PORTFOLIO,HOLD,1794,862.1,INR
IN003905,MARUTI,Maruti Suzuki,BSE,AUTOMOBILE,02-08-2021,9712.04,10085.48,9598.08,10083.61,10194.38,982407,1520177.88,57.9,11.54,3.499,1.186,13633.13,7994.33,2.3,NIFTY50_PORTFOLIO,SELL,391,10575.73,INR
IN003944,MARUTI,Maruti Suzuki,BSE,AUTOMOBILE,02-08-2021,9806.2,10355.09,9693.61,10067.33,9957.81,2088501,8072316.24,52.42,2.76,0.604,0.443,13192.36,6679.96,2.3,NIFTY50_PORTFOLIO,HOLD,85,9029.59,INR
IN003966,MARUTI,Maruti Suzuki,BSE,AUTOMOBILE,02-08-2021,9846.27,10130.72,9348.21,9846.27,9574.54,2031178,7678646.94,65.18,12.69,2.125,1.403,11239.76,7881.14,5.1,NIFTY50_PORTFOLIO,BUY,1570,12275.9,INR
IN003967,MARUTI,Maruti Suzuki,BSE,AUTOMOBILE,02-08-2021,10307.74,10596.11,10059.55,10473.34,10219.22,4091788,5168125.28,58.76,13.42,1.866,0.688,12686.34,9469.11,1.2,NIFTY50_PORTFOLIO,BUY,702,9763.56,INR
IN003969,MARUTI,Maruti Suzuki,BSE,AUTOMOBILE,02-08-2021,9600.95,9792.71,9094.5,9175.62,9249.71,277142,4002640.52,19.14,14.41,1.631,1.486,13417.4,7875.9,0,MIDCAP_PORTFOLIO,BUY,1556,11803.89,INR
IN003983,MARUTI,Maruti Suzuki,BSE,AUTOMOBILE,02-08-2021,9754.77,9851.47,9095.87,9754.77,8800.46,689482,6783750.05,56.74,12.91,1.818,0.624,10582.57,6460.26,2.3,SECTORAL_PORTFOLIO,BUY,1904,11239.84,INR
IN002770,ONGC,Oil & Natural Gas Corp,NSE,ENERGY,02-08-2021,271.12,288.59,264.14,286.07,290.18,3480175,42649.26,59.26,8.37,2.838,0.534,326.22,172.29,3.5,NIFTY50_PORTFOLIO,BUY,568,303.06,INR
IN000136,RELIANCE,Reliance Industries,NSE,ENERGY,02-08-2021,2209.16,2212.83,2081.29,2093.15,2104.62,2984332,1233953.94,61.14,1.25,1.91,0.618,3060.63,1822.09,3.5,MIDCAP_PORTFOLIO,BUY,1576,2357.52,INR
IN000142,RELIANCE,Reliance Industries,NSE,ENERGY,02-08-2021,2219.47,2348.91,2205.98,2335.06,2254.96,4482881,1196293.32,19.84,2.13,1.14,0.703,3073.98,2084.99,3.5,NIFTY50_PORTFOLIO,BUY,354,1770.6,INR
IN002373,SBIN,State Bank of India,NSE,FINANCE,02-08-2021,615.11,624.33,587.11,615.11,601.31,3109604,199653.47,19.22,9.28,2.679,0.48,690.83,429.14,1.2,SECTORAL_PORTFOLIO,BUY,272,463.57,INR
IN002375,SBIN,State Bank of India,NSE,PHARMACEUTICALS,02-08-2021,582.76,598.69,558.09,572.88,594.86,3109604,295067.29,59.33,2.1,3.702,1.166,670.77,503.71,0.5,SECTORAL_PORTFOLIO,HOLD,1738,615.27,INR
IN003335,TCS,Tata Consultancy Services,NSE,TECHNOLOGY,02-08-2021,3664.69,3711.32,3555.36,3640.08,3698.12,4721226,2801933.43,14.62,8.75,3.797,0.835,4707.07,2870.85,0,MIDCAP_PORTFOLIO,BUY,495,4309.49,INR
IN003346,TCS,Tata Consultancy Services,NSE,TECHNOLOGY,02-08-2021,3494.3,3675.87,3476.6,3661.59,3589.08,4471202,1932396.03,75.05,1.37,3.345,1.201,4693.51,2704.17,1.2,NIFTY50_PORTFOLIO,BUY,386,3544.48,INR
IN003365,TCS,Tata Consultancy Services,NSE,TECHNOLOGY,02-08-2021,3517.42,3605.07,3486.68,3527.53,3422.85,4852969,2347172,43.78,9.93,2.342,1.201,4127.3,2467.42,5.1,SECTORAL_PORTFOLIO,BUY,126,3157.65,INR
IN003366,TCS,Tata Consultancy Services,NSE,TECHNOLOGY,02-08-2021,3483.32,3695.39,3389.56,3592.66,3459.47,315594,889417.86,26.68,11.75,3.943,0.856,3922.14,2200.97,0,MIDCAP_PORTFOLIO,BUY,791,3281.63,INR
IN003406,TCS,Tata Consultancy Services,NSE,TECHNOLOGY,02-08-2021,3536.91,3746.78,3431.72,3700.83,3610.83,2495319,1240485.93,48.45,6.17,0.632,1.201,3862.62,2475.82,5.1,SECTORAL_PORTFOLIO,BUY,1296,3623.15,INR
IN003467,TCS,Tata Consultancy Services,NSE,TECHNOLOGY,02-08-2021,3339.58,3653.82,3310.72,3569.73,3482.73,3886695,221643.7,43.14,11.31,1.047,0.863,3825.07,2447.82,0.5,NIFTY50_PORTFOLIO,BUY,636,3716.58,INR
IN003497,TCS,Tata Consultancy Services,NSE,TECHNOLOGY,02-08-2021,3404.52,3484.61,3363.78,3431.67,3394.82,4637891,3087304.38,43.14,10.26,3.17,1.235,3709.88,2270.26,3.5,SECTORAL_PORTFOLIO,BUY,678,3208.43,INR
IN003532,TCS,Tata Consultancy Services,NSE,TECHNOLOGY,02-08-2021,3635.99,3828.61,3578.14,3805.7,3935.11,127049,407880.12,18.19,6.58,3.98,1.038,3933.48,2214.64,5.1,MIDCAP_PORTFOLIO,BUY,491,2644.87,INR
IN003534,TCS,Tata Consultancy Services,NSE,TECHNOLOGY,02-08-2021,3375,3418.46,3294.92,3355.47,3396.52,2373145,543491.98,51.6,13.17,3.868,0.914,3873.49,2685.69,1.2,SECTORAL_PORTFOLIO,BUY,1344,3974.69,INR
IN003629,TCS,Tata Consultancy Services,NSE,TECHNOLOGY,02-08-2021,3452.16,3590.92,3412.63,3568.01,3706.4,1642410,2722065.11,60.15,7.44,2.673,1.32,3783.89,3005.21,0.5,SECTORAL_PORTFOLIO,HOLD,1881,3018.84,INR
IN003646,TCS,Tata Consultancy Services,NSE,TECHNOLOGY,02-08-2021,3460.13,3522.95,3386.39,3475.58,3526.73,4533979,400505.54,39.96,13.4,2.192,0.46,3810.96,2929.76,5.1,NIFTY50_PORTFOLIO,BUY,635,3845.14,INR
IN003649,TCS,Tata Consultancy Services,NSE,TECHNOLOGY,02-08-2021,3362.54,3543.4,3352.49,3499.17,3588.83,2013763,3230948.74,28.51,10.82,1.099,1.756,4763.57,3041.05,5.1,SECTORAL_PORTFOLIO,BUY,767,3133.57,INR
IN003418,TITAN,Titan Company,BSE,CONSUMER GOODS,02-08-2021,3490.84,3577.78,3417.23,3540.62,3472.04,790199,1612895.96,51.23,4.4,3.58,1.691,3574.62,2587.14,5.1,SECTORAL_PORTFOLIO,BUY,538,3857.05,INR
IN003451,TITAN,Titan Company,BSE,CONSUMER GOODS,02-08-2021,3280.92,3348.48,3054.08,3128.66,3107.04,1344695,440736.98,44.08,7.56,0.674,1.95,4321.52,2493.94,3.5,NIFTY50_PORTFOLIO,BUY,568,3312.94,INR
IN003360,AXISBANK,Axis Bank,BSE,FINANCE,03-08-2021,1135.06,1160.19,1080.02,1110.22,1143.19,1349814,367209.54,43.34,1.55,2.61,0.799,1235.77,886.3,2.3,MIDCAP_PORTFOLIO,BUY,1208,1278.55,INR
IN003370,AXISBANK,Axis Bank,BSE,FINANCE,03-08-2021,1135.82,1146.12,1058.36,1076.63,1080.91,950441,196527.04,36.59,3.48,0.9,1.811,1470.99,787.25,0.5,NIFTY50_PORTFOLIO,BUY,647,1363.46,INR
IN003382,AXISBANK,Axis Bank,BSE,FINANCE,03-08-2021,1076.57,1160.22,1069.84,1131.29,1142,4737653,365102.53,73.87,4.55,1.888,1.177,1341.23,879.57,5.1,NIFTY50_PORTFOLIO,BUY,1926,1008.96,INR
IN001053,INFY,Infosys,NSE,TECHNOLOGY,03-08-2021,1566.16,1605.25,1498.2,1514.1,1532.57,84487,1399444.76,39.855,8.085,2.099,0.631,1704.29,960.6,1.2,NIFTY50_PORTFOLIO,HOLD,1631,1543.16,INR
IN001109,INFY,Infosys,NSE,TECHNOLOGY,03-08-2021,1473.85,1495.81,1455.3,1494.93,1466.69,994077,88086.38,56.77,7.98,2.557,1.403,2056.34,1351.9,0,NIFTY50_PORTFOLIO,BUY,1221,1260.88,INR
IN001152,INFY,Infosys,NSE,TECHNOLOGY,03-08-2021,1496.75,1516.67,1425.8,1429.61,1460.9,2492781,1304330.82,17.77,2.4,1.063,0.871,2094.85,1312.37,0.5,SECTORAL_PORTFOLIO,SELL,741,1159.45,INR
IN001159,INFY,Infosys,NSE,TECHNOLOGY,03-08-2021,1506.45,1514.27,1390.78,1415.63,1362.64,875740,781767.42,28,3.35,1.302,0.726,1751.82,1081.86,5.1,NIFTY50_PORTFOLIO,SELL,752,1491.32,INR
IN001170,INFY,Infosys,NSE,TECHNOLOGY,03-08-2021,1557.53,1576.01,1528.79,1571.51,1612.83,1041370,1048976.58,71.19,13.71,0.545,0.694,1771.18,1352.46,5.1,NIFTY50_PORTFOLIO,SELL,1056,1618.13,INR
IN002969,KOTAKBANK,Kotak Mahindra Bank,NSE,FINANCE,03-08-2021,1869.4,1926.83,1865.59,1869.4,1964,3907240,1230936.18,62.2,12.35,3.294,0.741,2172.23,1700.13,0.5,MIDCAP_PORTFOLIO,SELL,524,1464.84,INR
IN002980,KOTAKBANK,Kotak Mahindra Bank,NSE,FINANCE,03-08-2021,1712.83,1726.6,1631.93,1649.91,1709,2015202,751650.88,47.04,14.22,3.547,1.691,2223.19,1311.16,0,SECTORAL_PORTFOLIO,BUY,877,1484.98,INR
IN003049,KOTAKBANK,Kotak Mahindra Bank,NSE,FINANCE,03-08-2021,1779.95,1918.88,1734.91,1879.79,1944.52,2824831,545545.91,14.82,12.81,1.436,1.877,2395.46,1258.1,5.1,MIDCAP_PORTFOLIO,HOLD,1971,1420.01,INR
IN003063,KOTAKBANK,Kotak Mahindra Bank,NSE,FINANCE,03-08-2021,1871.91,2023.71,1822.42,1971.9,2017.8,2130425,581031.7,50.54,5.33,1.263,1.812,1971.9,1479.13,0.5,SECTORAL_PORTFOLIO,BUY,1439,2101.21,INR
IN003072,KOTAKBANK,Kotak Mahindra Bank,NSE,FINANCE,03-08-2021,1819.22,1867.46,1701.67,1754.18,1752.33,2824831,1058107.95,70.28,11.63,2.59,1.973,2082.83,1353.67,3.5,SECTORAL_PORTFOLIO,BUY,1739,1575.9,INR
IN002251,RELIANCE,Reliance Industries,NSE,ENERGY,03-08-2021,2120.65,2132.72,1982.42,2120.65,2024.14,2696380,1348452.97,58.77,8.73,1.905,1.508,2975.92,1550.86,1.2,SECTORAL_PORTFOLIO,SELL,1444,1928.26,INR
IN002277,RELIANCE,Reliance Industries,NSE,ENERGY,03-08-2021,2306.46,2313,2218.55,2278.92,2245.84,4522963,325440.92,69.96,8.77,0.143,0.452,2450.69,1918.28,5.1,NIFTY50_PORTFOLIO,BUY,527,2160.97,INR
IN002284,RELIANCE,Reliance Industries,NSE,ENERGY,03-08-2021,2190.75,2226.26,2076.14,2080.69,2070.3,932449,409440.66,48.01,11.43,3.368,1.846,2631.61,1814.22,1.2,NIFTY50_PORTFOLIO,SELL,246,1919.16,INR
IN002291,RELIANCE,Reliance Industries,NSE,ENERGY,03-08-2021,2248.89,2347.9,2226.09,2326.71,2339.71,1810963,217020.5,65.67,5.4,0.822,0.618,2362.15,1528.81,2.3,NIFTY50_PORTFOLIO,HOLD,425,1663.64,INR
IN002954,TECHM,Tech Mahindra,NSE,TECHNOLOGY,03-08-2021,1299.15,1320.74,1200.14,1221.28,1258.3,4689903,592232.26,45.9,10.75,3.128,1.29,1697.84,1034.23,1.2,NIFTY50_PORTFOLIO,HOLD,1892,1471.11,INR
IN002975,TECHM,Tech Mahindra,NSE,TECHNOLOGY,03-08-2021,1301.01,1319.04,1235.37,1246.27,1287.68,1956503,190868.14,61.64,2.88,2.884,1.056,1604.9,1177.41,0,MIDCAP_PORTFOLIO,BUY,1713,1473.75,INR
IN002979,TECHM,Tech Mahindra,NSE,TECHNOLOGY,03-08-2021,1266.34,1292.4,1232.03,1235.46,1283.32,3675904,221535.72,48.83,5.2,1.071,1.471,1699.85,1143.42,5.1,NIFTY50_PORTFOLIO,BUY,76,1150.4,INR
IN003664,TECHM,Tech Mahindra,NSE,TECHNOLOGY,03-08-2021,1269.32,1310.52,1241.11,1307.77,1270.01,3666597,434584.82,22.88,1.02,2.045,1.152,1472.1,780.82,0.5,SECTORAL_PORTFOLIO,BUY,1075.5,1165.94,INR
IN003681,TECHM,Tech Mahindra,NSE,TECHNOLOGY,03-08-2021,1248.82,1355.12,1247.16,1329.03,1367.69,2638513,403785.72,54.78,12.99,0.762,0.504,1588.46,964.05,5.1,NIFTY50_PORTFOLIO,BUY,1087,1183.31,INR
IN000211,TITAN,Titan Company,BSE,CONSUMER GOODS,03-08-2021,3257.28,3307.22,3081.88,3174.37,3226.66,831801,2049954.04,44.88,10.03,2.122,1.4,4329.34,2460.9,5.1,NIFTY50_PORTFOLIO,BUY,341,2598.35,INR
IN000213,TITAN,Titan Company,BSE,CONSUMER GOODS,03-08-2021,3235.35,3394.61,3158.76,3346.73,3478.91,1068282,3229729.29,35.37,5.4,2.077,1.456,3879.75,2210.47,0.5,NIFTY50_PORTFOLIO,BUY,676,3266.14,INR
IN000215,TITAN,Titan Company,BSE,CONSUMER GOODS,03-08-2021,3541.65,3571.93,3497.3,3528.35,3595.48,4733504,1630438.38,25.12,9.35,2.122,1.242,4756.75,2598.65,0,SECTORAL_PORTFOLIO,BUY,1377,3299.59,INR
IN003852,TITAN,Titan Company,BSE,CONSUMER GOODS,03-08-2021,3419.01,3520.56,3248.99,3288,3244.6,2389908.5,1835830.275,39.31,2.33,2.886,1.144,3905.46,2969.22,5.1,SECTORAL_PORTFOLIO,BUY,890,2823.38,INR
IN003859,TITAN,Titan Company,BSE,CONSUMER GOODS,03-08-2021,3383.02,3384.09,3153.71,3161.26,3158.87,3580060,2477145.98,23.49,5.52,3.178,1.813,4545.33,2384.6,0,MIDCAP_PORTFOLIO,SELL,1885,3384.2,INR
IN002783,ONGC,Oil & Natural Gas Corp,NSE,ENERGY,04-08-2021,282.78,287.21,266.8,273.03,275.45,4788270,168155.26,76.26,14.78,1.931,1.146,322.6,186.95,3.5,SECTORAL_PORTFOLIO,HOLD,1380,253.7,INR
IN002830,ONGC,Oil & Natural Gas Corp,NSE,ENERGY,04-08-2021,274.96,281.74,263.3,266,271.94,1566002,168155.26,30.32,8.08,3.759,1.063,321.96,220.13,3.5,SECTORAL_PORTFOLIO,HOLD,1590,235.84,INR
IN003013,TECHM,Tech Mahindra,NSE,TECHNOLOGY,04-08-2021,1236.99,1349.23,1216.82,1311.77,1348.07,1228248,472381.03,46.87,10.99,0.607,0.442,1629.58,1120.16,0.5,SECTORAL_PORTFOLIO,BUY,1750,1553.13,INR
IN003061,TECHM,Tech Mahindra,NSE,TECHNOLOGY,04-08-2021,1347.26,1370.08,1304.25,1314.04,1335.49,4772476,1188237.05,20.85,7.2,3.741,1.076,1671.68,1125.53,0,NIFTY50_PORTFOLIO,BUY,243,1601.89,INR
IN000803,WIPRO,Wipro,BSE,TECHNOLOGY,04-08-2021,483.56,495.16,445,457.72,455.21,2414007,110291.84,44.94,7.05,3.242,1.61,687.83,381.35,2.3,SECTORAL_PORTFOLIO,HOLD,406,457.57,INR
IN002151,AXISBANK,Axis Bank,BSE,FINANCE,06-08-2021,1051.13,1080.51,1023.2,1073.61,1086.45,2382867,890222.73,20.17,2.34,2.388,0.441,1306.06,915.61,3.5,NIFTY50_PORTFOLIO,BUY,1801,1133.16,INR
IN000735,BAJFINANCE,Bajaj Finance,NSE,NBFC,06-08-2021,7208.05,7732.7,7016.6,7676.67,7549.29,3805138,3423400.78,50.94,10.39,1.393,0.511,7942.49,5122.99,0.5,MIDCAP_PORTFOLIO,BUY,237,7938.49,INR
IN000811,BAJFINANCE,Bajaj Finance,NSE,NBFC,06-08-2021,6886.12,7119.73,6805.11,6998.74,7167.4,2751126,5126367.54,72.65,2.79,1.856,1.311,7891.82,5528.53,5.1,NIFTY50_PORTFOLIO,BUY,1675,7836.51,INR
IN000023,HINDUNILVR,Hindustan Unilever,NSE,FMCG,06-08-2021,2520.54,2544.07,2444.86,2493.51,2533.25,4426589,2115351.67,54.49,13.04,3.221,1.591,2773.82,2113.39,0.5,NIFTY50_PORTFOLIO,BUY,568,2941.51,INR
IN000070,HINDUNILVR,Hindustan Unilever,NSE,FMCG,06-08-2021,2593.54,2666.08,2437.68,2593.54,2568.14,3946854,1956747.44,66.5,4.59,1.479,1.276,3052.14,2163.06,5.1,SECTORAL_PORTFOLIO,BUY,103,2704.03,INR
IN003323,HINDUNILVR,Hindustan Unilever,NSE,FMCG,06-08-2021,2464.87,2697.47,2436.55,2624.93,2699.69,4402056,2336366.45,56.58,7.68,0.199,0.545,3191.29,2326.93,1.2,NIFTY50_PORTFOLIO,BUY,1235,2819.99,INR
IN004294,HINDUNILVR,Hindustan Unilever,NSE,FMCG,06-08-2021,2476.21,2614.54,2458.64,2551.78,2479.57,1137766,1030830.06,33.51,7.7,1.236,1.586,2840.94,2130.24,3.5,SECTORAL_PORTFOLIO,BUY,269,2016.54,INR
IN004313,HINDUNILVR,Hindustan Unilever,NSE,FMCG,06-08-2021,2570.98,2629.86,2539.12,2618.96,2637.29,55100,916676.46,53.6,9.54,0.565,1.584,2683.64,2105.44,2.3,MIDCAP_PORTFOLIO,BUY,1183,2772.78,INR
IN004319,HINDUNILVR,Hindustan Unilever,NSE,FMCG,06-08-2021,2572.34,2786.65,2511.38,2572.34,2826.53,2580566,462848.41,66.31,10.12,1.033,1.922,3332.65,1842.13,1.2,NIFTY50_PORTFOLIO,BUY,134,2498.98,INR
IN004320,HINDUNILVR,Hindustan Unilever,NSE,FMCG,06-08-2021,2555.85,2688.65,2491.02,2673.39,2761.31,2584815,1843149.09,13.84,10.86,0.223,1.284,3259.49,1636.84,0,MIDCAP_PORTFOLIO,BUY,1087,2438.27,INR
IN002353,SUNPHARMA,Sun Pharmaceutical,BSE,PHARMACEUTICALS,06-08-2021,1242.98,1285.22,1242.56,1255.16,1265.65,2160263,494083.44,50.32,1.48,1.704,1.515,1457.28,1108.91,0.5,SECTORAL_PORTFOLIO,BUY,1935,924.49,INR
IN002360,SUNPHARMA,Sun Pharmaceutical,BSE,PHARMACEUTICALS,06-08-2021,1259.78,1268.76,1238.67,1259.78,1301.78,1356570,236389.79,47.14,11.13,0.771,1.139,1454.2,798.64,0.5,MIDCAP_PORTFOLIO,BUY,869,1230.76,INR
IN003389,TECHM,Tech Mahindra,NSE,TECHNOLOGY,06-08-2021,1285.74,1356.65,1272.48,1332.35,1318,865215,158316.72,65.81,1.72,3.348,0.521,1454.21,941.87,3.5,SECTORAL_PORTFOLIO,BUY,1883,1077.43,INR
IN000067,BAJFINANCE,Bajaj Finance,NSE,NBFC,07-08-2021,7138.09,7167.56,6725.96,6772.1,6633.98,3549209,3078116.72,79.06,6.14,1.402,1.658,9737.15,6090.67,2.3,MIDCAP_PORTFOLIO,BUY,592,8412.06,INR
IN000083,BAJFINANCE,Bajaj Finance,NSE,NBFC,07-08-2021,6846.62,7389.74,6686.94,7227.66,7367.29,3470576,2950435.5,44.36,3.37,1.856,1.511,8370.61,5571.19,1.2,MIDCAP_PORTFOLIO,BUY,1060,6559.96,INR
IN002619,HCLTECH,HCL Technologies,NSE,TECHNOLOGY,07-08-2021,1479.12,1548.15,1455.39,1511.25,1488.14,2249024,1384798.09,75.43,13.58,3.132,1.221,1637.62,1264.03,2.3,NIFTY50_PORTFOLIO,SELL,252,1293.98,INR
IN000607,SBIN,State Bank of India,NSE,FINANCE,07-08-2021,629.37,637.38,586.71,588.53,580.97,2802460,472028.26,73.85,7.52,0.372,1.192,643.05,520,2.3,MIDCAP_PORTFOLIO,HOLD,518,648.93,INR
IN004850,ULTRACEMCO,UltraTech Cement,BSE,INFRASTRUCTURE,07-08-2021,9365.44,9651.27,9308.96,9634.25,9423.27,1465787,7628268.71,32.46,12.95,2.074,0.799,11359.97,6232.21,1.2,MIDCAP_PORTFOLIO,BUY,498,9635.8,INR
IN000307,SUNPHARMA,Sun Pharmaceutical,BSE,PHARMACEUTICALS,09-08-2021,1187.52,1252.95,1169.3,1246.9,1229.23,2489035,332112.63,27.71,13.96,3.155,0.538,1279.32,868.46,2.3,SECTORAL_PORTFOLIO,BUY,1773,929.84,INR
IN003071,TECHM,Tech Mahindra,NSE,TECHNOLOGY,09-08-2021,1315.85,1336.51,1228.42,1231.88,1266.56,4262788,661623.79,51.32,2.42,2.776,0.576,1768.83,1086.91,3.5,SECTORAL_PORTFOLIO,BUY,44,1400.94,INR
IN003095,TECHM,Tech Mahindra,NSE,TECHNOLOGY,09-08-2021,1326.42,1354.34,1228.36,1255.19,1206.92,195846,383000.44,63.81,4.45,2.428,1.088,1798.04,1057.03,1.2,SECTORAL_PORTFOLIO,BUY,1384,1241.66,INR
IN003123,TECHM,Tech Mahindra,NSE,TECHNOLOGY,09-08-2021,1348.29,1376.76,1255.74,1266.81,1270.72,3064147,264609.94,45.19,3.35,1.921,1.607,1748.7,1162.79,3.5,MIDCAP_PORTFOLIO,BUY,94,1400.34,INR
IN003138,TECHM,Tech Mahindra,NSE,TECHNOLOGY,09-08-2021,1339.75,1409.35,1317.76,1396.17,1433.18,4356199,309751.25,57.14,9.82,0.099,1.615,1681.52,1199.69,0.5,NIFTY50_PORTFOLIO,BUY,164,1578.35,INR
IN003145,TECHM,Tech Mahindra,NSE,TECHNOLOGY,09-08-2021,1257.79,1282.91,1177.96,1202.37,1224.64,576300,453324.99,30.54,5.97,0.649,1.485,1605.14,973.1,2.3,NIFTY50_PORTFOLIO,BUY,1919,1201.84,INR
IN003156,TECHM,Tech Mahindra,NSE,TECHNOLOGY,09-08-2021,1352.78,1354.13,1247.24,1261.39,1294.13,4542614,320342.55,79.19,1.2,3.096,0.704,1706.9,1136.66,5.1,NIFTY50_PORTFOLIO,BUY,659,1375.19,INR
IN003162,TECHM,Tech Mahindra,NSE,TECHNOLOGY,09-08-2021,1300.46,1315.82,1224.33,1255.65,1294.14,3092996,253530.36,61.8,10.81,0.678,1.04,1675.75,954.29,1.2,SECTORAL_PORTFOLIO,BUY,295,1334.54,INR
IN003186,TECHM,Tech Mahindra,NSE,TECHNOLOGY,09-08-2021,1329.54,1363.24,1259.9,1294.48,1249.48,1167154,1267369.7,54.28,12.87,0.955,0.838,1758.44,1065.48,0,NIFTY50_PORTFOLIO,BUY,227,1348.99,INR
IN003210,TECHM,Tech Mahindra,NSE,TECHNOLOGY,09-08-2021,1350.17,1411.8,1324.87,1384.78,1386.83,1497376,903253.75,29.13,6.51,2.419,0.73,1671.04,1097.54,1.2,NIFTY50_PORTFOLIO,BUY,1624,1093.62,INR
IN004210,TITAN,Titan Company,BSE,CONSUMER GOODS,09-08-2021,3523.74,3564.68,3244.87,3277.73,3369.09,2848494,1835830.275,54.23,14.42,2.518,1.966,3959.26,2897.1,3.5,SECTORAL_PORTFOLIO,BUY,1870,4191.04,INR
IN000199,AXISBANK,Axis Bank,BSE,FINANCE,10-08-2021,1133.15,1206.02,1118.33,1185.9,1138.65,1865342,187939.63,23.56,5.76,0.508,1.623,1276.81,751.24,3.5,MIDCAP_PORTFOLIO,HOLD,1601,917.14,INR
IN004321,HCLTECH,HCL Technologies,NSE,TECHNOLOGY,10-08-2021,1466.11,1599.09,1430.51,1564.75,1565.19,3598393,1090615.23,41.31,13.5,0.98,1.221,1575.5,1080.6,5.1,NIFTY50_PORTFOLIO,BUY,1624,1816.82,INR
IN004359,HCLTECH,HCL Technologies,NSE,TECHNOLOGY,10-08-2021,1483.89,1525.42,1480.5,1518.56,1476.55,400882,1127875.69,51.17,3.02,3.479,1.932,2040.9,1054.19,5.1,MIDCAP_PORTFOLIO,BUY,849,1138.3,INR
IN004387,HCLTECH,HCL Technologies,NSE,TECHNOLOGY,10-08-2021,1552.53,1575.71,1427.42,1463.35,1468.25,2263985,1054193.25,36.72,7.84,2.377,1.832,2094.21,1032.26,3.5,NIFTY50_PORTFOLIO,BUY,1179,1717.98,INR
IN004388,HCLTECH,HCL Technologies,NSE,TECHNOLOGY,10-08-2021,1574.64,1630.92,1547.75,1602.32,1592.26,2411753,1183328.95,14.2,13.06,1.836,1.071,1761.95,1238.19,0,SECTORAL_PORTFOLIO,HOLD,1800,1476.61,INR
IN002177,ICICIBANK,ICICI Bank,NSE,FINANCE,10-08-2021,916.14,935.74,883.22,907.73,935.41,2964719,279804.88,45.46,10.07,3.943,1.152,1098.43,689.81,3.5,NIFTY50_PORTFOLIO,BUY,1789,825.38,INR
IN000025,TECHM,Tech Mahindra,NSE,TECHNOLOGY,10-08-2021,1262.55,1285.4,1222.02,1229.55,1243.55,2847569,928126.48,72.41,2.69,2.77,0.858,1681.35,1043.56,1.2,SECTORAL_PORTFOLIO,BUY,1161,1023.77,INR
IN002765,HCLTECH,HCL Technologies,NSE,TECHNOLOGY,11-08-2021,1457.57,1483.12,1429.7,1435,1482.53,2202239,1181052.25,14.46,11.88,0.787,0.736,1872.54,1092.94,3.5,MIDCAP_PORTFOLIO,HOLD,42,1250.48,INR
IN002808,HCLTECH,HCL Technologies,NSE,TECHNOLOGY,11-08-2021,1455.98,1475.95,1412.58,1455.98,1441.39,4101469,134178.62,19.37,11.89,0.416,0.913,2013.57,1100.78,3.5,SECTORAL_PORTFOLIO,BUY,1578,1270.6,INR
IN004691,POWERGRID,Power Grid Corporation,BSE,UTILITIES,12-08-2021,262.07,278.96,254.23,275.71,282.73,4019379,247073.48,68.65,4.26,1.925,0.815,340.48,203.15,5.1,MIDCAP_PORTFOLIO,SELL,1318,306.62,INR
IN004723,POWERGRID,Power Grid Corporation,BSE,UTILITIES,12-08-2021,239.88,243.4,228.29,234,234.6,4561645,40587.05,72.41,2.63,1.078,1.1515,341.35,165.98,3.5,MIDCAP_PORTFOLIO,BUY,957,284.73,INR
IN004733,POWERGRID,Power Grid Corporation,BSE,UTILITIES,12-08-2021,259.72,337.6127212,259.72,260.82,264.33,1021544,171585.41,32.27,8.885,1.9755,0.773,300.31,193.28,3.5,MIDCAP_PORTFOLIO,BUY,683,257.27,INR
IN000767,RELIANCE,Reliance Industries,NSE,ENERGY,12-08-2021,2207.78,2257.07,2152.84,2175.01,2241.25,3867580,1538441.91,30.94,14.89,3.576,0.885,2793.38,1444.12,2.3,NIFTY50_PORTFOLIO,BUY,81,2181.17,INR
IN000777,RELIANCE,Reliance Industries,NSE,ENERGY,12-08-2021,2159.86,2214.1,2102.73,2146.44,2083.69,497974,177491.84,61.22,1.36,3.077,1.122,3071.14,1429.58,3.5,NIFTY50_PORTFOLIO,BUY,1247,2201.97,INR
IN000781,RELIANCE,Reliance Industries,NSE,ENERGY,12-08-2021,2132.51,2289.11,2082.74,2232.74,2252.31,1648935,1816177.33,44.76,14.4,1.964,1.308,2384.61,1978.44,0,MIDCAP_PORTFOLIO,HOLD,377,2234.7,INR
IN000696,MARUTI,Maruti Suzuki,BSE,AUTOMOBILE,03-09-2021,10268.13,10428.62,9970.46,10036.01,9637.35,2828312,5836821.29,30.33,7.84,1.712,1.153,12381.52,8042.18,0.5,NIFTY50_PORTFOLIO,HOLD,1631,11381.08,INR
IN000697,MARUTI,Maruti Suzuki,BSE,AUTOMOBILE,03-09-2021,10000.48,10216.6,9187.62,9329.16,9310.21,1653135,5168125.28,48.75,6.78,1.866,0.56,11785,6434.29,0.5,NIFTY50_PORTFOLIO,SELL,624,8096.23,INR
IN004904,RELIANCE,Reliance Industries,NSE,ENERGY,03-09-2021,2240.65,2242.77,2076.98,2093.86,2073.33,4329871,1952707.59,27.67,10.92,1.743,0.823,2797.33,1737.09,1.2,NIFTY50_PORTFOLIO,BUY,95,1789.37,INR
IN004934,RELIANCE,Reliance Industries,NSE,ENERGY,03-09-2021,2282.58,2289.08,2216.08,2270.2,2248.22,3888367,1573913.78,68.09,1.28,0.574,1.336,2922.4,1507.34,0.5,SECTORAL_PORTFOLIO,HOLD,1523,2604.39,INR
IN004941,RELIANCE,Reliance Industries,NSE,ENERGY,03-09-2021,2157.2,2203.16,1995.68,2054.3,2135.71,3805392,1673740.45,44.76,9.79,3.549,0.932,2903.56,1513.83,3.5,SECTORAL_PORTFOLIO,BUY,1319,2583.86,INR
IN004960,RELIANCE,Reliance Industries,NSE,ENERGY,03-09-2021,2094.29,2166.01,2064.38,2105.14,2025.76,270725,1663388.23,60.07,7.05,2.542,1.592,2454.85,2062.15,5.1,MIDCAP_PORTFOLIO,BUY,434,1775.36,INR
IN004983,RELIANCE,Reliance Industries,NSE,ENERGY,03-09-2021,2162.67,2340.4,2128.55,2309.97,2237.65,2674095,1443012.37,23.94,12.9,2.134,0.59,2730.43,1457.95,5.1,MIDCAP_PORTFOLIO,BUY,697,2640.65,INR
IN004905,HCLTECH,HCL Technologies,NSE,TECHNOLOGY,04-09-2021,1443.82,1480.74,1329.97,1351.97,1375.52,1401397,297121.29,73.41,2.48,0.579,0.556,2040.28,1061.85,1.2,MIDCAP_PORTFOLIO,BUY,729,1565.78,INR
IN004378,INFY,Infosys,NSE,TECHNOLOGY,04-09-2021,1530.85,1653.63,1505.15,1618.06,1603.1,2388298,794242.47,17.1,8.11,3.059,1.01,1946.97,1114.68,5.1,SECTORAL_PORTFOLIO,SELL,1700,1337.55,INR
IN004393,INFY,Infosys,NSE,TECHNOLOGY,04-09-2021,1535.23,1639.14,1499.46,1600.07,1658.78,2598342,495256.25,37.05,9.53,2.856,0.867,1642.13,1018.73,1.2,SECTORAL_PORTFOLIO,HOLD,1740,1794.97,INR
IN002725,TITAN,Titan Company,BSE,CONSUMER GOODS,04-09-2021,3403.11,3432.55,3171.95,3180.15,3265.46,1700292,1403839.08,22.81,7.88,3.138,1.188,3981.55,3055.78,5.1,NIFTY50_PORTFOLIO,BUY,438,3306.48,INR
IN002727,TITAN,Titan Company,BSE,CONSUMER GOODS,04-09-2021,3368.35,3422.91,3318.52,3408.26,3285.25,260485,1835830.275,40.96,2.83,0.251,1.491,4111.97,2682.66,3.5,SECTORAL_PORTFOLIO,SELL,406,3123.27,INR
IN000494,WIPRO,Wipro,BSE,TECHNOLOGY,04-09-2021,504.86,516.31,498.17,502,487.47,625063,255127.93,74.54,3.09,2.172,0.964,502,407.44,5.1,MIDCAP_PORTFOLIO,BUY,744,399.16,INR
IN001796,WIPRO,Wipro,BSE,TECHNOLOGY,04-09-2021,502.77,505.76,477.91,480.24,482.27,2733554,485962.81,29.46,1.36,2.825,0.727,591.3,383.37,0,NIFTY50_PORTFOLIO,BUY,1952,395.7,INR
IN000959,ADANIENT,Adani Enterprises,NSE,TECHNOLOGY,06-09-2021,2936.87,2966.17,2858.8,2935.45,2827.18,4484827,214866.15,64.36,1.93,1.761,1.186,3660.46,1821.22,2.3,SECTORAL_PORTFOLIO,HOLD,1586,2574.42,INR
IN000964,ADANIENT,Adani Enterprises,NSE,CONGLOMERATE,06-09-2021,2682.69,2692.88,2520.72,2594.77,2641.62,4781897,287803.12,12.96,1.7,2.502,0.73,3440.2,2594.77,0,NIFTY50_PORTFOLIO,BUY,1030,2297.88,INR
IN002265,INFY,Infosys,NSE,TECHNOLOGY,06-09-2021,1452.43,1502.44,1445.63,1477.47,1490.21,1760212,646279.23,9,6.33,0.426,1.462,1952.59,1293.73,2.3,MIDCAP_PORTFOLIO,SELL,1867,1600.35,INR
IN002321,INFY,Infosys,NSE,TECHNOLOGY,06-09-2021,1437.79,1454.71,1423.07,1437.79,1407.43,477790,1094960.26,37.83,8.47,1.826,1.099,2049.76,1068.51,5.1,NIFTY50_PORTFOLIO,BUY,1746,1717.36,INR
IN002341,INFY,Infosys,NSE,TECHNOLOGY,06-09-2021,1518.23,1577.08,1474.34,1544.4,1590.66,1655923,1140716.91,14.54,4.03,1.155,0.666,1641.72,1395.01,5.1,NIFTY50_PORTFOLIO,SELL,708,1474.14,INR
IN002345,INFY,Infosys,NSE,TECHNOLOGY,06-09-2021,1445.03,1471.05,1419.27,1453.85,1427.78,3657757,585624.65,36.95,5.77,0.557,1.055,1939.23,1048.21,0,MIDCAP_PORTFOLIO,HOLD,1722,1241.04,INR
IN001793,SBIN,State Bank of India,NSE,FINANCE,06-09-2021,606.85,614.07,568.88,585.63,590.43,1274343,524683.8,60.84,8.26,3.609,0.675,692.53,406.51,1.2,NIFTY50_PORTFOLIO,BUY,1737,676.16,INR
IN001808,SBIN,State Bank of India,NSE,FINANCE,06-09-2021,578.43,579.51,527.6,540.54,542.76,4904791,84348.04,10.51,12.1,1.049,1.1655,820.26,537.09,3.5,NIFTY50_PORTFOLIO,BUY,269,522.1,INR
IN001525,ASIANPAINT,Asian Paints,BSE,CONSUMER GOODS,07-09-2021,3069.86,3079.68,2946.35,2970.27,2945.41,3895754,2939187.53,42.37,3.25,3.711,1.307,4189.45,1845.33,2.3,MIDCAP_PORTFOLIO,BUY,1704,3575.05,INR
IN001189,POWERGRID,Power Grid Corporation,BSE,UTILITIES,07-09-2021,252.23,253.04,241.55,244.69,239.16,1803893,63635.65,21.66,14.95,3.036,1.637,273.23,221.8,1.2,SECTORAL_PORTFOLIO,BUY,1979,266.74,INR
IN001250,POWERGRID,Power Grid Corporation,BSE,UTILITIES,07-09-2021,261.43,271.07,258.09,267.77,276.61,4773219,66566.76,55.25,12.95,0.945,0.414,344.77,198.06,0.5,SECTORAL_PORTFOLIO,BUY,1543,206.21,INR
IN001255,POWERGRID,Power Grid Corporation,BSE,UTILITIES,07-09-2021,252.97,261.52,247.93,258.7,266.99,4179236,71437.57,46.24,7.64,1.678,1.397,308.07,179.65,0.5,SECTORAL_PORTFOLIO,BUY,252,293.66,INR
IN001281,TITAN,Titan Company,BSE,CONSUMER GOODS,07-09-2021,3316.54,3387.91,3047.6,3085.64,3130.21,793061,1845273.34,44.08,6.47,0.606,1.748,4499.61,2180.85,3.5,MIDCAP_PORTFOLIO,SELL,1933,2709.07,INR
IN001283,TITAN,Titan Company,BSE,CONSUMER GOODS,07-09-2021,3244.73,3269.53,3211.25,3244.73,3267.7,1832713,3162616.86,43.1,14.08,0.73,1.122,4659.56,2558.39,3.5,MIDCAP_PORTFOLIO,BUY,1258,3679.71,INR
IN004194,AXISBANK,Axis Bank,BSE,FINANCE,08-09-2021,1078.15,1103.27,1052.39,1083.92,1115.65,3881222,1005498.82,44.76,1.53,1.372,1.533,1402.09,742.35,3.5,SECTORAL_PORTFOLIO,BUY,675,1113.82,INR
IN004209,AXISBANK,Axis Bank,BSE,FINANCE,08-09-2021,1120.67,1125.42,1052.47,1070.24,1087.89,3493857,195955.85,43.16,14.56,2.653,1.754,1256.13,857.25,0,MIDCAP_PORTFOLIO,BUY,716,834.28,INR
IN004216,AXISBANK,Axis Bank,BSE,FINANCE,08-09-2021,1065.68,1132.9,1047.44,1130.68,1139.16,998470,282398.5,8.83,2.56,1.907,1.62,1449.6,1026.06,2.3,SECTORAL_PORTFOLIO,BUY,687,918.5,INR
IN004238,AXISBANK,Axis Bank,BSE,FINANCE,08-09-2021,1150.12,1185.73,1143.14,1168.85,1151.67,1994920,592518.78,59.94,7.24,1.619,1.801,1234.76,821.1,0,NIFTY50_PORTFOLIO,HOLD,113,1187.25,INR
IN002766,BAJFINANCE,Bajaj Finance,NSE,NBFC,08-09-2021,7029.42,7111.06,6740.59,6942.38,6989.4,216950,6658725.18,11.35,4.07,0.545,1.882,9081.19,5012.75,0.5,MIDCAP_PORTFOLIO,SELL,1645,7292.47,INR
IN002779,BAJFINANCE,Bajaj Finance,NSE,NBFC,08-09-2021,6830.44,7131.33,6627.49,7012.02,7247.58,4883334,2879953.56,17.1,10.73,0.292,1.689,7768.21,6406.41,1.2,MIDCAP_PORTFOLIO,BUY,1755,5884.25,INR
IN000536,HDFCBANK,HDFC Bank,NSE,FINANCE,08-09-2021,1538.37,1563.73,1488.18,1538.37,1488.87,4244485,1448099.14,60.54,8.11,2.952,0.674,2175.49,1440.83,5.1,NIFTY50_PORTFOLIO,BUY,906,1427,INR
IN004794,INFY,Infosys,NSE,TECHNOLOGY,08-09-2021,1535.32,1578.49,1499.03,1550.81,1516.28,2388298,352938.54,35.79,4.23,1.78,1.264,2020.2,1215.43,5.1,SECTORAL_PORTFOLIO,BUY,1539,1264.89,INR
IN004807,INFY,Infosys,NSE,TECHNOLOGY,08-09-2021,1484.82,1508.73,1447.62,1467.1,1513.14,4471076,349963.99,30.53,8.19,0,0.851,1741.94,954.04,1.2,SECTORAL_PORTFOLIO,HOLD,330,1737.39,INR
IN004814,INFY,Infosys,NSE,TECHNOLOGY,08-09-2021,1455.93,1482.33,1417.92,1468.9,1526.1,873209,851699.74,21.8,3.73,2.36,0.691,1784.06,1341.26,2.3,MIDCAP_PORTFOLIO,BUY,1512,1276.2,INR
IN004818,INFY,Infosys,NSE,TECHNOLOGY,08-09-2021,1493.16,1565.26,1464.73,1520.63,1494.01,2388298,1439879.77,39.855,8.87,3.108,1.537,2025.52,915.32,0,MIDCAP_PORTFOLIO,BUY,1654,1782.01,INR
IN004822,INFY,Infosys,NSE,TECHNOLOGY,08-09-2021,1541.48,1652.64,1541.36,1624.44,1656.31,555506,317293,66.54,4.48,3.999,1.524,1927.01,1081.59,3.5,NIFTY50_PORTFOLIO,BUY,1639,1376.74,INR
IN004841,INFY,Infosys,NSE,TECHNOLOGY,08-09-2021,1465.71,1549.67,1441.64,1534.33,1538.42,1030875,1056972.03,40.31,5,2.856,1.25,1625.8,1225.53,0,SECTORAL_PORTFOLIO,BUY,131,1341.91,INR
IN004647,NESTLEIND,Nestle India,BSE,FMCG,08-09-2021,22740.42,23292.32,21128.79,21551.83,21734.44,508426,7594205.22,25.71,2.13,1.414,1.218,29020.87,17095.62,2.3,SECTORAL_PORTFOLIO,BUY,56,21523.86,INR
IN004653,NESTLEIND,Nestle India,BSE,FMCG,08-09-2021,22840.19,23394.69,22216.82,23331.61,23941.09,1133892,10759084.95,40.12,2.24,2.355,1.2725,26823.25,19405.13,0.5,MIDCAP_PORTFOLIO,HOLD,276,17449.44,INR
IN000454,ULTRACEMCO,UltraTech Cement,BSE,INFRASTRUCTURE,08-09-2021,9469.91,9712.2,9320.32,9450.2,9151.62,2877422,9202742.75,17.34,8.89,1.094,1.836,12686.96,6874.72,5.1,MIDCAP_PORTFOLIO,BUY,679,7559.68,INR
IN000528,ULTRACEMCO,UltraTech Cement,BSE,INFRASTRUCTURE,08-09-2021,9204.92,9999999,9129.18,9999999,9859.25,1968071,1590174.93,22.1,12.07,1.101,1.083,9999999,8998.44,0.5,SECTORAL_PORTFOLIO,BUY,886,10756.69,INR
IN000548,ULTRACEMCO,UltraTech Cement,BSE,INFRASTRUCTURE,08-09-2021,9126.7,9642.21,8881.32,9551.03,9230.22,2872460,7238164.98,71.66,6.13,2.413,1.87,10020.11,8479.27,5.1,MIDCAP_PORTFOLIO,BUY,698,11037.09,INR
IN000560,ULTRACEMCO,UltraTech Cement,BSE,INFRASTRUCTURE,08-09-2021,9155.23,9391.67,8393.95,9155.23,8912.98,3151144,5605932.3,64.4,8.2,1.328,1.247,11412.84,7966.25,0,NIFTY50_PORTFOLIO,BUY,1156,10108.12,INR
IN000578,ULTRACEMCO,UltraTech Cement,BSE,INFRASTRUCTURE,08-09-2021,9266.24,9479.88,8941.62,9183.02,9436.78,596030,8725583.26,62.72,12.46,2.792,1.312,10966.57,7581.01,0,SECTORAL_PORTFOLIO,SELL,1463,9567.09,INR
IN000636,ULTRACEMCO,UltraTech Cement,BSE,INFRASTRUCTURE,08-09-2021,9915.25,10292.36,9637.54,9998.29,10375.66,4641694,1932904.12,25.5,1.58,3.303,0.621,11360.37,7992.55,2.3,NIFTY50_PORTFOLIO,HOLD,982,8011,INR
IN000650,ULTRACEMCO,UltraTech Cement,BSE,INFRASTRUCTURE,08-09-2021,9640.82,10373.46,9361.25,10308.33,10451.1,712735,1649113.87,24.9,2.38,1.342,0.947,10772.54,8079.21,0,MIDCAP_PORTFOLIO,HOLD,1848,11506.65,INR
IN000679,ULTRACEMCO,UltraTech Cement,BSE,INFRASTRUCTURE,08-09-2021,9072.7,9266.34,8829.29,8890.06,8718.74,393853,5684184.26,12.25,10.58,3.062,0.604,10458.59,7379.55,5.1,SECTORAL_PORTFOLIO,SELL,699,9636.63,INR
IN000710,ULTRACEMCO,UltraTech Cement,BSE,INFRASTRUCTURE,08-09-2021,9247.2,9457.59,8672.02,8786.45,8457.6,4546820,3739332.51,49.62,14.12,1.103,0.474,11072.45,6330.67,0.5,MIDCAP_PORTFOLIO,SELL,1406,11340.58,INR
IN002915,ADANIENT,Adani Enterprises,NSE,CONGLOMERATE,09-09-2021,2716.58,2960.47,2700.16,2890.22,2983.88,4450712,2251574.17,48.92,8.77,3.685,1.165,3701.58,2373.09,5.1,NIFTY50_PORTFOLIO,BUY,1713,2875.6,INR
IN001995,BHARTIARTL,Bharti Airtel,NSE,TELECOMMUNICATION,09-09-2021,940.91,954.08,927.61,953.81,972.85,4245214,752604.08,48.22,6.3,0.286,1.399,1257.5,604.82,0,NIFTY50_PORTFOLIO,BUY,79,790.03,INR
IN002011,BHARTIARTL,Bharti Airtel,NSE,TELECOMMUNICATION,09-09-2021,876.83,884.81,855.32,877.11,907.55,317791,698218.66,60.07,5.27,2.334,0.91,1103.57,558.86,3.5,SECTORAL_PORTFOLIO,BUY,450,1045.77,INR
IN003858,HINDUNILVR,Hindustan Unilever,NSE,FMCG,09-09-2021,2533.45,2603.71,2362.86,2423.35,2353.2,2790105,1625423.02,8.35,13.64,2.026,0.719,3379.93,2016.62,1.2,MIDCAP_PORTFOLIO,HOLD,681,2036.5,INR
IN003866,HINDUNILVR,Hindustan Unilever,NSE,FMCG,09-09-2021,2379.86,2383.06,2322.81,2352.51,2432.44,2685603,2337113.19,28.76,6.61,2.026,1.28,2991.27,1675.27,3.5,NIFTY50_PORTFOLIO,BUY,736,2844.32,INR
IN003869,HINDUNILVR,Hindustan Unilever,NSE,PHARMACEUTICALS,09-09-2021,2576.4,2787.53,2503.93,2728.06,2739.57,2201200.5,387905.44,67.24,11.49,1.867,0.665,2938.45,2176.37,5.1,MIDCAP_PORTFOLIO,HOLD,1611,2967.87,INR
IN003902,HINDUNILVR,Hindustan Unilever,NSE,FMCG,09-09-2021,2507.01,2509.63,2456.05,2485.11,2485.07,4007684,2406490.35,53.64,14.88,1.74,1.28,3236.99,1782.91,3.5,SECTORAL_PORTFOLIO,BUY,1567,3058.99,INR
IN003960,HINDUNILVR,Hindustan Unilever,NSE,FMCG,09-09-2021,2531.05,2544.14,2433.65,2487.43,2526.67,3990470,1401964.58,57.85,3.36,2.224,1.28,2757.91,2146.29,5.1,SECTORAL_PORTFOLIO,BUY,1010,2765.78,INR
IN000420,TCS,Tata Consultancy Services,NSE,TECHNOLOGY,09-09-2021,3588.09,3814.24,3570.59,3738.67,3753.33,2373145,2768080.53,62.06,9.88,0.018,1.982,4831.02,2367.1,5.1,SECTORAL_PORTFOLIO,BUY,1923,3648.7,INR
IN000421,TCS,Tata Consultancy Services,NSE,TECHNOLOGY,09-09-2021,3543.22,3607.99,3445.43,3466.56,3490.88,1404511,1932396.03,58.2,7.57,1.97,1.604,4266.72,2489.27,3.5,MIDCAP_PORTFOLIO,SELL,116,2820.65,INR
IN001066,TCS,Tata Consultancy Services,NSE,TECHNOLOGY,09-09-2021,3394.17,3598.25,3321.52,3516.96,3499.95,215957,2757426.21,79.01,11.28,2.935,0.977,4447.57,3023.81,3.5,MIDCAP_PORTFOLIO,BUY,1744,2689.02,INR
IN001069,TCS,Tata Consultancy Services,NSE,TECHNOLOGY,09-09-2021,3508.84,3737.41,3447.69,3661.38,3790.5,836750,962456.93,21.78,5.88,0.727,1.503,3783.05,2758.49,1.2,NIFTY50_PORTFOLIO,HOLD,1141,3670.46,INR
IN004746,ICICIBANK,ICICI Bank,NSE,FINANCE,11-09-2021,910,932.2,841.92,861.44,835.26,3471635,211564.59,61.98,8.88,0.083,1.708,1209.65,582.62,0,NIFTY50_PORTFOLIO,SELL,886,827.04,INR
IN004755,KOTAKBANK,Kotak Mahindra Bank,NSE,FINANCE,11-09-2021,1815.56,1952.45,1803.12,1936.69,1970.77,727224,897391.85,23.59,7.06,1.343,0.999,1958.27,1227.37,0,NIFTY50_PORTFOLIO,HOLD,735,1713.15,INR
IN004762,KOTAKBANK,Kotak Mahindra Bank,NSE,FINANCE,11-09-2021,1818.74,1994.12,1808.82,1938.67,1944.52,2041891,1666724.95,75.24,14.28,2.361,0.768,2248.29,1434.89,5.1,MIDCAP_PORTFOLIO,BUY,924,1772.07,INR
IN004786,KOTAKBANK,Kotak Mahindra Bank,NSE,FINANCE,11-09-2021,1874.39,1983.23,1819.88,1961.6,2018.05,235519,225929.59,20.06,14.75,1.072,0.599,2024.71,1142.72,0.5,NIFTY50_PORTFOLIO,BUY,1336,2140.5,INR
IN004767,SBIN,State Bank of India,NSE,FINANCE,11-09-2021,571.14,583.12,529.61,541.48,546.52,3109604,569228.01,71.6,12.73,0.986,1.259,733.8,524.35,3.5,SECTORAL_PORTFOLIO,SELL,109,454.46,INR
IN002744,TECHM,Tech Mahindra,NSE,TECHNOLOGY,11-09-2021,1288.03,1289.98,1254.78,1260.99,1253.46,1276840,303478.45,33.77,4.08,0.096,0.996,1515.32,1151.03,1.2,MIDCAP_PORTFOLIO,SELL,1663,1501.57,INR
IN001725,KOTAKBANK,Kotak Mahindra Bank,NSE,FINANCE,12-09-2021,1834.45,1884.19,1789,1851.86,1779.56,3411480,1210551.84,23.42,7.01,0.739,0.773,2382.54,1384.74,0.5,MIDCAP_PORTFOLIO,BUY,110,2101.43,INR
IN001772,KOTAKBANK,Kotak Mahindra Bank,NSE,FINANCE,12-09-2021,1787.18,1806.53,1711.23,1760.34,1728.61,2882792,1479362.8,46.77,3.54,2.181,1.2315,2171.78,1408.71,1.2,SECTORAL_PORTFOLIO,BUY,527,1799.1,INR
IN001782,KOTAKBANK,Kotak Mahindra Bank,NSE,FINANCE,12-09-2021,1798.63,1891.93,1767.58,1842.8,1888.96,451276,1121157.79,66.49,4.45,3.416,1.64,2349.81,1286.28,0,NIFTY50_PORTFOLIO,HOLD,872,1432.11,INR
IN001783,KOTAKBANK,Kotak Mahindra Bank,NSE,FINANCE,12-09-2021,1836.16,1867.03,1755.5,1790.82,1768.73,3006781,1173038.06,48.62,14.3,3.723,0.891,1919.91,1688.61,0,SECTORAL_PORTFOLIO,BUY,1441,1615.19,INR
IN001809,KOTAKBANK,Kotak Mahindra Bank,NSE,FINANCE,12-09-2021,1761.57,1794.03,1750.68,1792.3,1740.43,1203469,1373509.61,45.11,7.06,2.198,0.437,2374.58,1658.07,3.5,MIDCAP_PORTFOLIO,BUY,1249,1427.73,INR
IN001824,KOTAKBANK,Kotak Mahindra Bank,NSE,FINANCE,12-09-2021,1852.54,1903.47,1774.97,1792.95,1762.58,286587,1770406.25,73.45,1.2,2.832,1.2315,2082.42,1106.67,0,SECTORAL_PORTFOLIO,HOLD,1514,1949.38,INR
IN001962,KOTAKBANK,Kotak Mahindra Bank,NSE,FINANCE,12-09-2021,1881.38,1930.44,1836.99,1867.02,1815.9,4468970,301569.14,55.27,12.61,0.271,0.461,2430.54,1625.34,0,SECTORAL_PORTFOLIO,HOLD,1448,1791.97,INR
IN001780,NESTLEIND,Nestle India,NSE,FMCG,12-09-2021,22785.32,22901.59,21713.64,21892.13,22264.54,1995506,6421633.31,68.3,12.69,0.139,1.454,25364.42,18537.24,5.1,MIDCAP_PORTFOLIO,BUY,882,21175.01,INR
IN001780,NESTLEIND,Nestle India,BSE,FMCG,12-09-2021,22785.32,22901.59,21713.64,21892.13,22264.54,1995506,6421633.31,68.3,12.69,0.139,1.454,25364.42,18537.24,5.1,MIDCAP_PORTFOLIO,BUY,882,21175.01,INR
IN001807,NESTLEIND,Nestle India,BSE,FMCG,12-09-2021,21162.03,21330.48,20542.35,21132.09,21428.85,4753493,5331288.67,49.87,4.89,1.652,1.386,26556.89,18249.77,0,SECTORAL_PORTFOLIO,BUY,1116,16869.75,INR
IN001844,NESTLEIND,Nestle India,BSE,FMCG,12-09-2021,22501.63,24062.05,22266.37,23738.86,22790.16,1304278,19239276.61,8.47,10.5,1.427,0.582,29115.68,18876.42,2.3,MIDCAP_PORTFOLIO,BUY,1877,25223.37,INR
IN001876,NESTLEIND,Nestle India,BSE,FMCG,12-09-2021,21905,22475.05,21416.61,21438.9,21167.52,4684409,4001149.88,68.29,11.19,1.9485,1.353,29029.5,18284.99,0.5,NIFTY50_PORTFOLIO,HOLD,195,23996.85,INR
IN001949,NESTLEIND,Nestle India,BSE,FMCG,12-09-2021,21555.62,21991.25,20919.03,21672.63,21965.3,2585084,8808261.63,64.53,7.33,2.905,1.194,27610.81,17302.33,0,MIDCAP_PORTFOLIO,HOLD,1721,19510.4,INR
IN002023,NESTLEIND,Nestle India,BSE,FMCG,12-09-2021,20936.65,21279.15,20180.81,20689.66,20407.2,3190852,13276493.09,21.4,10.26,2.401,1.291,30794.98,17231.02,5.1,SECTORAL_PORTFOLIO,BUY,1499,18729.98,INR
IN004293,POWERGRID,Power Grid Corporation,BSE,UTILITIES,12-09-2021,261.32,283.2152207,261.32,261.75,255.12,498376,217695.04,45.18,1.01,0.998,0.938,307.07,222.19,2.3,SECTORAL_PORTFOLIO,HOLD,751,260.84,INR
IN004305,POWERGRID,Power Grid Corporation,BSE,UTILITIES,12-09-2021,243.11,249.69,232.59,238.82,240.71,4569934,229971.18,69.09,11.03,1.9755,1.566,305.67,207.39,1.2,SECTORAL_PORTFOLIO,SELL,773,191.49,INR
IN004306,POWERGRID,Power Grid Corporation,BSE,UTILITIES,12-09-2021,249.85,254.57,236.89,241.82,246.15,4309144,168075.71,77.44,8.42,2.98,1.934,328.41,153.32,2.3,MIDCAP_PORTFOLIO,BUY,553,260.77,INR
IN004384,POWERGRID,Power Grid Corporation,BSE,UTILITIES,12-09-2021,248.61,255.11,237.07,239.34,243.18,2827317,74005.45,53.79,13.36,2.685,1.376,321.78,218.8,1.2,NIFTY50_PORTFOLIO,HOLD,1178,296.29,INR
IN000512,KOTAKBANK,Kotak Mahindra Bank,NSE,FINANCE,02-10-2021,1766.37,1814.37,1673.52,1706.65,1665.12,3679011,596252.18,61.01,13.81,1.533,1.59,2251.59,1167.8,3.5,MIDCAP_PORTFOLIO,BUY,32,1615.41,INR
IN000540,KOTAKBANK,Kotak Mahindra Bank,NSE,FINANCE,02-10-2021,1865.69,1917.09,1860.74,1896.37,1959.6,2824831,987591.02,56.96,5.77,1.644,1.232,2305.19,1491.22,2.3,SECTORAL_PORTFOLIO,BUY,1659,1798.46,INR
IN002355,POWERGRID,Power Grid Corporation,BSE,UTILITIES,02-10-2021,248.42,250.69,226.95,231.34,237.13,4663789,139744.51,59.19,10.25,3.629,0.818,281.15,174.4,0,SECTORAL_PORTFOLIO,HOLD,808,203.92,INR
IN002382,POWERGRID,Power Grid Corporation,BSE,UTILITIES,02-10-2021,257.11,257.69,240.32,247.21,248.15,2429927,141760.53,16.32,11.41,1.925,1.1515,289.11,200.46,2.3,SECTORAL_PORTFOLIO,HOLD,1886,269.96,INR
IN002509,POWERGRID,Power Grid Corporation,BSE,UTILITIES,02-10-2021,250.52,254.38,236.5,250.52,233.16,3344612,20988.59,45.18,4.45,0.991,1.384,302.49,202.36,1.2,SECTORAL_PORTFOLIO,BUY,268,197.26,INR
IN002529,POWERGRID,Power Grid Corporation,BSE,UTILITIES,02-10-2021,242.96,259.68,240.96,255.09,252,1759157,207079.51,15.4,2.8,0.385,1.781,289.42,208.89,1.2,SECTORAL_PORTFOLIO,BUY,1122,283.07,INR
IN003490,RELIANCE,Reliance Industries,NSE,ENERGY,02-10-2021,2248.31,2258.44,2128.86,2143.84,2099.52,2407306,1496014.47,13.14,5.49,1.193,1.495,2614.77,1528.67,2.3,MIDCAP_PORTFOLIO,SELL,1834,2689.28,INR
IN004655,RELIANCE,Reliance Industries,NSE,ENERGY,02-10-2021,2153.77,2327.63,2106.13,2153.77,2229.33,1123639,1208088.2,33.11,8.545,2.67,0.762,3007.02,1461.2,0,MIDCAP_PORTFOLIO,HOLD,1999,2416.73,INR
IN004694,RELIANCE,Reliance Industries,NSE,ENERGY,02-10-2021,2179.75,2218.2,2127.66,2130.48,2158.21,1941599,594880.23,70.86,10.3,2.085,1.275,2597.71,1581.64,2.3,SECTORAL_PORTFOLIO,BUY,1740,2533.53,INR
IN004703,RELIANCE,Reliance Industries,NSE,ENERGY,02-10-2021,2109.27,2167.11,2091.88,2109.27,2087.04,2604781,1188531.14,47.7,1.66,0.824,1.99,2550.22,1540.44,0,SECTORAL_PORTFOLIO,BUY,504,1762.58,INR
IN004710,RELIANCE,Reliance Industries,NSE,ENERGY,02-10-2021,2259.18,2415.58,2209.87,2259.18,2351.32,2401074,1728088.53,29.95,7.92,1.201,0.795,2462.85,1904.92,2.3,NIFTY50_PORTFOLIO,BUY,315,2212.73,INR
IN000087,BAJFINANCE,Bajaj Finance,NSE,NBFC,03-10-2021,6777.21,6906.96,6265.31,6391.33,6176.33,4411481,394244,28.06,12.85,1.856,1.884,7889.53,4827.04,5.1,MIDCAP_PORTFOLIO,BUY,694,8044.59,INR
IN000107,BAJFINANCE,Bajaj Finance,NSE,NBFC,03-10-2021,7300.5,7695.23,7105.42,7668.7,7491.13,4759048,1677488.52,71.31,1.35,3.649,1.025,8292.37,4407,5.1,MIDCAP_PORTFOLIO,BUY,639,6218.77,INR
IN000112,BAJFINANCE,Bajaj Finance,NSE,NBFC,03-10-2021,7092.39,7185.43,6717.58,6766.58,6532.06,3730444,5234538.61,54.81,9.75,2.521,1.125,9227.28,6563.99,0,SECTORAL_PORTFOLIO,HOLD,287,6620.68,INR
IN000122,BAJFINANCE,Bajaj Finance,NSE,NBFC,03-10-2021,7180.95,7381.4,6983.88,7239.88,7446,2416703,1750239.92,33.96,9.26,0.894,0.953,8362.45,5141.82,3.5,MIDCAP_PORTFOLIO,HOLD,1874,7078.12,INR
IN001589,BAJFINANCE,Bajaj Finance,NSE,NBFC,03-10-2021,6870.24,7188.96,6794.46,7074.18,6945.55,1658987,3380260.47,51.48,5.89,1.551,1.094,9000.71,6186.69,3.5,SECTORAL_PORTFOLIO,HOLD,1712,8687.92,INR
IN001672,BAJFINANCE,Bajaj Finance,NSE,NBFC,03-10-2021,7018.26,7295.09,6909.96,7291.96,7133.83,4083932,4737242.95,44.36,10.06,0.629,0.853,9127.19,5508.77,0.5,SECTORAL_PORTFOLIO,BUY,691,6807.53,INR
IN001728,BAJFINANCE,Bajaj Finance,NSE,NBFC,03-10-2021,7230.57,7902.52,7073.33,7688.79,7669.86,3375543,3802561.28,8.72,8.97,1.38,0.721,9546.03,4870.45,2.3,MIDCAP_PORTFOLIO,HOLD,1313,6931.86,INR
IN001736,BAJFINANCE,Bajaj Finance,NSE,NBFC,03-10-2021,7207.41,7413.29,6781.58,6783.35,6945.07,3285499,2741594.29,44.36,8.97,0.515,1.314,8202.4,5654.84,2.3,MIDCAP_PORTFOLIO,BUY,1893,8138.08,INR
IN002009,HCLTECH,HCL Technologies,NSE,TECHNOLOGY,03-10-2021,1498.38,1636.98,1488.41,1498.38,1619.76,3067175,916427.24,10.33,9.09,1.517,1.748,2045.07,1312.7,0,SECTORAL_PORTFOLIO,HOLD,1141,1838.8,INR
IN002016,HCLTECH,HCL Technologies,NSE,TECHNOLOGY,03-10-2021,1480.4,1498.43,1422.64,1426.16,1442.17,1741017,147442.77,13.56,1.35,0.224,0.992,1811.44,1149.88,5.1,NIFTY50_PORTFOLIO,BUY,1963,1639.71,INR
IN004156,HDFCBANK,HDFC Bank,NSE,FINANCE,03-10-2021,1624.76,1648.46,1566.45,1568.35,1615.37,4733586,1565483.23,37.36,6.38,2.488,1.651,1748.59,1380.46,1.2,SECTORAL_PORTFOLIO,SELL,979,1674.02,INR
IN002857,POWERGRID,Power Grid Corporation,BSE,UTILITIES,03-10-2021,255.65,271.18,253.4,255.65,269.35,3557677,17036.14,46.25,10.48,1.427,1.185,291.65,179.13,3.5,NIFTY50_PORTFOLIO,BUY,1466,261.72,INR
IN002858,POWERGRID,Power Grid Corporation,BSE,UTILITIES,03-10-2021,260.44,263.84,236.75,243.98,235.33,1965839,152858.08,28.82,10.8,0.768,0.861,321.85,186.17,0.5,SECTORAL_PORTFOLIO,BUY,1314,284.5,INR
IN002895,POWERGRID,Power Grid Corporation,BSE,UTILITIES,03-10-2021,258.02,262.42,239,242.56,244.79,1744185,26284.46,9.72,8.885,3.403,0.91,286.94,232.54,5.1,NIFTY50_PORTFOLIO,BUY,229,206.34,INR
IN004875,ULTRACEMCO,UltraTech Cement,BSE,INFRASTRUCTURE,03-10-2021,9368.39,9447.87,8776.49,8963.48,9014.83,851265,7955929.07,43.495,11.4,0.631,0.481,12085.35,6317.21,2.3,NIFTY50_PORTFOLIO,BUY,1784,7424.04,INR
IN004879,ULTRACEMCO,UltraTech Cement,NSE,INFRASTRUCTURE,03-10-2021,9450.55,10003.1,9346.41,9878.68,10207.44,1974480,5413831.63,61.62,12.77,3.995,1.16,12537.17,7384.76,3.5,SECTORAL_PORTFOLIO,HOLD,862,9271.26,INR
IN002362,INFY,Infosys,NSE,TECHNOLOGY,05-10-2021,1458.45,1500.21,1418.64,1436.37,1437.1,3654483,1012535.17,71.28,6.43,1.047,0.449,1970.5,979.89,0.5,NIFTY50_PORTFOLIO,BUY,627,1165.59,INR
IN003212,INFY,Infosys,NSE,TECHNOLOGY,05-10-2021,1535.29,1591.3,1498.93,1555.61,1563.14,2438078,1176651.73,36.76,2.67,1.322,1.165,1827.11,1073.09,2.3,MIDCAP_PORTFOLIO,SELL,1276,1760.19,INR
IN004087,NTPC,NTPC Limited,NSE,UTILITIES,05-10-2021,334.75,357.93,333.9,334.75,351.99,4682261,70163.31,71.06,10.55,0.024,0.723,433.76,303.82,0.5,MIDCAP_PORTFOLIO,BUY,648,389.06,INR
IN004503,NTPC,NTPC Limited,NSE,UTILITIES,05-10-2021,333.05,340.14,325.24,338.17,328.64,4247895,230057.73,40.435,1.54,1.624,1.0765,421.73,243.85,2.3,SECTORAL_PORTFOLIO,SELL,1742,388.88,INR
IN001855,SBIN,State Bank of India,NSE,FINANCE,05-10-2021,623.6,645.6,618.17,643.48,661.05,512221,531045.82,10.13,7.32,1.604,0.668,807.46,562.16,1.2,SECTORAL_PORTFOLIO,BUY,832,521.99,INR
IN001903,SBIN,State Bank of India,NSE,FINANCE,05-10-2021,629.6,652.09,626.29,629.6,621.33,3676294,136220.26,69.89,13.28,3.546,1.976,680.9,503,2.3,SECTORAL_PORTFOLIO,BUY,135,489.03,INR
IN001914,SBIN,State Bank of India,NSE,FINANCE,05-10-2021,580.19,583.26,532.31,540.43,556.71,90200,289399.815,38.04,8.26,3.947,1.057,654.43,458.3,5.1,MIDCAP_PORTFOLIO,HOLD,31,500.29,INR
IN001975,SBIN,State Bank of India,NSE,FINANCE,05-10-2021,607.27,610.3,589.56,599.7,584.89,2030185,130415.04,20.1,3.95,1.988,0.633,709.5,519.67,0,SECTORAL_PORTFOLIO,BUY,756,718.11,INR
IN000346,TCS,Tata Consultancy Services,NSE,TECHNOLOGY,05-10-2021,3492.47,3566.25,3395.13,3422.78,3549.47,2388462,1932396.03,10.56,6.4,0.42,1.32,4259.77,2189.99,0,SECTORAL_PORTFOLIO,SELL,752,3395.64,INR
IN000831,ICICIBANK,ICICI Bank,NSE,FINANCE,06-10-2021,918.56,952.53,911.44,928.48,962.39,3129622,938618.7,25,14.48,1.756,1.696,1107.95,599.73,0.5,SECTORAL_PORTFOLIO,BUY,1030,1177.72,INR
IN000857,ICICIBANK,ICICI Bank,NSE,FINANCE,06-10-2021,977.69,1024.42,963.18,1010.79,1041,2784289,283047.05,48.32,12.3,1.427,1.162,1012.18,759.62,0.5,SECTORAL_PORTFOLIO,BUY,319,1079.44,INR
IN000216,TITAN,Titan Company,BSE,CONSUMER GOODS,06-10-2021,3470.09,3610.88,3430.12,3533.44,3405.88,1301344,1521028.87,40.74,5.02,3.111,1.294,4174.66,2468.38,0,SECTORAL_PORTFOLIO,BUY,186,3551.26,INR
IN000234,TITAN,Titan Company,BSE,CONSUMER GOODS,06-10-2021,3356.31,3395.97,3086.03,3155.11,3033.74,4559280,3240590.35,55.68,9.78,2.866,1.739,4685.28,2062.89,2.3,SECTORAL_PORTFOLIO,HOLD,1340,4097.74,INR
IN000925,TITAN,Titan Company,BSE,CONSUMER GOODS,06-10-2021,3257.77,3324.97,3230.93,3273.79,3214.79,2389908.5,3310123.33,57.75,3.28,3.214,0.429,4411.08,2826.14,2.3,MIDCAP_PORTFOLIO,BUY,1607,3693.84,INR
IN002459,TITAN,Titan Company,BSE,CONSUMER GOODS,06-10-2021,3494.14,3585.71,3407.43,3456.32,3578.7,1231627,3101487.85,43.7,10.62,2.098,1.745,3734.29,2249.33,3.5,SECTORAL_PORTFOLIO,BUY,1880,2631.67,INR
IN002485,TITAN,Titan Company,BSE,CONSUMER GOODS,06-10-2021,3534.33,3617.5,3279.58,3306.03,3197.69,859524,1835830.275,73.19,8.89,2.804,0.578,4212.68,2726.53,0.5,NIFTY50_PORTFOLIO,HOLD,1228,3831.61,INR
IN002505,TITAN,Titan Company,BSE,CONSUMER GOODS,06-10-2021,3305.85,3328.93,3180.23,3221.04,3206.7,3822693,1784687,26.8,9.71,2.182,1.115,3695.57,2793.65,5.1,NIFTY50_PORTFOLIO,BUY,870,3408.32,INR
IN002525,TITAN,Titan Company,BSE,CONSUMER GOODS,06-10-2021,3286.08,3304.21,3026.65,3067.56,3059.91,2267435,2186357.92,10.95,8.77,0.119,0.826,4261.65,2649.99,3.5,NIFTY50_PORTFOLIO,BUY,596,2748.13,INR
IN002589,TITAN,Titan Company,BSE,CONSUMER GOODS,06-10-2021,3491.81,3514.93,3311.16,3343.29,3436.06,4455614,968447.19,79.28,2.99,2.581,1.089,4446.14,2096.58,5.1,SECTORAL_PORTFOLIO,BUY,250,3675.11,INR
IN000301,BAJFINANCE,Bajaj Finance,NSE,NBFC,08-10-2021,7083.29,7280.94,6699.13,6702.84,6666.53,4136200,939005.46,43.5,5.11,1.255,1.233,7479.11,5312.12,2.3,NIFTY50_PORTFOLIO,BUY,1160,5890.23,INR
IN000304,BAJFINANCE,Bajaj Finance,NSE,NBFC,08-10-2021,6739.56,7181.17,6585.33,7138.61,6891.3,2952934,836321.34,74.2,7.67,0.203,1.888,9473.65,4891.2,3.5,NIFTY50_PORTFOLIO,BUY,1701,6815.65,INR
IN002092,KOTAKBANK,Kotak Mahindra Bank,NSE,FINANCE,08-10-2021,1878.45,1932.73,1750.18,1787.55,1813.28,3057664,563918.35,21.37,11.88,2.885,1.4,1953.44,1507.12,0.5,MIDCAP_PORTFOLIO,BUY,1817,1739.51,INR
IN002129,KOTAKBANK,Kotak Mahindra Bank,NSE,FINANCE,08-10-2021,1838.32,1856.28,1695.13,1747.46,1803.35,4505124,1394821.76,29.38,3.7,0.276,1.278,2012.34,1455.14,3.5,MIDCAP_PORTFOLIO,BUY,1674,2004.41,INR
IN002134,KOTAKBANK,Kotak Mahindra Bank,NSE,FINANCE,08-10-2021,1822.54,1841.03,1754.76,1797.65,1763.08,2669571,128819.13,42.29,13.57,1.676,0.657,2447.28,1195.9,1.2,SECTORAL_PORTFOLIO,HOLD,620,1898.38,INR
IN002135,KOTAKBANK,Kotak Mahindra Bank,NSE,FINANCE,08-10-2021,1878.78,1961.42,1874.04,1941.78,1963.01,3651030,584673.39,15.34,12.88,1.992,1.002,2495.39,1654.2,0,MIDCAP_PORTFOLIO,HOLD,1200,1698.44,INR
IN002183,KOTAKBANK,Kotak Mahindra Bank,NSE,FINANCE,08-10-2021,1837.25,1875.82,1799.36,1855.03,1928.67,606392,800201.98,15.03,1.47,2.688,1.534,2327.58,1168.4,3.5,SECTORAL_PORTFOLIO,HOLD,124,1434,INR
IN003475,TITAN,Titan Company,BSE,TECHNOLOGY,08-10-2021,3527.76,3780.43,3451.43,3718.89,3586.38,2680853,1835830.275,62.81,7.05,2.062,0.625,4230.9,2898.68,0.5,SECTORAL_PORTFOLIO,BUY,1299,4214.11,INR
IN004020,ULTRACEMCO,UltraTech Cement,BSE,INFRASTRUCTURE,08-10-2021,9840.55,9863.38,9503.44,9793.18,9637.62,2325705,1131760.35,66.92,7.99,2.473,0.993,11833.74,6631.55,2.3,SECTORAL_PORTFOLIO,SELL,1372,7384.8,INR
IN001979,WIPRO,Wipro,BSE,TECHNOLOGY,08-10-2021,497.26,500.4,483.59,485.64,496.39,473544,222406.18,47.65,7.05,1.87,1.527,544.08,303.87,2.3,MIDCAP_PORTFOLIO,SELL,576,479.52,INR
IN002013,WIPRO,Wipro,BSE,TECHNOLOGY,08-10-2021,521.22,540.46,515.2,536.21,525.42,1193126,255127.93,39.93,6.54,1.606,1.513,583.19,357.92,1.2,NIFTY50_PORTFOLIO,BUY,1999,542.22,INR
IN002026,WIPRO,Wipro,BSE,TECHNOLOGY,08-10-2021,478.87,492.9,476.54,484.85,483.02,4407461,455059.64,35.47,6.48,1.671,1.238,623.72,410.68,0.5,NIFTY50_PORTFOLIO,BUY,1837,521.66,INR
IN002094,WIPRO,Wipro,BSE,TECHNOLOGY,08-10-2021,489.51,518.47,475.17,489.51,492.53,4789819,255127.93,64.38,1.78,0.255,0.995,579,303.02,1.2,MIDCAP_PORTFOLIO,HOLD,1107,554.66,INR
IN002095,WIPRO,Wipro,BSE,TECHNOLOGY,08-10-2021,503.1,529.67,495.86,524.66,527.28,3035926,255127.93,78.01,9.86,3.464,1.507,527.54,351.17,2.3,MIDCAP_PORTFOLIO,HOLD,28,418.23,INR
IN002669,BHARTIARTL,Bharti Airtel,NSE,TELECOMMUNICATION,09-10-2021,908.79,948.42,906.43,939.27,904.46,1402642,799827.71,55.95,4.33,1.954,1.06,982.39,736.4,2.3,SECTORAL_PORTFOLIO,BUY,1187,760.12,INR
IN002672,BHARTIARTL,Bharti Airtel,NSE,TELECOMMUNICATION,09-10-2021,903.71,913.29,872.97,891.7,862.23,1097054,249520.61,50.25,2.26,3.673,0.656,948.45,807.72,5.1,MIDCAP_PORTFOLIO,BUY,640,975.12,INR
IN002740,BHARTIARTL,Bharti Airtel,NSE,TELECOMMUNICATION,09-10-2021,881.95,925.94,871.18,922.17,889.83,3452404,542597.19,35.34,4.54,0.798,1.489,1164.99,679.79,3.5,MIDCAP_PORTFOLIO,BUY,1383,1097.53,INR
IN002396,HCLTECH,HCL Technologies,NSE,TECHNOLOGY,09-10-2021,1476.46,1574.53,1460.14,1569.24,1625.7,1211993,690608.37,11.25,1.01,1.836,1.221,1968.65,1180.79,3.5,NIFTY50_PORTFOLIO,BUY,1032,1556.06,INR
IN002398,HCLTECH,HCL Technologies,NSE,TECHNOLOGY,09-10-2021,1440.38,1442.29,1391.41,1405.14,1358.65,1392850,1016464.41,50.43,9.5,2.278,1.368,1999.57,1255.22,0.5,SECTORAL_PORTFOLIO,BUY,1633,1659.63,INR
IN002436,HCLTECH,HCL Technologies,NSE,TECHNOLOGY,09-10-2021,1574.75,1606.08,1565.75,1571.46,1563.79,2668878,558387.1,23.28,14.23,2.902,1.221,2056.72,1333.86,2.3,MIDCAP_PORTFOLIO,BUY,953,1713.01,INR
IN001214,ICICIBANK,ICICI Bank,NSE,FINANCE,09-10-2021,996.41,1013.06,913.66,927.8,894.58,157376,900953.2,78.26,14.07,2.301,1.692,1105.99,722.02,0.5,MIDCAP_PORTFOLIO,HOLD,657,1046.28,INR
IN002408,SUNPHARMA,Sun Pharmaceutical,BSE,PHARMACEUTICALS,09-10-2021,1208.73,1261.3,1205.42,1224.66,1270.24,3942635,782462.92,12.09,14.53,3.787,1.793,1438.81,1032.4,1.2,MIDCAP_PORTFOLIO,HOLD,1042,1244.98,INR
IN002437,SUNPHARMA,Sun Pharmaceutical,BSE,PHARMACEUTICALS,09-10-2021,1204.96,1212.35,1132.26,1163.85,1144.49,1285512,489089.61,46.88,7.51,2.663,1.999,1531.72,769.02,0.5,NIFTY50_PORTFOLIO,SELL,50,1348.68,INR
IN002519,SUNPHARMA,Sun Pharmaceutical,BSE,PHARMACEUTICALS,09-10-2021,1194.28,1285.23,1180.1,1253.01,1213.98,4806471,325551.87,36.39,7.735,2.2445,0.671,1459.92,881.22,1.2,SECTORAL_PORTFOLIO,HOLD,1443,1179.35,INR
IN002523,SUNPHARMA,Sun Pharmaceutical,BSE,PHARMACEUTICALS,09-10-2021,1150.41,1229.64,1122,1227.86,1201.61,3532092,1153393.97,36.6,6.96,1.382,0.894,1591.4,798.18,5.1,SECTORAL_PORTFOLIO,BUY,180,1089.86,INR
IN002526,SUNPHARMA,Sun Pharmaceutical,BSE,PHARMACEUTICALS,09-10-2021,1154.95,1184.38,1129.66,1171.75,1167.85,1785107,1181813.88,55.12,13.19,2.223,1.681,1279.49,939.97,0,NIFTY50_PORTFOLIO,BUY,631,1280.41,INR
IN003152,TITAN,Titan Company,BSE,CONSUMER GOODS,09-10-2021,3542.68,3805.32,3466.35,3774.78,3790.87,2381179,711191.25,44.08,2.73,1.394,0.81,4518.97,2298.7,0.5,MIDCAP_PORTFOLIO,BUY,896,3882.78,INR
IN003170,TITAN,Titan Company,BSE,CONSUMER GOODS,09-10-2021,3474.15,3476.77,3270.19,3323.74,3228.01,3317414,2388470.53,40.2,9.15,2.122,0.799,4194.51,2772.34,3.5,MIDCAP_PORTFOLIO,BUY,1259,3727.5,INR
IN003177,TITAN,Titan Company,BSE,CONSUMER GOODS,09-10-2021,3449.5,3463.3,3176.55,3216.99,3110.58,525614,815132.94,14.52,11.15,3.599,1.594,4273.77,3041.1,3.5,NIFTY50_PORTFOLIO,BUY,849,3022.26,INR
IN003178,TITAN,Titan Company,BSE,CONSUMER GOODS,09-10-2021,3533.3,3701.67,3518.58,3644.45,3723.98,4523675,287592.79,50.67,10.96,3.074,0.604,4520.18,2235.9,1.2,SECTORAL_PORTFOLIO,HOLD,792,2917.47,INR
IN003208,TITAN,Titan Company,BSE,CONSUMER GOODS,09-10-2021,3272.71,3390.65,3249.09,3353.1,3449.99,3349099,2673938.87,31.81,5.47,2.633,1.485,4107.91,3081.19,2.3,NIFTY50_PORTFOLIO,BUY,487,4096.66,INR
IN003226,TITAN,Titan Company,BSE,CONSUMER GOODS,09-10-2021,3315.73,3545.57,3300.78,3458.78,3555.7,2155999,2718701.59,67.48,7.88,1.384,1.16,4580.53,2590.15,2.3,SECTORAL_PORTFOLIO,HOLD,1449,2676.23,INR
IN003356,TITAN,Titan Company,BSE,CONSUMER GOODS,09-10-2021,3436.67,3447.43,3249.97,3255.21,3193.71,4321003,2450829.57,63.1,3.74,1.688,0.598,3943.62,2293.34,2.3,NIFTY50_PORTFOLIO,SELL,1115,4213.35,INR
IN003395,TITAN,Titan Company,BSE,CONSUMER GOODS,09-10-2021,3417.23,3421.81,3211.02,3239.86,3208.31,1494551,344137.13,46.68,6.66,1.14,1.675,3839.07,2348.4,1.2,MIDCAP_PORTFOLIO,BUY,1856,2983.45,INR
IN000949,ULTRACEMCO,UltraTech Cement,BSE,INFRASTRUCTURE,11-10-2021,9165.81,9165.81,8878.57,8922.51,8676.88,264302,7798481.42,73.4,3.83,3.317,0.998,12129.78,8481.9,1.2,NIFTY50_PORTFOLIO,BUY,753,7449.84,INR
IN000844,AXISBANK,Axis Bank,BSE,FINANCE,12-10-2021,1047.59,1132.95,1016.4,1110.3,1103.98,3805803,312091.41,39.06,11.64,3.147,1.259,1416.6,808.71,2.3,SECTORAL_PORTFOLIO,HOLD,1629,933.31,INR
IN000852,AXISBANK,Axis Bank,BSE,FINANCE,12-10-2021,1096.8,1151.47,1072.23,1129.22,1118.42,2393098,281955.61,16.89,11.37,0.428,1.786,1418.01,995.5,3.5,NIFTY50_PORTFOLIO,BUY,93,942.83,INR
IN000877,AXISBANK,Axis Bank,BSE,FINANCE,12-10-2021,1117.73,1190.16,1099.74,1117.73,1191.55,4802817,113732.77,60.92,2.54,2.805,0.711,1490.81,892.33,2.3,NIFTY50_PORTFOLIO,BUY,1821,864.68,INR
IN003209,SBIN,State Bank of India,NSE,FINANCE,12-10-2021,588.66,597.59,550.15,554.7,571.96,1519123,541511.61,48.07,3.97,3.179,1.242,749.45,446.91,1.2,SECTORAL_PORTFOLIO,BUY,18,692.97,INR
IN003238,SBIN,State Bank of India,NSE,FINANCE,12-10-2021,581.89,598.54,578.28,592.73,588.38,108827,177592.74,44,9.2,2.121,1.097,788.07,505.82,5.1,SECTORAL_PORTFOLIO,BUY,1349,724.1,INR
IN003271,SBIN,State Bank of India,NSE,FINANCE,12-10-2021,607.32,660.07,604.8,648.81,637.4,463647,527101.98,23.42,13.15,1.91,0.654,674.82,530.98,0.5,SECTORAL_PORTFOLIO,BUY,962,587.16,INR
IN003371,SBIN,State Bank of India,NSE,FINANCE,12-10-2021,573.6,622.82,569.1,609.57,611.51,3753202,143286.02,34.26,10.56,0.047,0.481,788.93,420.4,5.1,SECTORAL_PORTFOLIO,BUY,255,596.87,INR
IN003396,SBIN,State Bank of India,NSE,FINANCE,12-10-2021,626.67,630.52,605.14,610.73,600.53,4746794,266948.17,44,8.29,2.148,1.035,753.08,380.67,2.3,NIFTY50_PORTFOLIO,BUY,1643,459.5,INR
IN000471,HCLTECH,HCL Technologies,NSE,TECHNOLOGY,01-11-2021,1529.34,1578.38,1518.46,1549.45,1567.3,3491850,834710.98,54.78,3.69,0.374,0.452,1966.66,949.34,0.5,SECTORAL_PORTFOLIO,BUY,546,1356.44,INR
IN000481,HCLTECH,HCL Technologies,NSE,TECHNOLOGY,01-11-2021,1564.1,1596.65,1519.71,1564.1,1597.38,1281734,1455683.51,44.31,11.61,2.255,1.745,2069.18,1002.38,3.5,MIDCAP_PORTFOLIO,SELL,1551,1181.47,INR
IN003929,NESTLEIND,Nestle India,BSE,FMCG,01-11-2021,20911.17,22510.97,20475.09,21894.08,21455,765291,21777573.81,61.03,12.86,0.15,1.49,27382.35,17095.56,2.3,MIDCAP_PORTFOLIO,BUY,626,18199.67,INR
IN003970,NESTLEIND,Nestle India,BSE,FMCG,01-11-2021,23016.15,23575.08,22421.5,22773.33,22760.9,4054695,7227459.73,62.07,12.84,0.253,1.843,28360.69,14420.36,0,SECTORAL_PORTFOLIO,BUY,1713,20065.89,INR
IN004004,NESTLEIND,Nestle India,BSE,FMCG,01-11-2021,22975.82,23764.83,22803.43,23677.92,24197.85,425844,19233457.3,68.19,5.41,1.624,1.209,24920.98,18694.2,0.5,SECTORAL_PORTFOLIO,BUY,611,22576.02,INR
IN004006,NESTLEIND,Nestle India,BSE,FMCG,01-11-2021,22818.75,23301.47,22667.67,23206.39,23043.9,2829535,10759084.95,52.61,14.69,0.554,1.461,25920.75,18873.97,3.5,NIFTY50_PORTFOLIO,BUY,1390,17306.69,INR
IN004065,NESTLEIND,Nestle India,BSE,FMCG,01-11-2021,21177.54,21550.3,20145.53,20192.09,20424.72,4463287,6441534.64,15.59,12.34,3.433,1.625,23646.55,19595.64,1.2,NIFTY50_PORTFOLIO,BUY,1523,20722.4,INR
IN004073,NESTLEIND,Nestle India,BSE,FMCG,01-11-2021,23083.71,25047.72,23081.73,24521.71,25075.61,3147449,11288223.95,64.36,8.16,1.656,0.719,27426.59,20886.97,3.5,SECTORAL_PORTFOLIO,HOLD,1673,22823.43,INR
IN004075,NESTLEIND,Nestle India,BSE,FMCG,01-11-2021,21011,21285.8,20012.01,20175.56,20908.21,659636,8860943.5,55.53,6.08,1.032,1.2725,25778.77,16929.99,5.1,SECTORAL_PORTFOLIO,BUY,1016,27245.77,INR
IN004081,NESTLEIND,Nestle India,BSE,FMCG,01-11-2021,22940.88,24150.68,22588.34,23840.7,22929.77,3986041,10815469.35,49.83,13.87,1.028,1.058,27458.05,16056.09,0.5,MIDCAP_PORTFOLIO,HOLD,843,25550.33,INR
IN004108,NESTLEIND,Nestle India,BSE,FMCG,01-11-2021,20911.88,21171.28,20313.29,20546.08,20355.39,2585084,6188739.48,16.63,8.27,1.241,0.915,24950.74,20539.28,0.5,MIDCAP_PORTFOLIO,BUY,1930,24596.74,INR
IN004109,NESTLEIND,Nestle India,BSE,FMCG,01-11-2021,22370.71,22751.5,21587.91,22251.7,22202.71,1115272,20588649.58,44.73,13.72,1.9485,0.514,26170.24,19773.88,0,SECTORAL_PORTFOLIO,BUY,474,19624.75,INR
IN002978,SBIN,State Bank of India,NSE,FINANCE,02-11-2021,593.37,609.1,570.57,583.62,598.43,3406191,402043.62,25.09,11.57,0.733,1.206,639.35,447.73,5.1,SECTORAL_PORTFOLIO,BUY,629,555.1,INR
IN003228,ADANIENT,Adani Enterprises,NSE,CONGLOMERATE,03-11-2021,2681.15,2905.53,2648.68,2681.15,2954.03,222381,1701751.63,56.76,10.35,1.559,1.964,3068.3,1853.6,5.1,NIFTY50_PORTFOLIO,BUY,1286,3194.14,INR
IN000156,INFY,Infosys,NSE,TECHNOLOGY,03-11-2021,1507.4,1525.76,1455.85,1478.23,1518.75,2388298,564030.03,71.81,10.76,1.888,1.508,2093.82,1204.42,2.3,SECTORAL_PORTFOLIO,BUY,1783,1377.47,INR
IN000163,INFY,Infosys,NSE,TECHNOLOGY,03-11-2021,1494.47,1522.64,1446.08,1483.76,1479.03,2270257,1458988.23,25.52,4.36,3.819,1.554,1886.73,1179.76,1.2,SECTORAL_PORTFOLIO,BUY,1162,1133.3,INR
IN004922,HCLTECH,HCL Technologies,NSE,TECHNOLOGY,05-11-2021,1550.83,1579.25,1524.39,1527.87,1473.57,3985694,906090.31,72.69,11.64,3.104,0.982,1924.69,928.94,1.2,NIFTY50_PORTFOLIO,SELL,1420,1454.03,INR
IN004927,HCLTECH,HCL Technologies,NSE,TECHNOLOGY,05-11-2021,1496.29,1506.96,1385.04,1397.24,1350.16,3628544,847567.58,75.75,13.43,1.836,0.408,1612.11,991.39,0,SECTORAL_PORTFOLIO,HOLD,386,1413.71,INR
IN004930,HCLTECH,HCL Technologies,NSE,TECHNOLOGY,05-11-2021,1471.59,1510.14,1438.8,1471.59,1565.43,1705397,836820.48,62.7,8.83,0.809,1.117,2003.77,1207.56,0.5,MIDCAP_PORTFOLIO,BUY,1693,1771.53,INR
IN004992,HCLTECH,HCL Technologies,NSE,TECHNOLOGY,05-11-2021,1528.35,1534.7,1425.49,1454.12,1425.68,4304948,539159.68,65.12,8.71,2.015,1.915,1998.52,937.29,0.5,SECTORAL_PORTFOLIO,HOLD,1276,1553.12,INR
IN003214,POWERGRID,Power Grid Corporation,BSE,UTILITIES,05-11-2021,244.24,249.72,230.22,236.26,231.36,4068007,31702.59,45.18,4.85,1.728,1.823,308.94,209.34,3.5,NIFTY50_PORTFOLIO,HOLD,1942,301.43,INR
IN003222,POWERGRID,Power Grid Corporation,BSE,UTILITIES,05-11-2021,257.11,267.99,256.04,263.74,269.91,3928198,249000.58,45.18,8.885,2.35,1.1515,325.13,193.63,1.2,MIDCAP_PORTFOLIO,BUY,740,271.93,INR
IN004235,MARUTI,Maruti Suzuki,BSE,AUTOMOBILE,06-11-2021,10275.33,10483.15,9655.26,9742.18,9943.56,2202689,3319209.58,51.09,11.33,0.451,0.732,11818.29,7314.73,1.2,SECTORAL_PORTFOLIO,SELL,602,8996.38,INR
IN004248,MARUTI,Maruti Suzuki,BSE,AUTOMOBILE,06-11-2021,9997.24,10653.29,9806.01,10404.81,10067.07,2202689,2950864.38,10.67,6.39,1.528,0.817,12996.02,7965.62,0.5,SECTORAL_PORTFOLIO,BUY,212,10228.78,INR
IN004373,ONGC,Oil & Natural Gas Corp,NSE,ENERGY,06-11-2021,283.65,291.9,267.08,267.6,269.09,364031,231094.5,72.68,5.97,0.139,0.954,354.39,216.77,2.3,MIDCAP_PORTFOLIO,BUY,405,338.66,INR
IN002833,TECHM,Tech Mahindra,NSE,TECHNOLOGY,06-11-2021,1285.06,1297,1188.7,1207.52,1169.27,452010,746334,24.41,10.5,1.693,1.132,1636.9,1098.83,1.2,NIFTY50_PORTFOLIO,BUY,1649,1095.83,INR
IN000848,ADANIENT,Adani Enterprises,NSE,CONGLOMERATE,08-11-2021,2687.87,2984.163235,2687.87,2874.96,2822.72,2829010.5,1407458.94,29.83,7.76,2.231,1.165,3423.9,1957.86,1.2,SECTORAL_PORTFOLIO,BUY,1917,2790.69,INR
IN000878,ADANIENT,Adani Enterprises,NSE,CONGLOMERATE,08-11-2021,2842.63,2904.85,2768.01,2819.2,2839.71,2829010.5,1563601.51,74.12,6.03,1.325,1.027,3643.96,2528.56,1.2,MIDCAP_PORTFOLIO,HOLD,525,2456.59,INR
IN003492,BHARTIARTL,Bharti Airtel,NSE,TELECOMMUNICATION,08-11-2021,909.9,933.73,862.72,869.1,876.56,1861477,574128.07,18.75,2.61,2.029,1.189,1008.09,660.26,0.5,SECTORAL_PORTFOLIO,BUY,872,1036.85,INR
IN004994,HCLTECH,HCL Technologies,NSE,TECHNOLOGY,08-11-2021,1527.54,1533.48,1454.3,1496.83,1550.24,1823652,636714.79,29.03,9.71,0.156,1.401,1641.68,1245.21,0.5,MIDCAP_PORTFOLIO,BUY,1199,1414.33,INR
IN002008,HINDUNILVR,Hindustan Unilever,NSE,FMCG,08-11-2021,2523.26,2734.535371,2523.26,2661.32,2658.36,965739,962092.44,54.96,14.76,3.376,1.528,3236.24,2134.07,0.5,NIFTY50_PORTFOLIO,HOLD,1441,2756.29,INR
IN000809,RELIANCE,Reliance Industries,NSE,ENERGY,08-11-2021,2304.73,2311.92,2171.55,2172.48,2141.03,4869323,732102.59,14.37,8.545,3.292,1.144,2934.71,2010.4,1.2,NIFTY50_PORTFOLIO,BUY,1608,2536.04,INR
IN000367,WIPRO,Wipro,BSE,TECHNOLOGY,08-11-2021,503.13,507.44,476.02,481.9,480.31,2296475,370218.41,43.18,4.29,1.524,1.238,616.27,450.57,0,MIDCAP_PORTFOLIO,BUY,934,580.14,INR
IN001954,ADANIENT,Adani Enterprises,NSE,CONGLOMERATE,10-11-2021,2854.82,2913.18,2829.46,2836.98,2876.98,2829010.5,521056.87,48.92,5.11,3.946,1.739,3669.51,2567.69,3.5,SECTORAL_PORTFOLIO,BUY,873,2423.02,INR
IN000385,AXISBANK,Axis Bank,BSE,FINANCE,10-11-2021,1134.96,1162.93,1078.39,1078.56,1071.17,2152376,1035093.32,27.24,7.24,1.933,1.906,1367.36,921.08,5.1,MIDCAP_PORTFOLIO,BUY,593,1348.47,INR
IN000419,AXISBANK,Axis Bank,BSE,FINANCE,10-11-2021,1109.78,1189.2,1081.88,1161.69,1131.74,4007057,357914.51,70.54,2.14,0.49,0.921,1171.14,678.32,5.1,MIDCAP_PORTFOLIO,BUY,45,946.55,INR
IN000432,AXISBANK,Axis Bank,BSE,FINANCE,10-11-2021,1148.91,1158.82,1132.29,1149.69,1180.02,3751375,519198.34,51.07,5.35,1.299,1.664,1537.61,675.07,0,NIFTY50_PORTFOLIO,BUY,720,1032.04,INR
IN000447,AXISBANK,Axis Bank,BSE,FINANCE,10-11-2021,1097.33,1106.69,1088.43,1097.26,1134.67,1817610,711662.79,67.83,14.52,2.15,0.672,1167.53,922.65,2.3,NIFTY50_PORTFOLIO,SELL,1995,1007.94,INR
IN004933,AXISBANK,Axis Bank,BSE,FINANCE,10-11-2021,1089.46,1121.64,1047.19,1049.17,1034.23,4191270,529913.03,27.46,5.94,1.688,1.736,1405.85,744.03,0.5,SECTORAL_PORTFOLIO,BUY,509,937.79,INR
IN003981,TCS,Tata Consultancy Services,NSE,TECHNOLOGY,10-11-2021,3386.52,3472.86,3379.54,3452.49,3351.61,2646500,1606065.43,46.83,9.26,1.203,1.011,4640.67,2612.98,0,MIDCAP_PORTFOLIO,BUY,619,4034.09,INR
IN003982,TCS,Tata Consultancy Services,NSE,TECHNOLOGY,10-11-2021,3375.73,3555.71,3281.07,3527.33,3541.51,4453618,2153051.48,8.75,5.6,3.489,2,4692.66,2433.87,2.3,MIDCAP_PORTFOLIO,HOLD,803,3732.33,INR
IN003986,TCS,Tata Consultancy Services,NSE,TECHNOLOGY,10-11-2021,3590.1,3595.77,3371.95,3467.72,3582.21,665268,2325199.02,43.14,4.87,1.205,1.44,4655.06,2349.54,1.2,MIDCAP_PORTFOLIO,BUY,1511,3291.08,INR
IN004037,TCS,Tata Consultancy Services,NSE,TECHNOLOGY,10-11-2021,3534.96,3643.52,3487.63,3621.08,3485.94,1973732,2402895.88,78.74,10.65,1.006,1.201,4470.56,2875.52,0.5,NIFTY50_PORTFOLIO,BUY,1066,3871.09,INR
IN002409,TITAN,Titan Company,BSE,CONSUMER GOODS,10-11-2021,3276.66,3515.18,3207.31,3414.74,3394.39,803369,1013692.15,70.34,13.42,0.36,1.046,4687.08,2920.55,0.5,SECTORAL_PORTFOLIO,SELL,1548,4062.89,INR
IN000171,ADANIENT,Adani Enterprises,NSE,CONGLOMERATE,11-11-2021,2935.33,2951.12,2777.22,2843.83,2955.1,3348733,1465764.67,56.31,1.12,1.399,1.397,3443.13,1955.42,0,NIFTY50_PORTFOLIO,BUY,1195,2314.45,INR
IN000179,ADANIENT,Adani Enterprises,NSE,CONGLOMERATE,11-11-2021,2776.27,2830.81,2693.85,2800.52,2713.41,677939,200297.93,39.96,2.8,1.8295,1.536,3265.15,2507.81,5.1,MIDCAP_PORTFOLIO,SELL,1505,2252.08,INR
IN000183,ADANIENT,Adani Enterprises,NSE,CONGLOMERATE,11-11-2021,2900.27,2957.32,2844.85,2888.24,2869.54,4663081,940664.95,38.03,9.04,0.072,1.054,3493.51,1941.79,0,NIFTY50_PORTFOLIO,SELL,1451,2364.7,INR
IN000184,ADANIENT,Adani Enterprises,NSE,CONGLOMERATE,11-11-2021,2879.46,3130.81,2820.03,3063.38,3173.27,3047160,660910.16,37.36,5.82,1.575,1.551,3617.83,2037.06,0,NIFTY50_PORTFOLIO,HOLD,474,3366.02,INR
IN000141,HDFCBANK,HDFC Bank,NSE,FINANCE,11-11-2021,1581.79,1647.46,1548.6,1632.99,1619.55,1844123,798950.83,71.71,11.49,3.909,0.733,2004.42,1086.65,0.5,MIDCAP_PORTFOLIO,SELL,967,1939.66,INR
IN000188,HDFCBANK,HDFC Bank,NSE,FINANCE,11-11-2021,1637.8,1683.89,1520.43,1563.42,1599.65,3048696,779534.23,12.83,11.62,2.158,0.825,2118.64,1269.25,0,NIFTY50_PORTFOLIO,HOLD,863,1803.84,INR
IN003574,TECHM,Tech Mahindra,BSE,TECHNOLOGY,11-11-2021,1252.98,1268.03,1187.1,1203.73,1237.37,764304,1148235.33,44.16,2.44,1.137,1.675,1701.12,832.21,0.5,SECTORAL_PORTFOLIO,BUY,1453,1315.46,INR
IN003563,TITAN,Titan Company,BSE,CONSUMER GOODS,11-11-2021,3319.86,3592.95,3318.02,3531.74,3659.56,294065,1835830.275,66.39,14.82,3.473,0.473,4121.59,2529.98,0.5,MIDCAP_PORTFOLIO,BUY,1504,3026.32,INR
IN001022,AXISBANK,Axis Bank,BSE,FINANCE,01-12-2021,1144.85,1168.49,1135.01,1136.57,1128.65,3065397,761730.99,60,13.11,0.273,1.486,1419.97,675.23,3.5,SECTORAL_PORTFOLIO,HOLD,1633,1108.77,INR
IN001031,AXISBANK,Axis Bank,BSE,FINANCE,01-12-2021,1152.27,1177.71,1130.94,1152.27,1151.52,2779418,279495.72,77.94,5.54,1.933,1.259,1457.6,843.02,0.5,NIFTY50_PORTFOLIO,BUY,1029,1159.29,INR
IN001047,AXISBANK,Axis Bank,BSE,FINANCE,01-12-2021,1053.44,1126.75,1026.26,1108.99,1100.56,1396117,696277.86,67.54,12.38,0.749,1.258,1437.25,908.75,5.1,MIDCAP_PORTFOLIO,SELL,1734,1106.12,INR
IN002759,BAJFINANCE,Bajaj Finance,NSE,NBFC,01-12-2021,6706.47,6795.61,6587.02,6592.72,6523.8,2544839,734162.87,17.37,12.12,3.566,1.31,8331.07,5381.26,2.3,MIDCAP_PORTFOLIO,BUY,872,6083.9,INR
IN004118,BHARTIARTL,Bharti Airtel,NSE,TELECOMMUNICATION,01-12-2021,873.71,911.6,864.14,891.01,925.5,1559708,882235.38,65.92,13.59,1.202,1.158,1052.37,573.09,3.5,NIFTY50_PORTFOLIO,HOLD,879,800.2,INR
IN003579,HCLTECH,HCL Technologies,NSE,TECHNOLOGY,01-12-2021,1485,1497.98,1369.32,1400.74,1433.19,1627101,915308.67,77.42,5.16,1.164,1.111,1945.98,1246.12,3.5,SECTORAL_PORTFOLIO,HOLD,1619,1243.56,INR
IN003657,HCLTECH,HCL Technologies,NSE,TECHNOLOGY,01-12-2021,1547.18,1592.69,1538.31,1542.74,1570.08,2329479,904441.76,64.62,10.07,0.03,1.221,2069.44,1131.2,2.3,SECTORAL_PORTFOLIO,BUY,296,1789.94,INR
IN003689,HCLTECH,HCL Technologies,NSE,TECHNOLOGY,01-12-2021,1497.51,1525.32,1432.89,1443.17,1487.39,2892387,1441179.26,13.85,6.7,3.97,1.96,1978.41,1044.37,5.1,MIDCAP_PORTFOLIO,SELL,1586,1303.4,INR
IN000243,SUNPHARMA,Sun Pharmaceutical,BSE,PHARMACEUTICALS,01-12-2021,1200.48,1229.28,1153.52,1157.11,1120.22,4999273,507928.72,17.26,11.54,0.129,0.711,1301.63,768.21,1.2,SECTORAL_PORTFOLIO,BUY,1840,1047.9,INR
IN000244,SUNPHARMA,Sun Pharmaceutical,BSE,PHARMACEUTICALS,01-12-2021,1253.9,1278.26,1179.73,1215.01,1191.91,3620235,348766.56,13.78,7.62,3.614,1.342,1588.55,959.61,1.2,SECTORAL_PORTFOLIO,BUY,440,1324.96,INR
IN004623,SUNPHARMA,Sun Pharmaceutical,BSE,PHARMACEUTICALS,01-12-2021,1187.09,1216.98,1170.37,1203.78,1242.33,1216513,393325.11,78.04,8.04,2.805,1.462,1487.95,842.28,3.5,NIFTY50_PORTFOLIO,HOLD,992,1498.25,INR
IN001898,BAJFINANCE,Bajaj Finance,NSE,NBFC,02-12-2021,6895.14,7063.13,6537.57,6895.14,6715.16,1395266,5915143.61,74.23,9.54,2.802,0.443,7828.45,6520.07,0,SECTORAL_PORTFOLIO,HOLD,1859,8020.55,INR
IN001929,BAJFINANCE,Bajaj Finance,NSE,NBFC,02-12-2021,7022.98,7160.15,6989.77,7022.98,7091.49,1473992,1268976.91,54.82,7.23,3.935,1.547,7423.5,5820.89,1.2,MIDCAP_PORTFOLIO,HOLD,662,6519.67,INR
IN001933,BAJFINANCE,Bajaj Finance,NSE,NBFC,02-12-2021,6925.86,7119.87,6425.94,6504.27,6708.09,2938016,3353371.14,17.56,9.39,0.684,1.168,8095.69,4609.72,5.1,SECTORAL_PORTFOLIO,SELL,514,6664.53,INR
IN004737,BHARTIARTL,Bharti Airtel,NSE,TELECOMMUNICATION,02-12-2021,873.86,898.72,870.68,896.09,861.76,3524551,823396.83,54.4,8.57,2.119,0.81,975.59,749.21,3.5,SECTORAL_PORTFOLIO,HOLD,468,759.83,INR
IN003045,SUNPHARMA,Sun Pharmaceutical,BSE,PHARMACEUTICALS,02-12-2021,1247.02,1344.79,1222.25,1329.24,1283.27,3194405,1010127.76,71.93,7.735,1.736,0.543,1625.45,977.95,2.3,MIDCAP_PORTFOLIO,BUY,593,965.03,INR
IN001223,WIPRO,Wipro,BSE,TECHNOLOGY,02-12-2021,505.88,508.68,467.08,474.68,459.48,3450432,235077.68,24.03,2.7,3.608,1.19,659.47,390.85,0.5,MIDCAP_PORTFOLIO,HOLD,1530,428.36,INR
IN001230,WIPRO,Wipro,BSE,TECHNOLOGY,02-12-2021,506.39,514.4,496.72,511.78,519.06,3084380,420714.59,58.79,12.49,2.79,1.712,691.45,331.85,0,MIDCAP_PORTFOLIO,SELL,19,439.59,INR
IN001233,WIPRO,Wipro,BSE,TECHNOLOGY,02-12-2021,491.25,497.02,456.16,467.09,479.42,4447768,195699.93,67.96,12.69,0.232,1.497,630.55,310.89,3.5,SECTORAL_PORTFOLIO,BUY,536,623.79,INR
IN001306,WIPRO,Wipro,BSE,TECHNOLOGY,02-12-2021,478.05,480.64,446.38,454.09,471.51,1229246,71605.35,63.28,14.06,2.261,1.596,663.22,352.24,2.3,NIFTY50_PORTFOLIO,BUY,1146,435.32,INR
IN004184,NTPC,NTPC Limited,NSE,UTILITIES,03-12-2021,357.76,363.42,348.43,359.82,362.99,4031885,186386.18,16.86,10.93,2.525,0.847,409.64,302.17,3.5,SECTORAL_PORTFOLIO,BUY,1025,398.15,INR
IN000821,RELIANCE,Reliance Industries,NSE,ENERGY,03-12-2021,2099.96,2201.28,2068.98,2190.5,2139.31,2062270,983195.3,71.56,14.47,2.134,1.498,2887.97,1704.51,0,MIDCAP_PORTFOLIO,BUY,617,2410,INR
IN000850,RELIANCE,Reliance Industries,NSE,ENERGY,03-12-2021,2205.19,2242.38,2133.2,2161.28,2125.88,1242109,274321.03,44.33,12.38,3.855,1.144,2487.18,1509.45,3.5,MIDCAP_PORTFOLIO,BUY,1131,1909.82,INR
IN000903,RELIANCE,Reliance Industries,NSE,ENERGY,03-12-2021,2220.24,2232.63,2163.37,2218.09,2210,365247,1405044.42,14.93,14.42,3.48,1.762,2765.02,2064.88,0.5,MIDCAP_PORTFOLIO,BUY,1550,1848.3,INR
IN000923,RELIANCE,Reliance Industries,NSE,ENERGY,03-12-2021,2145.8,2311.46,2111.3,2277.71,2208.47,2748409,2097718.01,60.36,13.35,0.241,1.403,2327.17,1483.7,5.1,MIDCAP_PORTFOLIO,SELL,914,2602.69,INR
IN000997,RELIANCE,Reliance Industries,NSE,ENERGY,03-12-2021,2211.23,2395.63,2201.61,2327.38,2396.11,2422094,1801295.09,47.75,2.6,3.839,1.762,2521.05,2075.14,0.5,SECTORAL_PORTFOLIO,BUY,1935,2370.14,INR
IN001155,RELIANCE,Reliance Industries,NSE,ENERGY,03-12-2021,2271.47,2327.83,2102.99,2148.55,2118.03,4228387,1455273.11,23.38,11.72,1.029,1.168,2989.07,1845.35,0,NIFTY50_PORTFOLIO,BUY,271,2080.38,INR
IN003593,SBIN,State Bank of India,NSE,FINANCE,03-12-2021,578.88,624.94,572.32,619.18,617.6,4400043,112484.01,44.89,8.67,1.664,0.91,809.35,384.33,1.2,SECTORAL_PORTFOLIO,HOLD,1551,512.15,INR
IN003972,SUNPHARMA,Sun Pharmaceutical,BSE,PHARMACEUTICALS,03-12-2021,1194.73,1222.06,1192.22,1196.97,1157.27,4512521,317661.41,46.88,5.53,2.2445,0.414,1612.5,790.85,1.2,NIFTY50_PORTFOLIO,HOLD,1952,1314.36,INR
IN004456,TCS,Tata Consultancy Services,NSE,TECHNOLOGY,03-12-2021,3619.64,3821.22,3580.51,3810.19,3758.09,3286306,988573.46,52.43,3.89,3.132,1.543,4852.73,3058.34,0.5,NIFTY50_PORTFOLIO,SELL,1203,4248.8,INR
IN004506,TCS,Tata Consultancy Services,NSE,TECHNOLOGY,03-12-2021,3478.01,3572.26,3447.34,3546.38,3549.41,1488130,2585658.89,24.97,10.63,3.456,0.533,3997.6,2242.45,1.2,MIDCAP_PORTFOLIO,BUY,707,3065.69,INR
IN004512,TCS,Tata Consultancy Services,NSE,TECHNOLOGY,03-12-2021,3374.75,3476.06,3295.31,3386.59,3436.56,791253,2295358.95,54.85,11.83,2.342,1.138,4151.55,2761.22,3.5,SECTORAL_PORTFOLIO,HOLD,1422,3542.49,INR
IN004575,TCS,Tata Consultancy Services,NSE,TECHNOLOGY,03-12-2021,3546.37,3617.32,3349.75,3358.04,3406.94,2120556,2497746.58,43.14,7.46,2.342,1.84,4108.13,2982.68,1.2,NIFTY50_PORTFOLIO,BUY,1910,4060.72,INR
IN004608,ADANIENT,Adani Enterprises,NSE,CONGLOMERATE,04-12-2021,2788.66,2825.68,2756.09,2791.49,2717.76,4024575,471103.69,22.5,8.1,2.536,1.165,3646,1779.92,5.1,NIFTY50_PORTFOLIO,HOLD,1490,2629.92,INR
IN004649,ADANIENT,Adani Enterprises,NSE,CONGLOMERATE,04-12-2021,2697.87,2717.04,2571.72,2637.09,2622.23,1336844,1657125.42,68.86,7.47,3.296,1.165,3645.76,2079.24,5.1,MIDCAP_PORTFOLIO,BUY,347,2209.24,INR
IN004668,ADANIENT,Adani Enterprises,NSE,CONGLOMERATE,04-12-2021,2831.04,3016.26,2764.94,3015.55,2908.98,2829010.5,2637822.68,39.81,8.47,3.523,1.526,3829.39,1713.22,5.1,SECTORAL_PORTFOLIO,HOLD,322,2686.03,INR
IN000090,MARUTI,Maruti Suzuki,BSE,AUTOMOBILE,04-12-2021,10045.59,10797.39,9768.88,10509.97,10550.63,4330069,4223901.33,27.03,7.84,3.94,1.186,13416.9,8288.27,5.1,NIFTY50_PORTFOLIO,BUY,1789,9191.67,INR
IN000030,ADANIENT,Adani Enterprises,NSE,CONGLOMERATE,05-12-2021,2753.99,2807.41,2584.38,2658.85,2756.97,4889089,1370332.79,53.91,9.02,3.418,1.801,3257.8,2111.19,5.1,MIDCAP_PORTFOLIO,HOLD,1525,3439.91,INR
IN000040,ADANIENT,Adani Enterprises,NSE,CONGLOMERATE,05-12-2021,2717.03,2752.59,2643.38,2663.74,2574.42,1010981,1597246.78,55.68,14.22,1.137,1.852,3509.35,2388.87,1.2,MIDCAP_PORTFOLIO,BUY,1705,2135.05,INR
IN000050,ADANIENT,Adani Enterprises,NSE,CONGLOMERATE,05-12-2021,2934.52,3008.12,2760.13,2934.52,2856.68,4214133,429017.39,52.53,13.8,0.368,0.901,3743.2,2047.34,0.5,NIFTY50_PORTFOLIO,BUY,896,2472.35,INR
IN004954,AXISBANK,Axis Bank,BSE,FINANCE,07-12-2021,1107.93,1153.91,1106.08,1139.48,1155.65,2474383,973329.35,48.17,10.82,1.819,1.732,1182.09,845.03,5.1,MIDCAP_PORTFOLIO,HOLD,1610,1075.33,INR
IN003433,NESTLEIND,Nestle India,BSE,FMCG,07-12-2021,21795.57,23409.67,21264.63,22820.79,23220.08,2038896,11545705.53,32.78,8.91,2.751,1.621,25709.94,14100.89,2.3,MIDCAP_PORTFOLIO,BUY,1531,18716.86,INR
IN003442,NESTLEIND,Nestle India,BSE,FMCG,07-12-2021,21317.02,21964.44,21071.34,21849.31,21808.09,4348997,7231681.56,45.36,9.4,2.009,1.97,25751.22,16607.25,5.1,MIDCAP_PORTFOLIO,BUY,1466,17539.71,INR
IN003341,NTPC,NTPC Limited,NSE,UTILITIES,07-12-2021,356.02,365.08,326.59,333.24,334.35,4686474,120476.02,40.07,4.85,3.162,0.599,459.59,249.78,1.2,NIFTY50_PORTFOLIO,BUY,547,425.01,INR
IN003369,NTPC,NTPC Limited,NSE,UTILITIES,07-12-2021,366.62,389.17,359.99,387.37,374.24,3850592,29650.48,19.56,10.84,2.426,1.955,469.41,224.87,5.1,SECTORAL_PORTFOLIO,BUY,1581,329.2,INR
IN000559,TECHM,Tech Mahindra,NSE,TECHNOLOGY,07-12-2021,1358.49,1387.32,1356.44,1375.68,1402.63,762481,661623.79,38.23,2.76,3.165,0.874,1409.97,807.84,2.3,NIFTY50_PORTFOLIO,SELL,539,1039.64,INR
IN000566,TECHM,Tech Mahindra,NSE,TECHNOLOGY,07-12-2021,1240.88,1274.15,1231.41,1239.22,1195.78,3036955,1018051.29,37.76,2.6,1.277,1.21,1634.78,1123.23,0,MIDCAP_PORTFOLIO,BUY,605,1500.34,INR
IN004465,TECHM,Tech Mahindra,NSE,TECHNOLOGY,07-12-2021,1257.7,1296.61,1247.79,1275.83,1296.16,2831737,488136.36,39.06,9.55,3.939,0.844,1387.54,1049.2,1.2,SECTORAL_PORTFOLIO,BUY,35,1044.14,INR
IN004477,TECHM,Tech Mahindra,NSE,TECHNOLOGY,07-12-2021,1307.22,1392.69,1301.57,1378.17,1409.78,1029903,1056096.52,13.73,8.715,0.445,1.464,1520.95,925.92,2.3,SECTORAL_PORTFOLIO,HOLD,1811,1153.04,INR
IN004516,TECHM,Tech Mahindra,NSE,TECHNOLOGY,07-12-2021,1258.06,1287.98,1199.65,1200.37,1230.55,398493,234896.44,24.28,13.96,3.651,1.154,1717.36,814.55,2.3,SECTORAL_PORTFOLIO,BUY,1279,1370.44,INR
IN004522,TECHM,Tech Mahindra,NSE,TECHNOLOGY,07-12-2021,1326.98,1352.53,1259.47,1275.2,1236.07,547515,661623.79,48.45,14.88,2.075,0.686,1519.11,1012.69,2.3,SECTORAL_PORTFOLIO,SELL,1700,1316.97,INR
IN001890,AXISBANK,Axis Bank,BSE,FINANCE,10-12-2021,1148.82,1181.07,1123.36,1135.35,1135.06,1105478,383273.8,70.19,1.27,2.914,0.619,1357.56,1043.44,2.3,MIDCAP_PORTFOLIO,HOLD,1833,1303.56,INR
IN001899,AXISBANK,Axis Bank,BSE,FINANCE,10-12-2021,1112.89,1120.43,1099.44,1110.16,1130.77,2033084,529913.03,41.47,13.54,2.377,1.984,1335.37,855.57,0.5,MIDCAP_PORTFOLIO,BUY,433,894.66,INR
IN001911,AXISBANK,Axis Bank,BSE,FINANCE,10-12-2021,1076.9,1143.02,1046.6,1114.14,1088.72,1662124,529913.03,76.1,6.06,1.262,1.18,1467.34,884.19,2.3,SECTORAL_PORTFOLIO,SELL,1732,1165.77,INR
IN001938,AXISBANK,Axis Bank,BSE,FINANCE,10-12-2021,1133.22,1135.99,1107.45,1112.62,1096.51,3222615,760562.72,31.56,3.4,1.933,1.482,1393.08,689.59,0,MIDCAP_PORTFOLIO,BUY,1105,1268.48,INR
IN001956,AXISBANK,Axis Bank,BSE,FINANCE,10-12-2021,1154.51,1234.11,1129.63,1154.51,1166.36,2593239,183509.88,70.58,7.24,2.493,1.504,1283.54,749.69,0.5,NIFTY50_PORTFOLIO,BUY,1119,1018.92,INR
IN001981,AXISBANK,Axis Bank,BSE,TECHNOLOGY,10-12-2021,1134.44,1139.74,1055.32,1070.36,1056.86,3563055,529913.03,39,9.18,0.048,1.259,1438.39,1028.28,1.2,SECTORAL_PORTFOLIO,BUY,792,1265.87,INR
IN002359,BAJFINANCE,Bajaj Finance,NSE,NBFC,10-12-2021,7107.95,7737.62,7087.8,7602.75,7814.31,4337008,5419354,16.62,9.4,1.183,1.164,8527.63,6613.26,0.5,SECTORAL_PORTFOLIO,BUY,1045,5400.02,INR
IN002406,BAJFINANCE,Bajaj Finance,NSE,NBFC,10-12-2021,7165.78,7307.12,6908.13,6921.4,6763.31,2708701,3814123.14,30.19,2.71,0.827,0.509,9293.81,4558.38,2.3,MIDCAP_PORTFOLIO,BUY,895,5449.66,INR
IN004161,BAJFINANCE,Bajaj Finance,NSE,NBFC,10-12-2021,7248.95,7601.84,7136.5,7565.12,7656.56,869699,779825.72,17.81,8.97,0.352,1.381,7741,4337.9,0,NIFTY50_PORTFOLIO,BUY,930,7782.91,INR
IN004211,BAJFINANCE,Bajaj Finance,NSE,NBFC,10-12-2021,6859.2,7294.85,6824.94,7198.33,7219.29,69075,6557035,31.9,7.69,2.864,0.448,8158.07,4876.01,5.1,MIDCAP_PORTFOLIO,BUY,909,7640.52,INR
IN004242,BAJFINANCE,Bajaj Finance,NSE,NBFC,10-12-2021,6767.75,6859.35,6261.28,6334.3,6567.93,4254512,1937284.71,30.12,14.83,2.613,1.233,9428.14,4799.5,0,MIDCAP_PORTFOLIO,BUY,791,7471.77,INR
IN004247,BAJFINANCE,Bajaj Finance,NSE,NBFC,10-12-2021,7123.88,7281.31,7094.29,7191.24,7301.77,3350018,4900305.3,47.4,8.15,0.123,1.007,8483.98,4811.37,2.3,SECTORAL_PORTFOLIO,HOLD,1009,7063.1,INR
IN004251,BAJFINANCE,Bajaj Finance,NSE,NBFC,10-12-2021,7338.61,7381.79,6724.45,6913.1,7101.32,2697107,6662246.7,35.6,6.49,0.317,0.666,9245.73,4877.94,3.5,SECTORAL_PORTFOLIO,BUY,661,8213.91,INR
IN004408,HDFCBANK,HDFC Bank,NSE,FINANCE,10-12-2021,1595.66,1642.6,1574.93,1641.71,1680.02,135105,630951.07,73.55,4.92,2.548,0.893,2195.33,1351.08,2.3,MIDCAP_PORTFOLIO,SELL,1109,1747.85,INR
IN004424,HDFCBANK,HDFC Bank,NSE,FINANCE,10-12-2021,1612.3,1620.47,1519.07,1564.2,1566.88,753776,635780.19,62.99,13.29,0.862,0.967,1685.05,1167.69,1.2,SECTORAL_PORTFOLIO,HOLD,1454,1617.19,INR
IN001015,INFY,Infosys,NSE,TECHNOLOGY,10-12-2021,1522.94,1548.76,1479.07,1529.91,1492.76,1903470,1249232.15,75.25,14.94,1.929,0.863,1929.11,1095.9,0.5,MIDCAP_PORTFOLIO,HOLD,1368,1567.6,INR
IN000104,NTPC,NTPC Limited,NSE,UTILITIES,10-12-2021,345.43,352.54,338.16,351.06,345.58,2612187,70010.69,30.04,9.61,0.503,1.578,478.64,332.04,2.3,SECTORAL_PORTFOLIO,HOLD,103,376.12,INR
IN002747,TITAN,Titan Company,BSE,CONSUMER GOODS,10-12-2021,3482.29,3511.67,3238.57,3329.77,3349.69,2389908.5,1685781.82,31.14,6.99,0.189,1.16,4447.49,2935.92,3.5,MIDCAP_PORTFOLIO,BUY,602,2839.2,INR
IN002319,AXISBANK,Axis Bank,BSE,FINANCE,11-12-2021,1072.7,1148.34,1045.33,1121.75,1137.96,2593239,769856.86,78.96,6.67,3.253,1.04,1473.7,850.24,3.5,NIFTY50_PORTFOLIO,HOLD,1038,953.93,INR
IN001246,BHARTIARTL,Bharti Airtel,NSE,TELECOMMUNICATION,11-12-2021,888.49,905.51,853.05,861.5,877.88,4725437,614784.47,51.61,14.83,3.038,1.57,1257.11,714.37,3.5,MIDCAP_PORTFOLIO,BUY,844,1027.28,INR
IN000108,NTPC,NTPC Limited,NSE,UTILITIES,11-12-2021,345.77,369.86,339.72,367.35,374.37,1872183,97475.37,48.02,12.93,3.498,1.495,485.13,222.06,2.3,NIFTY50_PORTFOLIO,BUY,967,400.21,INR
IN000129,NTPC,NTPC Limited,NSE,UTILITIES,11-12-2021,346.18,355.46,341.26,341.26,349.36,3812557,328531.23,55.1,5.1,3.498,0.494,475.49,309.4,5.1,MIDCAP_PORTFOLIO,SELL,1040,400.15,INR
IN002363,ULTRACEMCO,UltraTech Cement,BSE,INFRASTRUCTURE,11-12-2021,9412.5,9620.94,8924.96,9162.18,9497.34,88708,803164.7,43.495,6.38,1.859,1.344,12468.98,7999.87,3.5,SECTORAL_PORTFOLIO,HOLD,1383,10583.6,INR
IN002412,ULTRACEMCO,UltraTech Cement,BSE,INFRASTRUCTURE,11-12-2021,9448.84,10131.38,9238.21,9992.84,10199.38,520856,6829662.36,74.56,5.47,2.036,1.284,10616.44,5750.94,3.5,MIDCAP_PORTFOLIO,BUY,592,9283.76,INR
IN004059,ASIANPAINT,Asian Paints,BSE,CONSUMER GOODS,02-01-2022,3073.46,3147.56,3033.69,3050.43,2988.2,4689504,1583748.83,60.64,7.6,3.286,1.209,3964.73,2798.52,3.5,NIFTY50_PORTFOLIO,SELL,484,2479.48,INR
IN004068,ASIANPAINT,Asian Paints,BSE,CONSUMER GOODS,02-01-2022,2858.92,2890.85,2624.09,2858.92,2667.16,2338451,2809610.16,46.75,6.08,0.618,1.209,4067.17,2688.37,2.3,NIFTY50_PORTFOLIO,HOLD,933,3159.07,INR
IN004080,ASIANPAINT,Asian Paints,BSE,CONSUMER GOODS,02-01-2022,3106.98,3193.12,3089.57,3149.56,3040.37,2041397,1574970.23,24,3.99,0.521,0.875,3701.7,2311.38,5.1,MIDCAP_PORTFOLIO,BUY,95,2659.64,INR
IN004099,ASIANPAINT,Asian Paints,BSE,CONSUMER GOODS,02-01-2022,2871.59,3095.44,2839.28,3068.25,3047.08,4842250,1748178.13,19.95,5.58,3.491,1.264,4171.7,2849.82,5.1,SECTORAL_PORTFOLIO,BUY,979,2909.51,INR
IN004110,ASIANPAINT,Asian Paints,BSE,CONSUMER GOODS,02-01-2022,3141.79,3193.01,2875.99,2927.31,2859.72,3948207,1683492.3,48.61,13.06,3.105,0.84,3683.04,2660.13,3.5,SECTORAL_PORTFOLIO,HOLD,1630,3058.44,INR
IN003861,NESTLEIND,Nestle India,BSE,FMCG,02-01-2022,21753.82,22381.5,21274.72,21453.52,21850.66,1899101,18543737,44.3,4.48,3.732,0.809,27313.33,18678.78,0.5,NIFTY50_PORTFOLIO,HOLD,583,18042.66,INR
IN003201,NTPC,NTPC Limited,NSE,UTILITIES,02-01-2022,333.33,336.98,332.41,332.8,335.73,2231765,144429.12,13.2,5.59,0.499,0.776,421.47,253.32,5.1,SECTORAL_PORTFOLIO,BUY,607,435.95,INR
IN003217,NTPC,NTPC Limited,NSE,UTILITIES,02-01-2022,344.27,348.51,332.17,341.68,335.38,3898795,52369.99,40.435,14.02,2.549,1.079,482.81,288.88,1.2,MIDCAP_PORTFOLIO,BUY,514,415.44,INR
IN003229,NTPC,NTPC Limited,NSE,UTILITIES,02-01-2022,354.13,366.59,353.26,360.81,352.93,2394789.5,225680.79,21.67,6.23,1.878,0.823,442.05,309.81,0,NIFTY50_PORTFOLIO,HOLD,1419,424.68,INR
IN003248,NTPC,NTPC Limited,NSE,UTILITIES,02-01-2022,349.97,357.51,337.48,349.97,339.65,605833,344432.44,61.83,6.43,1.248,0.463,389.46,297.41,2.3,MIDCAP_PORTFOLIO,BUY,653,386.88,INR
IN003252,NTPC,NTPC Limited,NSE,UTILITIES,02-01-2022,340.56,343.33,334.11,339.12,344.91,1895712,163265.82,53.3,1.56,3.675,1.815,381.05,216.34,3.5,SECTORAL_PORTFOLIO,BUY,539,322.71,INR
IN000525,POWERGRID,Power Grid Corporation,BSE,UTILITIES,02-01-2022,246.04,252.87,233.47,234.09,240.94,1314481,211429.01,49.59,6.82,3.475,1.1515,329.68,195.22,3.5,SECTORAL_PORTFOLIO,HOLD,295,273.68,INR
IN004002,MARUTI,Maruti Suzuki,BSE,AUTOMOBILE,03-01-2022,10260.31,11111.42,10246.16,10826.2,10841.81,2202689,7609586.4,30.73,4.28,0.29,1.432,12666.02,7780.19,1.2,NIFTY50_PORTFOLIO,BUY,1082,8951.92,INR
IN004030,MARUTI,Maruti Suzuki,BSE,AUTOMOBILE,03-01-2022,9642.82,9834.24,9402.1,9784.76,9921.17,545624,2486831.82,38.39,7.84,1.267,1.251,12668.71,7378.8,1.2,NIFTY50_PORTFOLIO,HOLD,997,11092.83,INR
IN004074,MARUTI,Maruti Suzuki,BSE,AUTOMOBILE,03-01-2022,10159.03,10600.36,10099.39,10367.29,10335.77,2978194,7516164.64,11.71,10.08,1.18,1.92,10983.72,7951.43,0,SECTORAL_PORTFOLIO,HOLD,343,11072.88,INR
IN000522,ONGC,Oil & Natural Gas Corp,NSE,ENERGY,03-01-2022,272.72,278.62,259.83,261.79,255.43,4745375,273334.01,20.8,7.49,2.928,1.08,358.7,218.41,0.5,NIFTY50_PORTFOLIO,BUY,1774,245.97,INR
IN003520,ADANIENT,Adani Enterprises,NSE,CONGLOMERATE,04-01-2022,2880.24,2949.63,2697.79,2756.6,2686.98,140990,1290462.43,23.18,7.68,3.543,1.737,3157.88,2018.52,1.2,MIDCAP_PORTFOLIO,BUY,875,2222.78,INR
IN003380,INFY,Infosys,NSE,TECHNOLOGY,04-01-2022,1475.95,1496.6,1417.59,1423.1,1439.12,2481700,173998.13,19.35,11.11,1.927,0.829,1884.78,1359.38,5.1,MIDCAP_PORTFOLIO,BUY,902,1696.29,INR
IN003393,INFY,Infosys,NSE,TECHNOLOGY,04-01-2022,1560.29,1573.91,1481.17,1507.35,1503.87,461731,606286.96,13.2,2.5,1.128,0.467,2086.75,1366.27,0.5,SECTORAL_PORTFOLIO,BUY,1488,1206.58,INR
IN003411,INFY,Infosys,NSE,TECHNOLOGY,04-01-2022,1513.53,1539.49,1468.06,1472.63,1529.02,343629,690175.7,47.71,4.46,1.698,1.909,2066.11,1277.34,0,MIDCAP_PORTFOLIO,HOLD,934,1630.54,INR
IN003449,INFY,Infosys,NSE,TECHNOLOGY,04-01-2022,1512.83,1540.8,1492.65,1497.86,1543.37,3614311,421670.95,56.87,7.2,2.222,0.934,1867.59,1289.02,0.5,NIFTY50_PORTFOLIO,BUY,218,1668.19,INR
IN004657,SUNPHARMA,Sun Pharmaceutical,BSE,PHARMACEUTICALS,04-01-2022,1208.98,1294.19,1184.16,1256.56,1301.75,2616174,171129.13,9.63,7.24,1.398,1.422,1504.6,844.9,1.2,MIDCAP_PORTFOLIO,SELL,1353,1413.59,INR
IN004661,SUNPHARMA,Sun Pharmaceutical,BSE,PHARMACEUTICALS,04-01-2022,1191.61,1251.22,1178.53,1229.97,1267.38,2616174,670844.73,53.52,4.81,2.612,1.132,1348.03,791,1.2,MIDCAP_PORTFOLIO,HOLD,1949,993.62,INR
IN000518,INFY,Infosys,NSE,TECHNOLOGY,06-01-2022,1565.85,1671.32,1546.04,1662.88,1596.91,2162675,1337031.17,39.855,3,3.732,1.745,1932.55,1119.52,0.5,MIDCAP_PORTFOLIO,BUY,159,1327.7,INR
IN000558,INFY,Infosys,NSE,TECHNOLOGY,06-01-2022,1527.32,1544.54,1441.24,1473.63,1460.72,4960699,769981.42,75.96,3.7,3.416,1.165,1626.71,944.21,0.5,NIFTY50_PORTFOLIO,BUY,1283,1826.82,INR
IN000564,INFY,Infosys,NSE,TECHNOLOGY,06-01-2022,1483.52,1586.47,1454.08,1568.18,1533.32,4892270,1343238.79,59.59,12.92,0.637,1.592,1943.83,1313.6,1.2,SECTORAL_PORTFOLIO,BUY,191,1160.87,INR
IN000568,INFY,Infosys,NSE,TECHNOLOGY,06-01-2022,1427.28,1444.66,1423.72,1427.28,1456.54,967397,152457.73,8.77,4.42,0.182,1.747,1954.17,1139.21,3.5,MIDCAP_PORTFOLIO,HOLD,692,1801.07,INR
IN000577,INFY,Infosys,NSE,TECHNOLOGY,06-01-2022,1437.41,1450.22,1329.79,1369.7,1398.52,3125681,435442.29,39.855,12.23,0.521,1.517,1743.05,984.4,0,NIFTY50_PORTFOLIO,BUY,1623,1750.76,INR
IN000601,INFY,Infosys,NSE,TECHNOLOGY,06-01-2022,1461.01,1474.25,1392.14,1403.49,1364.04,1250557,1063308.1,11.63,10.89,3.552,1.21,1977.07,1194.65,2.3,MIDCAP_PORTFOLIO,BUY,1574,1373.73,INR
IN000620,INFY,Infosys,NSE,TECHNOLOGY,06-01-2022,1550.19,1575.19,1507.28,1532.11,1532.28,1907398,794242.47,39.58,12.26,1.062,1.694,1839.45,1125.97,5.1,SECTORAL_PORTFOLIO,HOLD,1015,1325.38,INR
IN002455,KOTAKBANK,Kotak Mahindra Bank,NSE,FINANCE,06-01-2022,1771.79,1841.06,1728.75,1825.07,1789.3,1379928,1291704.91,47.04,2.56,2.115,1.452,2486.57,1614.19,2.3,NIFTY50_PORTFOLIO,HOLD,254,1516.19,INR
IN002467,KOTAKBANK,Kotak Mahindra Bank,NSE,FINANCE,06-01-2022,1713.45,1746.9,1571.09,1611.15,1652.54,4317672,1796522.57,70.45,12.51,1.419,1.01,2409.32,1114.32,0.5,NIFTY50_PORTFOLIO,SELL,664,1814.28,INR
IN002520,KOTAKBANK,Kotak Mahindra Bank,NSE,FINANCE,06-01-2022,1842.06,1857.03,1726.68,1842.06,1760.36,3142877,153036.76,57.61,10.81,3.658,0.972,2366.44,1452.27,0,SECTORAL_PORTFOLIO,HOLD,620,1510.2,INR
IN002586,KOTAKBANK,Kotak Mahindra Bank,NSE,FINANCE,06-01-2022,1832.2,1847.87,1755.81,1800.61,1857.93,3546662,1003289.995,62.18,1.22,1.067,1.55,1923.66,1125.44,0.5,SECTORAL_PORTFOLIO,BUY,242,1382.99,INR
IN002590,KOTAKBANK,Kotak Mahindra Bank,NSE,FINANCE,06-01-2022,1823.43,1901.63,1795.54,1867.2,1868,3896545,800993.07,47.04,3.11,2.586,1.368,1973.83,1557.1,1.2,MIDCAP_PORTFOLIO,HOLD,1251,1952.74,INR
IN002596,KOTAKBANK,Kotak Mahindra Bank,NSE,FINANCE,06-01-2022,1748.38,1797.88,1703,1754.67,1773.88,2749636,539962.05,28.27,4.86,1.143,0.861,2356.55,1179.14,1.2,SECTORAL_PORTFOLIO,SELL,918,1406.54,INR
IN002615,KOTAKBANK,Kotak Mahindra Bank,NSE,FINANCE,06-01-2022,1796.96,1816.59,1654.71,1705.07,1640.02,4722414,1120130.5,27.48,3.26,0.326,1.371,2427.69,1609.5,3.5,NIFTY50_PORTFOLIO,BUY,1849,2213.37,INR
IN002659,KOTAKBANK,Kotak Mahindra Bank,NSE,FINANCE,06-01-2022,1736.19,1823.11,1689.46,1813.19,1861.8,4438949,1359190.24,60.12,4.67,1.051,1.193,2400.04,1589.34,2.3,NIFTY50_PORTFOLIO,HOLD,803,1961.09,INR
IN002709,KOTAKBANK,Kotak Mahindra Bank,NSE,FINANCE,06-01-2022,1778.77,1826.47,1765.43,1808.64,1875.63,3542450,1003289.995,11.23,8.9,2.938,1.995,2421.48,1197.15,1.2,SECTORAL_PORTFOLIO,BUY,789,1909.82,INR
IN002743,KOTAKBANK,Kotak Mahindra Bank,NSE,FINANCE,06-01-2022,1864.47,2045.19,1835.97,1990.2,1932,3083710,1698287.1,50.7,6.74,3.323,1.393,2194.26,1230.22,0.5,NIFTY50_PORTFOLIO,HOLD,854,2208.46,INR
IN001543,SUNPHARMA,Sun Pharmaceutical,BSE,PHARMACEUTICALS,06-01-2022,1149.74,1249.92,1118.03,1149.74,1193.4,1061237,1041713.43,46.88,2.17,3.942,1.727,1599.2,752.88,5.1,SECTORAL_PORTFOLIO,HOLD,864,1302.62,INR
IN001645,SUNPHARMA,Sun Pharmaceutical,BSE,PHARMACEUTICALS,06-01-2022,1214.43,1310.62,1199.24,1283.11,1268.67,2333256,611604.57,71.39,7.735,0.486,1.066,1341.29,962.22,3.5,SECTORAL_PORTFOLIO,HOLD,723,983.47,INR
IN001738,SUNPHARMA,Sun Pharmaceutical,BSE,FINANCE,06-01-2022,1258.29,1285.65,1156.06,1184.11,1153.03,4030444,817847.96,77.16,5.99,1.784,0.67,1510.93,1040.48,2.3,NIFTY50_PORTFOLIO,BUY,28,1230.67,INR
IN001742,SUNPHARMA,Sun Pharmaceutical,BSE,PHARMACEUTICALS,06-01-2022,1205.35,1299.22,1177.56,1275.16,1245.39,4462135,102444.22,46.88,14.89,3.728,1.661,1573.47,789.96,0.5,SECTORAL_PORTFOLIO,BUY,1569,1458.2,INR
IN001762,SUNPHARMA,Sun Pharmaceutical,BSE,PHARMACEUTICALS,06-01-2022,1187.49,1211.41,1104.38,1133.89,1102.61,232365,611604.57,10.2,5.49,3.153,1.398,1508.92,823.74,2.3,SECTORAL_PORTFOLIO,BUY,121,1257.34,INR
IN001765,SUNPHARMA,Sun Pharmaceutical,BSE,PHARMACEUTICALS,06-01-2022,1175.96,1218.77,1151.5,1187.13,1140.61,1502260,604345.83,45.68,6.27,1.565,0.873,1561.81,1055.19,3.5,MIDCAP_PORTFOLIO,HOLD,1251,1493.71,INR
IN001805,SUNPHARMA,Sun Pharmaceutical,BSE,PHARMACEUTICALS,06-01-2022,1228.78,1286.69,1216.3,1263.79,1248.08,4599578,589018.04,9.89,8.29,1.974,1.965,1443.77,843.35,2.3,NIFTY50_PORTFOLIO,HOLD,1314,1405.03,INR
IN003441,ADANIENT,Adani Enterprises,NSE,CONGLOMERATE,07-01-2022,2862.83,2892,2790.14,2873.41,2800.19,857585,2535487.99,48.92,14.78,0.489,0.974,3109.61,2577.43,1.2,MIDCAP_PORTFOLIO,SELL,1095,2754.1,INR
IN003530,HCLTECH,HCL Technologies,NSE,TECHNOLOGY,07-01-2022,1531.32,1539.75,1470.44,1482.97,1510.57,2058188,734633.29,68.55,14.72,1.784,0.935,1844.75,1287.98,0.5,NIFTY50_PORTFOLIO,HOLD,865,1477.12,INR
IN004588,TECHM,Tech Mahindra,NSE,TECHNOLOGY,07-01-2022,1356.41,1361.6,1323.91,1354.75,1303.55,1620621,304172.75,47.23,13.47,3.392,1.218,1777.35,795.83,1.2,SECTORAL_PORTFOLIO,BUY,754,1528.67,INR
IN004618,TECHM,Tech Mahindra,NSE,TECHNOLOGY,07-01-2022,1307.38,1383.55,1285.91,1372.27,1413.55,1324547,863897.18,79.69,13.58,1.989,1.962,1393.64,812.84,3.5,MIDCAP_PORTFOLIO,SELL,1189,1378.19,INR
IN004654,TECHM,Tech Mahindra,NSE,TECHNOLOGY,07-01-2022,1288.22,1389.71,1260.57,1351.53,1324.18,1793750,298649.94,51.86,13.28,1.921,0.734,1422.39,1017.7,2.3,NIFTY50_PORTFOLIO,SELL,554,1010.8,INR
IN001642,ULTRACEMCO,UltraTech Cement,BSE,INFRASTRUCTURE,07-01-2022,9503.5,9729.6,9488.93,9667.11,9885.68,3311780,6877594.88,41.56,3.66,3.408,1.387,12402.46,8872.08,2.3,SECTORAL_PORTFOLIO,BUY,621,10294.51,INR
IN001700,ULTRACEMCO,UltraTech Cement,BSE,INFRASTRUCTURE,07-01-2022,9566.89,10276.88,9393.41,10187.66,10362.73,2189225,3135649.75,71.51,8.42,3.107,0.654,10924.2,7000.48,1.2,MIDCAP_PORTFOLIO,HOLD,1897,9871.85,INR
IN000121,BHARTIARTL,Bharti Airtel,NSE,TELECOMMUNICATION,08-01-2022,915.97,949.1,894.83,942.16,966.53,2221012,503292.33,57.83,6.31,2.056,1.602,1100.05,791.03,0,MIDCAP_PORTFOLIO,BUY,1324,1060.08,INR
IN000147,BHARTIARTL,Bharti Airtel,NSE,TELECOMMUNICATION,08-01-2022,920.19,943.77,900.6,918.86,901.85,4732557,595148.58,19.99,2.2,3.602,0.639,1221.21,785.38,1.2,NIFTY50_PORTFOLIO,BUY,234,733.31,INR
IN000187,BHARTIARTL,Bharti Airtel,NSE,TELECOMMUNICATION,08-01-2022,901.28,947.84,893.07,932.35,925.77,1960802,168255.69,12.15,9.23,0.314,1.889,1182.62,733.58,5.1,SECTORAL_PORTFOLIO,BUY,1730,1118.22,INR
IN000192,BHARTIARTL,Bharti Airtel,NSE,TELECOMMUNICATION,08-01-2022,922.32,932.58,884.96,893.33,911.03,2064755,92315.6,65.07,14.59,0.949,1.479,962.18,758.94,2.3,NIFTY50_PORTFOLIO,BUY,728,919.24,INR
IN001958,HCLTECH,HCL Technologies,NSE,TECHNOLOGY,08-01-2022,1462.88,1472.26,1436.27,1466.73,1515.29,2290443,289180.27,58.21,11.67,3.732,0.482,1868.8,1236.6,0,MIDCAP_PORTFOLIO,SELL,1206,1379.72,INR
IN001959,HCLTECH,HCL Technologies,NSE,TECHNOLOGY,08-01-2022,1491.42,1512.69,1374.21,1394.05,1441.6,3254771,684152.2,10.47,14.57,1.836,0.94,1838.15,900.47,1.2,NIFTY50_PORTFOLIO,HOLD,35,1356.96,INR
IN001974,HCLTECH,HCL Technologies,NSE,TECHNOLOGY,08-01-2022,1520.18,1545.7,1488.13,1508.75,1544.58,3808650,1269897.5,42.32,6.5,0.612,1.236,1792.58,1395.95,1.2,MIDCAP_PORTFOLIO,SELL,327,1139.77,INR
IN003101,HDFCBANK,HDFC Bank,NSE,FINANCE,08-01-2022,1522.16,1622.47,1514.18,1616.99,1589.82,3821384,919105,47.59,6.2,2.666,1.429,2068.32,1270.08,0.5,MIDCAP_PORTFOLIO,BUY,1852,1564.57,INR
IN003148,HDFCBANK,HDFC Bank,NSE,FINANCE,08-01-2022,1644.14,1701.37,1624.51,1644.14,1705.27,2186232,336770.04,42.53,8.14,1.979,0.864,2111.13,1390.53,1.2,NIFTY50_PORTFOLIO,SELL,525,1339.33,INR
IN003206,HDFCBANK,HDFC Bank,NSE,FINANCE,08-01-2022,1552.84,1566.52,1446.95,1465.77,1473.79,3597318,798950.83,58.67,4.13,2.68,1.532,1999.43,1222.04,0.5,NIFTY50_PORTFOLIO,SELL,1582,1334.54,INR
IN003230,HDFCBANK,HDFC Bank,NSE,FINANCE,08-01-2022,1626.54,1762.95,1606.31,1714.64,1748.52,1842864,1515691.31,16.93,10.27,0.537,0.852,1880.07,1291.54,5.1,SECTORAL_PORTFOLIO,BUY,793,1791.66,INR
IN003028,ADANIENT,Adani Enterprises,NSE,CONGLOMERATE,09-01-2022,2767.46,2859.27,2757.72,2790.08,2874.48,3079606,183647.62,48.92,5.57,2.474,1.419,3858.21,2475.63,3.5,SECTORAL_PORTFOLIO,BUY,416,3213.91,INR
IN002700,HCLTECH,HCL Technologies,NSE,TECHNOLOGY,09-01-2022,1493.81,1496.3,1417.89,1422.78,1461.71,3311351,340590.12,73.87,5.14,3.737,1.24,1825.3,1229.62,0.5,MIDCAP_PORTFOLIO,BUY,484,1816.7,INR
IN002705,HCLTECH,HCL Technologies,NSE,TECHNOLOGY,09-01-2022,1552.97,1574.48,1513.51,1538.53,1575.68,437661,265632.49,39.48,5.01,2.722,1.953,1789.14,1178.94,0.5,SECTORAL_PORTFOLIO,BUY,1837,1858.73,INR
IN003798,KOTAKBANK,Kotak Mahindra Bank,NSE,FINANCE,09-01-2022,1834.2,1834.52,1719.08,1727.63,1703.59,1346411,1003289.995,48.67,2.86,3.782,0.819,2139.81,1136.57,0.5,MIDCAP_PORTFOLIO,BUY,800,1393.47,INR
IN001201,MARUTI,Maruti Suzuki,BSE,AUTOMOBILE,09-01-2022,9546.97,9581.92,9241.32,9275.77,9005.49,2048235,5998423.77,55.25,9.41,2.361,1.229,12662.21,7344.45,0.5,NIFTY50_PORTFOLIO,SELL,89,11742.01,INR
IN001294,MARUTI,Maruti Suzuki,BSE,AUTOMOBILE,09-01-2022,9560.93,9934.74,9560.71,9715.68,9865.09,115625,5168125.28,49.54,14.75,2.211,1.789,12418.33,6008.7,1.2,MIDCAP_PORTFOLIO,HOLD,231,8714.26,INR
IN001300,MARUTI,Maruti Suzuki,BSE,AUTOMOBILE,09-01-2022,9742.58,10007.58,9158.06,9305.36,9298.92,4542440,5168125.28,45.04,11.2,3.995,1.155,10629.78,8812.08,2.3,MIDCAP_PORTFOLIO,HOLD,1366,11745.08,INR
IN001415,MARUTI,Maruti Suzuki,BSE,AUTOMOBILE,09-01-2022,10285.08,10466.37,9804.16,9966.51,10059.53,2830734,2577379.99,28.84,14.65,1.471,0.691,11199.12,8852.21,0.5,SECTORAL_PORTFOLIO,BUY,1265,11353.22,INR
IN002358,HDFCBANK,HDFC Bank,NSE,FINANCE,11-01-2022,1616.46,1666.43,1582.27,1621.25,1579.1,2106278,1237586.95,74.82,1.21,1.239,1.09,1978.86,1329.33,1.2,MIDCAP_PORTFOLIO,BUY,12,1941.98,INR
IN002429,HDFCBANK,HDFC Bank,NSE,FINANCE,11-01-2022,1584.18,1704.18,1550.38,1661.27,1661.63,1594307,798950.83,69.22,8.14,3.037,0.708,1926.79,1268.75,1.2,NIFTY50_PORTFOLIO,BUY,966,1961.56,INR
IN000678,MARUTI,Maruti Suzuki,BSE,AUTOMOBILE,11-01-2022,10336.5,10649,10091.76,10403.68,10285.61,3361562,998431.94,57.61,2.61,0.678,1.458,12102.35,7519.3,0,NIFTY50_PORTFOLIO,BUY,898,7661.43,INR
IN000686,MARUTI,Maruti Suzuki,BSE,AUTOMOBILE,11-01-2022,9543.05,9738.69,9073.31,9108.37,9357.1,3519429,4846804.74,23.89,7.7,0.621,0.954,13661.54,7105.2,1.2,NIFTY50_PORTFOLIO,BUY,1001,10427.6,INR
IN003483,TECHM,Tech Mahindra,NSE,TECHNOLOGY,11-01-2022,1262.01,1275.99,1242.52,1252.63,1281.55,2373696,211530.34,66.53,5.44,2.688,0.819,1741.03,1146.39,0.5,NIFTY50_PORTFOLIO,HOLD,1690,1138.43,INR
IN003736,HINDUNILVR,Hindustan Unilever,NSE,FMCG,12-01-2022,2509.42,2509.42,2343.48,2399.77,2434.79,3677161,1969441.16,66.26,7.75,0.624,0.965,3304.09,1720.58,2.3,SECTORAL_PORTFOLIO,BUY,520,2598.46,INR
IN001216,ICICIBANK,ICICI Bank,NSE,FINANCE,12-01-2022,994.44,1019.32,968.51,1010.6,1050.57,221550,256190.02,72.01,13.42,2.301,1.01,1046.09,819.31,3.5,MIDCAP_PORTFOLIO,SELL,366,1037.13,INR
IN001637,MARUTI,Maruti Suzuki,BSE,AUTOMOBILE,12-01-2022,10234.71,10777.09,10168.84,10698.02,10701.22,684889,6989546.19,79.81,1.45,3.095,0.544,11921.63,8436.18,0.5,NIFTY50_PORTFOLIO,BUY,953,10811.57,INR
IN001666,MARUTI,Maruti Suzuki,BSE,AUTOMOBILE,12-01-2022,9926,10297.63,9880.68,10220.87,10243.18,2581958,1860651.67,15.7,13.64,0.539,1.36,11650.11,7146.36,1.2,SECTORAL_PORTFOLIO,BUY,344,7872.19,INR
IN001677,MARUTI,Maruti Suzuki,BSE,AUTOMOBILE,12-01-2022,9972.52,10644.36,9823.45,10620.88,10329.29,3247174,3778018.91,55.76,3.71,0.408,1.186,12082.15,8374.57,2.3,SECTORAL_PORTFOLIO,HOLD,403,11693.57,INR
IN002785,RELIANCE,Reliance Industries,NSE,ENERGY,12-01-2022,2299.73,2304.82,2138.5,2161.36,2198.21,4673039,792751.45,57.29,11.35,1.717,0.982,2966.56,1601.11,0,MIDCAP_PORTFOLIO,SELL,1949,2682.51,INR
IN002906,RELIANCE,Reliance Industries,NSE,ENERGY,12-01-2022,2160.74,2274.02,2109.76,2269.86,2281.18,3401867,793237.63,38.89,10.09,3.771,0.403,2793.3,1726.14,2.3,MIDCAP_PORTFOLIO,BUY,140,1885.8,INR
IN002922,RELIANCE,Reliance Industries,NSE,ENERGY,12-01-2022,2115.33,2282.55,2069.26,2234.43,2309.44,2931474,549291.4,41.57,5.45,0.925,0.51,2607.53,1951.79,5.1,SECTORAL_PORTFOLIO,SELL,1356,2176.48,INR
IN002926,RELIANCE,Reliance Industries,NSE,ENERGY,12-01-2022,2283.63,2381.71,2233.36,2361.13,2329.6,3410683,129974.79,42.01,14.9,3.175,1.507,2411.4,1860.63,3.5,SECTORAL_PORTFOLIO,BUY,1976,1689.47,INR
IN003002,ULTRACEMCO,UltraTech Cement,BSE,INFRASTRUCTURE,12-01-2022,9324.78,9389.39,8764.87,8828.56,8529.7,3633756,6591081.98,26.35,3.17,1.739,1.26,11656.44,8384.75,3.5,SECTORAL_PORTFOLIO,SELL,1363,7956.73,INR
IN000051,WIPRO,Wipro,BSE,TECHNOLOGY,02-02-2022,500.61,501.31,470.76,478.23,493.59,4532427,306114.06,55.35,6.4,2.782,1.997,611.63,302.48,1.2,MIDCAP_PORTFOLIO,BUY,852,542.11,INR
IN000063,WIPRO,Wipro,BSE,TECHNOLOGY,02-02-2022,486.1,522.6,484.06,507.58,511.47,2287499,354104.12,60.46,11.66,1.269,1.238,624.88,363.13,0.5,MIDCAP_PORTFOLIO,BUY,366,575.91,INR
IN000080,WIPRO,Wipro,BSE,TECHNOLOGY,02-02-2022,495.49,506.19,461.25,495.49,471.93,1104044,218389.62,58.9,6.3,0.27,1.44,622.36,406.93,1.2,SECTORAL_PORTFOLIO,HOLD,420,604.45,INR
IN004240,BHARTIARTL,Bharti Airtel,NSE,TELECOMMUNICATION,03-02-2022,930.81,962.84,918.77,940.8,958.66,513824,307483.4,48.025,4.64,2.294,1.164,1027.84,570.43,5.1,SECTORAL_PORTFOLIO,BUY,711,1032.85,INR
IN002175,ICICIBANK,ICICI Bank,NSE,FINANCE,03-02-2022,973.81,1043.91,972.29,1022.22,984.99,4124975,73738.33,61.63,6.82,3.036,1.17,1127.56,874.28,0,SECTORAL_PORTFOLIO,BUY,1590,1037.86,INR
IN002290,ADANIENT,Adani Enterprises,NSE,CONGLOMERATE,05-02-2022,2805.12,2825.17,2732.01,2808.84,2724,4129185,2553858.76,12.73,4.49,1.803,0.804,3643.49,1843.78,1.2,NIFTY50_PORTFOLIO,BUY,187,2491.88,INR
IN001517,ASIANPAINT,Asian Paints,BSE,CONSUMER GOODS,05-02-2022,2993.61,3145.3,2940.68,3110.57,3228.1,1260907,1804360.08,9.17,8.55,2.585,0.563,3293.72,1886.97,0.5,SECTORAL_PORTFOLIO,SELL,129,2888.33,INR
IN001509,BAJFINANCE,Bajaj Finance,NSE,NBFC,05-02-2022,7112.56,7323.39,7038.38,7091.64,7321.38,75993,1270198.43,44.36,3.21,2.853,1.233,9029.36,4746.53,1.2,SECTORAL_PORTFOLIO,SELL,1975,5584.85,INR
IN001537,BAJFINANCE,Bajaj Finance,NSE,NBFC,05-02-2022,7292.49,7513.46,7188.96,7310.54,7475.32,4040364,5196817.32,45.66,4.13,3.319,1.41,9722.68,5088.35,3.5,NIFTY50_PORTFOLIO,BUY,653,5328.34,INR
IN001545,BAJFINANCE,Bajaj Finance,NSE,NBFC,05-02-2022,7167.36,7405.25,7029.39,7167.36,7460.93,4216196,3819435.77,54.88,7.81,0.762,1.977,7714.82,5226.39,0.5,MIDCAP_PORTFOLIO,BUY,1833,5266.26,INR
IN001569,BAJFINANCE,Bajaj Finance,NSE,NBFC,05-02-2022,7282.89,7531.63,7250.18,7316.94,7537.17,1101048,1534455.91,60.32,12.23,3.023,1.275,8652.07,5528.35,2.3,MIDCAP_PORTFOLIO,HOLD,1849,7787.24,INR
IN003259,BHARTIARTL,Bharti Airtel,NSE,TELECOMMUNICATION,05-02-2022,918.21,998.67,897.47,918.21,1009.98,4040802,490629.02,42.38,6.71,3.704,1.719,1047.49,822.37,0.5,SECTORAL_PORTFOLIO,BUY,331,901.86,INR
IN003293,BHARTIARTL,Bharti Airtel,NSE,TELECOMMUNICATION,05-02-2022,902.19,976.8185592,896.96,896.96,913.17,4584823,195872.72,48.025,13.86,3.523,0.625,1208.39,731.41,0.5,MIDCAP_PORTFOLIO,SELL,1475,862.59,INR
IN003359,LT,Larsen & Toubro,NSE,INFRASTRUCTURE,05-02-2022,3100.78,3115.24,2859.6,2931.89,2890.98,2675487,3014402.74,33.35,9.73,1.905,0.671,4350.96,2638.65,1.2,NIFTY50_PORTFOLIO,HOLD,586,2601.78,INR
IN003458,LT,Larsen & Toubro,NSE,INFRASTRUCTURE,05-02-2022,3294.71,3368.71,3095.33,3163.61,3146.6,4126064,2970065.94,73.43,6.99,1.441,1.647,4420.8,2178.79,3.5,SECTORAL_PORTFOLIO,BUY,530,2444.2,INR
IN001579,TITAN,Titan Company,BSE,CONSUMER GOODS,05-02-2022,3353.51,3392.3,3086.45,3163.62,3047.17,1715222,927456.49,9.43,5.97,0.991,0.775,4559.82,2966.48,5.1,NIFTY50_PORTFOLIO,BUY,363,3960.64,INR
IN001596,TITAN,Titan Company,BSE,CONSUMER GOODS,05-02-2022,3237.06,3514.59,3212.49,3237.06,3515.26,4523234,2725925.03,66.32,7.88,3.736,1.16,4292.75,2203.59,1.2,NIFTY50_PORTFOLIO,BUY,137,3871.05,INR
IN001620,TITAN,Titan Company,BSE,CONSUMER GOODS,05-02-2022,3431.36,3667.25,3396.4,3614.95,3480.52,2389908.5,640914.55,32.12,6.84,3.537,0.947,3701.2,2205.75,2.3,MIDCAP_PORTFOLIO,HOLD,1781,3422.47,INR
IN003367,HDFCBANK,HDFC Bank,NSE,FINANCE,06-02-2022,1547.11,1554.73,1492.97,1518.16,1566.43,2155570,798950.83,34.49,10.02,1.236,0.415,1869.48,1031.25,1.2,SECTORAL_PORTFOLIO,BUY,1550,1525.75,INR
IN002100,HINDUNILVR,Hindustan Unilever,NSE,FMCG,06-02-2022,2621.67,2664.73,2401.52,2439.47,2399.41,2633250,867441.88,78.57,13.41,2.026,1.255,3331.02,1699.87,0.5,MIDCAP_PORTFOLIO,HOLD,719,2566.2,INR
IN002112,HINDUNILVR,Hindustan Unilever,NSE,FMCG,06-02-2022,2440.68,2468.57,2247.49,2297.28,2377.52,1243678,1398609.34,44.16,8.38,1.159,1.28,2297.28,1996.46,5.1,SECTORAL_PORTFOLIO,HOLD,1617,2220.21,INR
IN003113,ASIANPAINT,Asian Paints,BSE,CONSUMER GOODS,08-02-2022,2875.31,2932.77,2832.14,2931.64,2917.72,621631,2998465.31,30.64,8.3,1.185,0.701,3353.29,2638.92,2.3,MIDCAP_PORTFOLIO,SELL,930,2495.7,INR
IN003140,ASIANPAINT,Asian Paints,BSE,CONSUMER GOODS,08-02-2022,3110.46,3153.96,2915.46,2942.99,2847.41,1869893,2223638.28,16.46,4.99,2.443,0.574,3730.42,2824.96,3.5,MIDCAP_PORTFOLIO,BUY,190,2373.28,INR
IN003157,ASIANPAINT,Asian Paints,BSE,CONSUMER GOODS,08-02-2022,3012.48,3044.89,2841.02,2882.74,2929.48,1479959,2999045.24,64.11,3.57,3.386,1.615,3301.62,2070.17,2.3,NIFTY50_PORTFOLIO,HOLD,785,3096.03,INR
IN004790,HINDUNILVR,Hindustan Unilever,NSE,FMCG,08-02-2022,2531.85,2603,2352.9,2531.85,2428.52,1895594,1527301.3,21.43,5.36,3.266,1.492,3356.6,2216.99,0.5,SECTORAL_PORTFOLIO,BUY,1715,1886.91,INR
IN004827,HINDUNILVR,Hindustan Unilever,NSE,FMCG,08-02-2022,2573.47,2604.98,2481.62,2501.2,2587.51,2935359,1736211.02,75.91,5,3.896,1.28,3326.06,1789.05,0.5,SECTORAL_PORTFOLIO,HOLD,1525,1923.8,INR
IN004829,HINDUNILVR,Hindustan Unilever,NSE,FMCG,08-02-2022,2587.75,2590.54,2449.19,2500.94,2453.66,1488045,1525400.18,26.55,6.33,1.157,1.942,2986.29,1722.44,3.5,SECTORAL_PORTFOLIO,BUY,1822,2811.78,INR
IN004880,HINDUNILVR,Hindustan Unilever,NSE,FMCG,08-02-2022,2507.62,2576.2,2400.22,2457.85,2381.73,3035716,1276911.85,52.35,13.05,2.016,0.736,2724.8,1895.74,1.2,SECTORAL_PORTFOLIO,BUY,1067,2188,INR
IN004888,HINDUNILVR,Hindustan Unilever,NSE,FMCG,08-02-2022,2408.62,2587.61,2352.58,2513.09,2502.27,3868327,916632.78,35.41,9.27,3.697,0.598,3353.23,1674.96,3.5,MIDCAP_PORTFOLIO,BUY,1992,2100.04,INR
IN004899,HINDUNILVR,Hindustan Unilever,NSE,FMCG,08-02-2022,2602.66,2690.42,2532.08,2626.55,2523.15,1653835,414533.21,39.74,1.14,2.58,1.995,3188.39,2094.05,0.5,NIFTY50_PORTFOLIO,BUY,146,2618.38,INR
IN004913,HINDUNILVR,Hindustan Unilever,NSE,FMCG,08-02-2022,2523.74,2653.1,2488.64,2589.05,2659.53,2724752,1552080.97,68.81,11.34,2.928,0.66,2986.32,2248.51,0.5,MIDCAP_PORTFOLIO,BUY,722,2500.82,INR
IN001853,MARUTI,Maruti Suzuki,BSE,AUTOMOBILE,08-02-2022,9636.85,10242.56,9572.22,10196.42,10139.64,2294155,9986155.16,38.77,14.9,3.237,1.806,11738.98,8565.82,3.5,MIDCAP_PORTFOLIO,HOLD,87,8231.58,INR
IN001966,TCS,Tata Consultancy Services,NSE,TECHNOLOGY,08-02-2022,3608,3660.22,3410.98,3470.35,3507.35,3296458,2311637.46,46.43,7.28,2.686,0.82,3950.91,3063.72,2.3,MIDCAP_PORTFOLIO,HOLD,1819,3770.94,INR
IN001652,TITAN,Titan Company,BSE,CONSUMER GOODS,08-02-2022,3410.58,3453.28,3292.51,3332.26,3378.74,853811,669381.53,70.92,12.82,2.411,1.068,3970.09,2322.11,0.5,MIDCAP_PORTFOLIO,BUY,577,4158.99,INR
IN001484,HCLTECH,HCL Technologies,NSE,TECHNOLOGY,09-02-2022,1433.42,1474.61,1387.47,1388.23,1406.64,2776517,847567.58,16.87,11.32,3.61,1.221,1822.03,1170.08,0,MIDCAP_PORTFOLIO,BUY,519,1253.03,INR
IN001542,HCLTECH,HCL Technologies,NSE,TECHNOLOGY,09-02-2022,1518.7,1593.22,1511.77,1548.98,1524.23,2278872,238143.95,27.22,8.51,0.758,1.82,1911.52,1145.93,2.3,NIFTY50_PORTFOLIO,SELL,895,1855.61,INR
IN001655,INFY,Infosys,NSE,TECHNOLOGY,09-02-2022,1529.48,1547.4,1482.89,1500.89,1442.29,3809432,868002.49,22.04,8.93,3.973,1.997,2012.3,1180.2,1.2,SECTORAL_PORTFOLIO,BUY,541,1859.51,INR
IN000505,ONGC,Oil & Natural Gas Corp,NSE,ENERGY,09-02-2022,284.99,285.24,277.22,285.23,287.91,4629483,173543.11,40.515,9.29,2.973,1.122,360.49,249.52,5.1,NIFTY50_PORTFOLIO,BUY,182,230.27,INR
IN000683,SBIN,State Bank of India,NSE,FINANCE,09-02-2022,587.14,587.45,566.15,578.86,589.29,2279235,584838.45,76.48,8.42,3.004,0.513,652.01,483.04,1.2,NIFTY50_PORTFOLIO,SELL,318,518.76,INR
IN000814,SBIN,State Bank of India,NSE,FINANCE,09-02-2022,576.67,603.78,562.2,591.52,577.5,2957700,129870.78,22.45,2.94,2.912,1.859,771.93,462.72,0.5,MIDCAP_PORTFOLIO,SELL,1178,620.18,INR
IN000837,SBIN,State Bank of India,NSE,FMCG,09-02-2022,616.08,631.48,596,609.6,633.84,2294888,88405.46,18.15,3.91,3.415,0.572,798.42,474.43,2.3,MIDCAP_PORTFOLIO,BUY,638,520.62,INR
IN000941,SBIN,State Bank of India,NSE,FINANCE,09-02-2022,623.66,625.5,622.51,624.37,620.77,3735376,539671.84,26.81,2.16,3.287,0.43,715.71,456.27,0,NIFTY50_PORTFOLIO,BUY,573,618.68,INR
IN003476,SUNPHARMA,Sun Pharmaceutical,BSE,PHARMACEUTICALS,09-02-2022,1230.28,1266.61,1164.94,1178.33,1193.29,2616174,80920.71,77.38,10.49,3.706,0.988,1672.93,735.02,0,SECTORAL_PORTFOLIO,HOLD,1411,1264.25,INR
IN000111,TITAN,Titan Company,BSE,CONSUMER GOODS,09-02-2022,3356.9,3369.6,3125.74,3158.89,3173.37,2389908.5,1708676.36,20.63,5.67,2.511,1.16,4465.54,2126.79,0.5,MIDCAP_PORTFOLIO,BUY,164,4029,INR
IN000154,TITAN,Titan Company,BSE,CONSUMER GOODS,09-02-2022,3555.89,3830.89,3500.59,3804.66,3852.16,4878384,3202815.93,23.12,4.02,3.666,1.95,4114.47,2591.19,0.5,MIDCAP_PORTFOLIO,BUY,1474,4249.58,INR
IN000204,TITAN,Titan Company,BSE,CONSUMER GOODS,09-02-2022,3333.37,3439.7,3319.07,3344.24,3386.42,1983546,1005154.72,75.96,2.77,3.755,0.656,4561.7,2232.75,0.5,NIFTY50_PORTFOLIO,HOLD,886,3838.35,INR
IN000205,TITAN,Titan Company,BSE,CONSUMER GOODS,09-02-2022,3338.16,3401.98,3225.37,3338.16,3388.78,3947034,1066535.86,52.54,7.88,3.645,1.686,3751.51,2591.89,2.3,NIFTY50_PORTFOLIO,HOLD,934,3315.61,INR
IN003945,BAJFINANCE,Bajaj Finance,NSE,NBFC,11-02-2022,7108.94,7230.74,6958.4,7032.64,6766.03,2800015,1032468.39,38.63,6.96,0.962,1.246,7868.65,4860.7,0.5,NIFTY50_PORTFOLIO,BUY,1247,8333.93,INR
IN000046,BHARTIARTL,Bharti Airtel,NSE,TELECOMMUNICATION,11-02-2022,917.7,973.58,910.07,945.47,923.63,2586986,819991.01,75.05,8.08,1.08,1.665,1237.95,795.18,2.3,SECTORAL_PORTFOLIO,BUY,225,913.35,INR
IN000053,BHARTIARTL,Bharti Airtel,NSE,TELECOMMUNICATION,11-02-2022,923.83,927.4,893.95,901.54,876.71,2586986,374561.04,23.32,14.85,1.781,1.501,956.38,843.1,5.1,MIDCAP_PORTFOLIO,HOLD,1298,858.91,INR
IN000097,BHARTIARTL,Bharti Airtel,NSE,TELECOMMUNICATION,11-02-2022,858.86,881.6,811.56,827.63,840.06,1652595,503292.33,66.32,7.1,0.974,0.738,1067.68,827.63,1.2,NIFTY50_PORTFOLIO,HOLD,351,1097.37,INR
IN000103,BHARTIARTL,Bharti Airtel,NSE,TELECOMMUNICATION,11-02-2022,888.7,925.79,881.74,925.23,937.15,1946020,482039.49,44.47,5.2,0.002,1.471,1042.63,756.11,0.5,SECTORAL_PORTFOLIO,BUY,305,970.67,INR
IN000119,BHARTIARTL,Bharti Airtel,NSE,TELECOMMUNICATION,11-02-2022,901.9,910.8,858.58,865.4,842.48,3317832,133957.14,39.6,10.47,0.32,1.43,971.82,580.89,2.3,SECTORAL_PORTFOLIO,BUY,160,684.49,INR
IN004028,HCLTECH,HCL Technologies,NSE,TECHNOLOGY,11-02-2022,1558.14,1562.48,1453.3,1463.81,1514.18,2050835,847567.58,43.56,8.71,3.923,1.221,1868.02,948.19,5.1,MIDCAP_PORTFOLIO,SELL,945,1824.09,INR
IN003914,HDFCBANK,HDFC Bank,NSE,FINANCE,11-02-2022,1538.12,1625.27,1518.98,1619.44,1607.68,1158851,961045.25,9.35,9.54,2.574,1.16,1859.89,1013,0.5,NIFTY50_PORTFOLIO,BUY,962,1923.55,INR
IN003924,HDFCBANK,HDFC Bank,NSE,FINANCE,11-02-2022,1640.37,1751.94,1604.66,1708.26,1679.27,3467840,1384758.77,41.99,12.26,2.113,1.47,2103.4,962.8,5.1,MIDCAP_PORTFOLIO,SELL,832,1756.22,INR
IN003928,HDFCBANK,HDFC Bank,NSE,FINANCE,11-02-2022,1642.23,1740.07,1610.24,1729.31,1674.32,2613238,1022605.37,30.03,7.22,3.367,0.54,2153.91,1074.03,5.1,MIDCAP_PORTFOLIO,SELL,1758,1691.87,INR
IN000508,ICICIBANK,ICICI Bank,NSE,FINANCE,12-02-2022,943.89,985.08,942.66,975.96,1009.78,1399449,934817.66,44.145,13.66,2.534,0.543,1279.24,742.6,0.5,SECTORAL_PORTFOLIO,BUY,1805,865.26,INR
IN000516,ICICIBANK,ICICI Bank,NSE,FINANCE,12-02-2022,953.9,1006.07,947.6,980.71,965.15,380349,178855.96,62.59,7.5,1.384,0.842,1064.59,707.72,1.2,NIFTY50_PORTFOLIO,BUY,286,781.3,INR
IN000534,ICICIBANK,ICICI Bank,NSE,FINANCE,12-02-2022,919.33,937.44,877.78,891.99,904.17,3188550,385238.24,12.2,1.14,2.301,0.418,1095.7,827.21,2.3,NIFTY50_PORTFOLIO,SELL,894,805.57,INR
IN001839,LT,Larsen & Toubro,NSE,FMCG,12-02-2022,3047.92,3110.95,3021.1,3047.92,2974.67,4175630,1894426.37,16.04,10.61,0.01,0.857,4085.42,2245.74,0,SECTORAL_PORTFOLIO,SELL,1892,2593.11,INR
IN001845,LT,Larsen & Toubro,NSE,INFRASTRUCTURE,12-02-2022,3300.21,3543.79,3274.5,3478.03,3549.18,2756241,994969.43,55.66,14.04,3.133,1.652,3728.42,2978.33,5.1,MIDCAP_PORTFOLIO,BUY,657,3063.65,INR
IN001858,LT,Larsen & Toubro,NSE,INFRASTRUCTURE,12-02-2022,3271.9,3384.27,3185.11,3364.79,3350.2,4649112,2848070.83,59.97,8.29,1.208,1.678,3676.02,2815.31,3.5,SECTORAL_PORTFOLIO,HOLD,1008,3483.32,INR
IN002106,NTPC,NTPC Limited,NSE,UTILITIES,12-02-2022,365.59,388.94,360.14,365.59,392.74,2965427,342356.29,10.78,10.38,1.322,1.236,384.57,276.29,3.5,MIDCAP_PORTFOLIO,BUY,276,263.63,INR
IN002380,NTPC,NTPC Limited,NSE,UTILITIES,12-02-2022,362.54,368.02,336.61,345.34,332.01,4285412,233147.36,66.29,5.02,1.758,1.654,405.94,292.03,5.1,NIFTY50_PORTFOLIO,HOLD,1644,351.17,INR
IN000722,ONGC,Oil & Natural Gas Corp,NSE,ENERGY,12-02-2022,278.87,292.97,271.66,292.43,298.56,2972378,163380.64,63.34,5.57,1.431,1.101,297.86,194.56,5.1,NIFTY50_PORTFOLIO,BUY,1974,237.18,INR
IN003660,SBIN,State Bank of India,NSE,FINANCE,12-02-2022,612.91,631.16,600.87,621.66,635.14,3109604,368502.84,36.02,1.47,1.885,0.98,779.66,465.41,0,NIFTY50_PORTFOLIO,HOLD,1011,531,INR
IN003715,SBIN,State Bank of India,NSE,FINANCE,12-02-2022,621.96,653.39,621.14,638.18,621.63,3147471,596083.48,71.21,12.15,0.725,1.1655,638.44,513.84,5.1,SECTORAL_PORTFOLIO,BUY,1527,653.76,INR
IN003719,SBIN,State Bank of India,NSE,FINANCE,12-02-2022,602.97,632.49,599.28,623,608.44,2325579,169228.07,49.88,8.26,2.808,0.497,643.66,420.1,0.5,SECTORAL_PORTFOLIO,SELL,1567,660.14,INR
IN003809,SBIN,State Bank of India,NSE,FINANCE,12-02-2022,571.26,582.05,547.2,552.34,563.98,3389607,519211.67,14.52,1.53,1.061,0.534,773.61,363.39,2.3,NIFTY50_PORTFOLIO,BUY,993,587.03,INR
IN003830,SBIN,State Bank of India,NSE,FINANCE,12-02-2022,625.02,629.51,605.98,606.86,593.12,2025158,520147.1,60.51,3.58,0.887,0.594,653.71,435.01,0.5,SECTORAL_PORTFOLIO,SELL,1086,511.05,INR
IN003850,SBIN,State Bank of India,NSE,FINANCE,12-02-2022,623.27,633.86,604.88,614.86,629.74,3818389,179410.74,68.57,2.63,3.489,1.487,720.74,555.56,1.2,NIFTY50_PORTFOLIO,BUY,1427,603.46,INR
IN003888,SBIN,State Bank of India,NSE,FINANCE,12-02-2022,572.59,601.31,559.9,591.87,575.25,1596777,104839.4,56.83,11.77,2.672,0.435,677,518.61,0.5,NIFTY50_PORTFOLIO,BUY,10,553.94,INR
IN003934,SBIN,State Bank of India,NSE,FINANCE,12-02-2022,616.46,631.81,577.16,582.01,572.06,3932322,87461.94,74.22,10.75,3.324,1.1655,695.3,372.24,0.5,MIDCAP_PORTFOLIO,BUY,1937,731.12,INR
IN003935,SBIN,State Bank of India,NSE,FINANCE,12-02-2022,609.37,633.59,604.15,616.82,621.39,3614950,521238.03,73.61,10.38,1.869,1.753,682.27,455.31,3.5,SECTORAL_PORTFOLIO,SELL,490,561.7,INR
IN003987,SBIN,State Bank of India,NSE,FINANCE,12-02-2022,615.45,620.86,566.39,576.96,581.19,1212442,260784.54,45.29,13.2,2.561,1.697,748.98,428.24,5.1,SECTORAL_PORTFOLIO,BUY,886,455.6,INR
IN000815,TCS,Tata Consultancy Services,NSE,TECHNOLOGY,12-02-2022,3551.84,3762.22,3523.82,3698.43,3674.71,3463758,1263125.11,38.92,4.22,0.856,0.79,4671.86,2721.33,5.1,NIFTY50_PORTFOLIO,SELL,1519,2964,INR
IN000834,TCS,Tata Consultancy Services,NSE,TECHNOLOGY,12-02-2022,3502.48,3790.53,3497.04,3740.12,3652.59,1553446,1933928.45,34.52,6.91,1.951,0.444,3799.82,3058.14,3.5,SECTORAL_PORTFOLIO,HOLD,1026,3691.42,INR
IN000839,TCS,Tata Consultancy Services,NSE,TECHNOLOGY,12-02-2022,3481.25,3571.77,3440.28,3481.25,3442.66,3502209,391537.62,8.34,4.12,0.346,1.999,4664.87,3282.26,2.3,NIFTY50_PORTFOLIO,SELL,1290,3356.92,INR
IN000842,TCS,Tata Consultancy Services,NSE,TECHNOLOGY,12-02-2022,3500.25,3566.88,3464.29,3500.25,3605.73,101111,473864.83,61.43,1.59,2.342,1.201,3719.89,2136.96,3.5,NIFTY50_PORTFOLIO,BUY,598,3502.48,INR
IN000846,TCS,Tata Consultancy Services,NSE,TECHNOLOGY,12-02-2022,3422.63,3456.55,3165.83,3236.52,3318.82,4639573,2305812.99,13.06,1.43,0.634,0.77,4409.43,2767.14,2.3,SECTORAL_PORTFOLIO,BUY,1831,4204.24,INR
IN000867,TCS,Tata Consultancy Services,NSE,TECHNOLOGY,12-02-2022,3655.37,3721.97,3360.17,3454.19,3532.88,2600662,3395757,43.14,3.68,1.506,0.579,4247.75,3165.41,5.1,SECTORAL_PORTFOLIO,BUY,394,2849.35,INR
IN004853,BAJFINANCE,Bajaj Finance,NSE,NBFC,01-03-2022,6879.44,7096.77,6767.44,6879.44,6941.31,3370745,5193384.14,23.19,11.74,1.856,1.224,9566.98,5381.72,3.5,NIFTY50_PORTFOLIO,SELL,1826,7632.63,INR
IN004868,BAJFINANCE,Bajaj Finance,NSE,NBFC,01-03-2022,6881.85,7067.82,6438.76,6497,6502.82,255257,5973144.6,16.69,4.83,1.856,0.957,7553.84,6042.63,3.5,NIFTY50_PORTFOLIO,BUY,435,8149.18,INR
IN004893,BAJFINANCE,Bajaj Finance,NSE,NBFC,01-03-2022,6729.42,6855.444604,6307.43,6307.43,6345.05,2422908,3156493.04,23.24,13.24,0.329,1.743,9155.82,6018.87,3.5,MIDCAP_PORTFOLIO,SELL,377,6111.53,INR
IN004914,BAJFINANCE,Bajaj Finance,NSE,NBFC,01-03-2022,7205.73,7659.98,7107.55,7641.98,7387.39,4934978,4644722.9,44.36,9.72,2.575,1.389,8292.75,5605.59,0.5,NIFTY50_PORTFOLIO,BUY,215,5417.54,INR
IN003912,HCLTECH,HCL Technologies,NSE,TECHNOLOGY,02-03-2022,1426.62,1438.52,1374.91,1411.55,1437.84,2180588,311354.14,55.33,2.12,3.42,1.677,1982.79,980.61,0.5,NIFTY50_PORTFOLIO,BUY,929,1809.33,INR
IN000555,NESTLEIND,Nestle India,BSE,FMCG,02-03-2022,21281.35,21775.82,19971.95,20130.01,20797.14,3976996,10759084.95,78.13,7.84,0.046,1.569,25617.95,15528.2,2.3,MIDCAP_PORTFOLIO,HOLD,1651,16839.84,INR
IN000599,NESTLEIND,Nestle India,BSE,FMCG,02-03-2022,20969.91,21965.5,20889.43,21712.13,21059.17,2583569,20799291.94,23.6,13.72,3.999,1.596,30416.92,18081.49,2.3,MIDCAP_PORTFOLIO,HOLD,1121,22407.82,INR
IN000604,NESTLEIND,Nestle India,BSE,FMCG,02-03-2022,20959.95,21624.55,20355.02,21448.86,21491.06,755862,10759084.95,79.94,2.02,1.476,1.2725,24080.44,16578.5,2.3,NIFTY50_PORTFOLIO,BUY,1821,25124.04,INR
IN000610,NESTLEIND,Nestle India,BSE,FMCG,02-03-2022,22415.28,22964.99,20752.31,21117.49,21560.17,4632815,10316207.08,13.62,5.73,1.082,0.957,25103.75,20218.69,0.5,NIFTY50_PORTFOLIO,BUY,1902,22762.58,INR
IN002376,NTPC,NTPC Limited,NSE,UTILITIES,02-03-2022,335.9,358.69,332.78,354.45,349.05,1178278,180177.7,34.27,10.55,2.035,1.958,411.23,288.98,0,NIFTY50_PORTFOLIO,BUY,498,349.44,INR
IN001029,ADANIENT,Adani Enterprises,NSE,CONGLOMERATE,03-03-2022,2865.07,3052.66,2862.95,2984.41,3040.23,4284430,1175547.14,60.44,13.57,0.287,0.986,3121.99,2176.51,2.3,MIDCAP_PORTFOLIO,BUY,1734,2362.1,INR
IN004848,BHARTIARTL,Bharti Airtel,NSE,TELECOMMUNICATION,03-03-2022,913.72,936.73,845.22,867.71,867.03,2586986,582894.34,72.35,6.25,1.627,1.815,998.4,553.11,2.3,MIDCAP_PORTFOLIO,BUY,1174,849.39,INR
IN004898,BHARTIARTL,Bharti Airtel,NSE,TELECOMMUNICATION,03-03-2022,940.9,966.25,903.47,924.43,933.37,3977787,388946.41,76.91,13.54,2.056,1.711,1038.47,710.58,3.5,SECTORAL_PORTFOLIO,BUY,931,974.82,INR
IN004907,BHARTIARTL,Bharti Airtel,NSE,TELECOMMUNICATION,03-03-2022,856.63,879.49,799.68,807.19,833.9,2586986,503292.33,11.14,10.41,1.782,1.382,1240.29,777.7,5.1,SECTORAL_PORTFOLIO,HOLD,1342,1063.41,INR
IN004986,BHARTIARTL,Bharti Airtel,NSE,TELECOMMUNICATION,03-03-2022,917.57,922.1,893.84,900.28,922.73,4318531,521714.91,48.025,8.58,0.103,0.478,1181.47,563.86,0.5,NIFTY50_PORTFOLIO,BUY,423,870.63,INR
IN004993,BHARTIARTL,Bharti Airtel,NSE,TELECOMMUNICATION,03-03-2022,906.03,964.08,881.96,936.8,926.85,4894242,354568.34,29.52,12.17,2.056,1.858,1145.03,599.77,2.3,NIFTY50_PORTFOLIO,HOLD,1284,738.34,INR
IN004186,HCLTECH,HCL Technologies,NSE,TECHNOLOGY,03-03-2022,1452.48,1454.16,1342.55,1375.2,1351.45,1410308,1127968.75,43.25,14.55,3.142,0.599,1771,1104.44,3.5,SECTORAL_PORTFOLIO,SELL,1996,1766.22,INR
IN002020,MARUTI,Maruti Suzuki,BSE,AUTOMOBILE,03-03-2022,10365.57,10426.7,10218.88,10365.57,10241.04,3797581,6094147.09,55.71,5.06,0.992,1.218,12639.24,7693.67,5.1,SECTORAL_PORTFOLIO,HOLD,1231,10534.14,INR
IN002022,MARUTI,Maruti Suzuki,BSE,AUTOMOBILE,03-03-2022,10174.04,10331.05,10120.3,10326.77,10484.6,2638956,8027050.87,70.39,14.51,1.725,0.675,11437.62,8390.01,2.3,NIFTY50_PORTFOLIO,BUY,1423,11323.11,INR
IN002028,MARUTI,Maruti Suzuki,BSE,AUTOMOBILE,03-03-2022,10085.3,10387.31,9828.45,10085.3,10286.11,4683740,2363090.53,19.59,11.66,0.483,1.013,12979.98,7088.52,1.2,MIDCAP_PORTFOLIO,BUY,1236,10981.84,INR
IN002081,MARUTI,Maruti Suzuki,BSE,AUTOMOBILE,03-03-2022,10205.62,10328.61,9475.8,9725.59,9870.49,1279620,1992829.27,32.91,11.66,2.073,0.757,11899.56,6608.36,0,SECTORAL_PORTFOLIO,BUY,1980,8188.68,INR
IN002101,MARUTI,Maruti Suzuki,BSE,AUTOMOBILE,03-03-2022,9750.87,9852.82,9129.23,9131.84,8900.04,3878314,6340792.82,41.06,12.01,1.866,1.054,13064.19,7697.13,0,MIDCAP_PORTFOLIO,BUY,300,9651.37,INR
IN002125,MARUTI,Maruti Suzuki,BSE,AUTOMOBILE,03-03-2022,9574.33,9912.81,9541.76,9726.39,9402.43,1532338,1392327.64,41.06,8.08,1.521,1.797,13442.85,8038.4,0,SECTORAL_PORTFOLIO,BUY,1858,8868.53,INR
IN003979,SUNPHARMA,Sun Pharmaceutical,BSE,PHARMACEUTICALS,03-03-2022,1197.36,1286.58,1193.92,1251.52,1279.38,1025098,983830.46,53.86,5,0.051,1.544,1269.54,980.74,1.2,SECTORAL_PORTFOLIO,BUY,810,1115.3,INR
IN002606,TECHM,Tech Mahindra,NSE,TECHNOLOGY,03-03-2022,1252.91,1265.85,1190.95,1227.72,1251.87,2395139,364084.3,15.27,7.7,1.289,1.489,1367.04,993.69,5.1,NIFTY50_PORTFOLIO,BUY,215,1502.95,INR
IN002635,TECHM,Tech Mahindra,NSE,TECHNOLOGY,03-03-2022,1255.07,1263.25,1208.2,1237.8,1272.73,2646016,440261.55,44.36,5.05,0.989,1.488,1772.71,849.12,0.5,NIFTY50_PORTFOLIO,BUY,1300,1110.84,INR
IN002638,TECHM,Tech Mahindra,NSE,TECHNOLOGY,03-03-2022,1318.68,1341.43,1303.85,1327.92,1359.69,3118127,203163.13,47.37,10.25,1.485,0.581,1799.08,1232.79,5.1,MIDCAP_PORTFOLIO,BUY,579,1168.3,INR
IN002671,TECHM,Tech Mahindra,NSE,TECHNOLOGY,03-03-2022,1238.79,1323.19,1215.19,1296.64,1329.94,1810205,979336.76,25.18,1.05,0.468,1.301,1666.57,784.32,0,NIFTY50_PORTFOLIO,BUY,360,1205.73,INR
IN002704,TECHM,Tech Mahindra,NSE,TECHNOLOGY,03-03-2022,1295.88,1333.08,1207.41,1237.83,1206.43,4266377,783525.4,18.14,7.85,2.089,1.522,1445.67,996.77,0.5,NIFTY50_PORTFOLIO,BUY,756,1284.67,INR
IN000084,WIPRO,Wipro,BSE,TECHNOLOGY,03-03-2022,485.4,491.87,467.94,481.81,485.7,4834292,255127.93,79.76,1.83,0.261,1.545,639.82,417.89,0.5,NIFTY50_PORTFOLIO,HOLD,874,466.64,INR
IN001097,HCLTECH,HCL Technologies,NSE,TECHNOLOGY,05-03-2022,1495.49,1514.84,1430.58,1462.13,1416.84,4966919,967661.17,70.42,12,3.856,0.62,1783.54,1188.78,0,NIFTY50_PORTFOLIO,SELL,586,1135.83,INR
IN001160,HCLTECH,HCL Technologies,NSE,TECHNOLOGY,05-03-2022,1481.07,1555.78,1448.71,1543.83,1554.91,2072479,1452925.24,57.57,9.01,3.491,0.527,2055.07,1225.65,1.2,SECTORAL_PORTFOLIO,BUY,1635,1602.13,INR
IN003423,HINDUNILVR,Hindustan Unilever,NSE,TECHNOLOGY,05-03-2022,2560.82,2583.34,2514.51,2542.9,2463.27,667292,2461821.13,70.37,6.9,0.267,0.53,2705.63,1975.24,1.2,SECTORAL_PORTFOLIO,BUY,1450,2581.47,INR
IN003447,HINDUNILVR,Hindustan Unilever,NSE,FMCG,05-03-2022,2477.19,2673.26,2446.24,2633.65,2537.35,4071235,1315163.33,56.68,13.11,0.097,0.726,3338.44,2306.5,0,SECTORAL_PORTFOLIO,BUY,537,2608.81,INR
IN003760,KOTAKBANK,Kotak Mahindra Bank,NSE,FINANCE,05-03-2022,1834.43,1885.19,1828.35,1846.38,1865.17,4809622,541270.48,40.64,8.16,0.62,1.484,2426.59,1584.06,3.5,NIFTY50_PORTFOLIO,BUY,890,1757.34,INR
IN003042,LT,Larsen & Toubro,NSE,INFRASTRUCTURE,05-03-2022,3043.38,3121.25,2930.78,2978.65,2973.51,1794501,334525.56,78.57,8.51,3.33,0.653,3385.16,2749.81,1.2,NIFTY50_PORTFOLIO,HOLD,18,2790.04,INR
IN003042,LT,Larsen & Toubro,NSE,INFRASTRUCTURE,05-03-2022,3043.38,3121.25,2930.78,2978.65,2973.51,1794501,334525.56,78.57,8.51,3.33,0.653,3385.16,2749.81,1.2,NIFTY50_PORTFOLIO,BUY,18,2790.04,INR
IN003053,LT,Larsen & Toubro,NSE,INFRASTRUCTURE,05-03-2022,3357.04,3432.46,3289.24,3309.96,3281.18,1078780,2964242.85,31.33,9.57,1.536,1.692,4431.8,2909.03,0,NIFTY50_PORTFOLIO,HOLD,870,3527.46,INR
IN000254,NESTLEIND,Nestle India,BSE,FMCG,05-03-2022,21053.56,22157.97,20860.25,21769.5,21133.47,4378439,21534764.56,23.42,6.01,2.102,1.955,25341.84,15798.99,1.2,MIDCAP_PORTFOLIO,HOLD,1221,22418.05,INR
IN000288,NESTLEIND,Nestle India,BSE,FMCG,05-03-2022,22419.5,24189.28,21883.66,23572.91,22727.83,2847264,5495770.56,65.36,11.67,3.153,1.72,29369.47,18172.48,5.1,MIDCAP_PORTFOLIO,BUY,1708,22921.99,INR
IN000335,NESTLEIND,Nestle India,BSE,FMCG,05-03-2022,21274.25,22396.92,21212.26,22218.28,23075.15,658492,19788485.69,48.57,4.04,1.532,0.533,28525.66,18194.41,3.5,NIFTY50_PORTFOLIO,HOLD,1146,27420.6,INR
IN000343,NESTLEIND,Nestle India,BSE,FMCG,05-03-2022,22454.69,23060.89,20695.15,21246.01,21077.11,1828467,19957238.84,48.44,6.56,0.6,1.948,27030.21,14113.42,0.5,NIFTY50_PORTFOLIO,BUY,1717,19359.63,INR
IN000353,NESTLEIND,Nestle India,BSE,FMCG,05-03-2022,21871.84,21893.89,20648.75,21127.73,20785.31,2586599,9405911.08,75.15,13.36,2.807,1.848,27970.61,15527.57,2.3,MIDCAP_PORTFOLIO,SELL,500,17602.97,INR
IN002868,SBIN,State Bank of India,NSE,FINANCE,05-03-2022,596.84,612.63,586.16,596.84,612.32,4272673,536713.6,56.18,7.8,3.444,1.1655,719.34,555.43,1.2,SECTORAL_PORTFOLIO,BUY,1193,704.03,INR
IN002881,SBIN,State Bank of India,NSE,FINANCE,05-03-2022,613.86,646.24,595.85,637.02,660.29,3109604,357960.74,51.85,9.59,0.781,1.774,830.67,535.56,5.1,NIFTY50_PORTFOLIO,BUY,1922,697.46,INR
IN002912,SBIN,State Bank of India,NSE,FINANCE,05-03-2022,572.28,611.72,565.72,607.18,590.75,4487166,36038.27,75.39,8.26,0.869,1.25,708.59,530.5,1.2,NIFTY50_PORTFOLIO,HOLD,970,744.98,INR
IN003743,ASIANPAINT,Asian Paints,BSE,CONSUMER GOODS,06-03-2022,3142.01,3232.77,2975.2,2981.95,2909.21,3576032,2967941.08,58.9,10.66,1.413,0.993,3940.63,1810.17,1.2,SECTORAL_PORTFOLIO,SELL,1698,2703.04,INR
IN003805,ASIANPAINT,Asian Paints,BSE,CONSUMER GOODS,06-03-2022,2854.65,3064.18,2797.46,3025.56,2926.34,3188081,1369007.45,22.59,9.15,2.377,1.963,3813.83,2635.22,0,NIFTY50_PORTFOLIO,BUY,403,3511.19,INR
IN003807,ASIANPAINT,Asian Paints,BSE,CONSUMER GOODS,06-03-2022,3032,3120.95,2865.59,2915.17,2945.59,1489699,1242814.91,48.8,8.8,2.404,0.745,3692.17,2825.2,2.3,NIFTY50_PORTFOLIO,BUY,843,3518.45,INR
IN003845,ASIANPAINT,Asian Paints,BSE,CONSUMER GOODS,06-03-2022,3098.83,3175.21,3076.64,3159.96,3123.32,2375316,613169.23,65.19,7.6,2.714,1.415,3902.78,2368.46,1.2,SECTORAL_PORTFOLIO,BUY,1638,2626.35,INR
IN000830,AXISBANK,Axis Bank,BSE,FINANCE,06-03-2022,1057.9,1076.75,1012.17,1041.87,1013.74,3146215,991122.02,56.6,4.15,0.878,0.771,1539.45,666.41,3.5,MIDCAP_PORTFOLIO,SELL,1374,1117.48,INR
IN003837,HCLTECH,HCL Technologies,NSE,TECHNOLOGY,06-03-2022,1427.7,1520.01,1426.6,1486.12,1506.75,1496497,847567.58,14.14,4.14,2.385,1.537,2014.25,1031.42,1.2,SECTORAL_PORTFOLIO,HOLD,257,1600.02,INR
IN003842,HCLTECH,HCL Technologies,NSE,TECHNOLOGY,06-03-2022,1544.29,1594.86,1528.47,1582.94,1559.55,4924959,165572.93,56,2.84,3.881,1.778,1959.4,1261.2,0,MIDCAP_PORTFOLIO,BUY,41,1746.31,INR
IN004555,NESTLEIND,Nestle India,BSE,FMCG,06-03-2022,21078.09,22240.43,20493.46,21757.38,21614.45,3130538,12529931.83,41.56,6.66,1.9485,1.846,24272.29,16252.01,0,SECTORAL_PORTFOLIO,BUY,275,19521.08,INR
IN004730,NESTLEIND,Nestle India,BSE,FMCG,06-03-2022,21148.9,21577.2,20328.8,20754.24,21262.48,3657280,13902723.07,49.99,4.08,3.496,1.842,28684.04,16073.42,0.5,SECTORAL_PORTFOLIO,SELL,779,22522.66,INR
IN004775,NESTLEIND,Nestle India,BSE,FMCG,06-03-2022,22254.08,22308.12,21129.42,22254.08,21071.18,1993995,1745838.97,30.1,6.25,0.243,0.572,26406.21,15638.92,3.5,SECTORAL_PORTFOLIO,BUY,312,22055.82,INR
IN004796,NESTLEIND,Nestle India,BSE,FMCG,06-03-2022,21659.76,22541.08,21282.5,22538.14,22231.57,1776830,5932987.46,24.53,3.79,3.693,0.491,28328.78,16275.7,0,SECTORAL_PORTFOLIO,BUY,699,26349.32,INR
IN004815,SBIN,State Bank of India,NSE,FINANCE,06-03-2022,584.99,612.28,570.94,610.52,611.71,1899546,283732.34,14.3,5.3,0.923,0.62,653.12,545.24,2.3,MIDCAP_PORTFOLIO,HOLD,34,456.08,INR
IN002257,TECHM,Tech Mahindra,NSE,TECHNOLOGY,06-03-2022,1328.16,1364.39,1233.91,1238.31,1236.98,2395139,545303.88,33.44,8.94,1.39,0.462,1562.62,1156.15,2.3,NIFTY50_PORTFOLIO,SELL,1571,1290.16,INR
IN002282,TECHM,Tech Mahindra,NSE,TECHNOLOGY,06-03-2022,1308.97,1388.68,1300.33,1366.61,1403.72,2983176,1028936.3,76.16,13.23,2.031,1.636,1658.98,1067.18,2.3,SECTORAL_PORTFOLIO,HOLD,1624,1306.58,INR
IN002288,TECHM,Tech Mahindra,NSE,TECHNOLOGY,06-03-2022,1235.27,1295.42,1227.49,1271.75,1263.47,482759,661623.79,64.43,6.87,2.39,1.652,1694.92,953.12,1.2,NIFTY50_PORTFOLIO,BUY,872,1509.76,INR
IN004772,HCLTECH,HCL Technologies,NSE,TECHNOLOGY,08-03-2022,1427.76,1459.95,1315.75,1338.3,1385.97,4669997,982877.95,10.81,1.98,0.676,1.546,2057.55,1250.31,0,NIFTY50_PORTFOLIO,BUY,718,1856.23,INR
IN004782,HCLTECH,HCL Technologies,NSE,TECHNOLOGY,08-03-2022,1469.65,1483.79,1376.4,1391.09,1419.35,1972598,799931.98,8.39,10.73,3.61,1.213,1860.96,1270.02,5.1,SECTORAL_PORTFOLIO,HOLD,162,1560.84,INR
IN004801,HCLTECH,HCL Technologies,NSE,TECHNOLOGY,08-03-2022,1548.16,1634.72,1532.4,1617.41,1620.28,4668300,269284.63,71.55,14.94,0.719,0.866,1629.73,937.23,5.1,NIFTY50_PORTFOLIO,BUY,1087,1444.02,INR
IN004806,HCLTECH,HCL Technologies,NSE,TECHNOLOGY,08-03-2022,1551.46,1651.39,1518.39,1626.75,1579.2,939856,98908.84,32.56,5.92,2.384,0.848,2040.18,1028.02,1.2,MIDCAP_PORTFOLIO,BUY,1220,1510.39,INR
IN001835,HDFCBANK,HDFC Bank,NSE,FINANCE,08-03-2022,1635.38,1764.18,1599.97,1748.31,1751.29,4577710,798950.83,11.7,1.24,2.431,1.622,2108.57,1166.3,3.5,SECTORAL_PORTFOLIO,BUY,974,1354.36,INR
IN001852,HDFCBANK,HDFC Bank,NSE,FINANCE,08-03-2022,1648.82,1767.7,1647.49,1722.96,1725.35,3098101,798950.83,43.64,4.23,1.102,0.65,1860.22,1186.7,0.5,MIDCAP_PORTFOLIO,HOLD,786,1393.45,INR
IN002930,KOTAKBANK,Kotak Mahindra Bank,NSE,FINANCE,08-03-2022,1824.9,1862.45,1802.86,1811.36,1763.22,2664482,273956.54,71.74,8.17,2.167,1.523,2429.02,1514.12,2.3,SECTORAL_PORTFOLIO,HOLD,523,2244.11,INR
IN000395,LT,Larsen & Toubro,NSE,INFRASTRUCTURE,08-03-2022,3082.13,3134.85,3019.06,3080.87,3169.58,3232656,2374849.8,41.64,5.43,0.604,0.687,3666.95,2322.75,5.1,SECTORAL_PORTFOLIO,HOLD,1699,3444.87,INR
IN003614,MARUTI,Maruti Suzuki,BSE,AUTOMOBILE,08-03-2022,10309.43,10436.23,9433.3,9721.17,9765.89,1045596,6557084.49,37.9,1.31,0.199,1.632,12178.79,8822.78,0.5,NIFTY50_PORTFOLIO,BUY,579,8157,INR
IN003621,MARUTI,Maruti Suzuki,BSE,AUTOMOBILE,08-03-2022,10017.6,10054.15,9652.95,9656.09,9987.47,575362,9634691.49,30.06,14.28,2.787,1.683,10948.07,7817.75,0.5,SECTORAL_PORTFOLIO,BUY,1125,10273.5,INR
IN003652,MARUTI,Maruti Suzuki,BSE,AUTOMOBILE,08-03-2022,10492.07,11154.54,10264.87,10922.33,10743.66,1261371,8795738.1,17.26,5.93,2.069,0.92,12591.32,8484.51,2.3,NIFTY50_PORTFOLIO,HOLD,998,10168.06,INR
IN003678,MARUTI,Maruti Suzuki,BSE,AUTOMOBILE,08-03-2022,10354.46,10589.49,9663.27,9801.97,10106.94,316324,1653880.9,31.82,12.51,2.895,1.705,13958.34,8505.48,2.3,MIDCAP_PORTFOLIO,HOLD,1548,11957.66,INR
IN000383,NTPC,NTPC Limited,NSE,UTILITIES,08-03-2022,364.12,366.36,353.86,366.05,366.42,3032438,134042.33,18.46,4.55,3.563,1.454,453.64,225.07,0.5,SECTORAL_PORTFOLIO,SELL,293,344.42,INR
IN000958,SBIN,State Bank of India,NSE,FINANCE,08-03-2022,609.98,626.4,573.75,609.98,607.22,1427912,451409.49,15.86,8.26,2.367,0.859,641.05,427.67,3.5,SECTORAL_PORTFOLIO,HOLD,1293,710.38,INR
IN000961,SBIN,State Bank of India,NSE,FINANCE,08-03-2022,593.39,596.53,590.21,596.29,576.78,4842101,157120.95,8.16,12.52,0.391,0.726,820.47,453.17,3.5,SECTORAL_PORTFOLIO,BUY,1982,644.18,INR
IN001117,SBIN,State Bank of India,NSE,FINANCE,08-03-2022,623.7,673.81,612.22,666.41,671.47,3109604,150132.79,72.39,5.21,1.359,1.459,666.41,483.84,0.5,NIFTY50_PORTFOLIO,SELL,457,493.59,INR
IN001137,SBIN,State Bank of India,NSE,FINANCE,08-03-2022,596.47,610.92,587.14,596.47,572.77,3844274,328859.42,44,9.4,2.42,1.559,746.4,428.61,0.5,NIFTY50_PORTFOLIO,BUY,478,617.96,INR
IN004212,ASIANPAINT,Asian Paints,BSE,CONSUMER GOODS,10-03-2022,2907.9,3083.96,2845.31,2995.43,3031.14,3579101,1375997.92,61.26,10.08,3.079,1.417,4063.26,2558.65,0.5,MIDCAP_PORTFOLIO,HOLD,1233,2421.25,INR
IN004327,HDFCBANK,HDFC Bank,NSE,FINANCE,10-03-2022,1543.78,1587.5,1522.12,1557.87,1582.34,2878538,100887.79,42.1,3.58,0.363,1.091,1914.51,1247.72,1.2,SECTORAL_PORTFOLIO,BUY,922,1740.95,INR
IN000594,POWERGRID,Power Grid Corporation,BSE,UTILITIES,10-03-2022,256.2,270.42,250.64,265.68,276.27,2233800,95194.09,13.58,6.09,3.427,1.1515,340.12,189.87,3.5,NIFTY50_PORTFOLIO,HOLD,889,230.19,INR
IN000609,POWERGRID,Power Grid Corporation,BSE,UTILITIES,10-03-2022,240.95,243.21,229.97,234.01,238.39,864906,62170.55,39.1,9.79,0.018,0.904,272.15,169.42,5.1,NIFTY50_PORTFOLIO,BUY,1517,241.75,INR
IN000618,POWERGRID,Power Grid Corporation,BSE,UTILITIES,10-03-2022,251.43,260.21,245.2,258.57,264.08,213082,147086.54,61.44,10.62,0.002,1.475,287.06,206.58,0,MIDCAP_PORTFOLIO,HOLD,1968,215.51,INR
IN000741,TITAN,Titan Company,BSE,CONSUMER GOODS,10-03-2022,3284.27,3532.67,3248.78,3433.88,3426.23,3113663,955810.68,53.84,10.99,3.964,0.634,3830.79,2692.48,0.5,MIDCAP_PORTFOLIO,BUY,1861,4161.17,INR
IN000770,TITAN,Titan Company,BSE,CONSUMER GOODS,10-03-2022,3274.87,3403.59,3201.83,3363.74,3246.78,1983888,1622843.23,62.9,13.15,0.42,1.517,3805.08,2597.47,3.5,NIFTY50_PORTFOLIO,BUY,1848,2672.44,INR
IN000775,TITAN,Titan Company,BSE,CONSUMER GOODS,10-03-2022,3285.53,3285.53,3238.51,3285.53,3511.25,1883284,1115993.47,15.87,7.88,1.437,1.812,3648.63,2040.88,0,SECTORAL_PORTFOLIO,BUY,819,2864.51,INR
IN000786,TITAN,Titan Company,BSE,CONSUMER GOODS,10-03-2022,3342.88,3447.74,3244.87,3427.03,3525.6,485581,1031212.55,50.71,8.61,3.351,0.615,4667.16,2279.89,5.1,MIDCAP_PORTFOLIO,HOLD,961,3162.51,INR
IN003438,WIPRO,Wipro,BSE,TECHNOLOGY,10-03-2022,479.52,514.87,478.98,505.47,523.93,4000034,380410.9,25.25,3.47,0.394,0.549,569.9,416.61,0,MIDCAP_PORTFOLIO,BUY,1561,494.61,INR
IN002875,MARUTI,Maruti Suzuki,BSE,AUTOMOBILE,11-03-2022,10172.36,10210.51,9623.43,9682.34,9364.39,4968747,3788002.11,16.75,7.45,1.544,1.531,11518.09,8019.74,0.5,NIFTY50_PORTFOLIO,BUY,1281,7882.65,INR
IN001051,ICICIBANK,ICICI Bank,NSE,FINANCE,01-04-2022,912.6,934.49,875.86,894.32,906.43,1600323,920202.89,26.23,3.1,3.794,0.461,1207.06,703.67,1.2,MIDCAP_PORTFOLIO,BUY,979,1103.06,INR
IN001062,ICICIBANK,ICICI Bank,NSE,FINANCE,01-04-2022,945.76,1017.14,920.21,1006.31,1009.73,831321,656279.41,47.68,12.36,3.528,0.776,1109.13,572.45,0.5,NIFTY50_PORTFOLIO,BUY,918,931.93,INR
IN001490,POWERGRID,Power Grid Corporation,BSE,UTILITIES,01-04-2022,238.33,253.71,238.21,251.68,250.29,3072798,203094.31,45.01,11.13,1.453,1.687,300.18,224.49,2.3,SECTORAL_PORTFOLIO,HOLD,746,298.74,INR
IN001493,POWERGRID,Power Grid Corporation,BSE,UTILITIES,01-04-2022,239.08,245.69,230.57,235.76,232.48,2253098,95161.46,64.16,2.97,1.9755,1.352,296.38,196.41,0,MIDCAP_PORTFOLIO,SELL,195,268.78,INR
IN001573,POWERGRID,Power Grid Corporation,BSE,UTILITIES,01-04-2022,240.93,247.7,237.22,237.9,231.72,4506191,226091.43,68.12,2.65,1.912,1.297,303.75,202.6,3.5,MIDCAP_PORTFOLIO,BUY,1344,218.49,INR
IN002560,RELIANCE,Reliance Industries,NSE,ENERGY,01-04-2022,2227.3,2303.33,2226.66,2272.76,2336.36,785660,1137541.65,23.34,7.6,3.396,1.708,2387.7,1684.26,1.2,MIDCAP_PORTFOLIO,BUY,1876,2300.53,INR
IN002570,RELIANCE,Reliance Industries,NSE,ENERGY,01-04-2022,2155.9,2213.35,2125.35,2206.59,2123.32,140061,1814462.25,65.78,4.41,0.098,0.542,2877.36,1976.06,0.5,NIFTY50_PORTFOLIO,BUY,219,1723.22,INR
IN002620,RELIANCE,Reliance Industries,NSE,ENERGY,01-04-2022,2255.63,2312.96,2250.11,2255.63,2305.87,3714046,1456605.86,54.08,10.14,2.576,1.251,2664.44,1337.79,3.5,SECTORAL_PORTFOLIO,BUY,1309,2110.3,INR
IN002623,RELIANCE,Reliance Industries,NSE,ENERGY,01-04-2022,2218.09,2230.19,2086.16,2095.88,2161.96,94082,1188531.14,30.79,2.8,2.068,0.82,2440.97,1534.45,2.3,MIDCAP_PORTFOLIO,HOLD,623,1815.36,INR
IN002678,RELIANCE,Reliance Industries,NSE,ENERGY,01-04-2022,2201.63,2220.49,2053.4,2112.42,2041.85,2155126,1221050.02,38.24,11.57,1.242,1.362,2734.87,1859.48,0,NIFTY50_PORTFOLIO,BUY,599,2033.93,INR
IN002714,RELIANCE,Reliance Industries,NSE,ENERGY,01-04-2022,2247.28,2289.05,2195.04,2236.31,2230.78,3885503,2195678.84,25.6,2.22,3.945,1.475,2345.36,1653.15,0.5,NIFTY50_PORTFOLIO,BUY,1491,2048.65,INR
IN003097,ASIANPAINT,Asian Paints,BSE,CONSUMER GOODS,02-04-2022,3039.36,3134.92,3016.82,3134.9,3187.48,2554741,1741960.18,34.54,14.16,2.645,0.82,3164.88,2735.47,1.2,MIDCAP_PORTFOLIO,BUY,81,2429.45,INR
IN000173,HINDUNILVR,Hindustan Unilever,NSE,FMCG,02-04-2022,2568.42,2640.89,2411.02,2446.38,2425.49,1153765,2416385.39,42.58,3.05,0.093,0.557,3365.04,1657.8,2.3,MIDCAP_PORTFOLIO,BUY,1613,2811.57,INR
IN002424,ONGC,Oil & Natural Gas Corp,NSE,FMCG,03-04-2022,285.15,291.49,282.69,288.31,286.05,1835848,159689.14,19.76,8.97,1.431,1.96,339.41,208.18,3.5,MIDCAP_PORTFOLIO,BUY,1869,284.82,INR
IN000511,POWERGRID,Power Grid Corporation,BSE,UTILITIES,03-04-2022,241.06,242.6,219.5,241.06,218.95,4563846,172306.03,74.5,4.3,1.9755,1.049,299.5,204.15,3.5,SECTORAL_PORTFOLIO,HOLD,1313,259.18,INR
IN003160,RELIANCE,Reliance Industries,NSE,ENERGY,03-04-2022,2266.18,2291.87,2114.16,2135.29,2150.08,2350188,885654.69,65.73,11.51,0.992,1.608,3017.5,1899.45,0,SECTORAL_PORTFOLIO,BUY,1178,2732.01,INR
IN002557,TCS,Tata Consultancy Services,NSE,TECHNOLOGY,03-04-2022,3654.17,3852.35,3593.57,3776.82,3903.08,289039,2265698.48,25.62,10.9,3.665,1.802,3826.43,3231.59,5.1,MIDCAP_PORTFOLIO,BUY,931,3593.64,INR
IN002224,LT,Larsen & Toubro,NSE,INFRASTRUCTURE,04-04-2022,3311.98,3357.74,3204.63,3217.68,3309.81,2675487,1616603.54,37.61,4.03,3.959,1.62,3846.18,3037.03,3.5,NIFTY50_PORTFOLIO,BUY,135,3421.12,INR
IN001847,TCS,Tata Consultancy Services,NSE,TECHNOLOGY,04-04-2022,3596.05,3601.69,3578.26,3578.82,3677.91,489169,1932396.03,18.76,2.22,3.157,0.805,3970.28,2676.92,1.2,MIDCAP_PORTFOLIO,BUY,1650,3337.2,INR
IN001849,TCS,Tata Consultancy Services,NSE,TECHNOLOGY,04-04-2022,3502.34,3520.45,3290.1,3324.31,3444.78,476627,1932396.03,43.93,4.79,0.133,1.045,3984.87,2474.59,0.5,MIDCAP_PORTFOLIO,SELL,705,2943.41,INR
IN001860,TCS,Tata Consultancy Services,NSE,TECHNOLOGY,04-04-2022,3626.87,3708.83,3427.15,3496.51,3527.67,4156622,944183.95,29.19,13.28,3.25,0.658,4740.98,2829.19,2.3,MIDCAP_PORTFOLIO,HOLD,404,2759.88,INR
IN001883,TCS,Tata Consultancy Services,NSE,TECHNOLOGY,04-04-2022,3488.19,3547.83,3234.32,3296.69,3320.42,4762176,3021032.87,27.36,6.56,2.682,1.576,4894.46,2529.49,0.5,SECTORAL_PORTFOLIO,SELL,712,4228.3,INR
IN001927,TCS,Tata Consultancy Services,NSE,TECHNOLOGY,04-04-2022,3642.18,3747.77,3539.44,3611.65,3477.5,358150,1792409.58,43.05,12.54,2.563,1.919,4021.47,3245.37,5.1,MIDCAP_PORTFOLIO,BUY,732,3932.1,INR
IN003029,HCLTECH,HCL Technologies,NSE,TECHNOLOGY,05-04-2022,1570.81,1584.54,1459.76,1467.69,1471.99,187596,1144950.36,40.09,4.92,2.54,0.859,1867.26,921.63,5.1,NIFTY50_PORTFOLIO,BUY,1047,1655.34,INR
IN003055,HCLTECH,HCL Technologies,NSE,TECHNOLOGY,05-04-2022,1495.95,1592.89,1492.95,1563.19,1585.15,2411753,847567.58,39.28,2.14,3.533,1.395,1725.08,930.37,3.5,SECTORAL_PORTFOLIO,BUY,1717,1785.07,INR
IN003087,HCLTECH,HCL Technologies,NSE,TECHNOLOGY,05-04-2022,1532.68,1568.1,1444.1,1473.44,1438.84,3919612,393331.28,38.23,3.53,2.995,1.916,2019.15,945.73,1.2,SECTORAL_PORTFOLIO,BUY,970,1371.95,INR
IN003099,HCLTECH,HCL Technologies,NSE,TECHNOLOGY,05-04-2022,1509.84,1549.82,1426.54,1463.84,1513.04,1626555,147536.03,63.3,8.43,1.836,1.174,2020.47,932.73,0,SECTORAL_PORTFOLIO,BUY,1361,1616.78,INR
IN003108,HCLTECH,HCL Technologies,NSE,TECHNOLOGY,05-04-2022,1472.47,1494.8,1390.58,1398.78,1381.32,224568,1321234.43,29.09,10.85,1.324,1.293,1726.95,1314.92,5.1,SECTORAL_PORTFOLIO,BUY,1034,1553.97,INR
IN003167,HCLTECH,HCL Technologies,NSE,TECHNOLOGY,05-04-2022,1515.96,1558.94,1495.81,1502,1527.9,2605252,899217.89,62.81,4.31,3.798,1.913,2087.34,989.39,0.5,SECTORAL_PORTFOLIO,BUY,1057,1445.32,INR
IN003176,HCLTECH,HCL Technologies,NSE,TECHNOLOGY,05-04-2022,1528.53,1549.48,1492.79,1502.98,1488.77,3386745,189862.95,10.52,2.06,1.836,1.144,1623.81,1022.97,0,SECTORAL_PORTFOLIO,HOLD,1899,1621.72,INR
IN003189,HCLTECH,HCL Technologies,NSE,TECHNOLOGY,05-04-2022,1491.44,1525.05,1487.56,1519.45,1498.34,3945504,948429.8,13.48,10.69,1.321,0.613,1625.97,1374.08,5.1,NIFTY50_PORTFOLIO,BUY,1023,1803,INR
IN003199,HCLTECH,HCL Technologies,NSE,TECHNOLOGY,05-04-2022,1524.05,1639.83,1521.83,1598.21,1547.87,3105029,1433927.75,63.69,1.02,0.794,0.644,1905.85,1356.15,0,NIFTY50_PORTFOLIO,SELL,564,1473.43,INR
IN003215,HCLTECH,HCL Technologies,NSE,TECHNOLOGY,05-04-2022,1558.12,1661.41,1521.8,1615.39,1592.63,1945781,1069299.57,37.18,6.3,1.021,1.221,1615.39,1406.23,1.2,MIDCAP_PORTFOLIO,BUY,461,1805.91,INR
IN001180,ASIANPAINT,Asian Paints,BSE,CONSUMER GOODS,07-04-2022,2927.43,3168.34,2923.05,3082.8,3036.69,2530314,1238510.46,41.95,14.32,2.432,1.458,3206.05,2383.86,2.3,MIDCAP_PORTFOLIO,HOLD,633,3078.95,INR
IN001200,ASIANPAINT,Asian Paints,BSE,CONSUMER GOODS,07-04-2022,3068.64,3108.45,2823.66,2895.08,2958.35,2395368,1583748.83,42.37,13.29,1.861,1.082,3890.68,2538.11,1.2,NIFTY50_PORTFOLIO,HOLD,1161,2364.88,INR
IN001209,ASIANPAINT,Asian Paints,BSE,CONSUMER GOODS,07-04-2022,3079.79,3256.44,2994.68,3250.78,3141.36,4098388,1920005.07,25.18,5.11,3.13,1.546,3460,2004.95,3.5,NIFTY50_PORTFOLIO,BUY,993,3397.54,INR
IN001210,ASIANPAINT,Asian Paints,BSE,CONSUMER GOODS,07-04-2022,2974.1,3082.54,2964.9,3032.97,3070.95,4968747,343475.48,13.65,9.4,2.44,1.29,3850.29,2164.25,0.5,SECTORAL_PORTFOLIO,BUY,512,2320.76,INR
IN003819,INFY,Infosys,NSE,TECHNOLOGY,07-04-2022,1485.27,1492.23,1459.33,1487.38,1522.49,832529,157925.63,19.61,11.61,1.888,1.165,1897.47,1176.36,2.3,MIDCAP_PORTFOLIO,SELL,685,1297.08,INR
IN000189,SBIN,State Bank of India,NSE,FINANCE,07-04-2022,596.19,609.14,543.72,559.84,566.75,3558281,398067.12,44,10.43,1.8405,0.59,809.38,421.4,0,NIFTY50_PORTFOLIO,SELL,826,452.23,INR
IN000208,SBIN,State Bank of India,NSE,FINANCE,07-04-2022,620.95,647.63,610.59,643.66,626.54,2185048,140612.49,27.36,13.36,1.295,0.88,667.19,492.74,0.5,SECTORAL_PORTFOLIO,HOLD,128,680.04,INR
IN000256,SBIN,State Bank of India,NSE,FINANCE,07-04-2022,614.87,638.4,603.44,637.16,658.66,4811739,587209.99,14.99,2.41,2.747,1.368,785.4,482.76,0.5,SECTORAL_PORTFOLIO,BUY,1415,516.31,INR
IN000261,SBIN,State Bank of India,NSE,FINANCE,07-04-2022,604.78,612.87,588.06,588.6,597.06,4635041,471391.05,69.05,1.72,0.546,1.099,791.78,519.74,2.3,MIDCAP_PORTFOLIO,SELL,1842,478.85,INR
IN000272,SBIN,State Bank of India,NSE,FINANCE,07-04-2022,608.34,643.21,601.56,608.34,633.06,3009079,248874.07,52.58,8.26,0.854,1.613,764.63,526.03,2.3,NIFTY50_PORTFOLIO,HOLD,156,718.52,INR
IN001061,KOTAKBANK,Kotak Mahindra Bank,NSE,FINANCE,08-04-2022,1781.45,1843.09,1739.27,1798.05,1840.01,2976355,918242.94,36.62,9.95,2.498,0.682,2430.01,1535.29,2.3,NIFTY50_PORTFOLIO,BUY,1378,1861.24,INR
IN001064,KOTAKBANK,Kotak Mahindra Bank,NSE,FINANCE,08-04-2022,1841.49,1843.04,1726.29,1769.21,1818.91,3904068,508400.42,75.39,3.93,1.28,0.483,2064.29,1471.38,2.3,NIFTY50_PORTFOLIO,SELL,1884,1433.89,INR
IN001112,KOTAKBANK,Kotak Mahindra Bank,NSE,TECHNOLOGY,08-04-2022,1854.3,2012.68,1808.53,1970.48,2047.7,1212200,1358139.08,51.34,9.87,1.03,1.307,2109.28,1533.37,1.2,SECTORAL_PORTFOLIO,HOLD,615,2078.79,INR
IN001145,KOTAKBANK,Kotak Mahindra Bank,NSE,FINANCE,08-04-2022,1790.17,1847.18,1785.65,1805.41,1859.01,241994,997529.7,41.23,12.86,1.96,1.205,2468.95,1573.27,3.5,NIFTY50_PORTFOLIO,BUY,602,2089.44,INR
IN004442,ULTRACEMCO,UltraTech Cement,BSE,INFRASTRUCTURE,08-04-2022,9484.35,9487.72,9010.45,9145.36,9154.69,4737935,5777929.68,19.93,8.03,3.395,0.672,13268.09,6375.39,2.3,NIFTY50_PORTFOLIO,BUY,564,7473.65,INR
IN004484,ULTRACEMCO,UltraTech Cement,BSE,INFRASTRUCTURE,08-04-2022,9566.05,9892.41,9434.31,9855.98,9571.74,2659234,964263.86,11.36,3.39,1.739,1.866,12489.7,8435.23,3.5,MIDCAP_PORTFOLIO,BUY,259,10059.4,INR
IN004551,ULTRACEMCO,UltraTech Cement,BSE,INFRASTRUCTURE,08-04-2022,9938.31,10287.9,9778.04,10174.61,9771.16,2796966,1484827.71,68.94,4.09,1.462,1.122,11817.15,7304.82,5.1,MIDCAP_PORTFOLIO,BUY,1477,9157.44,INR
IN004633,ULTRACEMCO,UltraTech Cement,BSE,INFRASTRUCTURE,08-04-2022,9472.53,9531.08,9180.74,9417.4,9422.77,277371,4586875.67,68.09,8.68,2.874,1.32,12096.84,6944.53,2.3,MIDCAP_PORTFOLIO,SELL,1337,9652.64,INR
IN004685,ULTRACEMCO,UltraTech Cement,BSE,INFRASTRUCTURE,08-04-2022,9809.25,10076.89,9723.37,9893.94,10009.26,3342093,9274477.78,30.54,7.99,0.34,1.1,12389.88,7746,5.1,SECTORAL_PORTFOLIO,BUY,1007,10009.03,INR
IN003477,ASIANPAINT,Asian Paints,BSE,CONSUMER GOODS,10-04-2022,2855.29,3018.38,2810.71,2954.66,2920.33,2530314,1583748.83,12.21,9.79,3.563,1.267,3336.25,1864.47,1.2,NIFTY50_PORTFOLIO,BUY,547,2347.31,INR
IN000637,AXISBANK,Axis Bank,BSE,FINANCE,10-04-2022,1079.3,1091.54,980.53,1005.01,977.82,2593239,599791.21,16.3,11.22,3.12,0.747,1390.73,863.94,0.5,SECTORAL_PORTFOLIO,BUY,814,977.28,INR
IN000698,AXISBANK,Axis Bank,BSE,FINANCE,10-04-2022,1092.71,1115.72,1043.27,1071.84,1046.14,2593239,817655.66,41.6,11.86,1.244,1.036,1440.01,864.84,1.2,SECTORAL_PORTFOLIO,SELL,231,1254.29,INR
IN001590,ONGC,Oil & Natural Gas Corp,NSE,ENERGY,10-04-2022,284.87,301.61,282.7,299.58,309.17,3122687,120504.2,39.43,1.42,3.9,1.146,324.52,171.05,2.3,MIDCAP_PORTFOLIO,BUY,1335,322.91,INR
IN003079,ULTRACEMCO,UltraTech Cement,BSE,INFRASTRUCTURE,10-04-2022,9447.22,9626.62,9019.04,9447.22,8762.37,1442073,3545346.32,18.44,13.47,0.832,0.456,12665.09,7731.73,5.1,SECTORAL_PORTFOLIO,BUY,1941,9156.63,INR
IN003062,NESTLEIND,Nestle India,BSE,FMCG,11-04-2022,21650.09,22106.09,21378.46,22063.92,22877.08,2246188,14018707.23,44.3,11.57,1.005,1.2725,28130.31,13611.56,3.5,SECTORAL_PORTFOLIO,HOLD,1191,21286,INR
IN003066,NESTLEIND,Nestle India,BSE,FMCG,11-04-2022,22361.73,23579.54,22058.83,23185.28,23492.53,725423,1138812.29,21.99,7.56,0.638,0.72,26202.89,16349.71,5.1,SECTORAL_PORTFOLIO,SELL,1711,26179.93,INR
IN003153,NESTLEIND,Nestle India,BSE,FMCG,11-04-2022,21584.63,21647.87,20540.2,21040.86,21796.7,4019306,2418668.94,34.41,11.11,1.876,1.2725,29149.9,18998.82,0,NIFTY50_PORTFOLIO,BUY,444,18741.3,INR
IN003153,NESTLEIND,Nestle India,BSE,TECHNOLOGY,11-04-2022,21584.63,21647.87,20540.2,21040.86,21796.7,4019306,2418668.94,34.41,11.11,1.876,1.2725,29149.9,18998.82,0,NIFTY50_PORTFOLIO,BUY,444,18741.3,INR
IN003154,NESTLEIND,Nestle India,BSE,FMCG,11-04-2022,21359.93,21868.28,19958.81,19975.92,19339.07,166293,8778332.16,30.3,13.94,1.763,1.2725,28941.84,15226.19,1.2,MIDCAP_PORTFOLIO,BUY,726,19878.88,INR
IN003197,NESTLEIND,Nestle India,BSE,FMCG,11-04-2022,22182.75,23458.05,22148.31,23222.51,22365.01,3351504,12839958.52,64.37,4.04,0.219,1.2725,27269.37,18763.56,0.5,SECTORAL_PORTFOLIO,BUY,979,17963.25,INR
IN003207,NESTLEIND,Nestle India,BSE,FMCG,11-04-2022,21316.94,22686.52,21190.83,22280.19,22763.87,4228270,18746467.99,67.27,8.04,0.232,1.275,27136.45,15156.65,3.5,SECTORAL_PORTFOLIO,SELL,1169,22156.96,INR
IN003244,NESTLEIND,Nestle India,BSE,FMCG,11-04-2022,22228.62,23816.05,21824.53,23244.26,23289.18,2056331,14774290.63,44.3,6.78,0.949,1.883,27790.81,14655.84,2.3,MIDCAP_PORTFOLIO,BUY,1947,19334.58,INR
IN003246,NESTLEIND,Nestle India,BSE,FMCG,11-04-2022,21108.3,21577.498,20450.91,20450.91,20225.93,2479247,4803831.72,14.14,8.27,1.9485,1.818,30739.62,17206.26,0,MIDCAP_PORTFOLIO,BUY,1092,21705.79,INR
IN003292,NESTLEIND,Nestle India,BSE,FMCG,11-04-2022,21219.5,21333.4,19475.23,20065.78,19584.36,1352537,10754417.94,73.44,8.94,3.718,1.835,23815.55,16014,2.3,NIFTY50_PORTFOLIO,HOLD,1479,27344.6,INR
IN003324,NESTLEIND,Nestle India,BSE,FMCG,11-04-2022,22788.41,23392.84,21699.44,21831.51,21542.47,2256615,7288589.82,37.61,6.6,2.127,1.953,26733.56,13802.59,0.5,MIDCAP_PORTFOLIO,HOLD,1053,23812.56,INR
IN003348,NESTLEIND,Nestle India,BSE,FMCG,11-04-2022,21469.15,22866.32,21450.6,22253.81,21692.06,2585084,21050771.04,39.41,2.15,2.504,1.621,28683.56,20523.97,2.3,NIFTY50_PORTFOLIO,BUY,1794,22679.73,INR
IN001811,TCS,Tata Consultancy Services,NSE,TECHNOLOGY,11-04-2022,3586.81,3707.13,3509.64,3617.04,3644.05,370533,379306.09,11.78,5.48,3.753,0.541,3834.75,2761.7,0.5,NIFTY50_PORTFOLIO,BUY,244,3844.22,INR
IN004642,WIPRO,Wipro,BSE,TECHNOLOGY,11-04-2022,476.67,485.63,461.95,475.23,459.69,924467,28302.26,41.55,6.29,1.87,0.556,549.8,378.78,1.2,NIFTY50_PORTFOLIO,HOLD,1993,382.69,INR
IN004681,WIPRO,Wipro,BSE,TECHNOLOGY,11-04-2022,494.19,507.76,452.8,465.15,453.84,847844,232297.17,27.41,6.48,1.87,1.854,665.44,429.36,1.2,SECTORAL_PORTFOLIO,SELL,746,507.63,INR
IN004706,WIPRO,Wipro,BSE,TECHNOLOGY,11-04-2022,511.62,516.16,485.14,511.62,481.41,227682,493281.91,17.05,5.29,0.512,1.967,539.77,371.83,0,SECTORAL_PORTFOLIO,BUY,1733,527.11,INR
IN002404,ADANIENT,Adani Enterprises,NSE,CONGLOMERATE,01-05-2022,2798.31,2948.24,2781.34,2863.42,2972.57,728533,1466030.9,39.27,11.88,0.533,1.708,3832.59,2513.07,3.5,NIFTY50_PORTFOLIO,HOLD,1435,3233.7,INR
IN002418,ADANIENT,Adani Enterprises,NSE,CONGLOMERATE,01-05-2022,2861.8,2934.09,2654.84,2671,2737.93,68703,1465764.67,48.92,7.05,1.8295,1.341,3194.21,2554.09,5.1,MIDCAP_PORTFOLIO,BUY,1706,2221.94,INR
IN002447,ADANIENT,Adani Enterprises,NSE,CONGLOMERATE,01-05-2022,2853.04,3086.32,2833.07,3010.71,3012.82,1468314,1234381.03,12.78,9.21,3.709,1.073,3368.18,2464.47,3.5,MIDCAP_PORTFOLIO,BUY,720,3036.76,INR
IN002448,ADANIENT,Adani Enterprises,NSE,CONGLOMERATE,01-05-2022,2739.46,2755.83,2720.62,2738.2,2746.48,2141731,1135751.47,57.93,9.87,1.708,1.222,3592.17,1694.44,1.2,NIFTY50_PORTFOLIO,SELL,1484,2487.01,INR
IN002517,ADANIENT,Adani Enterprises,NSE,CONGLOMERATE,01-05-2022,2690.02,2953.15,2660.23,2877.13,2816.66,2819902,1306881.34,59.92,6.7,0.788,0.496,3555.18,2429.88,2.3,NIFTY50_PORTFOLIO,SELL,884,3486.03,INR
IN002300,WIPRO,Wipro,BSE,TECHNOLOGY,01-05-2022,481.23,505.64,472.37,496,478.65,1896221,413204.89,73.91,5.39,3.921,1.751,531.92,412.76,0,SECTORAL_PORTFOLIO,BUY,1692,614.53,INR
IN002752,BHARTIARTL,Bharti Airtel,NSE,TELECOMMUNICATION,04-05-2022,911.14,913.35,883.1,899.37,908.77,2733185,550588.25,69.55,4.4,3.252,0.534,1154.35,554.84,5.1,NIFTY50_PORTFOLIO,BUY,1022,1040.03,INR
IN002818,BHARTIARTL,Bharti Airtel,NSE,TELECOMMUNICATION,04-05-2022,937.58,964.87,934.59,964.65,949.91,3908311,151167.85,48.39,9.87,0.774,0.62,1020.38,615.46,0,NIFTY50_PORTFOLIO,BUY,1659,871.18,INR
IN002827,BHARTIARTL,Bharti Airtel,NSE,TELECOMMUNICATION,04-05-2022,917.71,929.51,901.65,917.71,925.83,2586986,289834.33,14.91,1.95,1.055,0.594,1129.84,579.25,3.5,SECTORAL_PORTFOLIO,BUY,1095,850.8,INR
IN002828,BHARTIARTL,Bharti Airtel,NSE,TELECOMMUNICATION,04-05-2022,863.7,886.28,808.16,813.6,806.45,4441324,860684.79,74.71,9.55,2.239,1.254,1086.06,806.47,3.5,NIFTY50_PORTFOLIO,SELL,1119,1091.16,INR
IN003007,NESTLEIND,Nestle India,BSE,FMCG,04-05-2022,21435.76,22008.81,20371.21,20760.7,20473.97,913912,17636846.8,51.41,3.89,1.197,0.733,24300.11,14993.82,0.5,NIFTY50_PORTFOLIO,BUY,1646,18873.34,INR
IN003015,NESTLEIND,Nestle India,BSE,FMCG,04-05-2022,21695.54,22097.42,21122.01,21474.29,21937.89,4710291,10198720.03,69.29,1.98,2.937,1.771,29465.87,19956.91,5.1,MIDCAP_PORTFOLIO,SELL,1339,19577.48,INR
IN003543,ADANIENT,Adani Enterprises,NSE,CONGLOMERATE,05-05-2022,2939.93,3180.67,2877.68,3099.14,3137.14,92582,434847.52,74.88,14.93,2.1,1.779,3596.76,2098.71,5.1,SECTORAL_PORTFOLIO,BUY,1067,2990.24,INR
IN003885,AXISBANK,Axis Bank,BSE,FINANCE,05-05-2022,1098.02,1150.74,1097.98,1118.65,1140.28,3803795,732489.13,77.95,9.29,2.418,1.197,1462.41,988.17,2.3,NIFTY50_PORTFOLIO,BUY,1367,1245.3,INR
IN003886,AXISBANK,Axis Bank,BSE,FINANCE,05-05-2022,1128.16,1186.1,1102.8,1171.2,1150.51,2593239,81331.88,12.19,8.94,2.02,1.459,1332.43,789.98,3.5,NIFTY50_PORTFOLIO,BUY,842,1341.63,INR
IN003906,AXISBANK,Axis Bank,BSE,FINANCE,05-05-2022,1056.56,1137.13,1056.04,1120.52,1077.26,666988,83812.41,18.92,2.97,2.932,1.277,1210.58,952.77,2.3,MIDCAP_PORTFOLIO,BUY,919,1091.26,INR
IN000363,BHARTIARTL,Bharti Airtel,NSE,TELECOMMUNICATION,05-05-2022,914.78,940.57,873.7,876.63,863.85,4745615,226978.17,37.82,2.7,2.056,1.205,1074.45,607.67,5.1,NIFTY50_PORTFOLIO,BUY,1290,869.24,INR
IN001072,ICICIBANK,ICICI Bank,NSE,FINANCE,05-05-2022,930.75,951.49,886.01,930.75,900.83,2361223,523552.86,45.21,8.96,0.343,1.424,1090.54,894.47,1.2,NIFTY50_PORTFOLIO,SELL,1418,1029.52,INR
IN001083,ICICIBANK,ICICI Bank,NSE,FINANCE,05-05-2022,926.65,962.97,920.83,926.65,928.01,2049926,567098.7,47.41,12.76,1.474,1.585,1025.34,876.26,0,MIDCAP_PORTFOLIO,BUY,529,1031.27,INR
IN001101,ICICIBANK,ICICI Bank,NSE,FINANCE,05-05-2022,977.68,1001.29,975.7,976.79,983.39,2798359,198899.6,51.93,2.14,0.21,0.926,1307.75,653.74,1.2,MIDCAP_PORTFOLIO,BUY,422,965.15,INR
IN001105,ICICIBANK,ICICI Bank,NSE,FINANCE,05-05-2022,921.04,943.67,886.21,901.39,891.79,4213497,460137.88,41.84,3.66,0.95,1.933,1207.92,697.44,3.5,SECTORAL_PORTFOLIO,HOLD,144,1007.69,INR
IN004720,INFY,Infosys,NSE,TECHNOLOGY,05-05-2022,1520.02,1534.17,1476.86,1498.82,1444.2,3434786,1378264.13,16.14,1.56,3.691,1.83,1633.34,1272.59,1.2,NIFTY50_PORTFOLIO,BUY,778,1711.96,INR
IN002336,SUNPHARMA,Sun Pharmaceutical,BSE,PHARMACEUTICALS,05-05-2022,1192.28,1213.64,1104.07,1119.91,1098.8,2083600,872378.31,79.48,1.22,3.717,1.856,1676.74,832.11,2.3,NIFTY50_PORTFOLIO,BUY,534,1323.21,INR
IN001821,ASIANPAINT,Asian Paints,BSE,TECHNOLOGY,07-05-2022,3009.67,3034.18,2831.44,3009.67,2806.66,4700999,2044359.98,11.47,3.19,2.339,1.209,3638.96,2723.35,0.5,SECTORAL_PORTFOLIO,HOLD,944,2725.75,INR
IN000914,AXISBANK,Axis Bank,BSE,FINANCE,07-05-2022,1154.06,1158.95,1082.92,1113.76,1086.79,2620740,327116.02,12.43,3.37,1.933,1.212,1254.9,681.45,2.3,NIFTY50_PORTFOLIO,HOLD,589,937.29,INR
IN000917,AXISBANK,Axis Bank,BSE,FINANCE,07-05-2022,1154.39,1234.64,1143.25,1215.84,1219.91,676763,970283.92,25.36,1.98,1.933,1.123,1435.22,855.67,5.1,SECTORAL_PORTFOLIO,BUY,1102,1087.99,INR
IN000928,AXISBANK,Axis Bank,BSE,FINANCE,07-05-2022,1059.06,1083.17,1020.54,1022.33,1016.2,2108442,1094209.54,64.58,1.32,2.497,1.856,1401.34,940.14,0.5,MIDCAP_PORTFOLIO,BUY,227,1127.22,INR
IN000929,AXISBANK,Axis Bank,BSE,FINANCE,07-05-2022,1093.66,1110.87,1077.81,1106.94,1073.81,2571605,528864.26,42.14,7.24,1.933,1.016,1189.51,932.79,0.5,MIDCAP_PORTFOLIO,BUY,1623,1008.78,INR
IN001318,BAJFINANCE,Bajaj Finance,NSE,NBFC,07-05-2022,7088.88,7188.64,6710.45,6875.12,6729.45,295571,6679990.43,44.36,11.6,2.911,1.322,8867.12,6466.65,2.3,MIDCAP_PORTFOLIO,BUY,1846,6717.47,INR
IN001650,BHARTIARTL,Bharti Airtel,NSE,TELECOMMUNICATION,07-05-2022,911.99,977.73,893.64,959.15,921.37,1305617,490649.83,52.7,10.35,0.777,0.63,1187.5,571.42,3.5,MIDCAP_PORTFOLIO,BUY,1139,933.94,INR
IN000895,NESTLEIND,Nestle India,BSE,FMCG,07-05-2022,22610.4,22933.97,22455.17,22682.24,22859.39,2567611,10093342.13,12.31,13.49,0.282,1.615,23638.19,18348.66,2.3,NIFTY50_PORTFOLIO,BUY,459,22388.48,INR
IN000940,NESTLEIND,Nestle India,BSE,FMCG,07-05-2022,21600.18,21982.76,21033.01,21357.87,22205.43,3001509,16535335.02,10.87,9.86,2.096,1.627,27356.25,20723.77,3.5,NIFTY50_PORTFOLIO,BUY,693,16571.97,INR
IN000952,NESTLEIND,Nestle India,BSE,FMCG,07-05-2022,22867.69,23325.82,21652.11,22285.84,22822.42,1869710,13855619.87,71.33,2.57,1.9485,1.148,28652.66,16192.32,2.3,MIDCAP_PORTFOLIO,HOLD,1861,18029.8,INR
IN000985,NESTLEIND,Nestle India,BSE,FMCG,07-05-2022,22669.01,22756.45,22276.32,22573.16,21884.69,4186416,19458778.38,44.3,9.71,1.579,1.584,29579.63,14782.64,2.3,SECTORAL_PORTFOLIO,HOLD,546,19286.35,INR
IN001012,NESTLEIND,Nestle India,BSE,FMCG,07-05-2022,21497.93,21903.36,20672.59,20736.36,20655.62,4559014,9729925.71,26.32,1.65,2.935,0.807,24909.79,13991.48,2.3,NIFTY50_PORTFOLIO,BUY,805,22270.6,INR
IN001057,RELIANCE,Reliance Industries,NSE,ENERGY,07-05-2022,2090.04,2123.95,2011.38,2040.53,2106.21,1881839,1655727.75,63.38,9.03,3.554,0.549,2369.36,1560.78,0,SECTORAL_PORTFOLIO,HOLD,1153,2006.21,INR
IN001544,HINDUNILVR,Hindustan Unilever,NSE,FMCG,08-05-2022,2488.05,2653.39,2486.82,2606.97,2695.04,3251274,1290073.1,53.49,12.27,2.162,0.523,3483.71,1753.78,5.1,NIFTY50_PORTFOLIO,BUY,1024,1935,INR
IN001660,HINDUNILVR,Hindustan Unilever,NSE,FMCG,08-05-2022,2606.58,2732.72,2583.36,2659.04,2563.65,1254244,1955616.94,38.34,9.51,1.143,1.434,3171.54,2272.77,3.5,NIFTY50_PORTFOLIO,HOLD,1908,3061.84,INR
IN001687,HINDUNILVR,Hindustan Unilever,NSE,FMCG,08-05-2022,2465.1,2606.37,2450.37,2569.24,2486.04,2754303,811357.4,32.33,5.12,1.788,1.348,2901.26,1901.08,2.3,NIFTY50_PORTFOLIO,BUY,1900,2389.9,INR
IN001706,HINDUNILVR,Hindustan Unilever,NSE,FMCG,08-05-2022,2395.24,2395.24,2208.54,2395.24,2352.05,2907778,1271293.19,74.92,2.62,3.607,1.191,3022.45,1981.95,2.3,SECTORAL_PORTFOLIO,BUY,1195,3004.16,INR
IN004015,INFY,Infosys,NSE,TECHNOLOGY,08-05-2022,1571.01,1582.35,1464.56,1498.2,1492.62,3256426,545179.84,39.855,9.55,3.853,1.963,2059.09,1286.46,3.5,NIFTY50_PORTFOLIO,HOLD,1810,1653.2,INR
IN004015,INFY,Infosys,NSE,TECHNOLOGY,08-05-2022,1571.01,1582.35,1464.56,1498.2,1492.62,3256426,545180,39.855,9.55,3.853,1.963,2059.09,1286.46,3.5,NIFTY50_PORTFOLIO,HOLD,1810,1653.2,INR
IN004029,INFY,Infosys,NSE,TECHNOLOGY,08-05-2022,1480.18,1480.89,1348.79,1383.39,1377.34,3265331,1198189.95,18.83,13.48,1.509,0.912,1853.58,1027.36,1.2,NIFTY50_PORTFOLIO,BUY,1117,1494.58,INR
IN002666,BHARTIARTL,Bharti Airtel,NSE,TELECOMMUNICATION,09-05-2022,894.62,970.32,875.37,957.16,919.4,4077680,505953.64,9.66,7.07,2.097,1.202,1251.53,737.44,5.1,MIDCAP_PORTFOLIO,BUY,528,1060.46,INR
IN001582,HDFCBANK,HDFC Bank,NSE,FINANCE,09-05-2022,1649.26,1675.17,1536.75,1649.26,1537.22,1105393,258319.02,76.55,11.44,1.624,1.167,1836.33,1137.09,0,SECTORAL_PORTFOLIO,BUY,705,1755.43,INR
IN004174,KOTAKBANK,Kotak Mahindra Bank,NSE,FINANCE,09-05-2022,1833.1,1840.82,1659.13,1708.56,1652.16,2731100,1648541.01,53.9,2.77,2.512,0.711,2101.02,1236.79,0,SECTORAL_PORTFOLIO,BUY,475,1931.25,INR
IN004179,KOTAKBANK,Kotak Mahindra Bank,NSE,FINANCE,09-05-2022,1821.41,1862.76,1804.33,1809.1,1829.78,4304823,1288446.16,77.34,12.27,1.678,1.858,2389.34,1673,1.2,NIFTY50_PORTFOLIO,BUY,864,1651.79,INR
IN002681,SBIN,State Bank of India,NSE,FINANCE,09-05-2022,587.46,606.86,570.1,599.37,602.74,847930,464604.66,44.76,14.04,2.766,1.1655,668.69,442.14,0.5,NIFTY50_PORTFOLIO,BUY,1801,702.74,INR
IN002685,SBIN,State Bank of India,NSE,FINANCE,09-05-2022,605.65,615.86,561.03,578.11,592.62,2339448,209782.81,43.17,2,3.702,1.1655,655.86,519.19,3.5,NIFTY50_PORTFOLIO,HOLD,1268,622.24,INR
IN002690,SBIN,State Bank of India,NSE,FINANCE,09-05-2022,585.02,592.53,552.56,568.86,586.64,3109604,231594.59,47.82,8.05,1.611,0.493,770.63,367.15,0.5,NIFTY50_PORTFOLIO,BUY,1280,645.68,INR
IN002695,SBIN,State Bank of India,NSE,FINANCE,09-05-2022,608.23,640.87,607.25,622.53,627.16,524127,327715.47,14.52,7.12,0.161,0.693,716.99,471.25,1.2,NIFTY50_PORTFOLIO,HOLD,1475,514.09,INR
IN002698,SBIN,State Bank of India,NSE,FINANCE,09-05-2022,578.97,587.48,566.28,578.55,567.37,3886263,556084.48,52.56,6.97,0.187,1.165,773.82,381.49,1.2,MIDCAP_PORTFOLIO,BUY,801,610.19,INR
IN002712,SBIN,State Bank of India,NSE,FINANCE,09-05-2022,591.53,593.41,547.47,556.87,559.03,3672160,273989.53,10.66,3.98,3.817,1.32,808.32,506.37,2.3,SECTORAL_PORTFOLIO,BUY,81,679.14,INR
IN002802,SBIN,State Bank of India,NSE,FINANCE,09-05-2022,605.1,634.8,593.07,620,630.57,1472394,353592.77,65.32,8.81,2.096,0.735,720.47,558.83,5.1,SECTORAL_PORTFOLIO,BUY,537,705.4,INR
IN002531,SUNPHARMA,Sun Pharmaceutical,BSE,PHARMACEUTICALS,09-05-2022,1142.12,1188.8,1125.76,1187.41,1140.7,1675764,930165.41,13.28,6.91,2.513,1.416,1661.45,909.57,1.2,NIFTY50_PORTFOLIO,BUY,196,901.84,INR
IN002553,SUNPHARMA,Sun Pharmaceutical,BSE,PHARMACEUTICALS,09-05-2022,1149.4,1180.03,1052.91,1076.19,1108.84,3372412,692264.72,46.88,7.98,3.981,1.93,1399.41,868.14,1.2,NIFTY50_PORTFOLIO,BUY,21,1347.37,INR
IN002600,SUNPHARMA,Sun Pharmaceutical,BSE,PHARMACEUTICALS,09-05-2022,1151.1,1175.14,1064.43,1080.82,1104.86,2736059,414554.78,29.1,2.67,2.872,0.746,1475.52,765.32,0,NIFTY50_PORTFOLIO,BUY,1683,1333,INR
IN003612,SUNPHARMA,Sun Pharmaceutical,BSE,PHARMACEUTICALS,09-05-2022,1252.29,1320,1232.62,1300.21,1268.31,646098,1198822.87,49.92,6.47,1.07,1.398,1633,877.09,1.2,MIDCAP_PORTFOLIO,BUY,187,909.02,INR
IN000048,ULTRACEMCO,UltraTech Cement,BSE,INFRASTRUCTURE,09-05-2022,9911.47,10170.1,9353.4,9560.69,9562.02,356160,7327451.83,31.58,6.45,3.745,0.772,11292.81,8719.22,2.3,NIFTY50_PORTFOLIO,SELL,1481,7386.61,INR
IN000052,ULTRACEMCO,UltraTech Cement,BSE,INFRASTRUCTURE,09-05-2022,9133.57,9393.26,8512.36,8660.48,8516.15,4293045,2146636.77,42.82,11.78,3.383,1.628,12632.34,6312.73,1.2,NIFTY50_PORTFOLIO,HOLD,612,10919.12,INR
IN001946,BAJFINANCE,Bajaj Finance,NSE,NBFC,10-05-2022,6983.43,7119.03,6833.35,6961.42,7208.15,2543310,5525291.21,66.82,12.21,0.163,0.747,7676.14,6378.44,2.3,SECTORAL_PORTFOLIO,SELL,243,7503.61,INR
IN003578,LT,Larsen & Toubro,NSE,INFRASTRUCTURE,10-05-2022,3127.81,3255.84,3099.96,3220.73,3245.59,626120,1126537.62,74.33,6.75,2.766,0.509,3491.47,2309.61,1.2,MIDCAP_PORTFOLIO,BUY,1817,3183.64,INR
IN003595,LT,Larsen & Toubro,NSE,INFRASTRUCTURE,10-05-2022,3225.54,3282.12,3059.51,3130.96,3217.47,2675487,1011261.05,30.58,1.99,1.168,1.36,3953.7,2537.6,0,SECTORAL_PORTFOLIO,BUY,497,3779.78,INR
IN003598,LT,Larsen & Toubro,NSE,INFRASTRUCTURE,10-05-2022,3211.33,3439.01,3147.44,3389.3,3253.73,1136558,666278.29,41.64,1.71,1.834,0.825,3676.18,2397.12,2.3,SECTORAL_PORTFOLIO,BUY,416,3669.39,INR
IN003651,LT,Larsen & Toubro,NSE,INFRASTRUCTURE,10-05-2022,3275.35,3316.55,3240.11,3304.85,3295.62,3126950,2959323.23,41.64,8.51,2.419,0.466,3727.57,2386.09,5.1,MIDCAP_PORTFOLIO,BUY,992,3018.45,INR
IN003675,LT,Larsen & Toubro,NSE,INFRASTRUCTURE,10-05-2022,3043.13,3221.03,3022.71,3128.33,3044.35,2684609,3163645.2,45.71,2.23,1.461,1.052,4087.71,2741.84,2.3,SECTORAL_PORTFOLIO,HOLD,84,2692.47,INR
IN003690,LT,Larsen & Toubro,NSE,INFRASTRUCTURE,10-05-2022,3075.72,3129.65,2979.41,3058.72,3046.05,4029752,1166139,59.39,1.99,2.926,0.797,4379.32,2419.22,1.2,NIFTY50_PORTFOLIO,SELL,755,3391.26,INR
IN002867,ONGC,Oil & Natural Gas Corp,NSE,ENERGY,10-05-2022,270.78,293.72,263.79,288.35,282.79,1896861,143984.64,54.23,6.67,1.387,1.599,300.99,239.24,0.5,NIFTY50_PORTFOLIO,BUY,1849,270.55,INR
IN002882,ONGC,Oil & Natural Gas Corp,NSE,ENERGY,10-05-2022,268.15,268.15,252.63,253.33,258.22,1272928,144773.05,60.7,13.13,0.039,1.957,387.73,199.34,1.2,MIDCAP_PORTFOLIO,BUY,1559,259.69,INR
IN002899,ONGC,Oil & Natural Gas Corp,NSE,ENERGY,10-05-2022,273.49,278.94,266.24,266.55,268.01,3114665,264264.42,63.72,5.09,1.493,1.618,345.36,239.19,1.2,MIDCAP_PORTFOLIO,BUY,1523,305.84,INR
IN002911,ONGC,Oil & Natural Gas Corp,NSE,ENERGY,10-05-2022,278.7,286.47,269.02,274.93,284.68,3821712,29372.85,40.515,9.5,2.783,0.458,359.14,180.48,3.5,SECTORAL_PORTFOLIO,BUY,1964,309.09,INR
IN002960,ONGC,Oil & Natural Gas Corp,NSE,ENERGY,10-05-2022,278.6,287.11,271.44,281.73,273.87,332472,168155.26,40.515,10.74,2.922,1.977,389.63,191.09,0,SECTORAL_PORTFOLIO,BUY,1077,229.23,INR
IN004436,POWERGRID,Power Grid Corporation,BSE,UTILITIES,10-05-2022,238.66,239.73,226.17,231.07,225.89,199140,120024.76,11.34,12.62,1.713,0.709,344.87,192.28,2.3,SECTORAL_PORTFOLIO,SELL,1840,288.7,INR
IN004437,POWERGRID,Power Grid Corporation,BSE,UTILITIES,10-05-2022,246.39,248.33,231.24,234.61,228.53,4140541,54421.32,47.56,1.95,1.789,1.609,274.38,180.43,0,MIDCAP_PORTFOLIO,BUY,1646,198.84,INR
IN003826,ADANIENT,Adani Enterprises,NSE,CONGLOMERATE,12-05-2022,2732.63,2757.45,2541.19,2552.88,2490.37,4439986,1432991.55,51.96,6.68,2.304,1.023,3278.83,1845.23,5.1,NIFTY50_PORTFOLIO,BUY,707,3446.63,INR
IN003876,ADANIENT,Adani Enterprises,NSE,CONGLOMERATE,12-05-2022,2773.91,2874.01,2725.9,2794.79,2754.25,2922897,1195837.66,73.96,5.51,0.276,0.767,2951.47,2176.72,5.1,NIFTY50_PORTFOLIO,BUY,839,3048.64,INR
IN003926,ADANIENT,Adani Enterprises,NSE,CONGLOMERATE,12-05-2022,2815.16,2820.33,2738.81,2743.34,2814.98,3008010,738154.18,13.84,1.31,0.236,0.404,3058.64,2393.2,0,MIDCAP_PORTFOLIO,BUY,159,2639.7,INR
IN003939,ADANIENT,Adani Enterprises,NSE,CONGLOMERATE,12-05-2022,2834.71,2847.06,2781.47,2816.12,2853.7,2829010.5,2275625.28,74.64,9,0.444,1.867,3517.33,2420.13,5.1,SECTORAL_PORTFOLIO,BUY,585,3145.63,INR
IN004007,ADANIENT,Adani Enterprises,NSE,CONGLOMERATE,12-05-2022,2679.95,2689.35,2625.49,2688.01,2702.65,2037249,2372376.7,75.85,14.18,1.8295,1.566,3253.56,2570.67,3.5,SECTORAL_PORTFOLIO,HOLD,889,2371.02,INR
IN004008,ADANIENT,Adani Enterprises,NSE,CONGLOMERATE,12-05-2022,2899.19,3114.78,2849.62,3046.1,3066.68,4192048,1903555.83,12.14,9.71,0.99,1.117,3376.8,1790.46,0.5,MIDCAP_PORTFOLIO,SELL,764,3189.07,INR
IN000465,ASIANPAINT,Asian Paints,BSE,CONSUMER GOODS,12-05-2022,2950.8,3039.13,2826.15,2835.57,2783.07,4406844,198097.76,72.54,5.38,3.791,0.658,4134.63,2558.7,1.2,SECTORAL_PORTFOLIO,SELL,669,3312.68,INR
IN000484,ASIANPAINT,Asian Paints,BSE,CONSUMER GOODS,12-05-2022,3074.83,3164.94,3067.66,3085.06,3142.77,2477709,2191391.05,35.5,1.47,2.129,1.8,3638.38,2107.16,0.5,MIDCAP_PORTFOLIO,BUY,1226,3317.07,INR
IN000497,ASIANPAINT,Asian Paints,BSE,CONSUMER GOODS,12-05-2022,2938.7,3095.15,2925.68,3055.71,2968.47,1220490,1272068.21,60.73,6.03,0.562,1.72,3933.93,2315.24,0,SECTORAL_PORTFOLIO,BUY,1914,3220.41,INR
IN000527,ASIANPAINT,Asian Paints,BSE,CONSUMER GOODS,12-05-2022,3123.97,3151.93,3071.95,3128.45,3118.1,2897843,1573001.92,42.37,10.3,2.577,1.648,4137.04,2297.98,0,NIFTY50_PORTFOLIO,HOLD,1322,2958.21,INR
IN000535,ASIANPAINT,Asian Paints,BSE,CONSUMER GOODS,12-05-2022,2938.28,3007.5,2777.98,2798.55,2778.48,2308413,1955507.42,33.26,10.27,3.879,0.849,3932.89,2020.07,1.2,NIFTY50_PORTFOLIO,BUY,1347,3195.26,INR
IN000542,ASIANPAINT,Asian Paints,BSE,CONSUMER GOODS,12-05-2022,3065.14,3144.27,3027.68,3056.87,3064.42,1036726,2366496,66.64,14.43,2.748,0.955,3703.07,1822.93,0.5,SECTORAL_PORTFOLIO,BUY,849,2409.96,INR
IN000544,ASIANPAINT,Asian Paints,BSE,CONSUMER GOODS,12-05-2022,2957.03,3072.83,2879.08,2957.03,3149.77,1355039,2504992,21.7,12.39,2.887,0.98,3814.89,2698.97,3.5,SECTORAL_PORTFOLIO,BUY,1265,3065.46,INR
IN000584,ASIANPAINT,Asian Paints,BSE,CONSUMER GOODS,12-05-2022,3025.52,3030.23,2904.19,2958.39,2946.95,1265654,330813.25,61.4,5.65,3.459,1.205,3470.71,2315.1,5.1,NIFTY50_PORTFOLIO,HOLD,1265,2486.86,INR
IN000602,ASIANPAINT,Asian Paints,BSE,CONSUMER GOODS,12-05-2022,2893.29,2939.79,2838.64,2902.17,2875.08,463183,2687738,79.49,2.96,0.177,0.583,3671.18,2729.41,0.5,MIDCAP_PORTFOLIO,HOLD,1776,3664.79,INR
IN000605,ASIANPAINT,Asian Paints,BSE,CONSUMER GOODS,12-05-2022,3007.08,3134.6,2960.94,3051.43,3075.12,747264,1428216.54,42.37,11.04,0.048,1.617,3801.94,2440.57,2.3,SECTORAL_PORTFOLIO,SELL,1965,3541.91,INR
IN003927,AXISBANK,Axis Bank,BSE,FINANCE,12-05-2022,1102.99,1115.38,1033.97,1061.63,1061.9,4894440,347219.06,12.15,12.35,1.556,0.908,1224.16,817.91,0.5,NIFTY50_PORTFOLIO,BUY,1920,994.2,INR
IN000220,ONGC,Oil & Natural Gas Corp,NSE,ENERGY,12-05-2022,266.15,272.31,256.82,257.52,264.52,382444,46090.87,47.66,13.44,3.103,1.913,343.15,251.73,3.5,NIFTY50_PORTFOLIO,BUY,1157,322.39,INR
IN000229,ONGC,Oil & Natural Gas Corp,NSE,ENERGY,12-05-2022,269.88,271.52,259.66,269.88,263.17,4411758,166420.13,76.23,2.45,2.67,0.801,329.25,233.29,3.5,MIDCAP_PORTFOLIO,BUY,272,243.71,INR
IN000231,ONGC,Oil & Natural Gas Corp,NSE,ENERGY,12-05-2022,281.95,286.11,267.83,275.39,282.39,1577013,55366.5,40.515,12.46,1.94,1.114,389.95,208.31,1.2,NIFTY50_PORTFOLIO,BUY,1772,301.87,INR
IN000349,AXISBANK,Axis Bank,BSE,FINANCE,01-06-2022,1079.29,1155.58,1076.42,1153.76,1179.15,2593239,494928.89,53.58,9.84,3.926,0.419,1175.67,685.78,1.2,MIDCAP_PORTFOLIO,BUY,392,1299.49,INR
IN002374,MARUTI,Maruti Suzuki,BSE,AUTOMOBILE,01-06-2022,10088.37,10164.72,9635.86,9641.68,9570.46,4041479,7101037.96,30.81,6.72,2.87,1.247,13794.85,7795.25,3.5,NIFTY50_PORTFOLIO,HOLD,58,7695.67,INR
IN002390,MARUTI,Maruti Suzuki,BSE,AUTOMOBILE,01-06-2022,10161.81,10200.53,9832.77,9926.68,9552,455978,664474.04,56.08,4.86,1.136,0.894,10694.54,6511.59,3.5,SECTORAL_PORTFOLIO,BUY,1000,10372.4,INR
IN004562,SBIN,State Bank of India,NSE,FINANCE,01-06-2022,620.42,623.97,590.77,603.86,626.55,3234549,484240.8,60.1,8.05,0.649,1.421,669.39,423.65,0,NIFTY50_PORTFOLIO,BUY,739,508.33,INR
IN004651,TITAN,Titan Company,BSE,CONSUMER GOODS,01-06-2022,3368.68,3384.74,3222.84,3368.68,3266.85,1419983,1835830.275,48.74,8.97,3.613,1.658,4434.43,2156.14,2.3,MIDCAP_PORTFOLIO,HOLD,906,2695.11,INR
IN001884,HDFCBANK,HDFC Bank,NSE,FINANCE,04-06-2022,1646.71,1711.9,1625.19,1681.35,1620.91,454598,1220789.44,51.73,8.14,1.553,1.973,1894.11,1139.68,0,NIFTY50_PORTFOLIO,HOLD,582,1584.61,INR
IN003236,HDFCBANK,HDFC Bank,NSE,FINANCE,04-06-2022,1560.38,1583.78,1497.28,1516.55,1567.95,4723572,330099.78,41.99,12.05,3.65,1.526,1728.16,1374.31,1.2,NIFTY50_PORTFOLIO,BUY,615,1943.69,INR
IN004058,ICICIBANK,ICICI Bank,NSE,FINANCE,04-06-2022,933.54,983.98,920.6,964.97,936.04,879956,465804.57,28.52,10.37,1.912,1.168,1278.14,670.42,0,SECTORAL_PORTFOLIO,BUY,856,1071.15,INR
IN002411,INFY,Infosys,NSE,TECHNOLOGY,04-06-2022,1477.79,1477.79,1389.37,1418.24,1393.19,1115121,1466873.67,40.13,8.085,0.952,0.693,1730.76,1086.16,2.3,NIFTY50_PORTFOLIO,BUY,1006,1561.84,INR
IN002415,INFY,Infosys,NSE,TECHNOLOGY,04-06-2022,1463.14,1475.15,1325.01,1362.05,1332.7,2545469,420916.65,42.03,13.91,2.931,0.72,1623.34,1358.26,2.3,NIFTY50_PORTFOLIO,BUY,1707,1846.59,INR
IN002421,INFY,Infosys,NSE,TECHNOLOGY,04-06-2022,1519.78,1581.21,1491.48,1565.39,1572.07,1603340,1021237.82,52.47,4.79,0.852,0.432,1613.72,1363.96,0.5,MIDCAP_PORTFOLIO,SELL,1624,1735.94,INR
IN002465,INFY,Infosys,NSE,TECHNOLOGY,04-06-2022,1567.55,1585.98,1505.7,1514.09,1554.47,3354855,539218.57,71.91,14.67,2.654,1.237,1585.91,1112.56,2.3,NIFTY50_PORTFOLIO,BUY,35,1682.61,INR
IN004130,ULTRACEMCO,UltraTech Cement,BSE,INFRASTRUCTURE,04-06-2022,9769.4,10451.68,9590.63,10221.89,9849.63,4418270,1627273.75,78.21,11.58,2.996,1.797,13133.69,5974.56,5.1,MIDCAP_PORTFOLIO,BUY,316,8599.83,INR
IN004155,ULTRACEMCO,UltraTech Cement,BSE,INFRASTRUCTURE,04-06-2022,9281.15,9488.3,9043.89,9192.4,9283.72,4993424,7197448.8,43.495,1.39,3.463,0.451,10718.57,8805.5,0,NIFTY50_PORTFOLIO,BUY,1057,11700.41,INR
IN002200,HINDUNILVR,Hindustan Unilever,BSE,FMCG,05-06-2022,2584.36,2734.7,2550.13,2699.34,2669.2,2005198,697955.58,13.78,12.24,0.763,1.235,3078.74,2300.93,3.5,SECTORAL_PORTFOLIO,HOLD,1414,3014.37,INR
IN002215,HINDUNILVR,Hindustan Unilever,NSE,FMCG,05-06-2022,2376.7,2433.11,2263.41,2376.7,2391.91,631716,1456919.38,64.62,11.51,1.417,0.828,2978.74,2012.09,2.3,MIDCAP_PORTFOLIO,BUY,1654,2189.62,INR
IN003553,MARUTI,Maruti Suzuki,BSE,AUTOMOBILE,05-06-2022,9965.21,10815.58,9759.17,10585.01,10754.35,4511557,1166635.23,72.14,13.11,3.301,1.559,13704.75,6557.42,0,NIFTY50_PORTFOLIO,BUY,159,11721.34,INR
IN003560,MARUTI,Maruti Suzuki,BSE,AUTOMOBILE,05-06-2022,10059.8,10387.94,9901.52,10059.8,10557.18,4188818,5977682.8,21.87,3.07,1.621,1.939,12617.31,9366.95,2.3,SECTORAL_PORTFOLIO,HOLD,1950,9267.06,INR
IN003564,MARUTI,Maruti Suzuki,BSE,AUTOMOBILE,05-06-2022,9787.24,9915.36,9683.1,9806.86,9721.78,1538470,5053589.54,48.55,6.61,0.869,1.825,10506.83,7449.64,3.5,MIDCAP_PORTFOLIO,HOLD,243,8209.29,INR
IN000451,POWERGRID,Power Grid Corporation,BSE,UTILITIES,05-06-2022,253.67,273.58,246.26,267.77,274.04,2292438,177856.94,63.8,8.84,1.853,1.81,332.02,221.84,1.2,NIFTY50_PORTFOLIO,HOLD,1570,217.07,INR
IN000495,POWERGRID,Power Grid Corporation,BSE,UTILITIES,05-06-2022,253.83,254.39,244.36,248.49,256.75,438145,152736.75,45.18,2.9,2.689,0.631,303.53,172.51,3.5,SECTORAL_PORTFOLIO,BUY,27,266.97,INR
IN002903,HCLTECH,HCL Technologies,NSE,TECHNOLOGY,06-06-2022,1443.55,1557.06,1410.67,1523.94,1479.61,524763,429366.67,41.4,8.71,1.836,1.606,1842.81,1053,2.3,NIFTY50_PORTFOLIO,BUY,1590,1374.39,INR
IN002909,HCLTECH,HCL Technologies,NSE,TECHNOLOGY,06-06-2022,1562.2,1584.21,1471.85,1562.2,1435.03,1360245,847567.58,43.76,12.76,2.546,1.39,1670.64,991.8,2.3,NIFTY50_PORTFOLIO,HOLD,815,1159.99,INR
IN002945,HCLTECH,HCL Technologies,NSE,TECHNOLOGY,06-06-2022,1525.9,1533.07,1437.59,1453.7,1453.26,4047896,271398.86,70.84,3.18,3.467,1.707,2057.85,1239.78,2.3,NIFTY50_PORTFOLIO,SELL,1895,1158.62,INR
IN002947,HCLTECH,HCL Technologies,NSE,TECHNOLOGY,06-06-2022,1533.72,1576.36,1475.46,1519.45,1537.57,4326739,847567.58,69.75,9.28,2.421,1.323,1712.95,1060.61,1.2,NIFTY50_PORTFOLIO,SELL,1089,1659.81,INR
IN002971,HCLTECH,HCL Technologies,NSE,TECHNOLOGY,06-06-2022,1557.36,1597.55,1503.4,1509.4,1488.59,2411753,1348430.55,16.69,10.93,2.437,1.196,1722.96,1091.06,3.5,MIDCAP_PORTFOLIO,BUY,577,1398.43,INR
IN000113,HDFCBANK,HDFC Bank,NSE,FINANCE,06-06-2022,1535.26,1568.98,1411.25,1440.52,1384.55,3018755,193018.99,19.55,11.08,1.979,0.874,2212.08,1440.52,5.1,MIDCAP_PORTFOLIO,SELL,514,1205.6,INR
IN003307,HINDUNILVR,Hindustan Unilever,NSE,FMCG,06-06-2022,2382.61,2416.28,2272.97,2336.39,2317.46,4498019,675759.5,21.14,3.71,1.956,0.401,3037.07,1609.46,0,SECTORAL_PORTFOLIO,BUY,1429,2562.16,INR
IN003321,HINDUNILVR,Hindustan Unilever,NSE,FMCG,06-06-2022,2558.87,2601.34,2411.49,2470.18,2511.36,2201200.5,1562151.12,71.54,5.23,1.016,1.549,3284.26,1922.08,0,SECTORAL_PORTFOLIO,BUY,1830,2044.14,INR
IN003692,INFY,Infosys,NSE,TECHNOLOGY,06-06-2022,1545.23,1587.31,1543.16,1558.36,1512.35,2388298,491399.97,61.31,3.11,1.111,1.133,2026.45,1341.68,2.3,MIDCAP_PORTFOLIO,BUY,255,1505.74,INR
IN003712,INFY,Infosys,NSE,TECHNOLOGY,06-06-2022,1504.68,1553.7,1497.56,1518.81,1557.1,2281329,535137.4,24.43,10.6,0.043,1.733,1787.75,1079.23,2.3,MIDCAP_PORTFOLIO,BUY,1031,1526.9,INR
IN001136,NESTLEIND,Nestle India,BSE,FMCG,06-06-2022,21333.15,23143.32,20916.24,22480.64,21776.84,2685226,12971193.87,26.37,13.26,3.411,1.311,28285,19386.71,1.2,NIFTY50_PORTFOLIO,BUY,1752,26094.71,INR
IN001138,NESTLEIND,Nestle India,BSE,FMCG,06-06-2022,21338.71,21793.12,20958.63,20988.91,21642.53,4822987,10759084.95,32.27,2.5,3.005,1.27,23575.71,19457.05,5.1,SECTORAL_PORTFOLIO,HOLD,1551,19542.94,INR
IN001143,NESTLEIND,Nestle India,BSE,FMCG,06-06-2022,22957.83,23540.01,22091.37,22957.83,22403.44,1186349,8122100.08,37.72,12.4,3.664,1.007,26516.75,18535.51,0.5,NIFTY50_PORTFOLIO,BUY,1537,16749.2,INR
IN004714,NESTLEIND,Nestle India,BSE,FMCG,06-06-2022,21137.77,21748.73,20882.07,21674.16,21004.14,3139323,10759084.95,28.03,12.65,0.928,1.843,30368.97,18965.98,3.5,MIDCAP_PORTFOLIO,BUY,1411,18000.97,INR
IN001801,TCS,Tata Consultancy Services,NSE,TECHNOLOGY,06-06-2022,3449.63,3690,3412.14,3449.63,3635.42,2373145,3145962.76,58.55,9.07,3.616,1.454,3922.28,3160.02,2.3,MIDCAP_PORTFOLIO,HOLD,998,2872.89,INR
IN002708,TECHM,Tech Mahindra,NSE,TECHNOLOGY,06-06-2022,1251.28,1273.22,1173.15,1208.17,1240.76,2544318,1237382.77,78.13,13.73,2.436,1.627,1538.3,1050.05,1.2,SECTORAL_PORTFOLIO,HOLD,1601,1265.69,INR
IN002716,TECHM,Tech Mahindra,NSE,TECHNOLOGY,06-06-2022,1274.84,1318.09,1254.33,1306.7,1306.87,1025207,1188951.05,18.09,4.35,2.559,0.916,1615.76,1097.65,0.5,MIDCAP_PORTFOLIO,SELL,1095,1301.74,INR
IN001451,ASIANPAINT,Asian Paints,BSE,CONSUMER GOODS,07-06-2022,3052.99,3227.09,2965.04,3224.86,3165.69,2530314,1889723.37,33.23,11.31,0.053,0.457,4025.84,2105.68,3.5,NIFTY50_PORTFOLIO,BUY,1838,2281.55,INR
IN002471,INFY,Infosys,NSE,TECHNOLOGY,07-06-2022,1456.49,1511.93,1424.46,1498.35,1474.13,3711441,928863.02,55.31,3.42,1.61,1.977,1735.57,1048.39,2.3,NIFTY50_PORTFOLIO,BUY,1972,1537.41,INR
IN002475,INFY,Infosys,NSE,TECHNOLOGY,07-06-2022,1518.18,1527.35,1396.94,1415.07,1375.67,4094693,917758.7,23.96,8.98,1.888,0.625,1710.86,1010.45,3.5,SECTORAL_PORTFOLIO,HOLD,563,1595.31,INR
IN002483,INFY,Infosys,NSE,TECHNOLOGY,07-06-2022,1538.06,1566.42,1459.37,1496.84,1481.7,4063155,1347616.41,9.63,14.41,1.888,0.977,1822.9,1394.95,2.3,NIFTY50_PORTFOLIO,BUY,1065,1379.55,INR
IN002513,INFY,Infosys,NSE,TECHNOLOGY,07-06-2022,1475.35,1516.57,1404.26,1447.63,1475.99,3527714,871292.47,21.28,8.085,3.851,0.816,1968.07,1197.55,1.2,NIFTY50_PORTFOLIO,BUY,426,1849.35,INR
IN002559,INFY,Infosys,NSE,TECHNOLOGY,07-06-2022,1460.9,1500.19,1374.67,1411.92,1399.85,1986991,794242.47,74.93,10.67,3.144,1.868,2003.12,1411.92,5.1,MIDCAP_PORTFOLIO,BUY,101,1872.98,INR
IN002575,INFY,Infosys,NSE,TECHNOLOGY,07-06-2022,1571.97,1577.29,1526.29,1530.62,1556.83,4058465,749466.36,44.92,6.8,1.761,1.54,1771.87,1011.09,0.5,NIFTY50_PORTFOLIO,BUY,1848,1631.51,INR
IN002621,INFY,Infosys,NSE,TECHNOLOGY,07-06-2022,1500.01,1526.42,1457.76,1467.04,1519.24,602302,794242.47,68.3,14.14,1.75,0.461,1786.4,1151.68,3.5,SECTORAL_PORTFOLIO,HOLD,439,1471.3,INR
IN003720,INFY,Infosys,NSE,TECHNOLOGY,07-06-2022,1523.43,1554.88,1502.77,1512.86,1460.54,2190155,708970.72,41.78,14.91,0.62,1.627,1814.58,1140.79,0,MIDCAP_PORTFOLIO,BUY,1344,1603.19,INR
IN003746,INFY,Infosys,NSE,TECHNOLOGY,07-06-2022,1561.25,1602.35,1430.85,1456.28,1507.31,1241078,865396.95,23.65,11.64,2.828,0.436,1859.76,940.99,2.3,SECTORAL_PORTFOLIO,BUY,1154,1475.81,INR
IN004250,INFY,Infosys,NSE,TECHNOLOGY,07-06-2022,1468.61,1509.88,1426.59,1439.48,1405.17,2115380,699654.77,22.59,5.16,1.167,1.871,1911.36,1158.17,0.5,NIFTY50_PORTFOLIO,BUY,61,1278.8,INR
IN004260,INFY,Infosys,NSE,TECHNOLOGY,07-06-2022,1555.27,1593.76,1552,1575.91,1534.93,4804646,1375329.24,48.27,4.55,3.42,1.567,1803.51,1152.22,0.5,MIDCAP_PORTFOLIO,SELL,1525,1641.32,INR
IN004286,INFY,Infosys,NSE,TECHNOLOGY,07-06-2022,1529.01,1578.33,1513.2,1571.76,1594.58,94049,774564.52,25.28,8.76,1.191,1.988,1973.02,983.34,1.2,NIFTY50_PORTFOLIO,BUY,1645,1451.76,INR
IN004549,MARUTI,Maruti Suzuki,BSE,AUTOMOBILE,07-06-2022,10065.03,10630.35,9916.37,10478.34,10266.09,2210413,2117936.37,11.53,12.28,0.817,0.47,11272.82,8215.65,2.3,SECTORAL_PORTFOLIO,BUY,1132,8754.01,INR
IN004613,MARUTI,Maruti Suzuki,BSE,AUTOMOBILE,07-06-2022,9570.37,9804.48,9022.92,9168.84,9044.66,1769417,7230013.99,41.06,11.11,1.942,1.758,11251.94,6965.84,3.5,NIFTY50_PORTFOLIO,BUY,1156,12128.11,INR
IN004625,MARUTI,Maruti Suzuki,BSE,AUTOMOBILE,07-06-2022,9625.52,10455.64,9519.81,9625.52,10250.74,1465095,4746432.34,33.21,7.84,2.885,1.473,13770.18,7071.09,5.1,SECTORAL_PORTFOLIO,BUY,1293,8435.41,INR
IN004660,MARUTI,Maruti Suzuki,BSE,AUTOMOBILE,07-06-2022,9682.94,9940.6,9544.02,9547.32,9251.84,1132142,2892147.27,75.01,3,1.866,0.958,13547.02,7477.82,5.1,SECTORAL_PORTFOLIO,BUY,629,7739.56,INR
IN001523,NESTLEIND,Nestle India,BSE,FMCG,07-06-2022,22708.9,23073.29,21188.87,21535.37,21434.97,1016208,19605811.84,21.82,3.38,0.346,0.776,28908.84,16582.59,3.5,NIFTY50_PORTFOLIO,BUY,1923,26879.22,INR
IN001734,AXISBANK,Axis Bank,BSE,FINANCE,09-06-2022,1079.34,1114.1,1065.5,1106.1,1138.03,3621765,702354.08,36.35,5.67,0.479,1.644,1363.58,945.8,2.3,NIFTY50_PORTFOLIO,SELL,1409,1076.44,INR
IN001812,AXISBANK,Axis Bank,BSE,FINANCE,09-06-2022,1137.02,1158.68,1098.43,1125.77,1121.96,1504304,640012.73,59.23,12.04,1.135,1.454,1499.36,731.49,0,NIFTY50_PORTFOLIO,BUY,331,1188.2,INR
IN001832,AXISBANK,Axis Bank,BSE,FINANCE,09-06-2022,1109.1,1152.94,1096,1151.02,1192.69,4135287,315838.06,41.47,4.46,1.087,1.308,1418.97,921.57,2.3,MIDCAP_PORTFOLIO,HOLD,1800,963.72,INR
IN001842,AXISBANK,Axis Bank,BSE,FINANCE,09-06-2022,1075.76,1097.14,1001,1004.29,976.26,4333942,85637.12,21.85,12.52,0.133,1.651,1262.08,1004.29,3.5,SECTORAL_PORTFOLIO,HOLD,1982,945.81,INR
IN001843,AXISBANK,Axis Bank,BSE,FINANCE,09-06-2022,1060,1106.02,1037.89,1081.18,1119.28,1686687,529913.03,41.47,3.28,1.144,0.997,1376.75,976.33,0.5,NIFTY50_PORTFOLIO,SELL,1671,1313.02,INR
IN001856,AXISBANK,Axis Bank,BSE,FINANCE,09-06-2022,1087.66,1099.53,1001.44,1087.66,1005.28,2122270,300381.34,70.5,8.68,3.46,1.463,1447.34,795.44,5.1,SECTORAL_PORTFOLIO,SELL,1320,1108.91,INR
IN001861,AXISBANK,Axis Bank,BSE,FINANCE,09-06-2022,1079.76,1160.54,1070.47,1079.76,1100.81,4951503,201618.46,52.31,5.32,1.616,1.259,1329.67,800.77,2.3,NIFTY50_PORTFOLIO,BUY,331,1326.47,INR
IN001871,AXISBANK,Axis Bank,BSE,FINANCE,09-06-2022,1075.95,1101.92,1050.24,1095.99,1080.22,2552077,730490.4,60.59,7.24,2.875,1.259,1260.46,842.2,2.3,SECTORAL_PORTFOLIO,BUY,963,1138.09,INR
IN001882,AXISBANK,Axis Bank,BSE,FINANCE,09-06-2022,1152.93,1168.4,1059.35,1152.93,1055.25,1023929,529913.03,75.29,4.3,0.078,0.798,1216.16,798.91,0.5,SECTORAL_PORTFOLIO,BUY,1823,1242.54,INR
IN003464,INFY,Infosys,NSE,TECHNOLOGY,09-06-2022,1466.87,1496.8,1350.94,1370.04,1387.54,4741437,832179,31.76,12.86,0.354,1.586,1820.22,922.4,0,NIFTY50_PORTFOLIO,BUY,1095,1743.87,INR
IN001581,NTPC,NTPC Limited,NSE,UTILITIES,09-06-2022,366.71,384.25,362.83,374.26,383.88,4644388,19027.72,46.25,1.68,3.665,1.66,434.71,249.14,0,NIFTY50_PORTFOLIO,BUY,273,274.2,INR
IN001595,NTPC,NTPC Limited,NSE,UTILITIES,09-06-2022,343.92,359.25,334.3,357.22,345.66,1378854,75264.97,13.32,10.85,2.035,0.691,435.84,309.11,2.3,NIFTY50_PORTFOLIO,SELL,1004,280.65,INR
IN001625,NTPC,NTPC Limited,NSE,UTILITIES,09-06-2022,355.42,360.23,341.44,342.94,351.74,4392887,110473.47,44.69,3.44,2.922,1.569,373.35,267.84,0.5,MIDCAP_PORTFOLIO,HOLD,1177,337.91,INR
IN001639,NTPC,NTPC Limited,NSE,UTILITIES,09-06-2022,362.35,384.79,353.84,377.06,381.59,3362766,34402.08,40.435,13.9,1.954,0.576,377.06,237.39,0.5,NIFTY50_PORTFOLIO,SELL,1722,274.95,INR
IN001654,NTPC,NTPC Limited,NSE,UTILITIES,09-06-2022,361.41,363.72,346.94,356.37,365.47,129146,307647.08,22.47,7.9,3.028,1.799,390.93,311.69,0.5,NIFTY50_PORTFOLIO,BUY,999,395.48,INR
IN001662,NTPC,NTPC Limited,NSE,UTILITIES,09-06-2022,361.37,364.8,328.54,337.82,326.59,2643715,130173.17,40.435,11.57,3.21,1.0765,452.21,240.97,1.2,MIDCAP_PORTFOLIO,HOLD,297,321.28,INR
IN001664,NTPC,NTPC Limited,NSE,UTILITIES,09-06-2022,351.82,365.28,345.77,365.04,370.97,3936141,230713.05,70.28,9.79,0.814,1.71,421.22,221.72,1.2,MIDCAP_PORTFOLIO,BUY,1746,395.71,INR
IN001686,NTPC,NTPC Limited,NSE,UTILITIES,09-06-2022,357.89,383.32,347.62,382.47,376.04,4749791,46928.87,30.31,4.77,1.989,1.284,473.45,246.3,3.5,NIFTY50_PORTFOLIO,BUY,478,398.99,INR
IN001703,NTPC,NTPC Limited,NSE,UTILITIES,09-06-2022,340.91,350.42,332.53,344.72,355.13,1173689,74844.89,25.11,10.73,0.399,1.234,444.44,230.1,2.3,NIFTY50_PORTFOLIO,BUY,1833,384.05,INR
IN001708,NTPC,NTPC Limited,NSE,UTILITIES,09-06-2022,358.01,361.51,346.8,356.58,355.3,4664600,280617.97,9.08,6.51,2.066,0.655,418.42,308.43,1.2,NIFTY50_PORTFOLIO,HOLD,1841,363.53,INR
IN001718,NTPC,NTPC Limited,NSE,UTILITIES,09-06-2022,334.41,343.37,333.61,340.82,350.76,2394789.5,334665.52,29.59,2.23,3.915,1.0765,432.56,265.26,1.2,SECTORAL_PORTFOLIO,BUY,1249,387.25,INR
IN001733,NTPC,NTPC Limited,NSE,UTILITIES,09-06-2022,347.58,367.23,342.61,363.35,356.72,4351209,141391.36,49.39,13.43,0.172,1.0765,430.26,246.97,2.3,MIDCAP_PORTFOLIO,BUY,51,325.85,INR
IN004877,ONGC,Oil & Natural Gas Corp,NSE,ENERGY,09-06-2022,286.69,310.52,278.9,302.05,303.28,3781491,118888.58,14.83,1.49,2.735,0.52,322,215.32,3.5,NIFTY50_PORTFOLIO,HOLD,1797,240.97,INR
IN004890,ONGC,Oil & Natural Gas Corp,NSE,ENERGY,09-06-2022,291.58,305.93,283.65,302,293.28,3297270,250774.33,61.45,10.28,3.215,1.085,302,194.99,0.5,NIFTY50_PORTFOLIO,BUY,1160,343.75,INR
IN002865,TECHM,Tech Mahindra,NSE,TECHNOLOGY,09-06-2022,1248.81,1256.94,1187.6,1223.87,1229.96,1314842,661623.79,34.41,4.64,1.921,0.811,1647.65,1198.32,3.5,SECTORAL_PORTFOLIO,BUY,747,1440.63,INR
IN002874,TECHM,Tech Mahindra,NSE,TECHNOLOGY,09-06-2022,1273.8,1287.66,1182.19,1195.54,1202.04,4065047,661623.79,23.99,1.64,3.242,0.961,1599.06,1184.86,5.1,SECTORAL_PORTFOLIO,BUY,1309,1213.99,INR
IN001188,ICICIBANK,ICICI Bank,NSE,FINANCE,10-06-2022,933.89,973.12,928.82,951.38,915.29,1783330,371892.8,55.51,4.4,1.217,1.189,998.04,686.05,0,SECTORAL_PORTFOLIO,BUY,1390,1172.83,INR
IN004741,TITAN,Titan Company,BSE,CONSUMER GOODS,10-06-2022,3567.24,3753.45,3551.21,3664.88,3788.69,1345083,2646179.26,44.08,14.43,1.366,0.697,4377.35,2651.65,2.3,NIFTY50_PORTFOLIO,BUY,330,3123.36,INR
IN004750,TITAN,Titan Company,BSE,CONSUMER GOODS,10-06-2022,3540.68,3574.7,3276.75,3352.29,3460.27,1664969,2889188.79,78.34,7.88,3.355,1.442,4658.02,2866.63,2.3,SECTORAL_PORTFOLIO,BUY,1354,4182.87,INR
IN001113,ADANIENT,Adani Enterprises,NSE,PHARMACEUTICALS,12-06-2022,2791.47,2794.55,2657.64,2735.13,2830.41,919947,593048.93,53.69,9.83,1.123,1.527,3011.58,1852.25,2.3,MIDCAP_PORTFOLIO,BUY,1350,2300.21,INR
IN001036,ASIANPAINT,Asian Paints,BSE,CONSUMER GOODS,12-06-2022,3129.19,3371.8,3096.2,3278.6,3337.8,114627,1583748.83,56.08,11.66,3.054,1.209,4135.73,2417.66,2.3,NIFTY50_PORTFOLIO,BUY,837,3601.54,INR
IN001046,ASIANPAINT,Asian Paints,BSE,CONSUMER GOODS,12-06-2022,2990.02,3120.55,2913.12,3080.85,3175.21,174825,1583748.83,77.64,11.22,1.655,0.447,3996.09,2452.59,5.1,SECTORAL_PORTFOLIO,BUY,1870,2467.9,INR
IN001418,BHARTIARTL,Bharti Airtel,NSE,TELECOMMUNICATION,12-06-2022,863.78,875.28,837.69,850.12,844.58,2441583,51225.9,62.62,4.7,0.08,1.499,993.89,554.59,3.5,NIFTY50_PORTFOLIO,HOLD,1591,943.55,INR
IN001485,ICICIBANK,ICICI Bank,NSE,FINANCE,12-06-2022,926.79,931.18,874.65,876.11,846.44,4390449,578693.18,13.39,14.37,1.855,1.532,1064.14,830.26,2.3,NIFTY50_PORTFOLIO,BUY,1246,1129.75,INR
IN003498,NTPC,NTPC Limited,NSE,UTILITIES,12-06-2022,346.72,356.76,336.85,354.54,366.43,1653057,90082.55,19.9,13.18,2.035,1.479,470.58,331.11,0.5,MIDCAP_PORTFOLIO,HOLD,943,278,INR
IN003533,NTPC,NTPC Limited,NSE,UTILITIES,12-06-2022,347.97,377.66,344.74,368.88,354.81,3261785,96178.81,15.77,14.83,3.033,0.538,461.94,258.36,2.3,SECTORAL_PORTFOLIO,BUY,1937,322.43,INR
IN001442,ONGC,Oil & Natural Gas Corp,NSE,ENERGY,12-06-2022,283.5,308.66,281.86,302.84,295.24,3492411,275680.95,38.76,14.04,2.916,0.541,361.01,203.05,0.5,NIFTY50_PORTFOLIO,BUY,682,288.46,INR
IN001480,ONGC,Oil & Natural Gas Corp,NSE,ENERGY,12-06-2022,282.31,284.9,272.64,280.82,287.49,2919108,261771.04,76.25,6.04,0.367,1.06,366.12,258.19,0.5,MIDCAP_PORTFOLIO,HOLD,1149,280.39,INR
IN002387,RELIANCE,Reliance Industries,NSE,ENERGY,12-06-2022,2164.41,2206.96,2110.31,2206.72,2127.76,182774,1412349.14,75.41,8.545,1.781,1.377,2533.74,1430.19,2.3,MIDCAP_PORTFOLIO,BUY,850,1904.27,INR
IN002423,RELIANCE,Reliance Industries,NSE,ENERGY,12-06-2022,2218.16,2251.32,2171.12,2214.66,2257.3,828443,936685.14,79.54,11.65,1.574,1.597,3045.84,1492.11,0.5,NIFTY50_PORTFOLIO,SELL,1235,2535.48,INR
IN000699,TECHM,Tech Mahindra,NSE,TECHNOLOGY,12-06-2022,1267.44,1290.25,1233.84,1273.03,1255.11,2815788,360725.91,57.64,6.64,1.221,0.518,1368.89,1044.25,1.2,MIDCAP_PORTFOLIO,BUY,1301,1161.12,INR
IN000702,TECHM,Tech Mahindra,NSE,TECHNOLOGY,12-06-2022,1352.21,1380.26,1271.62,1278.68,1301.44,4035941,170867.47,67.12,6.12,0.12,1.218,1766.82,1155.45,0.5,SECTORAL_PORTFOLIO,BUY,1511,1230.01,INR
IN000384,ULTRACEMCO,UltraTech Cement,BSE,INFRASTRUCTURE,12-06-2022,9870.39,10139.52,9453.68,9607.4,9646.96,2007947,9240135.8,22.41,6.09,3.571,1.72,11827.63,9005.6,2.3,MIDCAP_PORTFOLIO,BUY,90,11220.37,INR
IN000402,ULTRACEMCO,UltraTech Cement,BSE,INFRASTRUCTURE,12-06-2022,9598.66,9669.74,9408.84,9582.59,9403.4,3102408,8016734.47,35.05,3.56,3.249,0.699,13295.44,6555.5,0,NIFTY50_PORTFOLIO,HOLD,448,10877.99,INR
IN004963,NTPC,NTPC Limited,NSE,UTILITIES,01-07-2022,367.03,378.15,363.43,371.57,365.49,3354880,150010.31,65.02,4.57,1.292,1.141,462.83,317.98,1.2,NIFTY50_PORTFOLIO,HOLD,409,403.15,INR
IN004263,ONGC,Oil & Natural Gas Corp,NSE,ENERGY,01-07-2022,285.55,304.54,277.37,295.81,287.61,2491754,168155.26,38.03,14.77,3.148,1.397,341.77,245.15,0,MIDCAP_PORTFOLIO,BUY,1226,240.87,INR
IN001106,ICICIBANK,ICICI Bank,NSE,FINANCE,02-07-2022,966.96,1012.6,959.1,995.76,1004.39,2361223,465804.57,68.14,4.19,2.345,1.205,1088,646.56,1.2,MIDCAP_PORTFOLIO,SELL,168,746.96,INR
IN001156,ICICIBANK,ICICI Bank,NSE,FINANCE,02-07-2022,977.34,1001.66,965.08,983.73,1003.98,2060587,815146.43,24.62,4.25,2.972,1.455,1225.08,783.47,0,NIFTY50_PORTFOLIO,BUY,1442,1137.14,INR
IN004146,ONGC,Oil & Natural Gas Corp,NSE,ENERGY,02-07-2022,266.38,270.7,249.19,256.16,254.61,1763914,270520.25,59.46,10.82,0.379,1.601,343.93,214.18,1.2,SECTORAL_PORTFOLIO,BUY,760,214.54,INR
IN004207,ONGC,Oil & Natural Gas Corp,NSE,ENERGY,02-07-2022,280.45,283.71,275.42,276.23,271.26,2203877,52038.47,73.46,11.23,2.037,0.917,324.34,250.73,0.5,SECTORAL_PORTFOLIO,BUY,747,339.71,INR
IN004999,ASIANPAINT,Asian Paints,BSE,CONSUMER GOODS,03-07-2022,3081.31,3099.11,2876.77,2965.57,2972.19,2530314,2692638.85,74.5,14.24,3.983,1.012,3188.26,2092.31,0.5,MIDCAP_PORTFOLIO,BUY,1067,2725.48,INR
IN004597,BHARTIARTL,Bharti Airtel,NSE,TELECOMMUNICATION,03-07-2022,915.35,950.15,911.45,946.65,910.77,1640947,582101.3,58.91,8.08,0.311,1.686,1071.47,829.75,3.5,SECTORAL_PORTFOLIO,HOLD,772,868.33,INR
IN004611,BHARTIARTL,Bharti Airtel,NSE,TELECOMMUNICATION,03-07-2022,911.19,985.86,900.19,972.73,981.39,2849621,896935.36,65.33,10.18,3.974,1.791,1237.09,686.95,1.2,SECTORAL_PORTFOLIO,BUY,1946,832.56,INR
IN004612,BHARTIARTL,Bharti Airtel,NSE,TELECOMMUNICATION,03-07-2022,913.8,931.66,871.89,897.96,923.12,4764245,276919.5,53.23,10.94,3.016,1.419,1053.14,711.17,2.3,SECTORAL_PORTFOLIO,HOLD,1298,997.96,INR
IN004713,BHARTIARTL,Bharti Airtel,NSE,TELECOMMUNICATION,03-07-2022,912.92,996.09,889.23,969.41,932.08,2899808,313865.07,53.94,12.27,2.056,1.196,972.55,810.46,2.3,MIDCAP_PORTFOLIO,BUY,1598,684.97,INR
IN004009,HCLTECH,HCL Technologies,NSE,TECHNOLOGY,03-07-2022,1542.25,1553.28,1516.4,1540.46,1487.35,3734485,1023608.47,41.4,8.71,1.646,0.97,1727.41,963.52,0.5,MIDCAP_PORTFOLIO,BUY,1259,1764.01,INR
IN004017,HCLTECH,HCL Technologies,NSE,TECHNOLOGY,03-07-2022,1506.11,1544.12,1394.84,1421.83,1447.69,955622,1432426.44,36.01,9.34,1.331,0.634,1823.27,984.11,5.1,SECTORAL_PORTFOLIO,SELL,1189,1336.84,INR
IN004864,ICICIBANK,ICICI Bank,NSE,FINANCE,03-07-2022,925.38,952.54,892.36,895.42,917.61,3444069,551287.58,44.16,8.63,2.399,1.627,1040.05,719.19,2.3,MIDCAP_PORTFOLIO,BUY,855,1058.19,INR
IN004906,ICICIBANK,ICICI Bank,NSE,FINANCE,03-07-2022,977.22,981.25,928.75,955.95,928.71,2361223,881687.91,20.84,14.12,1.216,1.189,1327.47,703.96,1.2,SECTORAL_PORTFOLIO,HOLD,223,1155.63,INR
IN004918,ICICIBANK,ICICI Bank,NSE,FINANCE,03-07-2022,905.24,932.06,888.85,905.44,894.29,913356,90366.27,22.96,13.3,3.001,0.639,1130.19,828.47,0.5,MIDCAP_PORTFOLIO,BUY,1740,825.53,INR
IN003098,KOTAKBANK,Kotak Mahindra Bank,NSE,FINANCE,03-07-2022,1739.45,1783.45,1689.68,1774.79,1746.53,2053756,1088795.63,25.25,6.7,2.925,0.78,2201.1,1335.97,0.5,MIDCAP_PORTFOLIO,SELL,1508,1434.55,INR
IN003105,KOTAKBANK,Kotak Mahindra Bank,BSE,FINANCE,03-07-2022,1869.96,1981.85,1857.98,1931.92,1892.69,1447791,1327145.26,24.03,4.65,0.361,1.305,1936.16,1541.14,0,SECTORAL_PORTFOLIO,SELL,678,1745,INR
IN003105,KOTAKBANK,Kotak Mahindra Bank,NSE,FINANCE,03-07-2022,1869.96,1981.85,1857.98,1931.92,1892.69,1447791,1327145.26,24.03,4.65,0.361,1.305,1936.16,1541.14,0,SECTORAL_PORTFOLIO,SELL,678,1745,INR
IN003109,KOTAKBANK,Kotak Mahindra Bank,NSE,FINANCE,03-07-2022,1771.59,1891.68,1755.99,1855.49,1840.96,1513628,858293.41,52.47,1.36,2.741,0.906,2501.37,1084.84,2.3,NIFTY50_PORTFOLIO,SELL,1909,1537.53,INR
IN000488,HCLTECH,HCL Technologies,NSE,TECHNOLOGY,04-07-2022,1487.79,1513.29,1438.33,1444.71,1483.66,1761545,1184682.88,57.78,7.82,1.35,0.683,2051.96,1183.23,0.5,MIDCAP_PORTFOLIO,BUY,1134,1477.3,INR
IN000507,HCLTECH,HCL Technologies,NSE,TECHNOLOGY,04-07-2022,1477.03,1560.31,1448.82,1545.88,1572.12,2411753,847567.58,17.78,11.61,0.712,1.977,2008.59,901.01,1.2,NIFTY50_PORTFOLIO,HOLD,447,1133.67,INR
IN001028,NESTLEIND,Nestle India,BSE,FMCG,04-07-2022,22065.37,22296.96,20092.14,20692.78,21217.01,2518170,8830024.78,26.66,14.22,1.018,1.758,29578.04,17926.9,2.3,NIFTY50_PORTFOLIO,BUY,1602,23905.57,INR
IN001034,NESTLEIND,Nestle India,BSE,FMCG,04-07-2022,23026.4,23348.41,22609.51,22750.71,22837.08,3756338,13189620.11,52.13,14.36,1.197,1.925,26004.13,15850.97,3.5,SECTORAL_PORTFOLIO,BUY,895,16864.8,INR
IN001041,NESTLEIND,Nestle India,BSE,FMCG,04-07-2022,22638.03,23097.4,21335.41,21651.96,21369.39,4757533,8963859.05,79.82,7.22,3.822,0.99,26297.87,15743.98,1.2,SECTORAL_PORTFOLIO,SELL,374,21327.97,INR
IN004079,NTPC,NTPC Limited,NSE,UTILITIES,04-07-2022,361.37,366.65,342.4,346.9,333.16,2527533,185815.98,65.04,14.05,2.587,0.97,373.09,244.45,1.2,NIFTY50_PORTFOLIO,SELL,1330,374.31,INR
IN001437,TITAN,Titan Company,BSE,CONSUMER GOODS,04-07-2022,3503.1,3542.55,3291.53,3303.72,3320.48,609498,522896.85,62.78,10.8,0.034,0.612,3824.47,3075.37,2.3,NIFTY50_PORTFOLIO,BUY,1648,3050.28,INR
IN001458,TITAN,Titan Company,BSE,CONSUMER GOODS,04-07-2022,3563.62,3666.76,3509.04,3613.64,3691.48,4412223,1129955.34,35.39,4.45,1.16,1.086,4197.42,2684.89,2.3,SECTORAL_PORTFOLIO,HOLD,1405,2715.25,INR
IN001092,ASIANPAINT,Asian Paints,BSE,CONSUMER GOODS,06-07-2022,3110.98,3194.22,3097.73,3128.91,3149.75,805495,1194360.15,79.14,1.15,3.182,0.431,3669.26,2809.65,0.5,MIDCAP_PORTFOLIO,SELL,1659,2958.01,INR
IN004842,BHARTIARTL,Bharti Airtel,NSE,TELECOMMUNICATION,06-07-2022,897.44,922.89,849.79,853.49,837.52,4036874,667565.5,48.025,1.67,0.726,1.083,1015.15,562.64,3.5,MIDCAP_PORTFOLIO,SELL,42,1106.03,INR
IN004249,HCLTECH,HCL Technologies,NSE,TECHNOLOGY,06-07-2022,1439.1,1474.76,1412.58,1451.14,1481.68,700898,1356461.98,41.4,12.81,1.489,1.433,1958.93,1004.63,0.5,NIFTY50_PORTFOLIO,BUY,1541,1741.15,INR
IN004270,HCLTECH,HCL Technologies,NSE,TECHNOLOGY,06-07-2022,1553.08,1562.51,1507.79,1531.54,1589.75,688428,1312212.45,56.18,10.09,3.376,1.43,1787.23,1196.42,1.2,SECTORAL_PORTFOLIO,BUY,1490,1688.7,INR
IN004296,HCLTECH,HCL Technologies,NSE,TECHNOLOGY,06-07-2022,1570.73,1610.77,1493.83,1528.08,1472.05,4616598,347759.9,59.74,5.94,1.836,1.95,1850.06,1009.98,3.5,SECTORAL_PORTFOLIO,BUY,1689,1679.7,INR
IN002385,SBIN,State Bank of India,NSE,FINANCE,06-07-2022,593.88,600.31,579.49,599.13,604.65,748673,289399.815,44,5.76,1.06,1.1655,696.65,517.89,0,SECTORAL_PORTFOLIO,HOLD,1446,703.11,INR
IN001644,ADANIENT,Adani Enterprises,NSE,CONGLOMERATE,07-07-2022,2802.28,2807.93,2604.25,2623.17,2718.27,2829010.5,601558.97,19.22,8.76,2.378,1.909,3376.22,2623.17,3.5,SECTORAL_PORTFOLIO,BUY,582,2279.8,INR
IN001653,ADANIENT,Adani Enterprises,NSE,CONGLOMERATE,07-07-2022,2868.8,2943.02,2696.27,2730.03,2706.05,4578849,1465764.67,57.56,9.47,3.214,1.685,3450.17,2233.48,0.5,NIFTY50_PORTFOLIO,BUY,1590,2200.78,INR
IN001668,ADANIENT,Adani Enterprises,NSE,CONGLOMERATE,07-07-2022,2844.17,2919.58,2646.71,2713.51,2605.46,4851610,321918.06,18.46,12.25,1.8295,1.125,3448.16,2124.05,2.3,NIFTY50_PORTFOLIO,HOLD,1035,3454.32,INR
IN001682,ADANIENT,Adani Enterprises,NSE,CONGLOMERATE,07-07-2022,2775.46,2798.68,2593.2,2651.27,2638.19,1568282,2159451.11,48.92,12.39,0.953,1.165,3002.65,1951.46,1.2,MIDCAP_PORTFOLIO,BUY,259,3224.91,INR
IN001710,ADANIENT,Adani Enterprises,NSE,CONGLOMERATE,07-07-2022,2827.82,2848.71,2659.92,2734.37,2802.22,369200,1645083.77,35.84,7.56,1.534,1.256,3393.97,2111.57,5.1,MIDCAP_PORTFOLIO,BUY,536,3442.18,INR
IN003327,LT,Larsen & Toubro,NSE,INFRASTRUCTURE,07-07-2022,3144.35,3348.22,3096.27,3268.97,3387.1,4940243,2713763.22,37.43,12.49,0.227,0.536,4312.91,2861.85,2.3,SECTORAL_PORTFOLIO,HOLD,399,3490.66,INR
IN003351,LT,Larsen & Toubro,NSE,INFRASTRUCTURE,07-07-2022,3217.27,3256.16,3134.76,3144.15,3239.6,1556954,1998402.25,73.22,5.54,1.128,1.912,3581.53,2514.97,0.5,SECTORAL_PORTFOLIO,BUY,1611,3463.33,INR
IN004259,ASIANPAINT,Asian Paints,BSE,CONSUMER GOODS,09-07-2022,3017.23,3081.63,2915.04,2988.54,3065.21,3006493,253627.44,51.7,3.46,1.998,0.85,3274.37,2119.88,0.5,NIFTY50_PORTFOLIO,SELL,1773,3311.64,INR
IN004273,ASIANPAINT,Asian Paints,BSE,PHARMACEUTICALS,09-07-2022,2852.4,2880.84,2798.52,2834.39,2787,3266165,906487.94,36.86,4.85,0.572,1.303,3681.02,2353.54,5.1,NIFTY50_PORTFOLIO,HOLD,1913,2292.79,INR
IN004330,ASIANPAINT,Asian Paints,BSE,CONSUMER GOODS,09-07-2022,2860.99,2903.31,2703.15,2738.18,2779.93,2025456,912732.62,16.14,7.6,0.352,0.97,3177.82,2738.18,0.5,MIDCAP_PORTFOLIO,BUY,380,2486.41,INR
IN004333,ASIANPAINT,Asian Paints,BSE,CONSUMER GOODS,09-07-2022,3099.23,3126.69,2853.59,2903.76,2926.95,144827,1583748.83,19.78,4.05,2.955,1.937,3313.78,2840.72,3.5,MIDCAP_PORTFOLIO,SELL,1746,3703.17,INR
IN002073,HINDUNILVR,Hindustan Unilever,NSE,FMCG,09-07-2022,2580.14,2702.96,2549.72,2688.65,2764.42,3272714,1398609.34,22.98,12.45,0.06,1.572,2736.83,2081.43,2.3,MIDCAP_PORTFOLIO,BUY,812,2127.27,INR
IN004394,ICICIBANK,ICICI Bank,NSE,FINANCE,09-07-2022,931.43,975.14,909.65,950.93,946.68,1320029,58012.17,45.8,3.43,2.305,1.029,1143.65,703.7,2.3,MIDCAP_PORTFOLIO,BUY,402,846.09,INR
IN002289,NESTLEIND,Nestle India,BSE,FMCG,09-07-2022,21473.56,21769.76,20747.97,20883.75,20068.43,1491394,10759084.95,78.94,5.45,2.034,1.234,23949.08,13852.59,2.3,NIFTY50_PORTFOLIO,HOLD,714,26951.81,INR
IN003288,INFY,Infosys,NSE,TECHNOLOGY,10-07-2022,1483.3,1509.14,1396.4,1407.84,1452.82,1873194,454101.71,21.48,10.77,1.485,0.967,1843.32,1407.84,3.5,SECTORAL_PORTFOLIO,HOLD,1801,1720.37,INR
IN003306,INFY,Infosys,NSE,ENERGY,10-07-2022,1556.12,1660.65,1524.15,1650.04,1665.03,4907677,468927.17,11.3,11.26,3.456,1.897,1968.19,1318.82,5.1,MIDCAP_PORTFOLIO,BUY,1593,1274.59,INR
IN003313,INFY,Infosys,NSE,TECHNOLOGY,10-07-2022,1505.56,1618.81,1489.57,1597.42,1550.11,2388298,1453727.7,11.47,8.83,3.872,1.245,1868.79,1107.07,0,SECTORAL_PORTFOLIO,HOLD,1796,1523.66,INR
IN001701,ULTRACEMCO,UltraTech Cement,BSE,INFRASTRUCTURE,10-07-2022,9577.49,10293.24,9387.2,10127.6,10275.07,3861466,8265039.45,71.44,4.19,0.283,1.83,12390.21,6987.91,0,NIFTY50_PORTFOLIO,BUY,1924,9759.79,INR
IN001739,ULTRACEMCO,UltraTech Cement,BSE,INFRASTRUCTURE,10-07-2022,9776.72,10035.94,8971.32,9217.39,9570.92,2980768,4636858.27,55.16,8.13,1.627,0.432,12594.96,6370.38,5.1,SECTORAL_PORTFOLIO,HOLD,925,9170.2,INR
IN001787,ULTRACEMCO,UltraTech Cement,BSE,INFRASTRUCTURE,10-07-2022,9914.89,9973.81,9848.7,9894.17,9951.13,1335051,3707481.1,12.29,2.07,1.214,1.139,13019.49,8710.45,0,MIDCAP_PORTFOLIO,BUY,1835,9818.12,INR
IN001818,ULTRACEMCO,UltraTech Cement,BSE,INFRASTRUCTURE,10-07-2022,9686.38,9716.48,8846.13,9024.69,9335.66,3754327,3785522.4,43.495,12.24,1.739,1.834,12350.11,6571.98,3.5,SECTORAL_PORTFOLIO,HOLD,1280,7686.83,INR
IN003561,POWERGRID,Power Grid Corporation,BSE,UTILITIES,11-07-2022,250.5,263.84,248.18,257.75,250.83,51912,233423.75,63.54,13.17,3.674,1.1515,268.32,180.37,2.3,SECTORAL_PORTFOLIO,BUY,1492,238.22,INR
IN003571,POWERGRID,Power Grid Corporation,BSE,UTILITIES,11-07-2022,237.88,238.62,220.95,222.64,215.05,4030112,99309.56,10.41,8.885,1.199,1.201,322.53,150.95,5.1,MIDCAP_PORTFOLIO,SELL,382,189.56,INR
IN003626,POWERGRID,Power Grid Corporation,BSE,UTILITIES,11-07-2022,247.19,253.86,238.87,245.87,246.12,1181143,152061.85,21.18,8.93,0.471,1.227,305.09,152.24,2.3,MIDCAP_PORTFOLIO,BUY,1390,203.88,INR
IN003638,POWERGRID,Power Grid Corporation,BSE,UTILITIES,11-07-2022,250.36,254.14,248.8,251.3,259.66,369469,219643.52,46.8,9.01,2.201,1.337,289.84,163.59,2.3,SECTORAL_PORTFOLIO,SELL,724,215.42,INR
IN003662,POWERGRID,Power Grid Corporation,BSE,UTILITIES,11-07-2022,245.16,253.28,240.49,252.94,255.29,1310057,170231.31,62.3,10.74,0.784,0.929,299.67,226.13,2.3,SECTORAL_PORTFOLIO,SELL,322,187.55,INR
IN003726,POWERGRID,Power Grid Corporation,BSE,UTILITIES,11-07-2022,250.29,263.58,245.5,261.35,258.69,970962,65329.88,47.28,4.76,2.663,1.069,297.85,178.45,1.2,NIFTY50_PORTFOLIO,HOLD,549,281.18,INR
IN003741,POWERGRID,Power Grid Corporation,BSE,UTILITIES,11-07-2022,241.18,247.11,221.73,227.62,232.73,3412216,60867.22,21.45,11.99,1.9755,1.309,309.06,210.98,0,SECTORAL_PORTFOLIO,BUY,1692,203.8,INR
IN003665,TCS,Tata Consultancy Services,NSE,TECHNOLOGY,12-07-2022,3474.63,3502.63,3421.23,3452.45,3479.65,3856690,1932396.03,65.2,5.03,2.711,1.907,4595.1,2939.25,0,SECTORAL_PORTFOLIO,BUY,1944,2820.82,INR
IN001115,BAJFINANCE,Bajaj Finance,NSE,NBFC,02-08-2022,7346.95,7647.83,7251.35,7466.49,7615.78,2818666,3423400.78,59.99,13.21,2.154,1.933,9247.19,4381.11,0.5,NIFTY50_PORTFOLIO,HOLD,1621,6521.15,INR
IN001340,HCLTECH,HCL Technologies,NSE,TECHNOLOGY,02-08-2022,1515.73,1539.62,1450.82,1493.23,1495.64,4994869,847567.58,17.2,5.25,1.562,0.49,1636.62,1303.34,2.3,MIDCAP_PORTFOLIO,SELL,1887,1249.55,INR
IN001360,HCLTECH,HCL Technologies,NSE,TECHNOLOGY,02-08-2022,1445.64,1460.72,1311.75,1346.61,1293.24,494403,609202.71,40.54,10.28,3.575,0.838,1710.26,1346.61,0.5,MIDCAP_PORTFOLIO,SELL,1390,1262.09,INR
IN001399,HCLTECH,HCL Technologies,NSE,TECHNOLOGY,02-08-2022,1473.56,1492.31,1411.86,1444.33,1425.74,2411753,1288828.09,44.57,3.31,1.836,1.539,1651.69,1100.52,1.2,MIDCAP_PORTFOLIO,HOLD,1179,1636.05,INR
IN001419,HCLTECH,HCL Technologies,NSE,TECHNOLOGY,02-08-2022,1553,1581.92,1534.5,1566.62,1611.09,2397475,326915.77,56.58,11.6,1.138,0.436,1708.57,990.52,1.2,SECTORAL_PORTFOLIO,BUY,578,1538.59,INR
IN001420,HCLTECH,HCL Technologies,NSE,TECHNOLOGY,02-08-2022,1474.22,1539.36,1449.92,1536.75,1544.61,4827520,508451.4,29.85,10.77,3.606,1.273,1879.59,1252.11,0.5,SECTORAL_PORTFOLIO,SELL,743,1492.63,INR
IN001445,HCLTECH,HCL Technologies,NSE,TECHNOLOGY,02-08-2022,1553.95,1600.8,1527.43,1556.41,1511.28,3035580,792193.25,41.4,4.39,1.779,0.736,2089.03,1399.09,5.1,MIDCAP_PORTFOLIO,SELL,1289,1320.64,INR
IN001375,INFY,Infosys,NSE,TECHNOLOGY,02-08-2022,1482.89,1491.91,1421.54,1463.25,1438.45,1530464,526263.63,33.13,11.04,0.094,1.165,1631.3,949.69,2.3,SECTORAL_PORTFOLIO,BUY,713,1745.86,INR
IN003954,ONGC,Oil & Natural Gas Corp,NSE,ENERGY,02-08-2022,286.64,290.61,286.33,290,281.18,3226507,121027.93,75.76,3.28,0.342,1.922,312.86,263.95,0,NIFTY50_PORTFOLIO,HOLD,1757,211.47,INR
IN003976,ONGC,Oil & Natural Gas Corp,NSE,ENERGY,02-08-2022,269.77,275.99,264.48,269.77,273.34,2587746,20237.61,40.515,10.89,1.762,1.383,362.2,180.5,1.2,MIDCAP_PORTFOLIO,SELL,1459,231.72,INR
IN000621,TECHM,Tech Mahindra,NSE,TECHNOLOGY,02-08-2022,1281.58,1287.06,1237.21,1261.02,1273.43,1340905,1099467.57,25.18,5.25,1.345,1.885,1412.12,1161.28,2.3,MIDCAP_PORTFOLIO,BUY,1642,1341.43,INR
IN002108,ADANIENT,Adani Enterprises,NSE,CONGLOMERATE,03-08-2022,2920.68,2945.12,2800.93,2875.44,2843.45,3697532,439622.87,48.92,7.76,3.354,1.062,3032.96,2247.37,3.5,NIFTY50_PORTFOLIO,HOLD,1967,3312.92,INR
IN002114,ADANIENT,Adani Enterprises,NSE,CONGLOMERATE,03-08-2022,2750.81,2790.84,2689.75,2721.06,2798.73,3008632,2173087.66,24.68,7.1,0.423,1.079,3027.16,1967.29,0,SECTORAL_PORTFOLIO,BUY,1116,2235.46,INR
IN002115,ADANIENT,Adani Enterprises,NSE,CONGLOMERATE,03-08-2022,2926.6,3110.94,2875.34,3049.73,2962.84,2829010.5,2282973.17,69.38,3.21,0.453,1.995,3049.73,2122.65,2.3,MIDCAP_PORTFOLIO,BUY,1851,3008.9,INR
IN002145,ADANIENT,Adani Enterprises,NSE,CONGLOMERATE,03-08-2022,2719.68,2726.11,2592.58,2605.93,2697.17,627801,616591.68,79.05,1.93,2.741,1.749,2955.48,1970.64,3.5,NIFTY50_PORTFOLIO,HOLD,1098,3007.06,INR
IN002148,ADANIENT,Adani Enterprises,NSE,CONGLOMERATE,03-08-2022,2726.28,2781.18,2652.48,2726.28,2624.15,1979021,257445.98,48.92,11.36,3.585,0.91,3197.94,2192.49,3.5,MIDCAP_PORTFOLIO,BUY,118,2396.84,INR
IN002190,ADANIENT,Adani Enterprises,NSE,CONGLOMERATE,03-08-2022,2768.86,2788.21,2689.9,2704.14,2802.24,566408,1465764.67,67.36,13.19,0.792,0.446,3841.23,2610.54,0.5,SECTORAL_PORTFOLIO,BUY,302,2571.86,INR
IN002192,ADANIENT,Adani Enterprises,NSE,CONGLOMERATE,03-08-2022,2733.5,2797.91,2641.2,2704.16,2734.38,4344452,1867365.92,48.92,12.46,1.95,1.371,3118.85,2112.84,3.5,NIFTY50_PORTFOLIO,HOLD,405,2945.7,INR
IN002952,ADANIENT,Adani Enterprises,NSE,CONGLOMERATE,03-08-2022,2938.77,2976.92,2684.81,2752.65,2812.88,3615916,1465498.44,78.72,4.05,0.314,1.019,3479.67,1818.81,5.1,MIDCAP_PORTFOLIO,BUY,1259,2176.62,INR
IN004150,BHARTIARTL,Bharti Airtel,NSE,TELECOMMUNICATION,03-08-2022,916.09,940.32,877.22,902.44,906.16,2070521,80903.61,32.2,8.08,3.237,1.773,1186.21,583.2,0.5,SECTORAL_PORTFOLIO,BUY,344,890.87,INR
IN004217,BHARTIARTL,Bharti Airtel,NSE,TELECOMMUNICATION,03-08-2022,913.78,959.42,913.53,934.97,906.22,3144935,464975.64,34.59,7.74,1.708,1.097,1164.67,825.17,2.3,SECTORAL_PORTFOLIO,BUY,737,886.57,INR
IN001462,HCLTECH,HCL Technologies,NSE,TECHNOLOGY,03-08-2022,1495.32,1553.49,1475.95,1511.84,1504.95,1921095,309436.57,30.68,2.22,0.438,1.998,2041.21,1055.87,2.3,MIDCAP_PORTFOLIO,HOLD,656,1670.6,INR
IN002967,INFY,Infosys,NSE,TECHNOLOGY,03-08-2022,1480.41,1490.07,1418.67,1446.99,1456.23,2388298,1490247.96,76.28,11.93,1.87,1.872,1830.73,1049.78,0,MIDCAP_PORTFOLIO,HOLD,1729,1756.65,INR
IN002686,POWERGRID,Power Grid Corporation,BSE,UTILITIES,03-08-2022,255.48,266.96,248.36,262.3,260.76,2487341,120024.76,67.05,10.18,3.658,1.371,345.76,200.85,2.3,NIFTY50_PORTFOLIO,HOLD,646,303.74,INR
IN002687,POWERGRID,Power Grid Corporation,BSE,UTILITIES,03-08-2022,252.97,268.98,246.69,265.11,261.12,2316030,85042.85,17.99,2.58,2.206,1.25,330.59,168.49,2.3,MIDCAP_PORTFOLIO,BUY,1646,196.4,INR
IN000572,NTPC,NTPC Limited,NSE,UTILITIES,04-08-2022,350.81,358.15,338.56,339.93,346.33,3644642,38804.85,22.21,9.53,2.035,0.804,427.31,264.83,1.2,MIDCAP_PORTFOLIO,BUY,1005,404.68,INR
IN002854,ADANIENT,Adani Enterprises,NSE,CONGLOMERATE,06-08-2022,2815.17,2884.47,2601.88,2660.73,2583.94,3839013,2373238.11,55.83,13.8,2.127,0.836,3788.03,1685.57,0,NIFTY50_PORTFOLIO,HOLD,934,2465.08,INR
IN002888,ADANIENT,Adani Enterprises,NSE,CONGLOMERATE,06-08-2022,2924.69,2953.41,2732.14,2924.69,2839.24,1908353,1087020.06,11.94,12,3.477,1.165,3831.23,2229.81,1.2,SECTORAL_PORTFOLIO,SELL,643,2306.26,INR
IN001248,BHARTIARTL,Bharti Airtel,NSE,TELECOMMUNICATION,06-08-2022,861.12,883.35,827.21,843.64,859.51,2798780,413884.72,30.91,3.74,1.358,0.646,1216.28,793.63,2.3,NIFTY50_PORTFOLIO,BUY,1279,846.96,INR
IN002811,HINDUNILVR,Hindustan Unilever,NSE,FMCG,06-08-2022,2505.22,2567.79,2347.69,2397.71,2464.45,4620118,1545498.91,13.01,8.21,1.194,0.439,3414.43,1619.8,1.2,NIFTY50_PORTFOLIO,BUY,174,2229.09,INR
IN004351,LT,Larsen & Toubro,NSE,INFRASTRUCTURE,06-08-2022,3213.62,3254.17,3167.83,3250.17,3321.3,1485825,255592,38.87,8.92,1.818,1.906,4092.75,2573.56,5.1,MIDCAP_PORTFOLIO,BUY,274,3981.61,INR
IN000580,SBIN,State Bank of India,NSE,FINANCE,06-08-2022,575.92,590.08,533.97,536.9,543.36,4485520,468509.06,44,5.1,2.208,1.535,662.83,524.2,2.3,SECTORAL_PORTFOLIO,BUY,323,645.37,INR
IN001533,ASIANPAINT,Asian Paints,BSE,CONSUMER GOODS,07-08-2022,3073.21,3082.69,2960.15,3028.19,2965.8,4548942,2807687.79,42.37,6.01,0.383,1.809,3989.67,2160.32,2.3,SECTORAL_PORTFOLIO,BUY,565,3749.57,INR
IN001549,ASIANPAINT,Asian Paints,NSE,CONSUMER GOODS,07-08-2022,3081.96,3307.07,3043.67,3291.34,3179.18,114202,2741590.64,62.45,2.6,0.46,1.112,3984.1,2149.12,3.5,NIFTY50_PORTFOLIO,HOLD,1677,2780.84,INR
IN001583,ASIANPAINT,Asian Paints,BSE,CONSUMER GOODS,07-08-2022,3071.22,3120.7,2809.6,2856.72,2793.51,3496384,1131316.15,63.05,2.03,0.891,0.575,4028.76,2180.45,2.3,NIFTY50_PORTFOLIO,BUY,531,3052.57,INR
IN001592,ASIANPAINT,Asian Paints,BSE,CONSUMER GOODS,07-08-2022,3124.74,3161.33,3014.73,3049.25,2962.51,4769750,291407.69,78.25,14.2,0.551,1.781,3218.43,2214.48,0.5,NIFTY50_PORTFOLIO,BUY,794,2316.2,INR
IN001606,ASIANPAINT,Asian Paints,BSE,CONSUMER GOODS,07-08-2022,2994.86,3006.29,2773.13,2798.66,2791.18,2530314,713121.74,43.01,7.5,0.767,1.061,3882.89,2691.17,0,NIFTY50_PORTFOLIO,BUY,738,2357.86,INR
IN001622,ASIANPAINT,Asian Paints,BSE,CONSUMER GOODS,07-08-2022,2908.28,2985.97,2796.9,2866.75,2857.94,1271649,857885.02,56.51,10.48,0.03,1.464,4158.92,2303.93,2.3,MIDCAP_PORTFOLIO,SELL,930,2663.49,INR
IN001626,ASIANPAINT,Asian Paints,BSE,FINANCE,07-08-2022,2973.36,3126.02,2948.48,3064.44,3025.92,1983243,867737.43,21.61,4.48,3.604,1.001,3332.63,2481.08,3.5,MIDCAP_PORTFOLIO,BUY,832,2653.31,INR
IN003732,AXISBANK,Axis Bank,BSE,FINANCE,07-08-2022,1087.1,1118.21,1070.64,1118.21,1126.19,3707232,281989.66,78.98,11.52,1.153,0.448,1382.86,961.6,2.3,NIFTY50_PORTFOLIO,BUY,1321,904.65,INR
IN004147,MARUTI,Maruti Suzuki,BSE,AUTOMOBILE,07-08-2022,9662.17,9857.21,9635.71,9725.83,9639.6,1983281,4791403.94,29.32,1.99,3.895,1.492,11230.37,7600.81,0.5,SECTORAL_PORTFOLIO,HOLD,787,8230.04,INR
IN004148,MARUTI,Maruti Suzuki,BSE,AUTOMOBILE,07-08-2022,10484.91,11307.09,10256.33,11152.84,11556.26,189674,815617.67,60.58,12.66,0.516,1.441,11152.84,8878.32,1.2,SECTORAL_PORTFOLIO,BUY,1970,11882.64,INR
IN001203,ULTRACEMCO,UltraTech Cement,BSE,INFRASTRUCTURE,07-08-2022,9111.58,9423.25,9075.17,9234.84,9316.13,3657542,5449679.84,39.18,12.6,2.845,1.148,13156.39,8829.05,2.3,NIFTY50_PORTFOLIO,BUY,549,9203.06,INR
IN001261,ULTRACEMCO,UltraTech Cement,BSE,INFRASTRUCTURE,07-08-2022,9035.52,9490.74,9005.58,9315.81,9466.43,1524021,5062516.53,63.56,13.05,2.873,1.706,11908.49,7733.08,1.2,SECTORAL_PORTFOLIO,BUY,89,8032.94,INR
IN001822,HCLTECH,HCL Technologies,NSE,TECHNOLOGY,08-08-2022,1548.25,1595.79,1508.77,1565.46,1544.24,482082,510222,51.61,3.49,0.786,1.177,2020.05,1135.24,5.1,SECTORAL_PORTFOLIO,SELL,671,1739.14,INR
IN001825,HCLTECH,HCL Technologies,NSE,TECHNOLOGY,08-08-2022,1546.74,1566.59,1524,1547.74,1527.24,2070014,366970.25,33.17,7.83,1.593,1.221,1580.51,932.84,2.3,NIFTY50_PORTFOLIO,BUY,751,1849.16,INR
IN001827,HCLTECH,HCL Technologies,NSE,TECHNOLOGY,08-08-2022,1433.6,1488.75,1414.88,1456.94,1412.2,4297415,1412835.66,41.4,4.86,1.597,1.269,1955.48,1023.28,5.1,NIFTY50_PORTFOLIO,BUY,1000,1259.98,INR
IN001864,HCLTECH,HCL Technologies,NSE,TECHNOLOGY,08-08-2022,1432.45,1513.16,1413.6,1432.45,1470.64,3931775,796797.97,41.59,6.73,3.858,1.91,1653.28,1207.03,3.5,MIDCAP_PORTFOLIO,BUY,1211,1414.51,INR
IN001923,HCLTECH,HCL Technologies,NSE,TECHNOLOGY,08-08-2022,1458.05,1519.62,1455.52,1487.85,1460.93,2389892,1259015.33,41.4,1.98,1.266,0.864,1930.67,1097.75,0,MIDCAP_PORTFOLIO,HOLD,937,1706.91,INR
IN001924,HCLTECH,HCL Technologies,NSE,TECHNOLOGY,08-08-2022,1502.3,1535.76,1486.41,1488.59,1508.32,4151352,1103092.95,18.47,8.71,3.79,1.153,1697.67,1318.14,2.3,SECTORAL_PORTFOLIO,BUY,671,1436.51,INR
IN000128,ONGC,Oil & Natural Gas Corp,NSE,ENERGY,08-08-2022,275.71,279.8,270.82,278.27,285.33,4845613,168155.26,40.515,10.54,1.853,1.333,334.25,250.34,0,MIDCAP_PORTFOLIO,SELL,32,337.93,INR
IN000144,ONGC,Oil & Natural Gas Corp,NSE,ENERGY,08-08-2022,282.79,288.45,275.53,280.27,290.82,1053232,219911.71,28.33,8.29,1.983,0.412,384.27,253.7,2.3,SECTORAL_PORTFOLIO,BUY,1921,271.1,INR
IN002055,POWERGRID,Power Grid Corporation,BSE,UTILITIES,08-08-2022,243.02,246.66,234.24,236.36,234.09,716396,39820.42,69.92,3.28,0.181,1.684,271.94,156.17,2.3,MIDCAP_PORTFOLIO,HOLD,986,284.59,INR
IN002059,POWERGRID,Power Grid Corporation,BSE,UTILITIES,08-08-2022,245.28,247.62,230.31,231.15,236.61,2988144,153049.87,26.26,11.51,2.335,0.502,316.48,199.99,0,SECTORAL_PORTFOLIO,BUY,316,293.87,INR
IN002109,POWERGRID,Power Grid Corporation,BSE,UTILITIES,08-08-2022,238.76,255.68,234.15,253.48,258.36,3146802,137996.53,40.93,6.12,1.998,0.458,290.05,213.94,1.2,SECTORAL_PORTFOLIO,BUY,1892,201.86,INR
IN002140,POWERGRID,Power Grid Corporation,BSE,UTILITIES,08-08-2022,257.21,270.84,254.11,270.66,266.36,2206239,27919.99,80,2.85,1.277,1.103,270.66,196,5.1,SECTORAL_PORTFOLIO,HOLD,956,266.24,INR
IN002147,POWERGRID,Power Grid Corporation,BSE,UTILITIES,08-08-2022,261.4,272.22,258.26,271.1,271.46,4228761,155167.8,45.18,14.82,2.322,1.122,340.87,178.28,1.2,MIDCAP_PORTFOLIO,BUY,1786,217.03,INR
IN001505,TITAN,Titan Company,BSE,CONSUMER GOODS,08-08-2022,3276.7,3339.21,3101.2,3147.29,3150.59,3074919,3221903.58,43.7,2.98,3.933,1.412,4340.23,2994.35,0,MIDCAP_PORTFOLIO,BUY,357,2652.21,INR
IN001526,TITAN,Titan Company,BSE,CONSUMER GOODS,08-08-2022,3527.91,3803.77,3440.54,3696.84,3558.43,4464499,1525097.98,14.56,5.82,0.032,0.97,4591.73,2081.4,0.5,MIDCAP_PORTFOLIO,BUY,970,4196.29,INR
IN004341,ASIANPAINT,Asian Paints,BSE,CONSUMER GOODS,09-08-2022,2921.53,2927.67,2780.96,2842.34,2854.26,3361908,1583748.83,29.89,1.17,0.946,1.763,3900.18,1955.01,5.1,SECTORAL_PORTFOLIO,BUY,294,3037.19,INR
IN004350,ASIANPAINT,Asian Paints,BSE,CONSUMER GOODS,09-08-2022,3052.69,3182.28,3041.05,3110.38,3093.35,1908074,2291718.43,46.6,8.26,0.347,0.402,3913,2218,1.2,MIDCAP_PORTFOLIO,BUY,30,2320.15,INR
IN004363,ASIANPAINT,Asian Paints,BSE,CONSUMER GOODS,09-08-2022,3069.95,3132.62,2849.26,2911.3,2888.29,2530314,2109111.68,40.57,13.26,2.185,1.01,3818.63,2307.72,1.2,SECTORAL_PORTFOLIO,BUY,1717,2335.84,INR
IN004389,ASIANPAINT,Asian Paints,BSE,CONSUMER GOODS,09-08-2022,3116.08,3194.66,3091.4,3113.99,3190.51,2902639,988775.93,47.82,1.5,2.39,1.106,3238.72,2726.09,0.5,MIDCAP_PORTFOLIO,BUY,203,3307.79,INR
IN002742,HINDUNILVR,Hindustan Unilever,NSE,FMCG,09-08-2022,2624.49,2851.48,2624,2624.49,2766.07,88199,1665029.76,10.18,11.75,3.34,1.523,3385.3,1515.38,0,NIFTY50_PORTFOLIO,HOLD,751,2895.35,INR
IN002946,KOTAKBANK,Kotak Mahindra Bank,NSE,FINANCE,09-08-2022,1741.21,1809.66,1691.26,1799.6,1752.06,2146358,850830.35,10.92,5.62,1.96,0.713,2060.47,1138.42,0,MIDCAP_PORTFOLIO,HOLD,1886,1797.7,INR
IN001227,LT,Larsen & Toubro,NSE,INFRASTRUCTURE,09-08-2022,3146.24,3250.98,3108.34,3217.44,3204.03,2799493,734992.79,54.09,7.05,3.425,0.737,3436.92,2901.48,0,NIFTY50_PORTFOLIO,HOLD,573,3482.1,INR
IN001257,LT,Larsen & Toubro,NSE,INFRASTRUCTURE,09-08-2022,3058.94,3137.16,3001.21,3036.07,3143.09,4925118,2602024.64,13.99,12.13,1.9605,1.63,4095.47,2441.57,2.3,NIFTY50_PORTFOLIO,HOLD,1753,2854.53,INR
IN001010,ONGC,Oil & Natural Gas Corp,NSE,ENERGY,09-08-2022,292.11,293.31,279,292.11,274.84,2699963.5,168155.26,54.27,5.61,2.037,0.987,367.46,219.18,0,NIFTY50_PORTFOLIO,HOLD,518,333.56,INR
IN001346,RELIANCE,Reliance Industries,NSE,ENERGY,09-08-2022,2163.21,2226.05,2097.51,2114.13,2055.39,4604683,2083107.06,39.75,8.22,2.009,0.53,2744.73,1429.75,2.3,MIDCAP_PORTFOLIO,BUY,827,2155.25,INR
IN004721,RELIANCE,Reliance Industries,NSE,ENERGY,09-08-2022,2113.28,2154.35,1925.83,1968.86,2031.09,3915712,889776.38,23.52,8.545,2.246,1.557,2901.99,1839.67,0,MIDCAP_PORTFOLIO,BUY,202,2099.38,INR
IN004788,RELIANCE,Reliance Industries,NSE,ENERGY,09-08-2022,2213.17,2395.61,2202.64,2343.48,2399.5,539854,1884824.22,41.87,10.56,1.124,0.57,2779.63,1902.93,2.3,MIDCAP_PORTFOLIO,BUY,1178,2658,INR
IN004795,RELIANCE,Reliance Industries,NSE,ENERGY,09-08-2022,2156.77,2225.31,2132.27,2191.77,2267.98,936040,2157059.96,42.52,11.23,1.213,0.686,2964.32,1488.96,5.1,SECTORAL_PORTFOLIO,BUY,1528,1713.68,INR
IN004811,RELIANCE,Reliance Industries,NSE,ENERGY,09-08-2022,2266.72,2527.49707,2266.72,2412.76,2344.34,2531906,2019150.98,59.16,2.12,3.442,0.85,2924.5,2081.81,5.1,MIDCAP_PORTFOLIO,BUY,465,2126.06,INR
IN001087,TECHM,Tech Mahindra,NSE,TECHNOLOGY,09-08-2022,1312.06,1340.47,1279.35,1325.59,1354.76,3022890,1241273.93,45.4,4.73,2.431,0.828,1569.23,923.94,1.2,NIFTY50_PORTFOLIO,BUY,272,1036.19,INR
IN001273,TECHM,Tech Mahindra,NSE,TECHNOLOGY,09-08-2022,1280.48,1296.56,1249.63,1257.83,1261.91,1632459,661623.79,34.46,11.93,0.124,1.429,1655.63,797.61,0,NIFTY50_PORTFOLIO,BUY,1319,1462.06,INR
IN001280,TECHM,Tech Mahindra,NSE,TECHNOLOGY,09-08-2022,1342.57,1379.29,1232.05,1264.07,1304.09,2205267,612068.29,73.28,5.66,3.129,1.218,1542.76,1080.84,3.5,MIDCAP_PORTFOLIO,BUY,1548,987.63,INR
IN001361,TECHM,Tech Mahindra,NSE,TECHNOLOGY,09-08-2022,1235.12,1260.31,1205.8,1224.61,1215.57,2051345,668423.43,59.16,14.07,0.612,1.013,1513.22,1013.07,5.1,NIFTY50_PORTFOLIO,BUY,1040,1387.72,INR
IN003227,TCS,Tata Consultancy Services,NSE,TECHNOLOGY,11-08-2022,3496.78,3544.45,3302.75,3315.95,3249.17,1842148,3278660,22.7,8.59,2.766,1.201,4170.33,2508.65,3.5,MIDCAP_PORTFOLIO,HOLD,1009,4112.55,INR
IN003025,TITAN,Titan Company,BSE,CONSUMER GOODS,11-08-2022,3397.72,3496.03,3229.08,3301.81,3320.46,2130350,508729.21,53.61,14.23,0.033,1.319,4072.9,3052.92,1.2,SECTORAL_PORTFOLIO,BUY,1058,3354.43,INR
IN003536,BHARTIARTL,Bharti Airtel,NSE,TELECOMMUNICATION,12-08-2022,926.1,943.53,910.57,937.98,913.66,522008,334914.61,72.81,14.26,2.056,0.809,1034.34,746,3.5,NIFTY50_PORTFOLIO,BUY,714,731.38,INR
IN004698,LT,Larsen & Toubro,NSE,INFRASTRUCTURE,12-08-2022,3193.17,3384.77,3112.99,3375.84,3504.92,2760205,1412661.84,76.57,3.31,1.42,0.596,3474.2,2932.16,3.5,SECTORAL_PORTFOLIO,HOLD,181,2945.52,INR
IN004969,NTPC,NTPC Limited,NSE,UTILITIES,12-08-2022,364.34,369.04,353.54,353.57,348.27,2394789.5,58262.37,9.22,2.33,2.783,0.819,385.53,304.54,0,MIDCAP_PORTFOLIO,BUY,1481,305.68,INR
IN004536,POWERGRID,Power Grid Corporation,BSE,UTILITIES,12-08-2022,240.84,248.06,239.23,242.98,241.76,3967648,18672,20.15,8.885,2.795,0.927,297.27,225.76,1.2,SECTORAL_PORTFOLIO,HOLD,1066,252.26,INR
IN004585,POWERGRID,Power Grid Corporation,BSE,UTILITIES,12-08-2022,244.09,267.05,238.25,260.39,259.71,4105504,96537.29,8.64,10.36,1.047,0.878,322.66,174.34,0,MIDCAP_PORTFOLIO,BUY,38,248.93,INR
IN000350,RELIANCE,Reliance Industries,NSE,ENERGY,12-08-2022,2090.69,2118.1,2062.88,2109.13,2060.72,87539,858953.26,49.2,12.95,2.134,0.81,2688.68,1826.6,3.5,MIDCAP_PORTFOLIO,BUY,1539,2505.23,INR
IN000370,RELIANCE,Reliance Industries,NSE,ENERGY,12-08-2022,2093.48,2130.69,1995.23,2025.49,1985.52,659524,1163762.11,44.76,7.56,2.134,1.946,2617.46,2011.89,0,MIDCAP_PORTFOLIO,BUY,1075,2108.74,INR
IN004022,ULTRACEMCO,UltraTech Cement,BSE,INFRASTRUCTURE,12-08-2022,9566,9739.14,9077.85,9240.57,9504.85,4134584,8230771.27,24.43,11.32,1.997,0.763,11795.57,8202.33,1.2,NIFTY50_PORTFOLIO,BUY,346,10205.96,INR
IN004033,ULTRACEMCO,UltraTech Cement,BSE,INFRASTRUCTURE,12-08-2022,9741,10267.44,9528.26,10098.69,10386.17,2113823,5413831.63,8.95,10.56,1.321,1.015,11793.36,6440.85,1.2,MIDCAP_PORTFOLIO,HOLD,310,8664.45,INR
IN000730,ASIANPAINT,Asian Paints,BSE,CONSUMER GOODS,02-09-2022,3125.08,3287.9,3115.66,3255,3307.36,692346,1617159.5,71.71,1.27,2.624,0.903,3676.04,2706.35,2.3,MIDCAP_PORTFOLIO,SELL,87,2523.85,INR
IN000820,ASIANPAINT,Asian Paints,BSE,CONSUMER GOODS,02-09-2022,2881.68,2929.19,2796.53,2884.76,2870.22,4413312,1181137.53,14.56,14.29,0.728,0.608,3729.68,2754.5,0,MIDCAP_PORTFOLIO,BUY,1824,2449.19,INR
IN001397,HDFCBANK,HDFC Bank,NSE,FINANCE,02-09-2022,1652.03,1652.88,1573.04,1589.08,1572.7,2463649,798950.83,22.86,7.04,2.543,1.394,1686.49,1515.25,0,SECTORAL_PORTFOLIO,SELL,1906,1747.51,INR
IN002306,HDFCBANK,HDFC Bank,NSE,ENERGY,02-09-2022,1592.81,1609.84,1494.49,1518.58,1551.06,2590195,798950.83,50.79,3.98,1.033,1.254,1957.47,1343.27,2.3,NIFTY50_PORTFOLIO,BUY,1656,1729.94,INR
IN004416,NTPC,NTPC Limited,NSE,UTILITIES,03-09-2022,335.73,348.27,325.94,335.73,337.1,752904,139142.39,56.86,6.65,3.304,0.795,450.68,289.79,1.2,NIFTY50_PORTFOLIO,BUY,1665,421.17,INR
IN003546,ASIANPAINT,Asian Paints,BSE,CONSUMER GOODS,05-09-2022,3005.5,3039.11,2937.94,2975.76,2989.01,53706,1338145.5,8.59,13.6,1.47,1.535,3758.8,2445.36,2.3,MIDCAP_PORTFOLIO,BUY,1247,3542.03,INR
IN003604,ASIANPAINT,Asian Paints,BSE,CONSUMER GOODS,05-09-2022,2903.9,3181.45,2847.31,3093.74,3120.7,1519275,2975073.41,22.4,11.68,3.648,1.256,3739.89,2606.63,3.5,MIDCAP_PORTFOLIO,SELL,1136,3107.79,INR
IN003606,ASIANPAINT,Asian Paints,BSE,CONSUMER GOODS,05-09-2022,2866.35,3043.36,2812.3,2969.26,2886.73,4849159,2615358.66,42.2,6.66,0.886,0.989,3384.75,2434.11,5.1,NIFTY50_PORTFOLIO,BUY,1436,3232.29,INR
IN003611,ASIANPAINT,Asian Paints,BSE,CONSUMER GOODS,05-09-2022,3010.64,3058.57,2920.23,2944.41,3026.83,2530314,1026218.87,42.37,7.6,3.278,1.923,3885.25,2456.93,2.3,SECTORAL_PORTFOLIO,BUY,1410,2866.75,INR
IN003641,ASIANPAINT,Asian Paints,BSE,CONSUMER GOODS,05-09-2022,2942.96,2942.96,2690.04,2749.55,2665.45,4030283,1472509,75.4,6.35,2.284,1.793,3159.56,2638.41,2.3,SECTORAL_PORTFOLIO,BUY,861,3611.27,INR
IN003673,ASIANPAINT,Asian Paints,BSE,CONSUMER GOODS,05-09-2022,3061.25,3122.64,2905.63,2906.3,2841.61,1300008,1289444.21,77.57,9.39,0.911,1.001,3472.88,2152.46,1.2,NIFTY50_PORTFOLIO,HOLD,1109,2714.81,INR
IN003699,ASIANPAINT,Asian Paints,BSE,CONSUMER GOODS,05-09-2022,3079.58,3302.62,3075,3276.75,3301.88,700369,1228052.65,73.09,12.99,2.185,1.209,3348.23,2459.66,1.2,NIFTY50_PORTFOLIO,BUY,1669,2569.5,INR
IN003703,ASIANPAINT,Asian Paints,BSE,CONSUMER GOODS,05-09-2022,2963.15,3036.1,2760.38,2963.15,2704.18,3973505,2361415.64,79.74,1.68,1.837,0.613,3323.52,2291.24,0,SECTORAL_PORTFOLIO,BUY,630,2363.13,INR
IN002655,NESTLEIND,Nestle India,BSE,FMCG,05-09-2022,22055.34,22314.88,21775.31,21932.87,22201.53,1595181,6168756.88,31.5,8.27,0.878,0.577,29736.3,13547.05,0.5,SECTORAL_PORTFOLIO,BUY,1782,24376.82,INR
IN002657,NESTLEIND,Nestle India,BSE,FMCG,05-09-2022,22551.2,23649.43,22311.69,23097.13,22296.61,2585084,8868000.2,74.73,5.16,0.157,0.645,27682.39,14886.64,0,NIFTY50_PORTFOLIO,BUY,297,17669.25,INR
IN002668,NESTLEIND,Nestle India,NSE,FMCG,05-09-2022,22172.08,23501.69,21590.15,22930.52,23492.4,3060817,17721405.36,36.39,11.74,3.117,1.106,25528.27,16811.81,2.3,SECTORAL_PORTFOLIO,BUY,346,23190.13,INR
IN001358,POWERGRID,Power Grid Corporation,BSE,UTILITIES,05-09-2022,245.49,253.65,241.66,251.03,258.85,3967372,119993.16,71.78,5.68,3.634,1.478,305.51,194.43,2.3,NIFTY50_PORTFOLIO,BUY,221,212.15,INR
IN001381,POWERGRID,Power Grid Corporation,BSE,UTILITIES,05-09-2022,238.86,242.26,236.82,239.22,248.64,2253098,69117.74,45.18,14.43,0.875,1.778,319.05,161.66,5.1,MIDCAP_PORTFOLIO,BUY,1437,200.98,INR
IN003211,POWERGRID,Power Grid Corporation,BSE,UTILITIES,05-09-2022,256.87,267.22,250.24,259.77,257.62,1445489,77214.46,13.76,10.81,1.9755,0.748,265.76,181.32,3.5,MIDCAP_PORTFOLIO,BUY,1930,257.71,INR
IN001377,TCS,Tata Consultancy Services,NSE,ENERGY,05-09-2022,3635.2,3705.02,3310.6,3387.96,3356.74,654918,2980359.9,46.39,2.13,3.009,1.982,4751.37,2720.09,1.2,MIDCAP_PORTFOLIO,BUY,620,2796.48,INR
IN001384,TCS,Tata Consultancy Services,NSE,TECHNOLOGY,05-09-2022,3474.86,3642.94,3447.65,3474.86,3613.05,537849,3094732.32,43.14,7.44,2.583,0.651,4101.21,3248.85,0,MIDCAP_PORTFOLIO,BUY,1958,3381.98,INR
IN000981,BAJFINANCE,Bajaj Finance,NSE,FMCG,06-09-2022,7116.63,7166.38,6643.25,6844.52,7105.14,3058498,940243.35,9.1,7.11,1.856,1.233,7775.25,6569.99,5.1,SECTORAL_PORTFOLIO,HOLD,1109,5977.42,INR
IN000982,BAJFINANCE,Bajaj Finance,NSE,NBFC,06-09-2022,6733.69,6921.52,6493.89,6555.36,6339.36,3339372,5700494.68,44.36,4.37,3.434,1.227,9298.4,4672.25,0,SECTORAL_PORTFOLIO,HOLD,1046,5629.55,INR
IN000074,HCLTECH,HCL Technologies,NSE,TECHNOLOGY,06-09-2022,1504.74,1512.61,1435.05,1437.18,1405.41,4509891,541121.62,23.86,10.76,3.208,0.553,2061.6,1173.44,0.5,NIFTY50_PORTFOLIO,BUY,1529,1272.02,INR
IN000134,HCLTECH,HCL Technologies,NSE,TECHNOLOGY,06-09-2022,1541.15,1569.07,1529.63,1557.5,1559.81,3441889,1135374.02,43.93,3.96,2.65,1.485,1658.72,1237.89,0.5,MIDCAP_PORTFOLIO,HOLD,413,1332.71,INR
IN001213,INFY,Infosys,NSE,TECHNOLOGY,06-09-2022,1428.33,1523.49,1426.61,1428.33,1448.24,1739571,1139305.66,32.2,8.085,0.886,1.042,2067.68,1290.56,0,MIDCAP_PORTFOLIO,BUY,1720,1458.74,INR
IN003059,MARUTI,Maruti Suzuki,BSE,AUTOMOBILE,06-09-2022,10403.03,10670.42,10248.53,10539.64,10560.26,2095424,8571377.37,32.46,14.42,2.169,1.754,13704.26,6146.15,1.2,MIDCAP_PORTFOLIO,BUY,1592,12422.73,INR
IN003111,MARUTI,Maruti Suzuki,BSE,AUTOMOBILE,06-09-2022,10061.95,10293.44,9991.55,10293.44,10370.2,4012513,4242900.74,23.4,14.14,2.398,1.455,12337.33,7652.13,3.5,MIDCAP_PORTFOLIO,SELL,1245,9903.27,INR
IN003111,MARUTI,Maruti Suzuki,BSE,AUTOMOBILE,06-09-2022,10061.95,10306.13,9991.55,10293.44,10370.2,4012513,4242900.74,23.4,14.14,2.398,1.455,12337.33,7652.13,3.5,MIDCAP_PORTFOLIO,SELL,1245,9903.27,INR
IN003115,MARUTI,Maruti Suzuki,BSE,AUTOMOBILE,06-09-2022,10207.75,10979.37,10006.72,10723.08,10553.75,3078342,3850039.44,59.46,4.22,1.732,1.186,13837.72,7619.6,1.2,NIFTY50_PORTFOLIO,BUY,740,7694.33,INR
IN003274,MARUTI,Maruti Suzuki,BSE,AUTOMOBILE,06-09-2022,10227.56,10511.83,9438.85,9676.53,10017.68,164291,6937544.3,58.63,13.9,2.7,0.449,11917.42,9239.94,1.2,NIFTY50_PORTFOLIO,BUY,1981,11278.29,INR
IN002050,SBIN,State Bank of India,NSE,FINANCE,06-09-2022,595.61,607.59,560.74,595.61,566.87,1678565,251594.77,15.19,13.34,0.752,0.763,641.25,568.32,0,SECTORAL_PORTFOLIO,BUY,1766,589.61,INR
IN002074,SBIN,State Bank of India,NSE,FINANCE,06-09-2022,570.43,582.33,561.41,577.22,563.61,2203850,230266.97,24.93,8.75,1.397,1.249,630.86,498.51,2.3,SECTORAL_PORTFOLIO,BUY,1309,734.42,INR
IN002107,SBIN,State Bank of India,NSE,FINANCE,06-09-2022,573.43,582.67,538.63,548.77,537.62,4307444,441320.6,28.5,3.27,2.469,1.654,709.07,408.48,2.3,SECTORAL_PORTFOLIO,HOLD,1284,660.61,INR
IN002111,SBIN,State Bank of India,NSE,FINANCE,06-09-2022,623.43,628.76,618.8,628.2,611.94,999528,190741.45,44,9.66,3.175,1.911,743.42,432.09,3.5,NIFTY50_PORTFOLIO,HOLD,933,696.97,INR
IN002193,SBIN,State Bank of India,NSE,FINANCE,06-09-2022,604.87,624.57,600.68,615.56,638.18,2514869,558669.73,44,12.94,2.711,1.736,764.09,553.83,3.5,MIDCAP_PORTFOLIO,SELL,1961,608.64,INR
IN002280,SBIN,State Bank of India,NSE,FINANCE,06-09-2022,573.15,576.27,526.74,573.15,529.4,4308869,408427.41,46.08,2.88,0.755,0.736,646.08,503.76,2.3,MIDCAP_PORTFOLIO,BUY,580,609.39,INR
IN002286,SBIN,State Bank of India,NSE,FINANCE,06-09-2022,595.87,627.28,592.84,620.62,627.2,3996996,172021.01,44,11.64,2.626,1.1655,777.55,568.1,5.1,MIDCAP_PORTFOLIO,BUY,1171,730.26,INR
IN002370,SBIN,State Bank of India,NSE,FINANCE,06-09-2022,602.35,604.16,580.93,598.07,621.3,911290,369631.15,61.65,11.73,0.168,1.1655,666.52,367.75,5.1,MIDCAP_PORTFOLIO,BUY,340,473.27,INR
IN004781,TCS,Tata Consultancy Services,NSE,TECHNOLOGY,06-09-2022,3618.64,3821.67,3554.42,3821.17,3739.9,2212051,883878.69,22.29,7.37,3.618,0.956,4549.14,3143.35,5.1,SECTORAL_PORTFOLIO,HOLD,1205,3961.18,INR
IN001675,TECHM,Tech Mahindra,NSE,TECHNOLOGY,08-09-2022,1260.11,1330.56,1226.21,1316.96,1301.59,1664865,67421.44,37.52,4.56,3.951,0.524,1765.12,829.8,0,SECTORAL_PORTFOLIO,BUY,131,1025.26,INR
IN001771,TECHM,Tech Mahindra,NSE,TECHNOLOGY,08-09-2022,1301.43,1334.69,1277.55,1281.35,1237.67,3272327,1271741.27,44.16,6.79,1.866,0.468,1726.31,1018.02,0,MIDCAP_PORTFOLIO,HOLD,413,1296.27,INR
IN001785,TECHM,Tech Mahindra,NSE,TECHNOLOGY,08-09-2022,1289.38,1323.15,1281.94,1304.44,1315.7,3398221,165915.8,44.16,2.72,2.938,1.491,1782.5,1108.95,0.5,SECTORAL_PORTFOLIO,BUY,1883,1608.43,INR
IN000357,TITAN,Titan Company,BSE,CONSUMER GOODS,08-09-2022,3325.85,3443.81,3302.4,3411.45,3495.31,2952387,3264806.95,53.84,1.71,2.258,1.882,3755.76,2327.67,1.2,SECTORAL_PORTFOLIO,BUY,628,3337.89,INR
IN002035,ULTRACEMCO,UltraTech Cement,BSE,INFRASTRUCTURE,08-09-2022,9320.18,9436.48,8795.29,9024.91,9227.23,2036599,7944115.52,44.13,3.58,1.476,0.783,12008.67,7789.73,5.1,MIDCAP_PORTFOLIO,BUY,281,10435.54,INR
IN000190,HINDUNILVR,Hindustan Unilever,NSE,FMCG,09-09-2022,2541.69,2611.79,2485.21,2569.32,2503.49,855286,566306.14,38.8,8.41,2.564,1.255,3459.82,1896.15,1.2,NIFTY50_PORTFOLIO,HOLD,1977,2175.03,INR
IN000228,HINDUNILVR,Hindustan Unilever,NSE,FMCG,09-09-2022,2544.03,2576.17,2505.5,2543.03,2526.16,1484869,1267349.55,39.12,3.72,3.08,0.98,3277.64,1749.66,5.1,SECTORAL_PORTFOLIO,SELL,1124,2174.83,INR
IN000235,HINDUNILVR,Hindustan Unilever,NSE,FMCG,09-09-2022,2529.63,2674.5,2511.79,2617.22,2706.38,272786,2205445.42,31.25,4.87,1.685,1.664,3498.93,1855.58,5.1,NIFTY50_PORTFOLIO,BUY,704,2651.47,INR
IN000240,HINDUNILVR,Hindustan Unilever,NSE,FMCG,09-09-2022,2590.26,2638.9,2496.23,2503.71,2567.03,2201200.5,552555.78,47.31,4.89,3.135,1.057,3063.02,2330.59,0,SECTORAL_PORTFOLIO,BUY,1902,2582.39,INR
IN004406,ICICIBANK,ICICI Bank,NSE,FINANCE,09-09-2022,986.88,1008.63,925.19,931.68,932.84,1739549,700752.19,76.07,4.12,3.883,0.915,1249.73,622.46,0,MIDCAP_PORTFOLIO,BUY,1655,893.67,INR
IN004452,ICICIBANK,ICICI Bank,NSE,FINANCE,09-09-2022,971.02,983.41,952.57,971.73,956.69,2356321,892736.75,67.64,13.41,2.509,1.752,1291.69,730.6,0.5,MIDCAP_PORTFOLIO,BUY,1892,754.28,INR
IN001107,NESTLEIND,Nestle India,BSE,FMCG,09-09-2022,21610.82,22120.37,21596.2,21777.24,22421.82,2508579,9213422.89,15.26,14.4,0.191,0.612,28017.3,18274.39,0.5,NIFTY50_PORTFOLIO,HOLD,630,18015.75,INR
IN001120,NESTLEIND,Nestle India,BSE,FMCG,09-09-2022,22259.45,23834.92,21780.27,23747.09,22888.75,1300313,19101359.3,52.31,11.27,0.421,0.445,29435.69,18727.48,5.1,SECTORAL_PORTFOLIO,BUY,1102,17670.75,INR
IN004445,POWERGRID,Power Grid Corporation,BSE,UTILITIES,11-09-2022,238,240.01,223.36,223.66,215.84,2196850,120024.76,19.87,8.885,1.224,1.881,329.07,223.66,0.5,MIDCAP_PORTFOLIO,BUY,1111,221.45,INR
IN001994,SBIN,State Bank of India,NSE,FINANCE,11-09-2022,582.21,601.46,580.52,599.86,616.27,4610386,329619.53,64.64,3.07,1.287,1.1655,834.33,532.2,3.5,NIFTY50_PORTFOLIO,BUY,751,684.1,INR
IN002003,SBIN,State Bank of India,NSE,FINANCE,11-09-2022,621.03,631.21,610.43,619.13,604.3,4198597,391333.2,76.75,2.53,0.711,0.56,831.28,380.64,0.5,NIFTY50_PORTFOLIO,BUY,767,601,INR
IN003781,TITAN,Titan Company,BSE,CONSUMER GOODS,11-09-2022,3243.7,3362.8,3194.28,3345.39,3410.16,530688,681370.68,60.35,3.1,1.702,1.519,3677.69,3022.14,0.5,SECTORAL_PORTFOLIO,BUY,953,2911.54,INR
IN003789,TITAN,Titan Company,BSE,CONSUMER GOODS,11-09-2022,3534.74,3624.41,3286.72,3302.72,3255.22,2570071,1337046.36,49.98,7.21,3.183,1.793,4379.96,2251.94,3.5,SECTORAL_PORTFOLIO,BUY,56,2840.34,INR
IN003802,TITAN,Titan Company,BSE,CONSUMER GOODS,11-09-2022,3264.43,3356.93,3260.64,3276.24,3217.2,2926515,2865742.88,32.91,6.84,0.623,1.715,3673.69,2468.58,3.5,MIDCAP_PORTFOLIO,HOLD,954,4171.82,INR
IN003821,TITAN,Titan Company,BSE,CONSUMER GOODS,11-09-2022,3479.12,3562.72,3204.14,3248.37,3244.01,928269,859561.65,23.79,8.46,0.742,1.859,3858.74,2790.13,2.3,MIDCAP_PORTFOLIO,HOLD,1925,3298.32,INR
IN003834,TITAN,Titan Company,BSE,CONSUMER GOODS,11-09-2022,3320.45,3384.31,3090.91,3179.5,3115.25,3411467,2846283.64,9.13,5.93,1.093,0.412,4014.79,2703.97,2.3,SECTORAL_PORTFOLIO,SELL,194,2833.26,INR
IN003287,ICICIBANK,ICICI Bank,NSE,FINANCE,12-09-2022,925.13,972.82,906.33,963.84,962.45,2361223,270863.75,63.35,5.29,2.301,0.462,1039.65,845.89,2.3,MIDCAP_PORTFOLIO,HOLD,1815,1049.3,INR
IN003309,ICICIBANK,ICICI Bank,NSE,FINANCE,12-09-2022,983.69,1002.07,935.52,938.81,929.87,4543421,327377.44,79.29,3.5,2.106,0.991,1248.04,705.26,1.2,MIDCAP_PORTFOLIO,BUY,420,855.79,INR
IN001190,LT,Larsen & Toubro,NSE,INFRASTRUCTURE,12-09-2022,3185.37,3314.79,3092.51,3303.21,3286.95,1837848,1812582.56,16.11,5.55,1.8,1.175,3603.06,2342.09,2.3,MIDCAP_PORTFOLIO,SELL,1657,3261.86,INR
IN001500,TCS,Tata Consultancy Services,NSE,TECHNOLOGY,12-09-2022,3468.75,3738.01,3383.61,3694.97,3720.67,3184606,1145704.3,14.07,4.12,3.75,1.278,3856.33,2240.64,2.3,MIDCAP_PORTFOLIO,BUY,1845,2849.96,INR
IN002760,TECHM,Tech Mahindra,NSE,TECHNOLOGY,12-09-2022,1322.41,1352.89,1258.55,1261.97,1253.01,4174361,603703.8,43.51,4.47,3.332,1.234,1558.52,1085.83,0.5,MIDCAP_PORTFOLIO,BUY,1134,1074.73,INR
IN002472,BAJFINANCE,Bajaj Finance,NSE,NBFC,01-10-2022,7202.25,7330.83,7070.65,7270.3,7475.3,2708701,1886932.25,40.3,7.25,1.092,1.3,9648.62,6252.75,5.1,NIFTY50_PORTFOLIO,SELL,1075,6269.06,INR
IN002973,ICICIBANK,ICICI Bank,NSE,FINANCE,01-10-2022,934.01,941,888.41,891.47,860.89,1018511,117672.32,33.92,10.78,3.29,1.189,1308.49,792.96,1.2,SECTORAL_PORTFOLIO,BUY,1994,1020.29,INR
IN002994,ICICIBANK,ICICI Bank,NSE,FINANCE,01-10-2022,960.54,979.06,950.86,962.21,928.05,2091806,734412.39,55.92,11.91,1.422,1.189,1207.71,688.97,5.1,NIFTY50_PORTFOLIO,BUY,1764,775.91,INR
IN003046,ICICIBANK,ICICI Bank,NSE,FINANCE,01-10-2022,929.78,1004.64,917.96,992.66,963.07,304072,442703.41,19.37,1.31,0.699,1.891,1276.12,859.41,1.2,SECTORAL_PORTFOLIO,BUY,1828,973.49,INR
IN004626,ONGC,Oil & Natural Gas Corp,NSE,ENERGY,02-10-2022,288.78,292.73,265.91,271.72,273.91,3113772,168155.26,23.35,13.83,2.806,0.913,319.16,208.9,0.5,NIFTY50_PORTFOLIO,BUY,1464,278.65,INR
IN004644,ONGC,Oil & Natural Gas Corp,NSE,ENERGY,02-10-2022,269.31,274.39,263.69,269.01,270.96,3159030,265584.09,66.24,6.65,3.584,1.793,373.94,174.71,1.2,NIFTY50_PORTFOLIO,BUY,1682,211.16,INR
IN002976,HCLTECH,HCL Technologies,NSE,TECHNOLOGY,03-10-2022,1499.87,1529.58,1478.22,1527.97,1525.29,2411753,1154751.24,27.91,7.68,2.408,1.971,1871.09,1254.52,0.5,SECTORAL_PORTFOLIO,BUY,1328,1564.88,INR
IN003008,HCLTECH,HCL Technologies,NSE,TECHNOLOGY,03-10-2022,1564.75,1643.51,1561.63,1638.11,1622.96,1504307,1458589.49,23.58,5.18,3.315,1.842,1716.69,925.32,5.1,NIFTY50_PORTFOLIO,BUY,1837,1278.01,INR
IN002334,LT,Larsen & Toubro,NSE,INFRASTRUCTURE,03-10-2022,3125.49,3293.44,3115.11,3265.3,3237.37,4939519,977391.9,47.17,8.51,0.325,1.563,4009.02,2317.95,0.5,SECTORAL_PORTFOLIO,BUY,458,3734.2,INR
IN001215,NTPC,NTPC Limited,NSE,UTILITIES,03-10-2022,333.95,335.29,316.01,320.53,315.94,3150737,343565.96,48.1,8.25,1.562,0.827,386.39,275.94,2.3,MIDCAP_PORTFOLIO,SELL,1064,280.62,INR
IN001619,POWERGRID,Power Grid Corporation,BSE,UTILITIES,03-10-2022,248.64,267.03,244.07,265.35,270.53,2172771,123251.93,79.74,5.58,2.056,1.576,311.68,214.67,1.2,SECTORAL_PORTFOLIO,SELL,1137,242.11,INR
IN001632,POWERGRID,Power Grid Corporation,BSE,UTILITIES,03-10-2022,242.15,247.5,233.07,237.35,232.92,2253098,156930.16,20.96,4.36,2.79,1.233,305.65,170.95,0.5,NIFTY50_PORTFOLIO,HOLD,1474,188.07,INR
IN003572,RELIANCE,Reliance Industries,NSE,ENERGY,03-10-2022,2158.8,2185.53,2044.23,2056.07,2081.42,2271051,696588.72,44.76,10.81,1.372,1.734,2675.28,1948.7,0,MIDCAP_PORTFOLIO,BUY,611,2434.89,INR
IN003602,RELIANCE,Reliance Industries,NSE,ENERGY,03-10-2022,2271.34,2352.07,2203.6,2339.85,2357.59,4978441,630117.25,44.76,8.545,1.484,1.144,3048.99,1893.5,2.3,MIDCAP_PORTFOLIO,BUY,936,2339.18,INR
IN003613,RELIANCE,Reliance Industries,NSE,ENERGY,03-10-2022,2221.47,2291.1,2155.76,2243.38,2228.61,2603292,1829757.58,77.98,1.2,3.164,1.022,3066.55,1474.56,5.1,MIDCAP_PORTFOLIO,BUY,107,2229.74,INR
IN003631,RELIANCE,Reliance Industries,NSE,ENERGY,03-10-2022,2113.34,2159.04,2092.04,2153,2117.84,1013379,1188531.14,35.01,10.9,3.811,0.416,2410.15,1341.36,5.1,NIFTY50_PORTFOLIO,HOLD,547,1799.31,INR
IN003640,RELIANCE,Reliance Industries,NSE,ENERGY,03-10-2022,2274.24,2367.77,2213.11,2314.38,2385.71,1440841,1454006.19,22.52,10.16,3.742,1.11,2603.96,1426.71,5.1,NIFTY50_PORTFOLIO,BUY,84,1794.86,INR
IN003676,RELIANCE,Reliance Industries,NSE,ENERGY,03-10-2022,2106.53,2154.76,1903.56,1960.87,1949.22,1407178,1421401.08,44.49,4,2.419,1.182,2559.07,1589.66,2.3,NIFTY50_PORTFOLIO,SELL,268,1671.04,INR
IN003713,RELIANCE,Reliance Industries,NSE,ENERGY,03-10-2022,2111.75,2124.23,2008.19,2035.74,2019.73,151856,711299.31,47.86,3.14,2.824,1.144,2406.93,1349.82,5.1,MIDCAP_PORTFOLIO,BUY,1382,2346.96,INR
IN003723,RELIANCE,Reliance Industries,NSE,ENERGY,03-10-2022,2248.84,2289.83,2247.16,2278.31,2333.42,3891302,140624.34,12.88,2.01,2.594,1.542,2865.34,1697.78,1.2,SECTORAL_PORTFOLIO,HOLD,524,2476.8,INR
IN004488,BHARTIARTL,Bharti Airtel,NSE,TELECOMMUNICATION,05-10-2022,907.42,954.9,895.39,932.27,943.64,969846,386199.86,8.18,11.95,0.669,1.123,1169.83,845.49,3.5,MIDCAP_PORTFOLIO,BUY,1247,1055.39,INR
IN004523,BHARTIARTL,Bharti Airtel,NSE,TELECOMMUNICATION,05-10-2022,896.64,901.38,849.74,896.64,864.94,1328521,435550.69,37.46,1.4,3.32,1.425,1201.01,749.73,5.1,MIDCAP_PORTFOLIO,HOLD,1983,948.67,INR
IN004547,BHARTIARTL,Bharti Airtel,NSE,TELECOMMUNICATION,05-10-2022,935.04,983.47,932.26,974.57,952.94,2954859,503292.33,54.88,14.88,2.486,0.739,1212.97,592.01,5.1,SECTORAL_PORTFOLIO,HOLD,552,865.47,INR
IN004576,BHARTIARTL,Bharti Airtel,NSE,TELECOMMUNICATION,05-10-2022,880.95,906.14,867,896.71,910.97,2353701,221249.92,33.08,4.58,1.311,1.445,1120.19,816.5,0.5,SECTORAL_PORTFOLIO,BUY,1310,772.37,INR
IN003615,SBIN,State Bank of India,NSE,FINANCE,05-10-2022,618.01,619.86,605.75,611.97,593.66,4894137,289399.815,38.03,4.84,2.192,1.208,798.77,431.9,1.2,NIFTY50_PORTFOLIO,BUY,346,664.8,INR
IN003645,SBIN,State Bank of India,NSE,FINANCE,05-10-2022,595.92,601.11,569.07,584.66,577.8,3398798,58595.81,44,8.79,0.46,1.1655,633.18,371.56,2.3,NIFTY50_PORTFOLIO,HOLD,248,626.92,INR
IN004493,WIPRO,Wipro,BSE,TECHNOLOGY,05-10-2022,488.23,495.03,463.8,473.48,461.76,804971,452029.11,55.89,9.93,1.87,1.834,647.12,320.48,2.3,SECTORAL_PORTFOLIO,BUY,1483,623.56,INR
IN004494,WIPRO,Wipro,BSE,TECHNOLOGY,05-10-2022,510.56,529.62,497.41,527.21,532.18,1409023,331988.43,52.43,6.08,3.77,1.269,677.77,304.26,3.5,SECTORAL_PORTFOLIO,SELL,809,376.09,INR
IN004556,WIPRO,Wipro,BSE,TECHNOLOGY,05-10-2022,503.86,516.41,487.49,489.66,477.18,4812110,405896.34,30.39,1.31,1.645,1.337,664.33,346,0.5,MIDCAP_PORTFOLIO,BUY,231,389.12,INR
IN004640,WIPRO,Wipro,BSE,TECHNOLOGY,05-10-2022,486.42,518.31,474.12,517.53,507.8,4777067,354973.66,30.04,13.58,3.152,1.585,623.51,431.44,0.5,SECTORAL_PORTFOLIO,BUY,1259,456.16,INR
IN003933,BAJFINANCE,Bajaj Finance,NSE,NBFC,06-10-2022,7165.38,7292.22,6952.62,7281.25,7126.26,109888,4014079.82,54.02,7.47,1.856,1.174,7365.21,6207.41,2.3,NIFTY50_PORTFOLIO,BUY,226,8424.63,INR
IN003221,HCLTECH,HCL Technologies,NSE,TECHNOLOGY,06-10-2022,1483.09,1504.53,1447.12,1501.65,1495.45,186529,847567.58,66.13,12.79,1.836,1.272,1885.44,1136.27,2.3,MIDCAP_PORTFOLIO,HOLD,1047,1717.21,INR
IN003291,HCLTECH,HCL Technologies,NSE,TECHNOLOGY,06-10-2022,1486.7,1516.72,1479.66,1484.56,1483.59,2411753,781708.28,53.13,5.37,0.525,1.576,1736.23,1398.92,2.3,SECTORAL_PORTFOLIO,HOLD,1380,1168.47,INR
IN003336,HCLTECH,HCL Technologies,NSE,TECHNOLOGY,06-10-2022,1508.84,1519.8,1407.15,1424.76,1457.67,3511423,1499125.31,41.4,4.42,1.557,1.389,1794.94,1143.34,1.2,MIDCAP_PORTFOLIO,BUY,1827,1284.98,INR
IN000031,TITAN,Titan Company,BSE,CONSUMER GOODS,06-10-2022,3484.79,3714.5,3381.75,3684.44,3792.95,3032459,2435527.15,58.66,4.19,3.121,1.566,4373.27,2526.82,5.1,MIDCAP_PORTFOLIO,SELL,1404,3666.72,INR
IN000064,TITAN,Titan Company,BSE,CONSUMER GOODS,06-10-2022,3472.98,3518.03,3177.77,3260.37,3378.8,3356852,2881585.03,73.49,13.22,0.265,1.474,4677.85,2641.28,1.2,NIFTY50_PORTFOLIO,SELL,1308,4150.57,INR
IN004809,ADANIENT,Adani Enterprises,NSE,CONGLOMERATE,08-10-2022,2772.43,2793.52,2700.54,2703.12,2727.74,2292209,2692015.17,57.71,9.89,0.649,1.925,3272.01,2300.47,2.3,NIFTY50_PORTFOLIO,SELL,1838,3327.25,INR
IN004838,ADANIENT,Adani Enterprises,NSE,CONGLOMERATE,08-10-2022,2688.63,2768.78,2510.55,2578.6,2585.42,4847190,1954767.66,37.34,8.79,2.839,1.348,3850.76,2178.5,5.1,MIDCAP_PORTFOLIO,BUY,1943,2158.85,INR
IN004847,ADANIENT,Adani Enterprises,NSE,CONGLOMERATE,08-10-2022,2915.26,2924.57,2785.49,2845.58,2911.2,329122,749400.24,70.25,8.32,0.611,0.846,3028.93,1973.43,2.3,MIDCAP_PORTFOLIO,BUY,1278,3227.26,INR
IN004862,ADANIENT,Adani Enterprises,NSE,CONGLOMERATE,08-10-2022,2889.68,2920.59,2840.28,2841.77,2802.35,3218607,2078147.44,48.92,11.81,1.41,1.173,3410.3,1886.74,2.3,SECTORAL_PORTFOLIO,SELL,960,2803.7,INR
IN004901,ADANIENT,Adani Enterprises,NSE,CONGLOMERATE,08-10-2022,2779.82,2822,2522.02,2592.32,2619.17,248579,199018.34,70.2,1.42,1.8295,1.62,3329.07,2092.65,0.5,MIDCAP_PORTFOLIO,BUY,1754,3128.25,INR
IN001567,NESTLEIND,Nestle India,BSE,FMCG,08-10-2022,21168.13,21428.44,20130.42,20235.23,20686.76,662852,4133587.37,74.16,11.67,3.044,1.062,30514.04,14057.7,0.5,SECTORAL_PORTFOLIO,HOLD,355,19745.06,INR
IN001676,NESTLEIND,Nestle India,BSE,FMCG,08-10-2022,21936.88,22316.26,21385.09,22129.35,21506.86,3511114,10759084.95,13.05,11.07,3.062,1.009,24444.6,18847.45,2.3,NIFTY50_PORTFOLIO,BUY,734,24620.95,INR
IN001750,NESTLEIND,Nestle India,BSE,FMCG,08-10-2022,21921.25,22139.96,21104.92,21364.14,21674.49,1928209,9305393.44,53.78,1.65,1.346,1.408,24023.97,19874.11,0.5,SECTORAL_PORTFOLIO,HOLD,1724,24404.78,INR
IN001761,NESTLEIND,Nestle India,BSE,FMCG,08-10-2022,22068.99,22956.14,21584.53,22068.99,21556.59,3583630,10574517.11,21.3,8.46,0.521,1.133,27562.58,14408.68,0,NIFTY50_PORTFOLIO,HOLD,311,25878.17,INR
IN002428,TITAN,Titan Company,BSE,CONSUMER GOODS,08-10-2022,3294.41,3398.28,3270.46,3378.58,3499.37,2308883,624101.62,78.39,4.47,0.903,0.646,4360.86,2102.67,5.1,MIDCAP_PORTFOLIO,BUY,1080,3180.11,INR
IN000912,BHARTIARTL,Bharti Airtel,NSE,TELECOMMUNICATION,10-10-2022,868.56,898.48,855.54,886.06,878.37,2737772,461742.32,25.84,14.35,2.056,1.198,1067.9,728.49,0.5,NIFTY50_PORTFOLIO,HOLD,666,1087.13,INR
IN000972,BHARTIARTL,Bharti Airtel,NSE,TELECOMMUNICATION,10-10-2022,883.8,960.9,869.07,937.58,930.86,96343,625504.77,41.88,14.81,1.317,1.077,1235.58,652.84,0.5,SECTORAL_PORTFOLIO,BUY,1076,853.94,INR
IN000987,BHARTIARTL,Bharti Airtel,NSE,TELECOMMUNICATION,10-10-2022,944.52,1003.59,939.74,989.9,1008.4,2691244,893458.15,42.07,5.81,3.156,1.182,1093.05,599.7,1.2,SECTORAL_PORTFOLIO,SELL,670,1103.58,INR
IN001009,BHARTIARTL,Bharti Airtel,NSE,TELECOMMUNICATION,10-10-2022,881.61,907.58,869.27,881.61,879.24,2586986,54921.69,63.58,13.65,2.789,0.554,1058.95,773.44,0.5,NIFTY50_PORTFOLIO,BUY,1628,888.9,INR
IN001073,BHARTIARTL,Bharti Airtel,NSE,TELECOMMUNICATION,10-10-2022,869.63,937,852.06,930.1,955.01,814947,503292.33,35.09,8.08,0.831,0.932,1014.28,573.06,2.3,MIDCAP_PORTFOLIO,BUY,765,968.3,INR
IN001075,BHARTIARTL,Bharti Airtel,NSE,TELECOMMUNICATION,10-10-2022,858.43,884.55,855.39,860.04,825.95,3721060,703114.12,68.39,14.44,0.532,1.976,1214.63,600.6,2.3,SECTORAL_PORTFOLIO,HOLD,1929,995.1,INR
IN002748,BHARTIARTL,Bharti Airtel,NSE,TELECOMMUNICATION,10-10-2022,857.84,863.09,793.53,801.71,786.05,3288332,181500.41,63.34,5.76,1.042,1.545,1169.94,681.64,2.3,MIDCAP_PORTFOLIO,SELL,1700,777.12,INR
IN002751,BHARTIARTL,Bharti Airtel,NSE,TELECOMMUNICATION,10-10-2022,935.91,941.85,868.83,891.71,883.77,4300974,706666.63,58.33,3.89,2.056,1.212,1212.25,644,2.3,SECTORAL_PORTFOLIO,BUY,490,834.75,INR
IN004376,KOTAKBANK,Kotak Mahindra Bank,NSE,FINANCE,10-10-2022,1839.62,1886.16,1796.04,1809.05,1876.18,4735615,1320349.44,71.43,9.7,1.09,0.686,1979.38,1100.89,1.2,MIDCAP_PORTFOLIO,BUY,1163,1589.24,INR
IN002063,NESTLEIND,Nestle India,BSE,FMCG,10-10-2022,22331.83,22864.55,21294.99,21895.13,22600.18,4947939,4349394.27,71.29,10.64,2.059,1.635,23667.15,20343.85,5.1,NIFTY50_PORTFOLIO,HOLD,210,19295.64,INR
IN002076,NESTLEIND,Nestle India,BSE,FMCG,10-10-2022,21624.31,21867.76,21106.42,21490.7,22295.23,1801920,15723846.67,62.87,14.82,1.9485,1.139,26521.3,20853.21,2.3,MIDCAP_PORTFOLIO,BUY,1422,22703.68,INR
IN002077,NESTLEIND,Nestle India,BSE,FMCG,10-10-2022,21015.46,22004.64,20893.4,21747.55,22104.72,3758218,3073076.95,8.04,9.16,1.464,0.421,29350.9,19429,1.2,SECTORAL_PORTFOLIO,BUY,290,18568.55,INR
IN002054,NTPC,NTPC Limited,NSE,UTILITIES,10-10-2022,363.09,364.49,347.28,351.45,344.47,1212492,35488.02,9.28,9.99,0.414,1.679,376.18,279.74,2.3,MIDCAP_PORTFOLIO,BUY,71,336.12,INR
IN001829,ULTRACEMCO,UltraTech Cement,BSE,INFRASTRUCTURE,10-10-2022,9697.05,10600.41,9625.98,10320.7,10127.33,2846836,8745239.12,43.495,6.57,1.739,1.592,11714.16,7324.23,0.5,MIDCAP_PORTFOLIO,BUY,727,10692.92,INR
IN000095,ADANIENT,Adani Enterprises,NSE,CONGLOMERATE,11-10-2022,2724.83,2777.84,2701.65,2716.98,2740.48,867688,315731.17,45.04,1.15,0.868,1.154,3631.71,2080.68,1.2,NIFTY50_PORTFOLIO,BUY,1193,2602.1,INR
IN002776,RELIANCE,Reliance Industries,NSE,ENERGY,11-10-2022,2306.23,2342.72,2258.84,2306.23,2343.49,2422094,1153493.95,43.05,8.545,0.35,1.036,2893.19,1995.66,0,MIDCAP_PORTFOLIO,BUY,535,1892.03,INR
IN001878,ICICIBANK,ICICI Bank,NSE,FINANCE,01-11-2022,913.35,973.85,895.07,947.48,980.08,996698,176200.19,29.95,8.07,2.301,1.979,1026.7,831.83,0,SECTORAL_PORTFOLIO,BUY,190,947.68,INR
IN002040,ICICIBANK,ICICI Bank,NSE,FINANCE,01-11-2022,953.43,955.31,884.81,953.43,920.99,3554750,153899.12,58.99,5.01,3.269,0.983,1319.71,579.95,1.2,NIFTY50_PORTFOLIO,BUY,67,921.95,INR
IN002056,ICICIBANK,ICICI Bank,NSE,FINANCE,01-11-2022,917.55,937.44,906.37,919.41,894.16,2515910,946572.05,44.145,1.74,0.549,1.435,1073.18,586.49,1.2,SECTORAL_PORTFOLIO,BUY,933,1073.57,INR
IN002207,KOTAKBANK,Kotak Mahindra Bank,NSE,FINANCE,01-11-2022,1751.46,1780.67,1632.85,1646.62,1686.44,4679577,1543507.79,54.88,3.3,1.921,1.24,2062.16,1330.34,3.5,MIDCAP_PORTFOLIO,BUY,60,1381.4,INR
IN002225,KOTAKBANK,Kotak Mahindra Bank,NSE,FINANCE,01-11-2022,1778.56,1877.84,1730.21,1875.53,1912.4,1762693,718148.34,16.52,7.28,2.473,1.692,2480.01,1566.31,0,SECTORAL_PORTFOLIO,BUY,1293,2125.53,INR
IN002302,KOTAKBANK,Kotak Mahindra Bank,NSE,FINANCE,01-11-2022,1719.49,1782.46,1713.3,1753.09,1736.65,1945614,1400458.57,17.07,3.58,1.467,1.123,1997.67,1492.92,1.2,SECTORAL_PORTFOLIO,BUY,937.5,2136.47,INR
IN002361,KOTAKBANK,Kotak Mahindra Bank,NSE,FINANCE,01-11-2022,1723.49,1743.66,1686.92,1734.09,1753.81,1596954,421244.96,30.65,6.53,2.714,0.708,2369.82,1540.78,0,SECTORAL_PORTFOLIO,BUY,1493,1920.15,INR
IN002372,KOTAKBANK,Kotak Mahindra Bank,NSE,FINANCE,01-11-2022,1848.22,1943.26,1817.39,1940.37,2008.61,338121,892806.46,51.22,1.72,0.985,1.478,2268.83,1440.87,0,NIFTY50_PORTFOLIO,SELL,1915,2127.67,INR
IN002307,TECHM,Tech Mahindra,NSE,TECHNOLOGY,01-11-2022,1256.26,1315.95,1230.14,1291.17,1254,1003777,99194.88,48.25,6.65,0.891,1.371,1477.05,1138.88,1.2,SECTORAL_PORTFOLIO,BUY,183,1460.5,INR
IN002312,TECHM,Tech Mahindra,NSE,TECHNOLOGY,01-11-2022,1316.69,1417.1,1304.54,1383.29,1381.7,661011,358241.22,77.83,8.63,1.136,1.732,1600.15,1084.8,0.5,MIDCAP_PORTFOLIO,BUY,1950,1104.65,INR
IN002332,TECHM,Tech Mahindra,NSE,TECHNOLOGY,01-11-2022,1303.15,1425.27,1288.62,1386.99,1336.34,236683,661623.79,42.03,10.37,0.973,1.428,1449.05,1075.03,1.2,NIFTY50_PORTFOLIO,BUY,1767,1586.91,INR
IN003471,BHARTIARTL,Bharti Airtel,NSE,TELECOMMUNICATION,02-11-2022,902.08,927.97,830.63,853.56,829.33,4922442,245884.19,48.025,9.84,3.091,1.178,1050,777.88,1.2,SECTORAL_PORTFOLIO,BUY,1340,1010.47,INR
IN004865,LT,Larsen & Toubro,NSE,INFRASTRUCTURE,02-11-2022,3081.57,3159.16,3021.82,3094.33,3194.74,1074219,1505818.72,62.6,10.49,1.642,1.814,3598.14,2078.13,0,NIFTY50_PORTFOLIO,BUY,976,2840.62,INR
IN004865,LT,Larsen & Toubro,NSE,INFRASTRUCTURE,02-11-2022,3081.57,3159.16,3021.82,3094.33,3194.74,1074219,1505818.72,62.6,10.49,1.642,1.814,3598.14,2078.13,0,NIFTY50_PORTFOLIO,BUY,239,2840.62,INR
IN004869,LT,Larsen & Toubro,NSE,INFRASTRUCTURE,02-11-2022,3130.4,3142.49,3018.66,3030.41,3122.29,2239536,1036366.75,41.64,8.51,1.751,1.242,4192.58,1967.77,1.2,SECTORAL_PORTFOLIO,BUY,1637,3326.14,INR
IN004873,LT,Larsen & Toubro,NSE,INFRASTRUCTURE,02-11-2022,3337.93,3386.41,3126.91,3222.72,3277.37,1460997,916228.24,35.59,7.41,2.551,0.912,4013.02,2374.18,3.5,NIFTY50_PORTFOLIO,HOLD,1008,3311.16,INR
IN004900,LT,Larsen & Toubro,NSE,INFRASTRUCTURE,02-11-2022,3347.94,3539.15,3334.74,3505.24,3524.63,3584505,2472275.59,28.14,14.72,2.586,0.69,3505.24,2940.02,1.2,NIFTY50_PORTFOLIO,HOLD,190,3309.11,INR
IN004912,LT,Larsen & Toubro,NSE,PHARMACEUTICALS,02-11-2022,3304.58,3463.13,3252.95,3376.2,3430.66,2675487,2628884.52,41.64,12.55,3.086,0.997,4103.36,2775.69,3.5,MIDCAP_PORTFOLIO,BUY,1741,3792.94,INR
IN004917,LT,Larsen & Toubro,NSE,INFRASTRUCTURE,02-11-2022,3355.18,3548.53,3255,3548.44,3541.97,4107722,2004545.47,69.64,4.18,1.316,1.085,3652.24,2894.74,1.2,MIDCAP_PORTFOLIO,BUY,1251,3526.7,INR
IN004923,LT,Larsen & Toubro,NSE,INFRASTRUCTURE,02-11-2022,3050.34,3310.38,2982.98,3231.79,3195.97,2675487,2487904.32,17.72,5.5,2.466,1.38,3754.53,2386.11,0,SECTORAL_PORTFOLIO,BUY,1942,3194.69,INR
IN004929,LT,Larsen & Toubro,NSE,INFRASTRUCTURE,02-11-2022,3082.73,3187.63,3021.4,3173.48,3273.95,3490979,619174.55,57.46,11.89,3.245,0.693,3653.04,2879.82,5.1,SECTORAL_PORTFOLIO,BUY,289,3282.52,INR
IN004290,RELIANCE,Reliance Industries,NSE,ENERGY,02-11-2022,2222.79,2276.75,2110.43,2160.28,2170.15,2346308,1188531.14,31.57,7.82,3.284,1.144,2533.07,1598.6,1.2,MIDCAP_PORTFOLIO,BUY,595,2526.18,INR
IN004311,RELIANCE,Reliance Industries,NSE,ENERGY,02-11-2022,2210.84,2240.11,2063.04,2078.18,2089.16,4391060,1795862.61,70.89,10.21,2.134,1.798,2851.47,2043.31,2.3,SECTORAL_PORTFOLIO,BUY,934,2050.73,INR
IN004334,RELIANCE,Reliance Industries,NSE,ENERGY,02-11-2022,2154.33,2288.51,2130.74,2271.72,2210.21,4218544,1716151.37,46.74,10.98,0.79,1.144,2996.13,1342.35,0.5,SECTORAL_PORTFOLIO,BUY,674,1885.39,INR
IN001256,ADANIENT,Adani Enterprises,NSE,CONGLOMERATE,03-11-2022,2819.19,2824.4,2772.07,2798.76,2842.72,2869392,1154235.35,75.22,2.2,0.039,1.626,3186.28,2652.92,3.5,NIFTY50_PORTFOLIO,SELL,1074,2536.54,INR
IN000759,NTPC,NTPC Limited,NSE,UTILITIES,03-11-2022,359.86,378.72,351.52,373.72,372.12,4206593,179918,50.49,14.89,1.337,1.933,431.5,293.08,1.2,MIDCAP_PORTFOLIO,BUY,1468,426.75,INR
IN001872,SUNPHARMA,Sun Pharmaceutical,BSE,PHARMACEUTICALS,03-11-2022,1194.91,1240.68,1166.9,1208.01,1161.78,2616174,107394.86,45.2,12.75,2.2445,1.763,1547.26,1070.5,1.2,MIDCAP_PORTFOLIO,HOLD,1101,1246.75,INR
IN002210,ULTRACEMCO,UltraTech Cement,BSE,INFRASTRUCTURE,03-11-2022,9157.02,9322.24,8919.86,9226.04,9409.57,2659234,4824844.04,43.495,11.63,1.739,1.563,12553.65,6911.72,2.3,NIFTY50_PORTFOLIO,BUY,510,9158.39,INR
IN001722,ADANIENT,Adani Enterprises,NSE,CONGLOMERATE,04-11-2022,2904.34,3000.82,2852.25,2980.33,3013.47,1413666,1270142.34,33.47,9.61,1.902,0.846,3128.45,2104.91,0.5,SECTORAL_PORTFOLIO,BUY,1426,2132.44,INR
IN001729,ADANIENT,Adani Enterprises,NSE,CONGLOMERATE,04-11-2022,2713.29,2766.36,2654.68,2670.04,2740.33,3151498,1966781.35,70.7,10.24,1.898,1.473,3478.49,2289.65,0,MIDCAP_PORTFOLIO,BUY,1037,3441.05,INR
IN001770,ADANIENT,Adani Enterprises,NSE,CONGLOMERATE,04-11-2022,2846.68,2901.16,2828.66,2834.76,2826.45,4240776,378568.62,17.38,9.8,2.899,1.403,3580.62,1999.06,0,MIDCAP_PORTFOLIO,BUY,971,3033.45,INR
IN001802,NTPC,NTPC Limited,NSE,UTILITIES,04-11-2022,356.31,363.48,345.88,349.75,356.18,1752327,67769.6,13.98,5.28,1.646,1.165,374.01,246.44,5.1,SECTORAL_PORTFOLIO,SELL,576,383.46,INR
IN001828,NTPC,NTPC Limited,NSE,UTILITIES,04-11-2022,338.61,366.65,329.72,359.29,369.26,2935300,200364.74,40.435,14.86,2.035,1.76,368.04,266.59,3.5,MIDCAP_PORTFOLIO,BUY,450,325.36,INR
IN001869,NTPC,NTPC Limited,NSE,UTILITIES,04-11-2022,344.3,346.62,323.41,326.42,327.26,4429295,61709.51,63.08,5.38,2.678,0.51,369.67,298.35,3.5,NIFTY50_PORTFOLIO,HOLD,908,377.04,INR
IN001071,RELIANCE,Reliance Industries,NSE,ENERGY,04-11-2022,2281,2364.78,2242.92,2327.2,2384.09,3294286,181353.77,54.78,9.73,2.359,1.41,2538.33,1914.49,5.1,MIDCAP_PORTFOLIO,HOLD,1677,2132.83,INR
IN000120,SBIN,State Bank of India,NSE,FINANCE,04-11-2022,591.01,615.66,589.02,605.28,617.17,3344880,380943.96,72.6,11.51,1.171,1.1655,707.33,389.57,1.2,SECTORAL_PORTFOLIO,HOLD,190,469.28,INR
IN004863,WIPRO,Wipro,BSE,TECHNOLOGY,04-11-2022,485.47,497.1,471.09,485.92,473.6,241852,40481.72,18.23,14.15,0.011,1.27,665.91,322.97,0.5,MIDCAP_PORTFOLIO,BUY,827,380.29,INR
IN004885,WIPRO,Wipro,BSE,TECHNOLOGY,04-11-2022,493.63,508.16,471.43,476.56,460.89,1746660,255127.93,57.86,10.35,0.097,0.605,631.65,449.52,1.2,SECTORAL_PORTFOLIO,BUY,1365,578.16,INR
IN004892,WIPRO,Wipro,BSE,TECHNOLOGY,04-11-2022,512.41,551.64,504.7,546.66,563.74,4746829,52640.52,11.92,3.34,3.244,1.625,618.74,441.71,5.1,MIDCAP_PORTFOLIO,SELL,1896,456.4,INR
IN004895,WIPRO,Wipro,BSE,TECHNOLOGY,04-11-2022,515.37,518.47,507.74,515.37,530.32,1794042,62337.41,8.46,11.42,3.816,0.669,557.35,357.04,1.2,SECTORAL_PORTFOLIO,SELL,19,385.75,INR
IN001135,BAJFINANCE,Bajaj Finance,NSE,NBFC,05-11-2022,7234.76,7473.6,7019.32,7431.14,7687.7,2723140,3617188.3,44.36,1.69,1.856,1.553,9517.78,6318.98,2.3,MIDCAP_PORTFOLIO,BUY,1576,8054.94,INR
IN001144,BAJFINANCE,Bajaj Finance,NSE,NBFC,05-11-2022,6976.28,7122.02,6800.48,6885.08,7113.98,2773516,3423400.78,22.25,5.61,1.856,0.905,7851.47,5243.19,1.2,MIDCAP_PORTFOLIO,BUY,1426,7369.48,INR
IN001176,BAJFINANCE,Bajaj Finance,NSE,NBFC,05-11-2022,7037.3,7640.86,7001.84,7516.56,7688.43,2708701,2919137.91,65.94,7.03,1.856,1.351,9244.56,6065.45,5.1,SECTORAL_PORTFOLIO,BUY,586,8148.1,INR
IN001192,BAJFINANCE,Bajaj Finance,NSE,NBFC,05-11-2022,7305.85,7521.41,6853.6,7305.85,6924.36,1646744,3921921.82,73.73,12.83,3.546,0.653,7449.29,4532.05,3.5,NIFTY50_PORTFOLIO,BUY,1786,8265.27,INR
IN001195,BAJFINANCE,Bajaj Finance,NSE,NBFC,05-11-2022,7179.73,7245.13,6700.23,6858.44,6642.89,3912704,3798832.65,41.54,6.25,1.73,0.94,8947.57,5646.99,2.3,SECTORAL_PORTFOLIO,BUY,1301,6279.34,INR
IN000978,HCLTECH,HCL Technologies,NSE,TECHNOLOGY,05-11-2022,1529.2,1587.53,1511.24,1566.01,1525.71,87339,199692.19,79.68,6.72,2.316,1.738,2021.56,1270.87,1.2,SECTORAL_PORTFOLIO,BUY,1714,1334.86,INR
IN002383,INFY,Infosys,NSE,TECHNOLOGY,05-11-2022,1567.03,1650.55,1542.74,1649.92,1608.1,2761092,86823.88,68.36,3.36,3.872,1.003,1659.75,1392.4,3.5,NIFTY50_PORTFOLIO,BUY,918,1528.2,INR
IN004448,KOTAKBANK,Kotak Mahindra Bank,BSE,FINANCE,05-11-2022,1856.14,1985,1819.94,1970.97,2027.77,2841864,831078.91,78.8,7.06,1.96,0.695,2465.55,1405.04,3.5,MIDCAP_PORTFOLIO,SELL,396,2085.4,INR
IN004481,KOTAKBANK,Kotak Mahindra Bank,NSE,FINANCE,05-11-2022,1740.49,1806.3,1724.39,1769.2,1748.03,1986112,1572892.53,37.12,7.06,2.011,1.872,2363.74,1699.06,0,NIFTY50_PORTFOLIO,BUY,1704,1823.42,INR
IN004509,KOTAKBANK,Kotak Mahindra Bank,NSE,FINANCE,05-11-2022,1719.96,1843.87,1709.44,1820.12,1848.04,4056153,1299480.73,18.43,11.23,3.144,0.802,1945.35,1162.08,2.3,SECTORAL_PORTFOLIO,BUY,1482,2062.82,INR
IN004530,KOTAKBANK,Kotak Mahindra Bank,NSE,FINANCE,05-11-2022,1811.5,1949.281076,1811.5,1829.28,1891.28,1203827,1003289.995,26.71,10,0.965,1.37,2392.31,1505.14,1.2,NIFTY50_PORTFOLIO,BUY,1825,1933.11,INR
IN004573,KOTAKBANK,Kotak Mahindra Bank,NSE,FINANCE,05-11-2022,1788.72,1806.93,1687.34,1715.18,1769.41,3283499,1135009.44,47.04,5.47,0.27,1.2315,2255.26,1398.72,2.3,SECTORAL_PORTFOLIO,BUY,1393,1998.24,INR
IN004574,KOTAKBANK,Kotak Mahindra Bank,NSE,PHARMACEUTICALS,05-11-2022,1877.88,1907.73,1744.1,1877.88,1792.72,2824831,451773.5,14.9,7.06,3.557,0.487,2282.85,1405.82,2.3,SECTORAL_PORTFOLIO,HOLD,448,1801.64,INR
IN004579,KOTAKBANK,Kotak Mahindra Bank,NSE,FINANCE,05-11-2022,1762.85,1806.45,1705.55,1735.59,1692.02,468632,1165797.67,10.27,7.81,3.924,0.922,2421.99,1226.53,5.1,SECTORAL_PORTFOLIO,BUY,1714,1607.32,INR
IN004667,KOTAKBANK,Kotak Mahindra Bank,NSE,FINANCE,05-11-2022,1769.18,1774.64,1669.23,1687.76,1725.33,914838,1764876.39,75.58,7.43,3.194,0.478,2325.94,1206.47,5.1,SECTORAL_PORTFOLIO,SELL,157,1483.04,INR
IN003551,RELIANCE,Reliance Industries,NSE,ENERGY,05-11-2022,2129.06,2191.18,2074.5,2079.18,2080.28,3995411,1732860.85,70.79,10.36,2.134,1.368,2490.04,1708.53,1.2,NIFTY50_PORTFOLIO,SELL,1855,1845.21,INR
IN002809,BAJFINANCE,Bajaj Finance,NSE,NBFC,07-11-2022,7164.52,7619.37,7052.64,7526.27,7815.77,4229408,3423400.78,44.36,7.58,1.856,1.046,9134.16,5222.96,5.1,NIFTY50_PORTFOLIO,BUY,1582,5770.97,INR
IN002815,BAJFINANCE,Bajaj Finance,NSE,NBFC,07-11-2022,6857.83,6879.65,6421.08,6426.29,6430.05,2708701,6352971.94,20.82,10.02,2.416,1.441,9535.42,5032.49,1.2,NIFTY50_PORTFOLIO,BUY,328,7695.91,INR
IN000861,TITAN,Titan Company,BSE,CONSUMER GOODS,07-11-2022,3327.86,3346.01,3176.69,3223.55,3279.63,4605957,252333.67,20.25,8.83,2.904,1.741,4254.35,2684.09,1.2,MIDCAP_PORTFOLIO,BUY,1305,3565.92,INR
IN003020,TITAN,Titan Company,BSE,CONSUMER GOODS,07-11-2022,3289.99,3384.06,3157.45,3196.36,3098.5,2793439,3000151.11,71.78,6.49,3.517,0.649,3802.83,2292.48,0,SECTORAL_PORTFOLIO,BUY,903,3838.94,INR
IN001854,BHARTIARTL,Bharti Airtel,NSE,TELECOMMUNICATION,08-11-2022,861.27,866.05,840.47,865.72,850.49,4810651,581697.76,67.23,1.6,0.759,1.526,1102.25,810.65,3.5,SECTORAL_PORTFOLIO,BUY,906,1034.39,INR
IN001919,BHARTIARTL,Bharti Airtel,NSE,TELECOMMUNICATION,08-11-2022,904.26,956.35,887.77,949.99,978.39,4190194,822165.33,64.88,12.81,1.857,0.839,1091.86,707.53,2.3,NIFTY50_PORTFOLIO,BUY,1559,1010.72,INR
IN002068,INFY,Infosys,NSE,TECHNOLOGY,08-11-2022,1570.99,1581.98,1543.81,1570.28,1616.85,4530772,289935,15.89,8.085,1.888,0.699,1685.84,1081.79,2.3,SECTORAL_PORTFOLIO,SELL,622,1159.79,INR
IN004820,RELIANCE,Reliance Industries,NSE,ENERGY,08-11-2022,2136.98,2196.71,2074.73,2116.81,2035.86,85229,705190.1,18.29,8.545,3.894,0.419,2332.29,1364.05,2.3,MIDCAP_PORTFOLIO,BUY,1553,2361.98,INR
IN001527,TITAN,Titan Company,BSE,CONSUMER GOODS,08-11-2022,3475.75,3535.53,3307.51,3385.03,3387.03,4021821,1097063.24,14.96,7,2.026,1.569,4174.44,2248.26,1.2,MIDCAP_PORTFOLIO,BUY,295,4052.64,INR
IN001531,TITAN,Titan Company,BSE,CONSUMER GOODS,08-11-2022,3312.34,3369.08,3261.32,3317.01,3327.6,4456618,2574696.81,17.3,10.22,2.013,0.776,3873.9,3018.58,1.2,MIDCAP_PORTFOLIO,HOLD,1412,3385.47,INR
IN001539,TITAN,Titan Company,BSE,CONSUMER GOODS,08-11-2022,3309.1,3469.74,3221.64,3382.94,3516.54,2389908.5,2360594.49,50.21,11.89,1.658,1.352,4479.14,2204.08,1.2,NIFTY50_PORTFOLIO,HOLD,1444,3305.17,INR
IN001539,TITAN,Titan Company,BSE,CONSUMER GOODS,08-11-2022,3309.1,3382.94,3221.64,3382.94,3516.54,2389908.5,2360594.49,50.21,11.89,1.658,1.352,4479.14,2204.08,1.2,NIFTY50_PORTFOLIO,HOLD,1444,3305.17,INR
IN004010,TITAN,Titan Company,BSE,CONSUMER GOODS,08-11-2022,3265.19,3265.39,3088.18,3265.19,3178.41,2389908.5,1835830.275,47.94,6.61,1.012,0.783,3983.49,2223.98,2.3,SECTORAL_PORTFOLIO,BUY,1767,4032.65,INR
IN004044,TITAN,Titan Company,BSE,CONSUMER GOODS,08-11-2022,3339.63,3492.92,3275.32,3468.68,3531.61,827312,2824155.04,39.38,3.15,2.003,1.85,3786.76,2372.69,1.2,SECTORAL_PORTFOLIO,BUY,685,4118.85,INR
IN004047,TITAN,Titan Company,BSE,CONSUMER GOODS,08-11-2022,3546,3581.65,3483.77,3483.82,3568.4,445197,2599596.42,14.71,3.38,3.786,0.639,4731.72,2335.93,3.5,MIDCAP_PORTFOLIO,BUY,1116,3514.07,INR
IN004051,TITAN,Titan Company,BSE,CONSUMER GOODS,08-11-2022,3563.93,3623.2,3462.35,3599.65,3607.94,650573,328697.55,44.08,13.66,0.504,1.16,3599.65,2307.88,2.3,MIDCAP_PORTFOLIO,SELL,35,3010.87,INR
IN004076,TITAN,Titan Company,BSE,CONSUMER GOODS,08-11-2022,3265.55,3381.2,3211.87,3370.08,3500.95,1186100,1539395.43,74.56,9.44,2.61,1.526,3645.91,2754.81,3.5,NIFTY50_PORTFOLIO,BUY,83,2568.37,INR
IN004083,TITAN,Titan Company,BSE,CONSUMER GOODS,08-11-2022,3418.64,3519.87,3347.71,3361.05,3248.06,893055,719710.18,25.96,8.6,3.182,1.16,4168.25,2765.33,1.2,MIDCAP_PORTFOLIO,BUY,784,3711.96,INR
IN004101,TITAN,Titan Company,BSE,CONSUMER GOODS,08-11-2022,3472.73,3552.7,3369.08,3389.08,3431.07,2959081,3250018.65,44.08,11.08,0.773,1.99,3910.86,2291.18,3.5,NIFTY50_PORTFOLIO,BUY,974,3562.81,INR
IN004113,TITAN,Titan Company,BSE,CONSUMER GOODS,08-11-2022,3339.05,3603.26,3269.44,3529.3,3525.27,1741627,1592801.21,64.36,10.51,0.191,1.03,3794.39,2944.8,1.2,MIDCAP_PORTFOLIO,BUY,1439,4160.55,INR
IN004367,LT,Larsen & Toubro,NSE,INFRASTRUCTURE,11-11-2022,3266.15,3325.87,3120.06,3179.69,3058.12,3897358,2481875.74,45.71,1.71,3.972,1.996,4357.22,2235.13,2.3,MIDCAP_PORTFOLIO,BUY,1069,2774.53,INR
IN004368,LT,Larsen & Toubro,NSE,INFRASTRUCTURE,11-11-2022,3135.37,3148.74,3081.8,3137.01,3167.06,4678744,1216651.16,41.64,7.5,0.618,1.757,4223.11,2602.5,0,NIFTY50_PORTFOLIO,BUY,1722,2686.64,INR
IN004381,LT,Larsen & Toubro,NSE,INFRASTRUCTURE,11-11-2022,3111.07,3207.01,3081.14,3191.38,3239.89,4030977,1762696.4,65.56,10.9,3.078,0.887,3945.61,2532.43,0,NIFTY50_PORTFOLIO,HOLD,441,3281.51,INR
IN004396,LT,Larsen & Toubro,NSE,INFRASTRUCTURE,11-11-2022,3291.69,3397.05,3225.25,3326.6,3276.08,2998283,3033945.98,36.87,9.05,3.388,0.549,3435.54,2545.97,3.5,MIDCAP_PORTFOLIO,BUY,37,3044.16,INR
IN004449,LT,Larsen & Toubro,NSE,INFRASTRUCTURE,11-11-2022,3298.54,3519.57,3222.45,3460.11,3571.65,894229,1616603.54,56.18,6.66,1.414,1.901,3763.4,2090.23,1.2,NIFTY50_PORTFOLIO,BUY,16,3063.17,INR
IN001293,RELIANCE,Reliance Industries,NSE,ENERGY,11-11-2022,2290.63,2342.28,2252.82,2279.32,2201.13,4645853,356181.77,65.04,8.21,1.72,1.219,2742.82,1792.36,2.3,SECTORAL_PORTFOLIO,HOLD,1313,2386.62,INR
IN004078,SUNPHARMA,Sun Pharmaceutical,BSE,PHARMACEUTICALS,11-11-2022,1203.3,1295.14,1198.1,1285.13,1322.62,976723,254511.74,59.31,5.22,1.859,1.337,1630.84,1019.45,1.2,SECTORAL_PORTFOLIO,BUY,746,1375.8,INR
IN004116,SUNPHARMA,Sun Pharmaceutical,BSE,PHARMACEUTICALS,11-11-2022,1212.92,1302.27,1186.85,1278.31,1327.62,548581,964551.85,54.43,8.11,2.856,0.694,1528.17,808.31,1.2,NIFTY50_PORTFOLIO,SELL,759,1489.92,INR
IN004121,SUNPHARMA,Sun Pharmaceutical,BSE,PHARMACEUTICALS,11-11-2022,1219.39,1257.33,1196.6,1232.76,1193.66,3908171,1130773.54,58.06,7.735,1.291,1.139,1550.49,986.55,3.5,MIDCAP_PORTFOLIO,BUY,1399,1102.2,INR
IN004135,SUNPHARMA,Sun Pharmaceutical,BSE,PHARMACEUTICALS,11-11-2022,1201.09,1223.35,1163.4,1175.87,1150.09,3427223,611604.57,22.76,1.83,2.525,0.702,1330.27,1065.44,2.3,SECTORAL_PORTFOLIO,HOLD,212,950.65,INR
IN004208,SUNPHARMA,Sun Pharmaceutical,BSE,PHARMACEUTICALS,11-11-2022,1176.58,1196.19,1145.48,1160.23,1176.9,1145594,611604.57,21.64,8.56,2.098,0.931,1440.19,740.06,2.3,MIDCAP_PORTFOLIO,SELL,114,956.69,INR
IN003376,BAJFINANCE,Bajaj Finance,NSE,NBFC,01-12-2022,7288.82,7290.26,6798.75,6802.37,6941.32,1065626,2624088.89,44.36,10.72,3.592,1.859,9152.91,6493.28,2.3,NIFTY50_PORTFOLIO,SELL,172,7826.89,INR
IN003413,BAJFINANCE,Bajaj Finance,NSE,NBFC,01-12-2022,6790.61,7121.41,6599.4,6980.33,7041.65,4755577,3908596.92,50.52,14.81,0.54,0.567,9280.14,5640.91,0,NIFTY50_PORTFOLIO,BUY,559,5731.13,INR
IN003569,BAJFINANCE,Bajaj Finance,NSE,NBFC,01-12-2022,7214.74,7810.21,7004.41,7587.42,7791.26,4183332,2423586.15,40.77,11.78,1.217,0.438,8453.54,5402.38,2.3,MIDCAP_PORTFOLIO,BUY,764,7193.79,INR
IN003603,BAJFINANCE,Bajaj Finance,NSE,NBFC,01-12-2022,7045.39,7364.86,7005.96,7244.93,7396.95,2708701,3423400.78,51.65,14,3.624,0.453,8859.92,6431.01,2.3,MIDCAP_PORTFOLIO,BUY,496,7596.65,INR
IN002934,KOTAKBANK,Kotak Mahindra Bank,NSE,FINANCE,01-12-2022,1805.91,1932.57,1800.22,1878.24,1913.19,2824831,350836.9,59.59,1.29,0.453,1.33,2208.36,1136.41,0.5,SECTORAL_PORTFOLIO,HOLD,943,1949.91,INR
IN001043,RELIANCE,Reliance Industries,NSE,ENERGY,01-12-2022,2217.54,2262.53,2172.73,2228.22,2174.55,3759866,846398.98,57.3,8.545,0.368,0.968,2993.11,1666.13,3.5,SECTORAL_PORTFOLIO,SELL,1248,2311.3,INR
IN002461,SBIN,State Bank of India,NSE,FINANCE,01-12-2022,609.62,612.26,581.79,589.05,577.83,4644132,84789.68,11.47,6.49,3.762,1.779,672.31,448.36,3.5,SECTORAL_PORTFOLIO,SELL,1883,703.59,INR
IN002468,SBIN,State Bank of India,NSE,FINANCE,01-12-2022,595.92,605.34,566.44,572.79,558.1,1771575,135321.52,12.28,12.89,1.256,1.499,633.23,376.89,3.5,NIFTY50_PORTFOLIO,BUY,1935,574.73,INR
IN002482,SBIN,State Bank of India,NSE,FINANCE,01-12-2022,582.49,616.06,576.06,610.76,623.49,3127301,289399.815,36.77,8.88,1.8405,0.786,788.3,492.35,0.5,MIDCAP_PORTFOLIO,SELL,1460,502.46,INR
IN002550,SBIN,State Bank of India,NSE,FINANCE,01-12-2022,596.9,614.55,546.48,557.67,545.74,2396120,341844.14,75.92,12.67,1.094,1.663,732,453.74,3.5,MIDCAP_PORTFOLIO,HOLD,96,705.17,INR
IN002601,SBIN,State Bank of India,NSE,FINANCE,01-12-2022,593.97,611.08,557.45,566.2,553.73,289013,539255.69,48.01,8.26,0.856,1.774,632.83,470.82,0,SECTORAL_PORTFOLIO,BUY,869,679.76,INR
IN002675,SBIN,State Bank of India,NSE,FINANCE,01-12-2022,573.34,587.05,555.05,568.19,585.76,4397239,373981.61,25.93,11.63,1.8405,1.756,813.8,435.59,3.5,MIDCAP_PORTFOLIO,HOLD,1266,571.83,INR
IN003938,INFY,Infosys,NSE,TECHNOLOGY,04-12-2022,1431.96,1471.99,1347.75,1373.64,1395.39,3248332,1436009.76,11.68,12.18,3.925,1.165,1873.07,1373.64,0.5,NIFTY50_PORTFOLIO,SELL,1206,1327.33,INR
IN003950,INFY,Infosys,NSE,TECHNOLOGY,04-12-2022,1501.28,1511.54,1432.95,1501.28,1414.95,2372821,1341344.81,46.01,8.085,1.165,1.423,1595.59,1309.93,2.3,SECTORAL_PORTFOLIO,HOLD,1601,1455.26,INR
IN003959,INFY,Infosys,NSE,TECHNOLOGY,04-12-2022,1516.65,1547.5,1485.15,1540.44,1576.62,1406603,389065.75,71.46,4.71,0.035,1.659,1829.9,965.33,0,SECTORAL_PORTFOLIO,BUY,679,1379.22,INR
IN000665,MARUTI,Maruti Suzuki,BSE,AUTOMOBILE,04-12-2022,9788.01,10256.69,9612.63,10084.49,10244.82,2202689,3791543.69,60.66,3.17,3.733,1.504,11450.74,6448.88,0,NIFTY50_PORTFOLIO,HOLD,1988,8521.71,INR
IN000677,MARUTI,Maruti Suzuki,BSE,AUTOMOBILE,04-12-2022,9813.05,10589.16,9622.63,10382.03,9982.93,4807840,3846726.97,79.17,9.91,1.146,1.186,11033.14,6761.96,2.3,NIFTY50_PORTFOLIO,BUY,398,8740.06,INR
IN003073,ICICIBANK,ICICI Bank,NSE,FINANCE,05-12-2022,983.2,1019.75,961.57,1019.75,991.9,4519728,249904.18,60.38,5.13,1.599,1.799,1287.05,802.31,3.5,NIFTY50_PORTFOLIO,BUY,1272,965.04,INR
IN003144,ICICIBANK,ICICI Bank,NSE,FINANCE,05-12-2022,997.44,1041.67,994.06,1028.78,1053.58,401289,602664.16,35.51,4.52,2.181,1.514,1315.29,689.75,2.3,NIFTY50_PORTFOLIO,BUY,299,1161.22,INR
IN003915,HCLTECH,HCL Technologies,NSE,TECHNOLOGY,07-12-2022,1540.93,1575.64,1487.54,1540.93,1519.56,1762876,795474.01,65.02,8.71,1.836,0.658,1710.94,1343.51,3.5,SECTORAL_PORTFOLIO,BUY,914,1863.58,INR
IN003994,HCLTECH,HCL Technologies,NSE,TECHNOLOGY,07-12-2022,1535.15,1679.54,1529.11,1636.05,1596.82,103074,211716,16.22,11.07,0.129,1.219,1903.08,1135.78,5.1,NIFTY50_PORTFOLIO,SELL,1717,1392.44,INR
IN000694,HINDUNILVR,Hindustan Unilever,NSE,FMCG,07-12-2022,2434.29,2445.98,2351.29,2374.67,2410.98,638877,1260671.04,19.29,8.21,2.371,1.117,2865.47,1713.36,0,SECTORAL_PORTFOLIO,BUY,770,3083.81,INR
IN000729,HINDUNILVR,Hindustan Unilever,NSE,FMCG,07-12-2022,2499.22,2564.68,2359.6,2375.9,2390.34,2201200.5,436254.23,18.51,2.17,2.964,1.783,3151.1,2347.95,5.1,MIDCAP_PORTFOLIO,BUY,276,2594.52,INR
IN000751,HINDUNILVR,Hindustan Unilever,NSE,FMCG,07-12-2022,2383.98,2458.16,2349.45,2404.67,2428.89,3049668,1197603.87,66.56,3.69,2.149,0.757,3126.32,2057.9,1.2,SECTORAL_PORTFOLIO,HOLD,1466,2126.01,INR
IN000785,HINDUNILVR,Hindustan Unilever,NSE,FMCG,07-12-2022,2444.94,2495.96,2377.83,2493.65,2467.99,4657350,868358.61,39.86,8.88,1.158,1.158,2683.47,2306.2,1.2,NIFTY50_PORTFOLIO,BUY,912,2081.63,INR
IN000658,MARUTI,Maruti Suzuki,BSE,AUTOMOBILE,07-12-2022,10462.26,11020.39,10377.63,10937.09,10995.95,4145335,865918.03,41.88,2.03,3.038,0.482,12416.07,7022.71,1.2,MIDCAP_PORTFOLIO,HOLD,1888,8987.63,INR
IN000014,INFY,Infosys,NSE,TECHNOLOGY,08-12-2022,1543.41,1670.22,1503.85,1636.05,1700.73,778963,813847.9,32.64,10.58,3.136,1.983,1636.05,1184.47,0.5,SECTORAL_PORTFOLIO,SELL,1675,1515.3,INR
IN000049,INFY,Infosys,NSE,TECHNOLOGY,08-12-2022,1490.86,1637.28,1476.72,1594.4,1568.7,2042969,1243612.72,20.91,4.03,2.17,1.865,1794.28,930.61,0.5,NIFTY50_PORTFOLIO,BUY,1191,1599.45,INR
IN000065,INFY,Infosys,NSE,TECHNOLOGY,08-12-2022,1557.23,1657.32,1518.57,1626.01,1639.31,2388298,728782.05,32.35,4.09,1.888,1.904,1801.78,1189.4,0.5,SECTORAL_PORTFOLIO,BUY,312,1202,INR
IN000068,INFY,Infosys,NSE,TECHNOLOGY,08-12-2022,1537.9,1641.3,1501.87,1620.94,1628.82,622450,785745.57,43.31,9.8,2.979,1.34,1649.11,1302.71,5.1,SECTORAL_PORTFOLIO,BUY,844,1382.18,INR
IN004974,ONGC,Oil & Natural Gas Corp,NSE,ENERGY,08-12-2022,290.31,297.25,273.08,277.58,268,3378114,168155.26,28.25,12.27,2.452,0.67,389.62,237.97,3.5,SECTORAL_PORTFOLIO,SELL,704,305.53,INR
IN003026,AXISBANK,Axis Bank,BSE,FINANCE,09-12-2022,1045.44,1088.01,1015.93,1068.51,1090.29,938673,958724.34,54.37,13.43,1.851,1.857,1513.76,911.99,0.5,NIFTY50_PORTFOLIO,BUY,1377,963.04,INR
IN003329,AXISBANK,Axis Bank,BSE,FINANCE,09-12-2022,1146.78,1166.66,1093.57,1146.78,1102.75,241700,412679.56,78.39,9.02,3.446,1.944,1262.01,1040.65,5.1,MIDCAP_PORTFOLIO,HOLD,419,857.64,INR
IN003349,AXISBANK,Axis Bank,BSE,FINANCE,09-12-2022,1047.85,1074.35,1047.72,1051.46,1048.46,1327027,133273.93,48.64,1.79,2.206,0.898,1496.86,909.31,2.3,NIFTY50_PORTFOLIO,SELL,1143,1041.34,INR
IN004630,AXISBANK,Axis Bank,BSE,FINANCE,09-12-2022,1067.82,1074.34,997.4,1024.95,1026.87,4256471,762969.82,21.92,14.78,0.367,1.786,1475.95,845.87,0.5,SECTORAL_PORTFOLIO,BUY,398,955.85,INR
IN003231,BAJFINANCE,Bajaj Finance,NSE,NBFC,09-12-2022,6915.07,7065.58,6784.64,6843.65,6603.91,460743,5877820.19,74.98,8.2,2.605,1.572,9166.41,5984.52,2.3,MIDCAP_PORTFOLIO,BUY,1253,8322.49,INR
IN003251,BAJFINANCE,Bajaj Finance,NSE,NBFC,09-12-2022,7154.86,7293.01,6723.91,7154.86,6785.84,4732822,6609148.45,38.23,14.09,0.532,1.054,9518.14,6387.07,0,MIDCAP_PORTFOLIO,BUY,1413,6175.87,INR
IN003257,BAJFINANCE,Bajaj Finance,NSE,NBFC,09-12-2022,7313.74,7397.28,7095.05,7203.62,7141.51,3315830,4190357.35,53.9,1.73,3.757,1.104,8804.58,4273.92,0,MIDCAP_PORTFOLIO,BUY,540,6358.57,INR
IN003027,LT,Larsen & Toubro,NSE,INFRASTRUCTURE,09-12-2022,3200.37,3383.87,3177.95,3350.32,3242.83,2675487,3110027.36,56.35,11.03,3.442,0.895,3594.27,2662.28,2.3,SECTORAL_PORTFOLIO,HOLD,1133,2716.78,INR
IN000290,SUNPHARMA,Sun Pharmaceutical,BSE,PHARMACEUTICALS,09-12-2022,1200.19,1214.75,1139.26,1172.14,1162.17,1221369,342286.39,39.67,7.735,1.069,0.852,1525.69,1127.91,2.3,MIDCAP_PORTFOLIO,BUY,666,1220.76,INR
IN000579,TITAN,Titan Company,BSE,CONSUMER GOODS,09-12-2022,3495.2,3540.04,3414.12,3471.85,3560.99,4015210,2306663.92,26.91,9.6,2.122,0.487,4334.01,2593.25,3.5,SECTORAL_PORTFOLIO,HOLD,554,3218.2,INR
IN002464,NESTLEIND,Nestle India,NSE,FMCG,10-12-2022,21993.9,22611.27,21268.44,21876.21,22392.58,4450680,9601446.34,50,13.15,0.03,1.2725,24311.72,13246.09,0.5,NIFTY50_PORTFOLIO,BUY,1204,23132.63,INR
IN002534,NESTLEIND,Nestle India,BSE,FMCG,10-12-2022,21848.16,22105.5077,21523.76,21523.76,22010.73,4456007,21695550.22,68.15,1.01,2.932,0.561,27213.72,16452.52,2.3,SECTORAL_PORTFOLIO,SELL,1250,16944.98,INR
IN002654,NESTLEIND,Nestle India,BSE,FMCG,10-12-2022,21857.64,22471.7,21155.87,21586.07,22306.49,3806802,8782085.35,22.6,5.92,1.205,0.777,30473,16851.41,2.3,NIFTY50_PORTFOLIO,BUY,1712,25652.16,INR
IN004525,ADANIENT,Adani Enterprises,NSE,CONGLOMERATE,12-12-2022,2710.3,2743.83,2631.39,2669.07,2633.62,3980226,2521440.09,51.26,4.44,0.429,0.599,3136.9,2193.57,2.3,MIDCAP_PORTFOLIO,BUY,91,3044.83,INR
IN004529,ADANIENT,Adani Enterprises,NSE,CONGLOMERATE,12-12-2022,2904.89,3111.81,2868.12,2904.89,3166.08,3199068,2674793.17,43.28,4.15,0.298,1.637,3742.51,2246.39,0.5,MIDCAP_PORTFOLIO,BUY,468,2712.23,INR
IN001798,BHARTIARTL,Bharti Airtel,NSE,TELECOMMUNICATION,12-12-2022,873.63,916.34,850.18,904.35,925.24,2230473,697998.4,40.97,13.35,0.689,0.705,1194.1,547.28,3.5,SECTORAL_PORTFOLIO,BUY,1551,871.09,INR
IN001810,BHARTIARTL,Bharti Airtel,NSE,TELECOMMUNICATION,12-12-2022,901.63,920.85,888.35,891.13,920.25,3828946,182103.69,48.025,4.28,3.122,1.911,1031,823.65,5.1,NIFTY50_PORTFOLIO,BUY,1834,858.71,INR
IN003030,MARUTI,Maruti Suzuki,BSE,AUTOMOBILE,12-12-2022,9659.16,9706.91,9453.07,9606.96,9251.5,1935228,4090843.44,13.59,7.65,0.283,0.578,11073.59,8780.79,0.5,SECTORAL_PORTFOLIO,BUY,569,8749.06,INR
IN003052,MARUTI,Maruti Suzuki,BSE,AUTOMOBILE,12-12-2022,10173.11,10743.82,10097.27,10641.96,10808.74,3396144,889436.86,32.87,7.84,0.626,0.845,13314.76,7280.07,2.3,MIDCAP_PORTFOLIO,BUY,427,11171.43,INR
IN003056,MARUTI,Maruti Suzuki,BSE,AUTOMOBILE,12-12-2022,10019.69,10292.31,9865.72,10019.69,9984.56,1883491,9061932.2,38.84,14.26,0.134,1.307,13368.13,9239.33,0,MIDCAP_PORTFOLIO,SELL,473,8663.51,INR
IN004791,BHARTIARTL,Bharti Airtel,NSE,TELECOMMUNICATION,02-01-2023,878.36,884.61,818.94,821.04,843.78,1173588,615888.25,48.025,2.09,0.129,0.431,1097.59,784.42,2.3,SECTORAL_PORTFOLIO,BUY,1343,708.76,INR
IN000557,SBIN,State Bank of India,NSE,FINANCE,02-01-2023,577.02,579.47,545.64,557.08,570.52,4160363,289399.815,63.89,8.26,1.372,1.177,715.84,501.72,1.2,MIDCAP_PORTFOLIO,BUY,122,542.09,INR
IN001521,TCS,Tata Consultancy Services,NSE,TECHNOLOGY,02-01-2023,3504.54,3547.57,3417.54,3531.38,3605.48,3471627,2218378.74,70.63,10.75,2.914,0.486,4622.49,2711.99,3.5,MIDCAP_PORTFOLIO,BUY,371,3094.42,INR
IN002862,WIPRO,Wipro,BSE,TECHNOLOGY,02-01-2023,502.87,506.74,478.25,488.85,498.26,2818915,326149.44,49.08,1.05,3.532,1.085,611.56,464.98,2.3,SECTORAL_PORTFOLIO,BUY,1127,578.96,INR
IN000247,HINDUNILVR,Hindustan Unilever,NSE,FMCG,03-01-2023,2590.91,2714.22,2575.11,2674.59,2660.46,540585,1398609.34,18.99,10.45,2.026,1.99,3193.93,1908,0.5,SECTORAL_PORTFOLIO,BUY,1071,1940.16,INR
IN002154,ICICIBANK,ICICI Bank,NSE,FINANCE,03-01-2023,982.78,1032.26,958.92,1016.01,1033.31,4037319,887856.5,76.54,6.44,0.005,1.233,1052.93,867.3,0.5,NIFTY50_PORTFOLIO,BUY,973,743.93,INR
IN002258,MARUTI,Maruti Suzuki,BSE,AUTOMOBILE,03-01-2023,9858.66,10120.7,9830.11,9886.56,9988.08,4899823,4999451.27,38.19,12.11,0.803,1.186,12250.55,9457.68,0,MIDCAP_PORTFOLIO,HOLD,914,12361.45,INR
IN000763,ONGC,Oil & Natural Gas Corp,NSE,ENERGY,03-01-2023,276.2,281.88,268.29,273.32,268.76,2633172,215164.09,42.45,14.57,0.076,1.079,347.98,205.18,1.2,NIFTY50_PORTFOLIO,BUY,1453,307.84,INR
IN000784,ONGC,Oil & Natural Gas Corp,NSE,ENERGY,03-01-2023,274.05,278.78,268.21,272.46,265.7,1117415,145553.27,48.52,6.55,3.284,0.736,381.21,171.75,0,SECTORAL_PORTFOLIO,BUY,1936,345.42,INR
IN001585,TCS,Tata Consultancy Services,NSE,TECHNOLOGY,03-01-2023,3619,3803.41,3528.62,3752.25,3670.79,933068,1932396.03,19.9,5.15,3.508,0.76,4679.62,3277.72,1.2,SECTORAL_PORTFOLIO,BUY,1403,3810.76,INR
IN004369,TECHM,Tech Mahindra,NSE,TECHNOLOGY,03-01-2023,1288.57,1291.6,1198.37,1227.55,1269.78,4082171,604983.52,69.55,14.13,1.921,0.781,1770.64,1039.26,1.2,NIFTY50_PORTFOLIO,BUY,1470,1200.55,INR
IN004397,TECHM,Tech Mahindra,NSE,TECHNOLOGY,03-01-2023,1275.63,1281.24,1254.5,1255.1,1253.2,858422,836417.91,11.68,2.51,1.921,1.92,1621.21,802.38,2.3,SECTORAL_PORTFOLIO,BUY,517,1547.12,INR
IN001885,TITAN,Titan Company,BSE,CONSUMER GOODS,03-01-2023,3366.78,3403.7,3272.9,3278.4,3360.91,1435328,1427387.98,60.12,3.79,1.841,0.607,4160.87,2914.61,0,NIFTY50_PORTFOLIO,HOLD,183,3974.43,INR
IN001896,TITAN,Titan Company,BSE,CONSUMER GOODS,03-01-2023,3347.71,3387.92,3305.94,3342.45,3424.15,1325405,806461.3,53.06,13.67,3.835,1.16,3636.12,2151.77,1.2,MIDCAP_PORTFOLIO,BUY,1977,3719.67,INR
IN001915,TITAN,Titan Company,BSE,CONSUMER GOODS,03-01-2023,3262.52,3529.22,3204.73,3262.52,3469.2,4697699,1687627.44,44.08,5.22,3.068,1.16,4495.66,2208.9,2.3,NIFTY50_PORTFOLIO,SELL,37,2735.46,INR
IN001932,TITAN,Titan Company,BSE,CONSUMER GOODS,03-01-2023,3233.59,3345.97,3232.02,3314.47,3194.08,1943082,2706913.46,44.08,5.92,1.529,0.613,4548.37,2093.77,1.2,SECTORAL_PORTFOLIO,BUY,375,3878.5,INR
IN001952,TITAN,Titan Company,BSE,CONSUMER GOODS,03-01-2023,3356.82,3400.23,3295.5,3325.89,3214.47,1686591,1931731.7,44.08,11.54,1.498,1.144,4556.87,2242.47,0,SECTORAL_PORTFOLIO,BUY,1897,2683.56,INR
IN001986,TITAN,Titan Company,BSE,CONSUMER GOODS,03-01-2023,3443.34,3511.05,3342.72,3452.99,3389.44,1194724,3071095.64,44.08,9.73,2.765,1.289,4324.2,2703.63,0,NIFTY50_PORTFOLIO,BUY,1858,2737.81,INR
IN002052,TITAN,Titan Company,BSE,CONSUMER GOODS,03-01-2023,3240.34,3331.3,3051.62,3097.11,3158.47,851351,1835830.275,49.43,13.44,0.129,1.808,3575.8,2324.24,5.1,MIDCAP_PORTFOLIO,BUY,804,3371.47,INR
IN002062,TITAN,Titan Company,BSE,CONSUMER GOODS,03-01-2023,3515.41,3593.28,3249.66,3295.91,3346.32,2468411,372140.41,20.92,13.99,3.761,1.852,4457.65,2888.88,5.1,NIFTY50_PORTFOLIO,BUY,1889,3233.96,INR
IN002113,TITAN,Titan Company,BSE,CONSUMER GOODS,03-01-2023,3390.56,3571.44,3326.27,3528.3,3608.82,4756774,1835830.275,41.34,1.05,2.756,1.206,3579.92,2535.97,0,MIDCAP_PORTFOLIO,HOLD,98,3760.58,INR
IN002155,TITAN,Titan Company,BSE,CONSUMER GOODS,03-01-2023,3250.08,3342.59,3196.64,3295.32,3281.3,3074735,450131.39,73.12,10.84,3.898,0.902,3899.5,2656.97,1.2,SECTORAL_PORTFOLIO,BUY,1768,3291.51,INR
IN002156,TITAN,Titan Company,BSE,CONSUMER GOODS,03-01-2023,3322.37,3389.52,3111.02,3116.58,3062.62,3838716,791579.9,44.08,13.67,0.104,1.988,4150.46,2953.56,2.3,NIFTY50_PORTFOLIO,SELL,770,3883.15,INR
IN002179,TITAN,Titan Company,BSE,CONSUMER GOODS,03-01-2023,3291.9,3381.03,3002.68,3070.34,3049.31,1455295,1843610.41,43.8,13.87,3.581,1.16,4068.43,2431.2,2.3,NIFTY50_PORTFOLIO,BUY,1983,3209.2,INR
IN002228,TITAN,Titan Company,BSE,CONSUMER GOODS,03-01-2023,3397.31,3724.84,3334.8,3630.36,3690.33,845450,2350150.12,67.76,12.28,0.406,0.992,3843.12,2776.27,1.2,SECTORAL_PORTFOLIO,BUY,1571,3360.47,INR
IN002232,TITAN,Titan Company,BSE,CONSUMER GOODS,03-01-2023,3463.64,3563.09,3359.94,3431.14,3405.35,1575481,386322.95,11.06,11.83,3.297,0.887,4422.86,3203.47,5.1,SECTORAL_PORTFOLIO,BUY,886,2794.16,INR
IN002292,TITAN,Titan Company,BSE,CONSUMER GOODS,03-01-2023,3289.21,3350.48,3218.23,3271.97,3197.6,518147,2906497.85,25.4,5.52,1.889,1.16,4167.98,2991.05,3.5,SECTORAL_PORTFOLIO,BUY,966,3152.44,INR
IN001623,ADANIENT,Adani Enterprises,NSE,CONGLOMERATE,05-01-2023,2785.22,2810.03,2693.96,2732.34,2775.23,2829010.5,2279627.13,31.29,1.01,3.199,1.116,3272.12,2164.03,1.2,NIFTY50_PORTFOLIO,BUY,1003,2234.92,INR
IN001628,ADANIENT,Adani Enterprises,NSE,CONGLOMERATE,05-01-2023,2693.1,2885.19,2688.5,2850.11,2786.9,4037393,929059.47,59.36,1.08,2.012,0.861,3275.23,2070.11,2.3,MIDCAP_PORTFOLIO,HOLD,397,3102.31,INR
IN001630,ADANIENT,Adani Enterprises,NSE,CONGLOMERATE,05-01-2023,2882.08,2926.41,2664.71,2742.99,2650.08,1726351,999372.13,48.92,1.5,1.382,1.588,3629.83,1895.22,5.1,NIFTY50_PORTFOLIO,SELL,760,2966.55,INR
IN002029,BAJFINANCE,Bajaj Finance,NSE,NBFC,05-01-2023,6829.49,7490.82,6687.58,6829.49,7454.91,1244943,6432395.19,67.83,3.28,1.601,1.361,9633.93,5744.98,2.3,SECTORAL_PORTFOLIO,BUY,667,8199.9,INR
IN001382,LT,Larsen & Toubro,NSE,INFRASTRUCTURE,05-01-2023,3098.39,3178.26,3015.98,3078.88,3141.99,3803780,3177391.99,41.64,10.22,0.831,1.063,4376.53,2598.44,3.5,MIDCAP_PORTFOLIO,BUY,803,2995.6,INR
IN001421,LT,Larsen & Toubro,NSE,INFRASTRUCTURE,05-01-2023,3057.21,3133.63,2952.64,3026.02,3076.5,1543950,2705228.86,41,9.24,2.046,0.878,4458.38,2069.9,1.2,MIDCAP_PORTFOLIO,BUY,182,3709.93,INR
IN001080,ONGC,Oil & Natural Gas Corp,NSE,ENERGY,05-01-2023,276.18,286.29,271.39,276.18,271.54,2426269,201758.93,8.55,12.9,3.509,1.019,373.91,227.01,1.2,NIFTY50_PORTFOLIO,BUY,26,264.88,INR
IN001123,ONGC,Oil & Natural Gas Corp,NSE,ENERGY,05-01-2023,266.36,286.46,262.32,281.45,271.19,1125715,168155.26,18,7.9,0.85,0.411,353.98,221.34,0,NIFTY50_PORTFOLIO,BUY,1130,325.26,INR
IN001130,ONGC,Oil & Natural Gas Corp,NSE,ENERGY,05-01-2023,269.56,284.49,268.08,277.94,267.62,593769,28017.47,25.04,1.01,1.126,1.315,299.86,194.32,5.1,NIFTY50_PORTFOLIO,BUY,205,225.12,INR
IN001157,ONGC,Oil & Natural Gas Corp,NSE,ENERGY,05-01-2023,273.93,286.39,272.92,281.96,288.58,2260514,126174.69,29.65,14.35,2.688,0.939,362.34,201.58,5.1,SECTORAL_PORTFOLIO,BUY,1480,342.77,INR
IN001196,ONGC,Oil & Natural Gas Corp,NSE,ENERGY,05-01-2023,285.06,306.74,282.06,298.69,290.05,3592954,68589.76,13.45,4.42,0.206,0.788,341.47,211.92,3.5,SECTORAL_PORTFOLIO,HOLD,974,254.11,INR
IN003378,ONGC,Oil & Natural Gas Corp,NSE,ENERGY,05-01-2023,280.05,294.71,278.81,289.45,285.37,4657578,196033.18,65.74,14.44,3.342,1.574,373.83,193.24,1.2,SECTORAL_PORTFOLIO,BUY,1364,280.47,INR
IN003405,ONGC,Oil & Natural Gas Corp,NSE,ENERGY,05-01-2023,268.43,285.75,267.38,281.79,272.75,4653252,99183.84,71.28,7.55,0.738,1.174,358.86,172.58,0,MIDCAP_PORTFOLIO,HOLD,1920,295.55,INR
IN003424,ONGC,Oil & Natural Gas Corp,NSE,ENERGY,05-01-2023,278.27,285.33,276.69,281.53,273.72,3554336,59390.25,28.44,1.36,1.325,1.284,325.72,189.38,0.5,MIDCAP_PORTFOLIO,BUY,1796,264.93,INR
IN003440,ONGC,Oil & Natural Gas Corp,NSE,ENERGY,05-01-2023,273.37,280.43,263.98,268.89,275.89,1681888,168155.26,32.82,8.7,3.799,1.096,330.5,250.65,0.5,MIDCAP_PORTFOLIO,BUY,233,313.23,INR
IN003473,ONGC,Oil & Natural Gas Corp,NSE,ENERGY,05-01-2023,267.22,268.59,258.49,262.14,260.45,404339,239146.13,53.95,5.68,2.817,1.801,351.8,228.81,1.2,NIFTY50_PORTFOLIO,BUY,1849,325.13,INR
IN003078,SBIN,State Bank of India,NSE,FINANCE,05-01-2023,593.04,614.77,589.29,604.14,616.64,3227093,440052.64,10.74,13.59,1.766,1.98,807.17,546.36,2.3,MIDCAP_PORTFOLIO,HOLD,1233,549.94,INR
IN003100,SBIN,State Bank of India,NSE,FINANCE,05-01-2023,600.23,604.24,567.4,583.05,592.97,2304047,322465.7,66.15,11.14,0.015,0.457,682.05,458.78,3.5,NIFTY50_PORTFOLIO,BUY,1921,566.91,INR
IN003127,SBIN,State Bank of India,NSE,FINANCE,05-01-2023,586.04,638.05,572.82,620.8,614.35,2745067,267772.54,46.52,3.23,1.56,1.813,662.9,373.86,5.1,SECTORAL_PORTFOLIO,BUY,508,651.21,INR
IN003137,SBIN,State Bank of India,NSE,FINANCE,05-01-2023,608.13,634.42,596.19,626.78,632.42,3145597,185754.57,69.9,9.55,3.493,0.702,638.94,543.56,1.2,MIDCAP_PORTFOLIO,HOLD,1801,524.26,INR
IN003166,SBIN,State Bank of India,NSE,FINANCE,05-01-2023,581.56,588.16,536.59,546.15,547.9,3465799,64264.21,57.18,8.26,1.019,1.575,774.48,546.15,3.5,NIFTY50_PORTFOLIO,HOLD,1405,582.52,INR
IN003175,SBIN,State Bank of India,NSE,FINANCE,05-01-2023,580.42,582.55,550.16,565.26,575.93,1812994,421651.63,44,8.26,0.231,1.841,796.63,449.13,1.2,MIDCAP_PORTFOLIO,HOLD,468,720.86,INR
IN001841,HINDUNILVR,Hindustan Unilever,NSE,FMCG,06-01-2023,2476.97,2511.78,2377.2,2431.12,2440.79,4219539,315004.97,17.44,4.35,1.961,0.906,2821.27,2364.97,1.2,MIDCAP_PORTFOLIO,HOLD,1349,1899.29,INR
IN001875,HINDUNILVR,Hindustan Unilever,NSE,FMCG,06-01-2023,2562.54,2606.53,2362.04,2390.76,2337.07,1378885,1560964.81,77.51,11.4,0.274,1.084,3247.97,2183.17,0,MIDCAP_PORTFOLIO,BUY,1613,2156.73,INR
IN001881,HINDUNILVR,Hindustan Unilever,NSE,FMCG,06-01-2023,2469.5,2519.79,2396.58,2510.31,2584.77,499107,1398609.34,68.93,8.21,2.026,1.371,2660.39,2266.41,0,NIFTY50_PORTFOLIO,BUY,1495,1921.35,INR
IN001920,HINDUNILVR,Hindustan Unilever,NSE,FMCG,06-01-2023,2416.15,2462.7,2265.88,2296.23,2346.46,1031814,1398609.34,15.66,5.15,0.235,1.337,3059.77,1849.76,5.1,SECTORAL_PORTFOLIO,HOLD,1209,2858.1,INR
IN001939,HINDUNILVR,Hindustan Unilever,NSE,FMCG,06-01-2023,2415.15,2465.03,2207.67,2270.15,2275.54,4660152,535290.53,47.31,10.95,3.817,0.78,3263.71,1983.15,1.2,NIFTY50_PORTFOLIO,BUY,465,2741.82,INR
IN001944,HINDUNILVR,Hindustan Unilever,NSE,FMCG,06-01-2023,2454.05,2459.76,2420.81,2447.27,2480.19,1479537,1109026.87,47.54,11.07,2.026,0.933,2983.03,1630.45,2.3,NIFTY50_PORTFOLIO,HOLD,571,2854.33,INR
IN004980,KOTAKBANK,Kotak Mahindra Bank,NSE,FINANCE,06-01-2023,1804.24,1832.04,1685.29,1694.89,1718.55,2824831,1003289.995,67.05,3.14,1.96,1.704,2330.73,1693.38,3.5,MIDCAP_PORTFOLIO,BUY,872,1443.56,INR
IN004996,KOTAKBANK,Kotak Mahindra Bank,NSE,FINANCE,06-01-2023,1877.56,1903.42,1721.65,1772.3,1780.3,2602593,980393.8,11.66,7.06,1.113,0.737,2481.01,1239.82,0.5,MIDCAP_PORTFOLIO,HOLD,292,1729.51,INR
IN000588,ONGC,Oil & Natural Gas Corp,NSE,ENERGY,06-01-2023,285.59,286.66,272.2,279.85,276.75,2404328,16078.76,34.11,2.35,3.479,0.613,322.82,232.88,1.2,NIFTY50_PORTFOLIO,SELL,1337,226.27,INR
IN000622,ONGC,Oil & Natural Gas Corp,NSE,ENERGY,06-01-2023,291.56,294.61,285.13,292.96,284.46,2417837,168155.26,56.95,2.64,2.037,1.023,383.25,232.95,0,SECTORAL_PORTFOLIO,BUY,752,319.49,INR
IN000633,ONGC,Oil & Natural Gas Corp,NSE,ENERGY,06-01-2023,268.14,280.63,261.32,278.78,275.41,1830758,202161.82,40.515,6.63,1.894,1.926,294.37,198.43,0,MIDCAP_PORTFOLIO,BUY,96,227.75,INR
IN004717,TCS,Tata Consultancy Services,NSE,TECHNOLOGY,06-01-2023,3338.14,3615.68,3246.31,3533.54,3607.91,866937,2109857.17,70.09,6.19,3.246,0.63,3838.43,2921.54,1.2,MIDCAP_PORTFOLIO,BUY,1786,3730.1,INR
IN003624,TITAN,Titan Company,BSE,CONSUMER GOODS,06-01-2023,3328.57,3419.22,3157.81,3328.57,3162.13,3161720,2536908.71,13.16,10.25,2.751,1.125,3832.04,2371.43,0.5,MIDCAP_PORTFOLIO,HOLD,1958,3461.42,INR
IN003639,TITAN,Titan Company,BSE,CONSUMER GOODS,06-01-2023,3342.54,3350.67,3256.23,3342.54,3380.29,976185,2705892,72.8,4.43,3.198,1.126,4725.38,2334.86,3.5,MIDCAP_PORTFOLIO,BUY,1961,2896.9,INR
IN003671,TITAN,Titan Company,BSE,CONSUMER GOODS,06-01-2023,3291.42,3485.75,3287.26,3291.42,3474.93,2896240,1751281.79,25.11,4.58,1.683,0.497,4591.54,2474.76,1.2,NIFTY50_PORTFOLIO,HOLD,347,2998.48,INR
IN003682,TITAN,Titan Company,BSE,CONSUMER GOODS,06-01-2023,3516.27,3608.24,3427.65,3487.7,3474.22,1783994,771589.94,43.71,3.49,3.025,1.238,4043.07,3020.37,0.5,NIFTY50_PORTFOLIO,HOLD,1455,3608.6,INR
IN003965,WIPRO,Wipro,BSE,TECHNOLOGY,06-01-2023,515.89,522.6,482.39,485.21,475.73,2020254,168682.45,49.07,14.55,0.847,1.513,598.15,443.39,3.5,SECTORAL_PORTFOLIO,BUY,539,388.57,INR
IN000005,BAJFINANCE,Bajaj Finance,NSE,NBFC,08-01-2023,6971.43,7489.22,6870.93,7440.87,7577.49,608819,5818086.62,65.39,1.44,1.297,0.999,8711.8,5952.27,5.1,NIFTY50_PORTFOLIO,SELL,1632,7711.61,INR
IN000015,BAJFINANCE,Bajaj Finance,NSE,NBFC,08-01-2023,6857.75,7201.16,6771.32,7149.91,7051.01,2306459,6456763.79,54.32,13.89,3.805,1.683,8426.43,4357.41,5.1,NIFTY50_PORTFOLIO,SELL,474,6749.19,INR
IN004401,TCS,Tata Consultancy Services,NSE,TECHNOLOGY,08-01-2023,3595.05,3694.54,3540.42,3644.79,3526.99,2755513,2271165.41,61.24,13.19,0.122,0.998,4278.14,3279.7,3.5,SECTORAL_PORTFOLIO,HOLD,1688,3456.55,INR
IN004418,TCS,Tata Consultancy Services,NSE,TECHNOLOGY,08-01-2023,3446.55,3467.28,3392,3407.78,3303.17,3536127,393020.44,14.46,8.17,1.676,1.439,4851.36,2601.95,5.1,MIDCAP_PORTFOLIO,BUY,136,2708.51,INR
IN000913,ADANIENT,Adani Enterprises,NSE,CONGLOMERATE,09-01-2023,2898.45,2934.35,2815.42,2898.45,2994.01,2390876,180223.42,67.53,7.76,3.899,0.874,3640.08,1872.86,2.3,SECTORAL_PORTFOLIO,HOLD,283,2826.06,INR
IN004245,ADANIENT,Adani Enterprises,NSE,CONGLOMERATE,09-01-2023,2909.93,3029.1,2842.5,3028.51,3136.27,3234797,1245559.2,62.71,4.4,0.866,1.389,3287.96,1823.13,2.3,NIFTY50_PORTFOLIO,BUY,34,2808.15,INR
IN004276,ADANIENT,Adani Enterprises,NSE,CONGLOMERATE,09-01-2023,2863.13,2938.19,2743,2816.46,2706.4,3255517,2470907.41,46.82,7.28,0.039,0.614,3744.62,2301.25,0.5,SECTORAL_PORTFOLIO,BUY,1604,3487.84,INR
IN004299,BHARTIARTL,Bharti Airtel,NSE,TELECOMMUNICATION,09-01-2023,875.27,945.37,855.69,928.82,961.64,2899649,592444.13,55.14,13.98,1.544,0.865,1012.54,779.87,0.5,NIFTY50_PORTFOLIO,BUY,621,809.67,INR
IN004307,BHARTIARTL,Bharti Airtel,NSE,TELECOMMUNICATION,09-01-2023,941.54,948.95,892.65,914.78,938.64,3799224,646085.76,28.09,6.83,1.115,1,1073.96,630.64,0.5,SECTORAL_PORTFOLIO,HOLD,1455,991.03,INR
IN001289,HCLTECH,HCL Technologies,NSE,TECHNOLOGY,09-01-2023,1501.98,1531.6,1466.32,1517.09,1465.66,1562503,1259579.95,16.1,13.13,0.503,1.07,1866.85,1274.8,3.5,NIFTY50_PORTFOLIO,BUY,454,1456.07,INR
IN001311,HCLTECH,HCL Technologies,NSE,TECHNOLOGY,09-01-2023,1463.04,1499.08,1446.12,1463.04,1472.31,2451610,894753.62,46.52,8.71,3.702,1.338,2045.77,1052.77,1.2,SECTORAL_PORTFOLIO,BUY,593,1467.35,INR
IN004852,MARUTI,Maruti Suzuki,BSE,AUTOMOBILE,09-01-2023,10142.77,10312.34,9749.82,9782.23,9979.26,2053181,5549395.17,70.61,11.54,0.876,1.792,13342.85,6592.52,2.3,SECTORAL_PORTFOLIO,HOLD,944,10749.85,INR
IN004883,MARUTI,Maruti Suzuki,BSE,AUTOMOBILE,09-01-2023,9729.7,9976.24,9439.25,9861.08,9572.93,2512337,967043.78,77.27,6.97,1.866,1.118,13863.65,8564.64,1.2,MIDCAP_PORTFOLIO,BUY,936,11307.12,INR
IN004802,NESTLEIND,Nestle India,BSE,FMCG,09-01-2023,21103.16,21540.66,20547.06,21450.66,22160.74,3682312,18961150.32,19.96,3.47,2.313,1.2725,24558.16,16987.11,0,MIDCAP_PORTFOLIO,HOLD,1730,19379.44,INR
IN004819,NESTLEIND,Nestle India,BSE,FMCG,09-01-2023,22539.32,22995.26,21231.98,21725.51,22248.45,4271806,9277980.75,48.52,14.27,1.9485,0.724,26080.89,20477.78,5.1,NIFTY50_PORTFOLIO,BUY,570,23603.58,INR
IN003668,SUNPHARMA,Sun Pharmaceutical,BSE,PHARMACEUTICALS,09-01-2023,1179.43,1199.28,1080.58,1102.36,1071.29,3292938,1120579.42,63.61,5.66,3.194,0.599,1550.93,1022.08,5.1,SECTORAL_PORTFOLIO,BUY,1965,1499.46,INR
IN003709,SUNPHARMA,Sun Pharmaceutical,BSE,PHARMACEUTICALS,09-01-2023,1185.55,1187.29,1092.03,1185.55,1125.77,565690,1054908.93,46.88,8.33,2.2445,1.042,1651.1,866.49,5.1,MIDCAP_PORTFOLIO,HOLD,1426,910.05,INR
IN003740,SUNPHARMA,Sun Pharmaceutical,BSE,PHARMACEUTICALS,09-01-2023,1245.87,1268.95,1156.08,1188.9,1206.16,1643938,585974.2,46.88,11.27,2.2445,0.879,1614.53,1002.72,2.3,NIFTY50_PORTFOLIO,HOLD,1581,1254.16,INR
IN003783,SUNPHARMA,Sun Pharmaceutical,BSE,PHARMACEUTICALS,09-01-2023,1184.28,1206.28,1090.7,1104.55,1061.65,3095617,203227.4,62.2,7.735,2.662,0.56,1585.87,876.85,0,NIFTY50_PORTFOLIO,BUY,28,1453.72,INR
IN003862,SUNPHARMA,Sun Pharmaceutical,BSE,PHARMACEUTICALS,09-01-2023,1169.08,1187.56,1136.83,1179.15,1201.68,1208548,938723.08,52.66,8.08,0.565,1.051,1659.6,1049.42,0,SECTORAL_PORTFOLIO,HOLD,869,1026.22,INR
IN003891,SUNPHARMA,Sun Pharmaceutical,BSE,PHARMACEUTICALS,09-01-2023,1240.6,1264.61,1205.01,1212.79,1234.9,3670335,1003130.07,19.06,6.85,1.965,1.824,1339.11,729.48,5.1,MIDCAP_PORTFOLIO,BUY,593,922.44,INR
IN003909,SUNPHARMA,Sun Pharmaceutical,BSE,PHARMACEUTICALS,09-01-2023,1234.52,1261.22,1186.05,1188.97,1154.18,2844947,1104671.07,78.88,6.3,0.178,0.674,1637.38,845.06,5.1,NIFTY50_PORTFOLIO,SELL,1887,961.94,INR
IN004882,INFY,Infosys,NSE,TECHNOLOGY,11-01-2023,1552.56,1645.73,1548.98,1608.66,1662.51,2735235,794242.47,20.81,4.01,3.161,1.091,1952.86,1090.64,0,NIFTY50_PORTFOLIO,HOLD,1967,1212.47,INR
IN004915,INFY,Infosys,NSE,TECHNOLOGY,11-01-2023,1573.4,1600.9,1463.6,1495.6,1456.03,3759828,532881.07,9.84,13.58,1.641,0.826,1859.83,1238.19,0.5,NIFTY50_PORTFOLIO,BUY,691,1826,INR
IN004926,INFY,Infosys,NSE,TECHNOLOGY,11-01-2023,1509.17,1558.23,1493.47,1524.79,1571.59,2988304,1387136.58,27.99,2.63,0.176,1.452,1981.59,1368.47,0,MIDCAP_PORTFOLIO,BUY,641,1371.2,INR
IN004932,INFY,Infosys,NSE,TECHNOLOGY,11-01-2023,1528.64,1639.78,1515.19,1594.69,1572.67,4777576,794242.47,48.58,13.37,3.211,0.749,2016.98,1195.51,1.2,MIDCAP_PORTFOLIO,SELL,736,1795.13,INR
IN004958,INFY,Infosys,NSE,TECHNOLOGY,11-01-2023,1565.66,1607.32,1562.31,1575.36,1621.97,2388298,1267015.8,31.8,2.77,2.305,0.533,1742.59,1205.37,0,SECTORAL_PORTFOLIO,BUY,465,1557.39,INR
IN004961,INFY,Infosys,NSE,TECHNOLOGY,11-01-2023,1545.86,1681.54,1505.91,1634.15,1590.29,1293975,270254.72,59.31,8.84,1.888,1.165,2079.99,1307.19,3.5,NIFTY50_PORTFOLIO,BUY,446,1383.2,INR
IN004976,INFY,Infosys,NSE,TECHNOLOGY,11-01-2023,1425.27,1442.36,1404.71,1425.27,1460.6,4207788,460422.14,20.27,11.86,3.473,1.165,1944.11,971.86,1.2,SECTORAL_PORTFOLIO,SELL,1895,1308.29,INR
IN001303,NESTLEIND,Nestle India,BSE,FMCG,11-01-2023,21130.29,22024.48,20695.75,21389.17,21925.12,3710485,13108802.03,44.76,8.27,2.217,1.074,27951.72,13899.74,0,NIFTY50_PORTFOLIO,HOLD,1748,20657.8,INR
IN001307,NESTLEIND,Nestle India,BSE,FMCG,11-01-2023,20968.05,21007.62,19939.24,20394.81,20157.56,4727139,1342877.39,50.11,9.73,0.364,0.974,30117.67,17565.22,1.2,MIDCAP_PORTFOLIO,SELL,1075,24387.42,INR
IN002419,ULTRACEMCO,UltraTech Cement,BSE,INFRASTRUCTURE,11-01-2023,9513.32,9648.97,9357.28,9376.02,9289.66,2659234,1339882.47,73.41,6.72,1.588,1.907,12968.42,7706.56,2.3,MIDCAP_PORTFOLIO,BUY,334,11843.54,INR
IN002425,ULTRACEMCO,UltraTech Cement,BSE,INFRASTRUCTURE,11-01-2023,9740.46,10162.24,9477.66,9900.41,9581.24,651230,1742173.31,61.93,6.39,0.395,0.482,12050.76,5876.88,2.3,NIFTY50_PORTFOLIO,SELL,1008,9238.63,INR
IN002896,ULTRACEMCO,UltraTech Cement,BSE,INFRASTRUCTURE,11-01-2023,9432.44,9465.42,8805.85,8832.97,8760.75,3198821,5864582.4,18.93,5.81,2.334,0.433,11874.51,8420.82,3.5,SECTORAL_PORTFOLIO,BUY,712,11551.67,INR
IN001721,HDFCBANK,HDFC Bank,NSE,FINANCE,12-01-2023,1554.65,1598.61,1549.31,1586.68,1552.2,984257,1575589.93,67.51,2.85,0.577,1.118,1763.96,1355.06,1.2,MIDCAP_PORTFOLIO,SELL,1471,1460.28,INR
IN001776,ICICIBANK,ICICI Bank,NSE,FINANCE,12-01-2023,934.2,971.09,927.19,955.8,954.32,2557387,440530.14,15.43,1.97,1.063,1.449,1143.86,616.89,5.1,MIDCAP_PORTFOLIO,BUY,320,896.31,INR
IN001813,ICICIBANK,ICICI Bank,NSE,FINANCE,12-01-2023,969.41,1060.7,941.1,1032.66,1068.78,900154,465804.57,23.14,6.01,2.973,1.698,1129.47,643.87,0.5,MIDCAP_PORTFOLIO,SELL,907,1054,INR
IN001873,ICICIBANK,ICICI Bank,NSE,FINANCE,12-01-2023,947.66,952.47,906.64,915.72,934.02,3184130,865697.24,41.18,9.79,3.765,1.354,1079.07,615.94,0,MIDCAP_PORTFOLIO,BUY,551,997.68,INR
IN000562,LT,Larsen & Toubro,NSE,INFRASTRUCTURE,12-01-2023,3242.32,3244.93,3043.84,3133.84,3030.94,3159308,2627410.66,60.76,11.25,3.654,0.95,4000.21,2142.97,3.5,SECTORAL_PORTFOLIO,SELL,1830,2694.68,INR
IN000634,LT,Larsen & Toubro,NSE,INFRASTRUCTURE,12-01-2023,3174.64,3177.32,3038.58,3109,3085.39,3857129,1334508.53,9.52,9.74,1.654,0.914,4398.71,2731.78,5.1,SECTORAL_PORTFOLIO,BUY,237,2490.19,INR
IN000635,LT,Larsen & Toubro,NSE,PHARMACEUTICALS,12-01-2023,3232.54,3327.54,3120.15,3141.55,3194.11,2232673,361809.38,54.88,8.51,0.165,0.46,3687.38,2177.11,1.2,SECTORAL_PORTFOLIO,BUY,1605,3924.44,INR
IN000703,LT,Larsen & Toubro,NSE,INFRASTRUCTURE,12-01-2023,3108.87,3113.34,2888.76,2955.55,2878.22,3096032,210232.43,76.35,14.08,0.194,0.422,4229.73,2638.58,0.5,NIFTY50_PORTFOLIO,BUY,1036,2588.53,INR
IN000724,LT,Larsen & Toubro,NSE,INFRASTRUCTURE,12-01-2023,3137.44,3139.7,2925.83,3137.44,2901.86,2698678,897409.91,19.58,13.65,0.768,1.789,4375.8,2783.06,3.5,NIFTY50_PORTFOLIO,HOLD,599,3620.26,INR
IN000771,LT,Larsen & Toubro,NSE,INFRASTRUCTURE,12-01-2023,3204.22,3383.939089,3204.22,3269.44,3254.66,1557568,1598313.97,39.04,7.67,3.02,1.847,4011.76,2284.66,0,NIFTY50_PORTFOLIO,HOLD,1609,2700.45,INR
IN000326,POWERGRID,Power Grid Corporation,BSE,PHARMACEUTICALS,12-01-2023,242.68,243.63,232.81,238.94,235.02,2236059,203118.78,45.18,15,1.025,0.889,262.83,202.44,1.2,NIFTY50_PORTFOLIO,BUY,229,269.69,INR
IN000371,POWERGRID,Power Grid Corporation,BSE,ENERGY,12-01-2023,250.57,251.32,241.53,250.57,240.26,3634947,227074.97,44.33,13.05,3.473,0.405,287.22,197.87,0,MIDCAP_PORTFOLIO,BUY,1602,257.42,INR
IN000410,POWERGRID,Power Grid Corporation,BSE,UTILITIES,12-01-2023,245.94,269.02,243.97,245.94,258.85,189787,120024.76,58.33,11.59,1.357,1.078,333.51,160.57,2.3,SECTORAL_PORTFOLIO,BUY,688,229.03,INR
IN000429,POWERGRID,Power Grid Corporation,BSE,UTILITIES,12-01-2023,244.85,259.64,239.78,255.48,245.67,4373380,120024.76,72.26,11.66,3.318,0.444,268.74,226.92,2.3,NIFTY50_PORTFOLIO,SELL,215,205.04,INR
IN000446,POWERGRID,Power Grid Corporation,BSE,UTILITIES,12-01-2023,255.2,278.77,252.99,271.66,275.95,1512311,120024.76,23.72,8.885,1.631,0.654,271.69,229.21,2.3,NIFTY50_PORTFOLIO,BUY,1780,253.41,INR
IN001455,SBIN,State Bank of India,NSE,FINANCE,12-01-2023,588.47,593.81,569.19,580.26,587.22,67192,580578.66,54.26,10.4,0.272,0.568,638,428.05,0,NIFTY50_PORTFOLIO,BUY,1016,453.88,INR
IN001475,SBIN,State Bank of India,NSE,FINANCE,12-01-2023,611.71,631.48,596.19,630.69,615.63,3164402,56858.34,49.44,13.69,1.8405,0.949,643.41,473.2,2.3,MIDCAP_PORTFOLIO,BUY,1898,503.27,INR
IN001512,SBIN,State Bank of India,NSE,FINANCE,12-01-2023,620.74,620.74,574.92,583.68,600.93,4337285,547280.65,36.73,8.26,3.11,0.906,780.09,495.76,0,NIFTY50_PORTFOLIO,HOLD,719,648.84,INR
IN001556,SBIN,State Bank of India,NSE,FINANCE,12-01-2023,603.75,623.55,597.87,622.83,628.86,3018299,68441.36,38.63,6.51,1.759,1.942,640.55,455.58,1.2,NIFTY50_PORTFOLIO,SELL,463,727.55,INR
IN001561,SBIN,State Bank of India,NSE,FINANCE,12-01-2023,621.78,632.08,573.28,582.15,572.71,1457762,139903.02,51.77,4.09,3.879,1.938,732.33,382.58,2.3,NIFTY50_PORTFOLIO,HOLD,199,707.64,INR
IN001565,SBIN,State Bank of India,NSE,FINANCE,12-01-2023,589.55,626.11,577.57,616.18,611.98,3574528,65316.73,10.49,8.79,2.643,1.087,714.69,550.12,2.3,NIFTY50_PORTFOLIO,SELL,569,714.03,INR
IN004719,SBIN,State Bank of India,NSE,FINANCE,12-01-2023,588.85,604.01,580.66,598.19,611.17,575556,40956.81,35.41,1.81,3.235,1.953,731.04,452.4,0.5,NIFTY50_PORTFOLIO,BUY,449,623,INR
IN004725,SBIN,State Bank of India,NSE,FINANCE,12-01-2023,613.69,662.37,605.51,613.69,651.24,3600215,41207.71,31.79,4.77,1.037,1.445,641.49,416.69,0.5,NIFTY50_PORTFOLIO,HOLD,1291,454.72,INR
IN004230,SUNPHARMA,Sun Pharmaceutical,BSE,PHARMACEUTICALS,12-01-2023,1202.45,1231.53,1165.63,1180.23,1139.98,857944,369925.3,77.14,8.35,0.319,1.948,1648.63,1063.05,5.1,SECTORAL_PORTFOLIO,BUY,420,903.12,INR
IN004985,TECHM,Tech Mahindra,NSE,TECHNOLOGY,12-01-2023,1252.57,1270.02,1185.86,1218.5,1202.56,2395139,1103888.35,46.68,5.62,1.921,1.671,1735.57,878.69,3.5,SECTORAL_PORTFOLIO,BUY,499,1006.59,INR
IN003223,WIPRO,Wipro,BSE,TECHNOLOGY,12-01-2023,499.64,512.32,477.51,490.54,488.51,3959527,255127.93,53.61,7.55,0.76,1.615,641.56,454.04,3.5,MIDCAP_PORTFOLIO,HOLD,135,577.72,INR
IN001488,INFY,Infosys,NSE,TECHNOLOGY,01-02-2023,1450.12,1540.77,1447.75,1504.36,1556.25,567587,694723.25,52.99,11.06,2.007,0.401,2059.69,904.81,5.1,SECTORAL_PORTFOLIO,BUY,1239,1454.81,INR
IN002007,INFY,Infosys,NSE,TECHNOLOGY,01-02-2023,1466.1,1588.42,1440.89,1547.64,1531.76,2388298,528407.29,17.57,12.56,3.403,1.849,2062.7,1032.35,5.1,NIFTY50_PORTFOLIO,BUY,978,1648.74,INR
IN002027,INFY,Infosys,NSE,TECHNOLOGY,01-02-2023,1467.35,1515.17,1461.11,1497.69,1530.28,3386918,994552.77,79.04,1.5,3.907,1.021,2048.33,1173.12,5.1,MIDCAP_PORTFOLIO,HOLD,1069,1516.19,INR
IN002057,INFY,Infosys,NSE,TECHNOLOGY,01-02-2023,1434.33,1514.34,1430.9,1477.19,1459.87,595287,328154.23,20.32,3.24,0.81,0.703,2056.56,1319.8,2.3,SECTORAL_PORTFOLIO,SELL,413,1332.65,INR
IN002065,INFY,Infosys,NSE,TECHNOLOGY,01-02-2023,1451.35,1491.53,1441.17,1474.02,1513.64,1993581,872190.77,30.3,2.33,1.888,1.718,1970.43,1206.46,2.3,NIFTY50_PORTFOLIO,BUY,427,1254.24,INR
IN003887,INFY,Infosys,NSE,TECHNOLOGY,01-02-2023,1492.85,1505.83,1453.4,1456.21,1406.55,3612592,897636.3,20.88,13.34,2.728,1.505,1592.13,1370.62,5.1,NIFTY50_PORTFOLIO,HOLD,1341,1236.17,INR
IN002563,MARUTI,Maruti Suzuki,BSE,AUTOMOBILE,01-02-2023,9771.43,9904.5,9247.38,9394.97,9539.22,3261389,3903456.62,77.13,1.57,1.866,0.414,11747.36,7917.85,0.5,SECTORAL_PORTFOLIO,BUY,710,12459.85,INR
IN002593,MARUTI,Maruti Suzuki,BSE,AUTOMOBILE,01-02-2023,9561.76,9900.6,9468.02,9828.43,9990.93,863158,4569899,41.06,2.76,0.237,0.677,12655.32,7686.51,1.2,NIFTY50_PORTFOLIO,BUY,734,11346.81,INR
IN002634,MARUTI,Maruti Suzuki,BSE,AUTOMOBILE,01-02-2023,10410.22,10431.3,9636.2,9737.51,9784.54,4225976,6768730.03,32.94,8.68,0.261,0.925,13821.99,7960.08,0.5,NIFTY50_PORTFOLIO,HOLD,330,9386.15,INR
IN001831,WIPRO,Wipro,BSE,TECHNOLOGY,01-02-2023,519.92,521.26,494.28,506.18,490.68,4431889,255127.93,46.87,3.95,0.68,0.697,546.5,408.49,3.5,SECTORAL_PORTFOLIO,BUY,1298,553.98,INR
IN001848,WIPRO,Wipro,BSE,TECHNOLOGY,01-02-2023,494.28,506.14,491.36,495.11,477.69,1834645,281348.22,31.04,14.72,2.535,1.97,678.01,405.24,0,NIFTY50_PORTFOLIO,HOLD,158,573.03,INR
IN001862,WIPRO,Wipro,BSE,TECHNOLOGY,01-02-2023,517.61,543.04,510.95,535.21,531.76,2414007,169495.91,63.36,8.72,2.287,1.276,646.77,305.95,0,NIFTY50_PORTFOLIO,HOLD,453,530.5,INR
IN001894,WIPRO,Wipro,BSE,TECHNOLOGY,01-02-2023,505.84,509.62,491,508.12,488.89,3558413,424375.35,55.59,4.64,0.074,0.623,591.77,457.42,0.5,SECTORAL_PORTFOLIO,SELL,978,377.26,INR
IN002878,WIPRO,Wipro,BSE,TECHNOLOGY,01-02-2023,484.22,498.57,465.57,476.15,472.93,765382,176908.78,63.07,7.47,1.347,1.803,627.48,363.32,5.1,MIDCAP_PORTFOLIO,HOLD,90,457.43,INR
IN002880,WIPRO,Wipro,BSE,TECHNOLOGY,01-02-2023,488.8,490.91,474.54,486.76,471.16,1813698,109433.8,66.14,1.53,2.748,1.465,626.89,430.68,0,SECTORAL_PORTFOLIO,HOLD,1499,395.73,INR
IN002936,WIPRO,Wipro,BSE,TECHNOLOGY,01-02-2023,524.05,529.51,481.62,495.91,503.52,2414007,434491.3,51.24,10.95,1.382,1.874,590.07,385.06,0.5,MIDCAP_PORTFOLIO,BUY,525,600.68,INR
IN002950,WIPRO,Wipro,BSE,TECHNOLOGY,01-02-2023,485.14,490.87,458.73,485.14,462.02,2438842,29869.33,65.62,14.27,2.775,1.793,670.37,381.91,0.5,SECTORAL_PORTFOLIO,HOLD,206,393.82,INR
IN002951,WIPRO,Wipro,BSE,TECHNOLOGY,01-02-2023,512.28,531.6,497.17,530.7,547.44,138410,88926.37,49.07,10.89,3.51,1.958,582.4,417.01,1.2,MIDCAP_PORTFOLIO,SELL,1322,585.51,INR
IN002982,WIPRO,Wipro,BSE,TECHNOLOGY,01-02-2023,479.49,513.43,479.23,507.61,522.68,2414007,422527.26,56.36,6.1,3.654,0.519,659.21,376.22,0.5,NIFTY50_PORTFOLIO,BUY,615,469.63,INR
IN002991,WIPRO,Wipro,BSE,TECHNOLOGY,01-02-2023,521.03,547.22,507.57,538.5,536.71,3430267,326423.06,49.07,1.88,0.633,0.406,538.5,424.22,1.2,SECTORAL_PORTFOLIO,HOLD,413,497.32,INR
IN003006,WIPRO,Wipro,BSE,TECHNOLOGY,01-02-2023,509.63,513.37,466.17,476.7,468.12,322635,73509.4,57.16,9.52,1.87,0.724,624.51,466.11,3.5,MIDCAP_PORTFOLIO,BUY,505,619.9,INR
IN004137,BHARTIARTL,Bharti Airtel,NSE,TELECOMMUNICATION,02-02-2023,886.48,947.81,875.62,886.48,927.45,2649529,614908.93,48.025,8.79,1.723,1.216,1161.5,558.14,2.3,NIFTY50_PORTFOLIO,BUY,1344,917.11,INR
IN000389,KOTAKBANK,Kotak Mahindra Bank,NSE,FINANCE,02-02-2023,1866.53,1872.43,1702.95,1738.14,1780.02,1632299,1793083.09,70.94,7.06,1.367,0.499,1967.03,1100.73,1.2,MIDCAP_PORTFOLIO,BUY,780,1369.27,INR
IN000399,KOTAKBANK,Kotak Mahindra Bank,NSE,FINANCE,02-02-2023,1798.34,1838.45,1768.22,1795.25,1788.54,1039237,1516005,61.25,9.65,2.928,1.775,2362.35,1227.65,2.3,NIFTY50_PORTFOLIO,BUY,902,1582.79,INR
IN000430,KOTAKBANK,Kotak Mahindra Bank,NSE,FINANCE,02-02-2023,1752.68,1796.94,1739.39,1766.35,1710.68,2779803,834634.83,62.28,2.04,1.535,1.395,2012.53,1594.42,5.1,MIDCAP_PORTFOLIO,HOLD,889,2049.27,INR
IN003003,NESTLEIND,Nestle India,BSE,FMCG,02-02-2023,22635.68,24226.46,22550.25,23939.77,23185.71,1885793,1728791.84,25.75,11.7,0.005,1.927,28365.71,19651.74,0.5,NIFTY50_PORTFOLIO,BUY,1193,19400.65,INR
IN003004,NESTLEIND,Nestle India,BSE,FMCG,02-02-2023,22399.93,24387.94,21793.48,22399.93,24793.96,2383507,5199826.44,34.66,5.05,3.253,1.916,24352.32,15915.55,3.5,NIFTY50_PORTFOLIO,BUY,1735,22610.81,INR
IN004267,ULTRACEMCO,UltraTech Cement,BSE,INFRASTRUCTURE,02-02-2023,9044.04,9751.17,8959.11,9498.81,9624.52,2659234,9476203.51,42.55,10.35,1.042,0.674,10233.27,5946.19,3.5,NIFTY50_PORTFOLIO,SELL,1183,9935.6,INR
IN004301,ULTRACEMCO,UltraTech Cement,BSE,INFRASTRUCTURE,02-02-2023,9265.93,9412.69,9007.54,9265.93,9316.27,199875,5413831.63,44.88,10.05,1.81,0.961,11866.19,8153.48,0.5,SECTORAL_PORTFOLIO,BUY,1039,10748.98,INR
IN004303,ULTRACEMCO,UltraTech Cement,BSE,INFRASTRUCTURE,02-02-2023,9558.4,9583.97,8925.75,8996.49,8732.58,3154253,8778591.49,55.1,1.54,0.154,1.882,11281.09,8861.02,0.5,NIFTY50_PORTFOLIO,HOLD,1554,8656.67,INR
IN004312,ULTRACEMCO,UltraTech Cement,BSE,INFRASTRUCTURE,02-02-2023,9735.94,10262.19,9511.21,10243.55,10012.41,1120311,8984108.15,74.91,13.65,1.181,1.389,10243.55,8166.73,1.2,MIDCAP_PORTFOLIO,BUY,1765,10591.63,INR
IN004322,ULTRACEMCO,UltraTech Cement,BSE,INFRASTRUCTURE,02-02-2023,9828.67,10110.38,9328.87,9586.85,9577.91,766969,6109447.94,36.61,12.78,2.732,1.156,10327.36,5842.91,3.5,MIDCAP_PORTFOLIO,BUY,1848,8113.51,INR
IN004339,ULTRACEMCO,UltraTech Cement,BSE,INFRASTRUCTURE,02-02-2023,9938.27,10084.54,9766.85,9820.21,9808.6,544195,5090553.71,43.43,6.57,1.422,1.148,11639.02,7690.41,2.3,NIFTY50_PORTFOLIO,BUY,1558,9970.04,INR
IN004354,ULTRACEMCO,UltraTech Cement,BSE,INFRASTRUCTURE,02-02-2023,9805.46,10317.62,9647.44,10156.79,10270.34,988931,2966182.28,57.61,1.85,2.905,0.664,11811.35,8303.6,0.5,MIDCAP_PORTFOLIO,BUY,1444,10533.08,INR
IN004261,BAJFINANCE,Bajaj Finance,NSE,NBFC,03-02-2023,7234.1,7442.72,7009.41,7080.87,7166.94,781769,4643018.97,67.23,8.97,2.286,1.233,9227.76,4780.85,2.3,NIFTY50_PORTFOLIO,BUY,266,7795.95,INR
IN001536,NESTLEIND,Nestle India,BSE,FMCG,03-02-2023,22548.63,22992.33,21797.07,22414.34,22026.78,1692948,19613877.87,44.3,13.97,0.964,1.319,26150.78,15086.83,3.5,MIDCAP_PORTFOLIO,BUY,176,21239.62,INR
IN002545,POWERGRID,Power Grid Corporation,BSE,UTILITIES,03-02-2023,259.68,271.12,252.05,267.77,257.72,3440764,173342.96,40.13,7.5,3.85,0.418,340.45,226,3.5,MIDCAP_PORTFOLIO,HOLD,1903,211.5,INR
IN002556,POWERGRID,Power Grid Corporation,BSE,UTILITIES,03-02-2023,248.73,272.37,243.9,265.33,267.31,1917805,63268.16,76.05,4.07,2.983,1.909,325.18,195.56,1.2,NIFTY50_PORTFOLIO,HOLD,420,203.3,INR
IN002573,POWERGRID,Power Grid Corporation,BSE,UTILITIES,03-02-2023,259.95,267.3,254.67,257.86,259.38,730226,183276,23.91,13.7,2.748,1.394,265,202.38,3.5,MIDCAP_PORTFOLIO,SELL,178,267.39,INR
IN002585,POWERGRID,Power Grid Corporation,BSE,UTILITIES,03-02-2023,247.84,251.92,240.1,245.52,253.89,818717,158568.21,73.24,9.8,1.985,0.9,300.51,213.52,0.5,SECTORAL_PORTFOLIO,BUY,29,217.75,INR
IN002602,POWERGRID,Power Grid Corporation,BSE,UTILITIES,03-02-2023,247.97,249.27,236.36,241.06,246.6,2253098,232644.82,72.75,6.48,1.9755,1.1515,338.64,185.62,1.2,SECTORAL_PORTFOLIO,HOLD,1002,223.3,INR
IN003416,WIPRO,Wipro,BSE,TECHNOLOGY,03-02-2023,507.59,511.49,473.59,507.59,461.4,2414007,355332.73,34.81,4.51,1.624,1.82,628.47,468.1,0.5,MIDCAP_PORTFOLIO,BUY,1420,424.24,INR
IN003422,WIPRO,Wipro,BSE,TECHNOLOGY,03-02-2023,492.28,505.03,475.21,492.28,476.72,1924346,284725.21,68.47,10.52,0.869,0.874,696.9,472.1,0,SECTORAL_PORTFOLIO,BUY,136,476.98,INR
IN003429,WIPRO,Wipro,BSE,TECHNOLOGY,03-02-2023,478.47,484.44,441.66,446.48,434.94,2669115,188937.04,24.89,7.1,2.949,1.529,532,390.46,0.5,SECTORAL_PORTFOLIO,SELL,375,597.72,INR
IN000060,BAJFINANCE,Bajaj Finance,NSE,NBFC,05-02-2023,7121.27,7365.92,7027.54,7121.27,7099.97,2554388,2586260.7,65.32,3.3,1.468,0.52,8246.96,6123.35,5.1,NIFTY50_PORTFOLIO,BUY,1768,5766.13,INR
IN001434,BHARTIARTL,Bharti Airtel,NSE,TELECOMMUNICATION,05-02-2023,933.41,993.44,914.28,971.53,961.56,3442783,503292.33,48.025,6.04,2.858,0.543,1039.65,811.39,0.5,NIFTY50_PORTFOLIO,BUY,302,762.95,INR
IN001499,BHARTIARTL,Bharti Airtel,NSE,TELECOMMUNICATION,05-02-2023,897.12,915.39,880.77,897.39,895.05,4747122,843442.52,31.73,13.21,2.281,1.971,968.2,724.17,1.2,MIDCAP_PORTFOLIO,HOLD,1404,969.59,INR
IN001502,BHARTIARTL,Bharti Airtel,NSE,FINANCE,05-02-2023,935.56,995.15,930.77,983.38,986.85,3557565,432645.96,70.13,6.37,1.233,1.296,983.38,843.53,0,MIDCAP_PORTFOLIO,BUY,1108,932.88,INR
IN003558,HDFCBANK,HDFC Bank,NSE,FINANCE,05-02-2023,1675.6,1726.45,1660.17,1708.31,1724.64,1891333,1307116.02,20.73,3.26,2.813,0.459,1708.31,1244.88,5.1,NIFTY50_PORTFOLIO,BUY,238,1984.6,INR
IN003661,HDFCBANK,HDFC Bank,NSE,FINANCE,05-02-2023,1570.39,1668.31,1543.39,1633.18,1596.56,2613238,605276.18,25.72,5.66,0.269,1.815,2177.36,1001.65,5.1,MIDCAP_PORTFOLIO,BUY,1024,1545.02,INR
IN003667,HDFCBANK,HDFC Bank,NSE,FINANCE,05-02-2023,1573.81,1611.92,1558.42,1566.73,1597.63,655245,91272.29,12.27,4.07,0.522,1.09,1949.33,1510.57,5.1,NIFTY50_PORTFOLIO,BUY,848,1738.76,INR
IN003674,HDFCBANK,HDFC Bank,NSE,FINANCE,05-02-2023,1524.77,1567.7,1432.36,1443.6,1420.73,741243,798950.83,14.77,13.57,3.068,1.19,2226.63,987.28,0,MIDCAP_PORTFOLIO,BUY,1701,1992.61,INR
IN003693,HDFCBANK,HDFC Bank,NSE,FINANCE,05-02-2023,1604.7,1718.7,1556.62,1604.7,1694.46,3470990,1420195.81,18.18,13.98,0.528,0.499,1925.2,1418.63,2.3,MIDCAP_PORTFOLIO,HOLD,1605,1401.18,INR
IN003701,HDFCBANK,HDFC Bank,NSE,FINANCE,05-02-2023,1563.85,1656.81,1525.33,1614.32,1590.86,1718478,1026376.9,41.99,7.56,3.75,1.09,2064.64,1102.84,1.2,MIDCAP_PORTFOLIO,BUY,279,1450.46,INR
IN004199,POWERGRID,Power Grid Corporation,BSE,UTILITIES,05-02-2023,252.13,255.9,234.87,252.13,232.28,477958,120024.76,9.98,14.91,0.392,0.61,301.6,216.57,2.3,SECTORAL_PORTFOLIO,BUY,1601,298.61,INR
IN002053,TECHM,Tech Mahindra,NSE,TECHNOLOGY,05-02-2023,1329.49,1352.05,1252.39,1276.08,1280.76,3105962,283769.85,44.16,7.31,1.921,1.288,1760.25,1125.22,3.5,SECTORAL_PORTFOLIO,BUY,214,1465.82,INR
IN002066,TECHM,Tech Mahindra,NSE,TECHNOLOGY,05-02-2023,1301.71,1391.29,1288.49,1352.57,1321.35,4099333,384194.32,10.48,12.93,1.14,1.947,1622.37,1070.07,1.2,MIDCAP_PORTFOLIO,HOLD,759,1461.98,INR
IN002084,TECHM,Tech Mahindra,NSE,TECHNOLOGY,05-02-2023,1359.98,1374.03,1269.85,1276.08,1248.28,3162666,1071371.48,49.08,4,3.154,1.624,1480.59,1123.83,1.2,NIFTY50_PORTFOLIO,HOLD,920,975.9,INR
IN000375,HDFCBANK,HDFC Bank,NSE,FINANCE,06-02-2023,1629.93,1673.24,1544.98,1552.03,1596.79,3769806,137664.12,8.59,5.06,0.521,1.91,1848.23,1267.42,1.2,NIFTY50_PORTFOLIO,BUY,1553,1763.05,INR
IN001452,MARUTI,Maruti Suzuki,BSE,AUTOMOBILE,06-02-2023,10136.05,10894.68,10046.82,10728.44,10990.57,1289402,5168125.28,38,5.03,2.294,1.081,11618.98,7638.62,0.5,SECTORAL_PORTFOLIO,BUY,1188,8234.87,INR
IN001457,MARUTI,Maruti Suzuki,BSE,AUTOMOBILE,06-02-2023,10293.06,10377.05,10023.27,10090.11,9998.43,1361689,4846598.67,41.06,4.96,3.067,1.048,10575.05,7704.88,0.5,SECTORAL_PORTFOLIO,SELL,648,11795.98,INR
IN001496,MARUTI,Maruti Suzuki,BSE,AUTOMOBILE,06-02-2023,9951.27,10134.75,9744.19,9960.14,10323.67,575056,9622731.51,21.37,7.88,3.308,1.353,12555.25,7665.43,0,NIFTY50_PORTFOLIO,BUY,1096,11478.11,INR
IN001552,MARUTI,Maruti Suzuki,BSE,AUTOMOBILE,06-02-2023,10034.97,10264.21,9252.07,9430.71,9709.7,3670400,3640210.02,36.95,14.3,1.866,1.797,11052.31,6026.35,1.2,NIFTY50_PORTFOLIO,BUY,1066,11422.42,INR
IN004805,NTPC,NTPC Limited,NSE,UTILITIES,06-02-2023,356.05,362.77,333.94,341.89,348.56,1041704,37509.35,45.86,9.12,2.035,0.636,450.02,265.91,1.2,MIDCAP_PORTFOLIO,HOLD,1417,377.79,INR
IN004672,ONGC,Oil & Natural Gas Corp,NSE,ENERGY,06-02-2023,272.28,277.2,266.67,277.03,287.88,3636564,217072.24,8.59,5,0.847,1.146,326.24,208.43,0.5,MIDCAP_PORTFOLIO,BUY,283,325.36,INR
IN004683,ONGC,Oil & Natural Gas Corp,NSE,ENERGY,06-02-2023,279.49,282.21,258.35,265.44,258.42,4215773,174390.08,44.02,3.36,2.817,1.82,326.77,207.72,2.3,MIDCAP_PORTFOLIO,BUY,1584,242.6,INR
IN004687,ONGC,Oil & Natural Gas Corp,NSE,ENERGY,06-02-2023,268.11,280.58,267.2,276.18,271.8,4388570,41340.88,11.56,6.39,2.229,1.272,304.18,209.12,5.1,NIFTY50_PORTFOLIO,HOLD,353,240.6,INR
IN004727,ONGC,Oil & Natural Gas Corp,BSE,ENERGY,06-02-2023,293.37,300.24,288.25,295.56,289.01,692147,135850.9,9.42,7.4,0.223,1.146,331.64,200.03,0.5,SECTORAL_PORTFOLIO,BUY,950,325.29,INR
IN000863,TITAN,Titan Company,BSE,CONSUMER GOODS,06-02-2023,3557.7,3583.78,3454.48,3490.28,3352.8,1515487,1835830.275,24.35,14.07,3.67,1.16,4270.13,2373.42,1.2,MIDCAP_PORTFOLIO,SELL,621,4064.5,INR
IN000909,TITAN,Titan Company,BSE,CONSUMER GOODS,06-02-2023,3273.35,3334.55,3206.32,3330.12,3265.65,490459,1444610.34,74.67,1.65,1.308,0.784,4604.71,3023.48,0.5,NIFTY50_PORTFOLIO,BUY,239,3509.45,INR
IN000921,TITAN,Titan Company,BSE,CONSUMER GOODS,06-02-2023,3438.93,3527.75,3351.28,3479.85,3475.08,3844479,2651821.13,38.82,2.17,2.122,1.994,3648.75,3129.02,1.2,NIFTY50_PORTFOLIO,BUY,1120,3282.05,INR
IN004582,TITAN,Titan Company,BSE,CONSUMER GOODS,06-02-2023,3400.1,3417.83,3298.58,3366.84,3304.85,4809618,292297.74,43.45,10.48,3.367,1.938,3800.48,2666.43,1.2,MIDCAP_PORTFOLIO,BUY,1257,3788.43,INR
IN004591,TITAN,Titan Company,BSE,CONSUMER GOODS,06-02-2023,3520.98,3582.88,3371.52,3520.98,3491.58,837899,1840460.21,79.99,8.61,2.737,1.034,3691.11,2888.25,1.2,MIDCAP_PORTFOLIO,BUY,995,4128.15,INR
IN004596,TITAN,Titan Company,BSE,CONSUMER GOODS,06-02-2023,3384.32,3448.4,3316.24,3371.69,3308.43,4092963,339194.8,79.06,7.11,1.535,1.875,4601.23,2782.84,0,SECTORAL_PORTFOLIO,BUY,635,3006.51,INR
IN004609,TITAN,Titan Company,BSE,CONSUMER GOODS,06-02-2023,3353.25,3621.66,3342.4,3586.03,3686.89,2389908.5,1517697.21,38.12,7.88,1.464,1.485,4685.64,2822.82,5.1,MIDCAP_PORTFOLIO,BUY,506,3984.26,INR
IN004620,TITAN,Titan Company,BSE,CONSUMER GOODS,06-02-2023,3546.06,3564.5,3454.98,3455.79,3570.59,143901,2069243.68,42.46,11.19,3.773,1.727,4443.7,3188.47,3.5,NIFTY50_PORTFOLIO,BUY,1112,3240.75,INR
IN004621,TITAN,Titan Company,BSE,CONSUMER GOODS,06-02-2023,3292.63,3382.02,3046.15,3292.63,3237.33,3220890,3339542.04,63.81,5.8,2.122,0.67,3865.8,2266.74,3.5,MIDCAP_PORTFOLIO,BUY,284,3656.3,INR
IN004628,TITAN,Titan Company,BSE,CONSUMER GOODS,06-02-2023,3409.6,3503.69,3290.17,3373.29,3272.6,3951101,2556287.01,44.08,3.32,1.368,0.41,4213.71,3216.88,1.2,MIDCAP_PORTFOLIO,SELL,424,3559.53,INR
IN004634,TITAN,Titan Company,BSE,CONSUMER GOODS,06-02-2023,3369.79,3435.97,3289.49,3380.62,3348.19,3676767,833060.44,27.8,2.29,3.904,1.132,4416.82,2848.41,5.1,NIFTY50_PORTFOLIO,SELL,1193,3077.27,INR
IN001094,HDFCBANK,HDFC Bank,NSE,FINANCE,08-02-2023,1618.3,1620.38,1497.09,1511,1490.9,3776754,1422382.44,31.81,14.92,0.785,1.522,2224.86,1078.94,0.5,SECTORAL_PORTFOLIO,BUY,1492,1398.09,INR
IN000002,POWERGRID,Power Grid Corporation,BSE,UTILITIES,08-02-2023,247.86,252.69,240.78,246.74,253.05,4443189,128269.95,29.46,6.32,0.178,1.968,281.16,162.22,0,SECTORAL_PORTFOLIO,BUY,967,188.91,INR
IN000039,POWERGRID,Power Grid Corporation,BSE,UTILITIES,08-02-2023,256.34,265.64,254.92,262.96,270.95,1608429,120024.76,39.1,7.57,0.159,1.206,314.56,236.16,2.3,SECTORAL_PORTFOLIO,SELL,1134,275.16,INR
IN003273,HDFCBANK,HDFC Bank,NSE,FMCG,10-02-2023,1639.94,1681.27,1618.95,1657.18,1610.31,3982169,765214.96,71.35,8.14,1.874,1.09,2235.29,1009.65,2.3,MIDCAP_PORTFOLIO,BUY,697,1889.78,INR
IN003980,HINDUNILVR,Hindustan Unilever,NSE,FMCG,10-02-2023,2492.84,2664.99,2436.85,2640.75,2603.56,491821,2454330.25,67.71,13.46,3.521,1.833,3366.59,1839.86,5.1,SECTORAL_PORTFOLIO,BUY,738,2470.92,INR
IN002024,NESTLEIND,Nestle India,BSE,FMCG,10-02-2023,21645.68,21920.4,20889.24,21280.91,20985.08,1298461,1943080.75,27.05,8.61,3.188,1.882,30605.77,20633.1,5.1,NIFTY50_PORTFOLIO,HOLD,1136,16888.43,INR
IN002033,NESTLEIND,Nestle India,BSE,FMCG,10-02-2023,22017.49,22670.48,20483.71,20528.42,19771.93,2585084,19911905.39,77.92,9.86,2.788,0.652,28065.26,16030.99,0.5,SECTORAL_PORTFOLIO,BUY,1010,26215.68,INR
IN002038,NESTLEIND,Nestle India,BSE,FMCG,10-02-2023,21927.13,23105.07,21537.39,22621.46,23521.51,970645,19481612.9,52.22,6,0.587,1.87,26968.77,15650.96,5.1,SECTORAL_PORTFOLIO,BUY,1592,25058.96,INR
IN002045,NESTLEIND,Nestle India,BSE,FMCG,10-02-2023,21946.02,22160.98,20954.2,21400.49,21521.16,712039,1623851.4,25.99,3.53,1.967,1.864,27317.08,14733.48,0,MIDCAP_PORTFOLIO,BUY,493,25454.42,INR
IN003774,INFY,Infosys,NSE,TECHNOLOGY,11-02-2023,1525.84,1601.11,1518.71,1560.78,1573.55,2388298,288795.65,40.13,3.74,3.569,1.085,1715.45,1014.94,5.1,SECTORAL_PORTFOLIO,BUY,664,1603.89,INR
IN003785,INFY,Infosys,NSE,TECHNOLOGY,11-02-2023,1545.33,1627.03,1540.14,1545.33,1595.64,686125,794242.47,34.26,12.85,1.888,0.417,1855.68,1386.98,0.5,MIDCAP_PORTFOLIO,HOLD,1582,1254.61,INR
IN003810,INFY,Infosys,NSE,TECHNOLOGY,11-02-2023,1430.46,1459.25,1330.57,1371.45,1360.53,4799364,1496074.26,74.75,7.08,0.309,1.485,1805.31,1356.74,5.1,NIFTY50_PORTFOLIO,HOLD,1868,1126.9,INR
IN002932,LT,Larsen & Toubro,NSE,INFRASTRUCTURE,11-02-2023,3075.84,3159.04,3057.95,3145.02,3148.77,1867669,971423.38,36.87,14.59,3.932,1.511,3577.1,2435.23,1.2,NIFTY50_PORTFOLIO,BUY,1721,2436.31,INR
IN002957,LT,Larsen & Toubro,NSE,INFRASTRUCTURE,11-02-2023,3273.58,3289.43,2993.39,3049.89,2947.44,83743,972938.84,20.56,10.96,2.341,1.637,3776.25,2180.3,1.2,SECTORAL_PORTFOLIO,BUY,1013,3444.47,INR
IN004627,RELIANCE,Reliance Industries,NSE,ENERGY,11-02-2023,2097.87,2136.52,2041.46,2134.69,2156.59,3777915,1663527.08,28.74,10.03,3.94,1.958,2998.99,1558.76,2.3,SECTORAL_PORTFOLIO,SELL,824,2072.37,INR
IN004641,RELIANCE,Reliance Industries,NSE,ENERGY,11-02-2023,2280.61,2322.35,2135.68,2170.09,2203.16,2276751,1957800.79,47.87,13,1.229,1.246,2445.57,1507.32,5.1,NIFTY50_PORTFOLIO,HOLD,497,2415.51,INR
IN001980,ULTRACEMCO,UltraTech Cement,BSE,PHARMACEUTICALS,11-02-2023,9488.71,9513.69,8833.53,9020.47,9358.88,506972,2235130.66,43.495,11.62,0.066,0.487,10860.67,6543.28,0.5,MIDCAP_PORTFOLIO,SELL,269,8027.45,INR
IN001996,ULTRACEMCO,UltraTech Cement,BSE,INFRASTRUCTURE,11-02-2023,9897.6,9902.68,9364.37,9498.25,9668.11,3364270,9358152.77,24.63,3.01,0.806,1.983,12667.18,7500.59,0,SECTORAL_PORTFOLIO,BUY,1160,8280.7,INR
IN003469,WIPRO,Wipro,BSE,TECHNOLOGY,11-02-2023,503.57,515.85,486.71,497.65,485.31,4727329,462746.91,59.21,9.32,2.143,1.515,553.2,447.01,5.1,MIDCAP_PORTFOLIO,BUY,108,551.77,INR
IN003480,WIPRO,Wipro,BSE,TECHNOLOGY,11-02-2023,495.04,502.72,456.89,468.59,464.82,1668327,120383.97,30.3,5.52,3.564,1.55,635,385.55,1.2,NIFTY50_PORTFOLIO,HOLD,763,408.71,INR
IN003508,WIPRO,Wipro,BSE,TECHNOLOGY,11-02-2023,481.52,486.2,466.11,473.7,477.66,1556789,255127.93,76.91,7.91,0.902,0.742,596.54,350.63,0,SECTORAL_PORTFOLIO,HOLD,1112,460.35,INR
IN003557,WIPRO,Wipro,BSE,TECHNOLOGY,11-02-2023,478.23,509.53,464.51,502.9,504.88,2897781,448645.2,74.97,11.6,1.47,1.095,656.15,398.48,1.2,SECTORAL_PORTFOLIO,BUY,837,602.29,INR
IN003567,WIPRO,Wipro,BSE,TECHNOLOGY,11-02-2023,477.49,478.8,443.5,454.18,438.32,4385574,101081,70.44,1.64,3.329,0.57,684.24,451.89,2.3,MIDCAP_PORTFOLIO,BUY,1444,601.82,INR
IN001945,BHARTIARTL,Bharti Airtel,NSE,TELECOMMUNICATION,01-03-2023,931.05,947.72,868.83,889,890.97,2832595,128054.25,61.02,12.74,3.941,1.702,1156.83,551.92,3.5,NIFTY50_PORTFOLIO,BUY,924,1123.07,INR
IN001951,BHARTIARTL,Bharti Airtel,NSE,TELECOMMUNICATION,01-03-2023,868.94,879.55,836.52,852.67,868.08,3611461,196321.26,25.67,5.35,3.539,0.41,1222.24,736.24,2.3,NIFTY50_PORTFOLIO,BUY,1894,708.27,INR
IN000062,HDFCBANK,HDFC Bank,NSE,FINANCE,01-03-2023,1661.7,1688.77,1654.59,1657.08,1689.36,3491509,370749.49,59.6,9.06,2.523,0.534,2109.19,1140.89,3.5,MIDCAP_PORTFOLIO,HOLD,1772,1429.35,INR
IN001448,HINDUNILVR,Hindustan Unilever,NSE,FMCG,01-03-2023,2397.04,2530.32,2369.16,2463.86,2539.73,2901727,1498144.29,49.94,5.78,0.298,0.997,3496.61,1991.08,3.5,SECTORAL_PORTFOLIO,BUY,64,2222.85,INR
IN004461,ICICIBANK,ICICI Bank,NSE,FINANCE,01-03-2023,971.52,1047.69,946.78,1020.8,986.86,4925475,881821.93,16.32,9.63,2.836,0.507,1205.63,732.13,2.3,NIFTY50_PORTFOLIO,HOLD,1163,962.02,INR
IN004476,ICICIBANK,ICICI Bank,NSE,FINANCE,01-03-2023,957.57,964.83,929.74,949.57,937.84,685960,102407.92,11.82,1.75,2.273,1.652,1144.34,757.27,2.3,MIDCAP_PORTFOLIO,BUY,1531,736.12,INR
IN004499,ICICIBANK,ICICI Bank,NSE,FINANCE,01-03-2023,978.1,1028.52,966.15,1018.08,1000.4,1487270,717014.51,39.74,9.16,2.397,1.454,1107.54,607.63,1.2,NIFTY50_PORTFOLIO,SELL,379,1095.86,INR
IN004521,ICICIBANK,ICICI Bank,NSE,FINANCE,01-03-2023,942.55,966.64,874.08,892.52,912.38,785582,392950.31,58.5,5.92,3.907,0.525,1090.19,760.44,2.3,NIFTY50_PORTFOLIO,BUY,225,951.52,INR
IN004528,ICICIBANK,ICICI Bank,NSE,FINANCE,01-03-2023,934.95,1007.64,909.4,995.65,973.97,1299267,509632.96,22.72,4.42,3.034,0.495,1219.05,893.15,0.5,NIFTY50_PORTFOLIO,HOLD,642,961.79,INR
IN004548,ICICIBANK,ICICI Bank,NSE,FINANCE,01-03-2023,951.84,990.94,927.33,982.07,943.18,2461030,465804.57,8.17,9.91,3.103,1.915,1131.03,621.3,0,SECTORAL_PORTFOLIO,BUY,590,770.99,INR
IN004552,ICICIBANK,ICICI Bank,NSE,FINANCE,01-03-2023,959.75,1000.72,958.36,959.75,1004.55,2838402,143903.01,54.98,4.98,2.836,1.189,1054.67,895.17,0.5,SECTORAL_PORTFOLIO,BUY,1641,1002.17,INR
IN004589,ICICIBANK,ICICI Bank,NSE,FINANCE,01-03-2023,921.82,926.66,860.98,882.39,890.39,3932680,568390.17,27.99,6.58,2.175,1.553,1032.3,849.81,5.1,NIFTY50_PORTFOLIO,HOLD,1404,796.8,INR
IN004656,ICICIBANK,ICICI Bank,NSE,FINANCE,01-03-2023,903.88,988.38,881.81,903.88,999,1541408,772914.03,61.11,13.9,1.217,1.478,1122.06,711.63,5.1,SECTORAL_PORTFOLIO,BUY,1985,1159.6,INR
IN000667,INFY,Infosys,NSE,TECHNOLOGY,01-03-2023,1429.37,1457.43,1339.81,1349.01,1336.67,3543744,411698.71,22.9,13.76,3.957,0.847,2039.14,1308.37,0,MIDCAP_PORTFOLIO,SELL,343,1235.3,INR
IN000705,INFY,Infosys,NSE,TECHNOLOGY,01-03-2023,1508.91,1535.26,1429.68,1444.63,1444.79,1563244,571507.7,16.18,6.47,3.385,0.405,2065.86,1267.99,0.5,MIDCAP_PORTFOLIO,BUY,113,1285.38,INR
IN000734,INFY,Infosys,NSE,TECHNOLOGY,01-03-2023,1491.34,1580.94,1487.43,1544.75,1491.81,1469468,1050282.46,71.31,8.085,2.269,1.818,1780.09,1076.61,1.2,SECTORAL_PORTFOLIO,SELL,1235,1541.04,INR
IN000739,INFY,Infosys,NSE,TECHNOLOGY,01-03-2023,1545.74,1580.19,1491.74,1495.14,1511.11,842621,1367829.98,17.58,13.8,1.888,0.587,1764.46,1022.01,1.2,NIFTY50_PORTFOLIO,BUY,554,1275.88,INR
IN000808,INFY,Infosys,NSE,TECHNOLOGY,01-03-2023,1461.98,1562.44,1430.45,1546.81,1570.05,981379,1102343.02,56.89,3.13,0.957,1.709,1608.95,974.65,1.2,SECTORAL_PORTFOLIO,BUY,652,1567.99,INR
IN002124,INFY,Infosys,NSE,TECHNOLOGY,01-03-2023,1434.59,1449.04,1369,1392.43,1441.91,1417839,1450491.96,47.92,6.95,2.363,0.42,1624.79,1228.75,0,MIDCAP_PORTFOLIO,BUY,196,1245.72,INR
IN002237,INFY,Infosys,NSE,TECHNOLOGY,01-03-2023,1526.57,1558.33,1483.05,1493.15,1538.91,1667808,1271929.46,40.14,13.33,1.888,0.92,2024.05,1402.09,2.3,MIDCAP_PORTFOLIO,BUY,211,1251.23,INR
IN002261,INFY,Infosys,NSE,TECHNOLOGY,01-03-2023,1438.72,1454.53,1334.49,1374.09,1370.14,3208708,1030460.9,12.93,6.65,2.138,1.687,2011.54,980.13,0.5,SECTORAL_PORTFOLIO,BUY,405,1126.85,INR
IN004237,INFY,Infosys,NSE,TECHNOLOGY,01-03-2023,1538.04,1560.17,1433.22,1463.47,1520.09,822446,646114.24,12.24,5.14,2.754,0.429,1583.19,1270.11,2.3,MIDCAP_PORTFOLIO,BUY,140,1762.4,INR
IN004753,SBIN,State Bank of India,NSE,FINANCE,01-03-2023,584.64,593,568.58,587.4,607.65,2594778,121987.86,13.57,1.4,3.941,1.906,723.26,441.87,2.3,NIFTY50_PORTFOLIO,BUY,1544,636.75,INR
IN001926,TECHM,Tech Mahindra,NSE,TECHNOLOGY,01-03-2023,1332.73,1368.62,1228.96,1259.51,1277.11,4655445,76345.05,74.99,14.22,1.299,1.399,1808.55,947.1,5.1,NIFTY50_PORTFOLIO,BUY,862,1510.97,INR
IN003419,ADANIENT,Adani Enterprises,NSE,CONGLOMERATE,02-03-2023,2932.35,3015.44,2854.67,2962.32,2928.13,1670666,2680831.88,8.13,9.01,1.845,0.719,3051.5,2165.58,2.3,SECTORAL_PORTFOLIO,BUY,1706,2730.25,INR
IN003319,BHARTIARTL,Bharti Airtel,NSE,TELECOMMUNICATION,02-03-2023,936.7,963.73,909.02,919.38,900.71,2210718,114020.7,78.18,8.08,3.941,1.189,1083.75,766.53,0.5,NIFTY50_PORTFOLIO,HOLD,1558,1087.36,INR
IN003332,BHARTIARTL,Bharti Airtel,NSE,TELECOMMUNICATION,02-03-2023,860.52,878.43,849.81,866.16,854.53,2260652,293306.12,48.025,10.87,1.116,0.573,1069.64,607.44,2.3,NIFTY50_PORTFOLIO,BUY,639,848.71,INR
IN003347,BHARTIARTL,Bharti Airtel,NSE,TELECOMMUNICATION,02-03-2023,881.51,899.87,871,881.51,911.01,2784224,811946.92,52.43,2.07,1.646,0.57,999.59,613.63,1.2,NIFTY50_PORTFOLIO,SELL,271,898.79,INR
IN003373,BHARTIARTL,Bharti Airtel,NSE,TELECOMMUNICATION,02-03-2023,938.3,953.06,906.45,912.76,917.79,3153940,253281.38,24.58,5.35,2.786,0.526,1079.38,728.85,0,NIFTY50_PORTFOLIO,BUY,1023,707.16,INR
IN003397,BHARTIARTL,Bharti Airtel,NSE,TELECOMMUNICATION,02-03-2023,874.1,880.21,803.82,874.1,837.8,4683000,810260.72,79.58,12.54,3.215,1.269,1254.26,751.81,0.5,NIFTY50_PORTFOLIO,SELL,1681,1108.62,INR
IN003434,BHARTIARTL,Bharti Airtel,NSE,TELECOMMUNICATION,02-03-2023,915.99,935.65,847.05,867.61,836.41,2586986,173389.44,66.66,5.08,2.056,0.814,1166.24,598.62,1.2,SECTORAL_PORTFOLIO,BUY,444,981.42,INR
IN003439,BHARTIARTL,Bharti Airtel,NSE,TELECOMMUNICATION,02-03-2023,899.78,915.87,822.69,839.84,860.71,2586986,578916.72,15.33,8.45,2.319,1.122,987.61,768.28,0,SECTORAL_PORTFOLIO,BUY,1780,699.36,INR
IN003452,BHARTIARTL,Bharti Airtel,NSE,TELECOMMUNICATION,02-03-2023,860.9,9999999,838.13,9999999,842.19,4248981,188174.26,19.52,2.99,3.219,0.763,9999999,558.72,0,SECTORAL_PORTFOLIO,HOLD,1187,735.76,INR
IN001343,ICICIBANK,ICICI Bank,NSE,FINANCE,02-03-2023,931.84,979.57,915.89,974.49,967.85,2351818,465804.57,8.35,10.05,2.325,0.761,1303.38,852.81,1.2,MIDCAP_PORTFOLIO,SELL,599,767.21,INR
IN001359,ICICIBANK,ICICI Bank,NSE,FINANCE,02-03-2023,907.93,939.85,887.81,934.61,953.44,3885143,647710.52,21.01,5.54,2.373,1.712,1184.12,856.03,1.2,MIDCAP_PORTFOLIO,BUY,1523,882.73,INR
IN001605,KOTAKBANK,Kotak Mahindra Bank,NSE,FINANCE,02-03-2023,1789.21,1835.01,1739.52,1829.63,1797.24,999934,1277195.46,24.74,2.99,0.211,0.72,2173.21,1193.11,3.5,MIDCAP_PORTFOLIO,BUY,972,2217.39,INR
IN001610,KOTAKBANK,Kotak Mahindra Bank,NSE,FINANCE,02-03-2023,1800.44,1917.95,1753.23,1867.21,1826.45,2471379,1245469.17,27.96,2.66,1.862,1.945,2364.04,1566.99,1.2,MIDCAP_PORTFOLIO,SELL,110,1848.88,INR
IN001629,KOTAKBANK,Kotak Mahindra Bank,NSE,FINANCE,02-03-2023,1782.27,1820.22,1631.53,1782.27,1694.55,2824831,456503.4,59.26,14.88,2.41,0.412,2157.49,1632.33,0.5,MIDCAP_PORTFOLIO,BUY,291,1803.37,INR
IN001199,LT,Larsen & Toubro,NSE,INFRASTRUCTURE,02-03-2023,3261.03,3286.67,2990.99,3038.51,3059.43,1925661,1787245.68,44.64,2.9,1.382,1.19,3898.03,2112.64,5.1,SECTORAL_PORTFOLIO,BUY,1772,2906.98,INR
IN001208,LT,Larsen & Toubro,NSE,INFRASTRUCTURE,02-03-2023,3145.97,3187.81,2981.96,3060.23,3126.05,4020673,2710177.48,31.7,8.74,0.381,0.56,4260.39,2777.9,2.3,NIFTY50_PORTFOLIO,BUY,659,2621.85,INR
IN000125,RELIANCE,Reliance Industries,NSE,ENERGY,02-03-2023,2246.91,2292.71,2104.7,2145.34,2198.33,2602842,445095.14,65,6.92,0.345,1.5,3057.38,1623.89,1.2,MIDCAP_PORTFOLIO,BUY,1441,1650.17,INR
IN000066,ULTRACEMCO,UltraTech Cement,BSE,INFRASTRUCTURE,02-03-2023,9719.75,10002.41,9570.55,9712.61,10024.86,4996261,5413831.63,43.495,11.92,3.992,1.008,11309.99,8420.18,2.3,SECTORAL_PORTFOLIO,BUY,261,11482.45,INR
IN000075,ULTRACEMCO,UltraTech Cement,BSE,INFRASTRUCTURE,02-03-2023,9510.03,9610.71,8908.17,9144.91,9246.72,121220,3954610.39,16.47,11.77,1.812,0.862,12314.14,8031.81,1.2,MIDCAP_PORTFOLIO,BUY,1137,8252.97,INR
IN000091,ULTRACEMCO,UltraTech Cement,BSE,INFRASTRUCTURE,02-03-2023,9957.62,10714.09,9858.62,10593.5,10761.8,448972,6807536.14,26.55,13.71,0.262,0.878,13044.33,5867.04,2.3,NIFTY50_PORTFOLIO,HOLD,783,8268,INR
IN000262,ULTRACEMCO,UltraTech Cement,BSE,INFRASTRUCTURE,02-03-2023,9455.27,9617.66,9252.51,9602.68,9262.96,109321,4923777.28,12.21,7.99,1.251,0.698,10629.06,6165.33,2.3,MIDCAP_PORTFOLIO,BUY,372,9480.58,INR
IN000268,ULTRACEMCO,UltraTech Cement,BSE,INFRASTRUCTURE,02-03-2023,9455.9,10111.83,9388.65,9995.78,9852.01,154596,6967447.45,24.51,8.77,1.739,1.394,11359.91,7204.11,0,MIDCAP_PORTFOLIO,BUY,656,9973.56,INR
IN000311,ULTRACEMCO,UltraTech Cement,BSE,INFRASTRUCTURE,02-03-2023,9549.28,9818.03,9365.83,9527.08,9398.66,4384037,5413831.63,64.15,13.94,0.981,1.148,11834,8382,3.5,SECTORAL_PORTFOLIO,HOLD,67,11771.44,INR
IN000313,ULTRACEMCO,UltraTech Cement,BSE,INFRASTRUCTURE,02-03-2023,9420.41,9695.62,9065.48,9231.12,9388.14,4272816,7044597.38,72.25,9.75,0.035,1.67,11207.93,7363.58,0,NIFTY50_PORTFOLIO,BUY,452,9983.03,INR
IN003823,ULTRACEMCO,UltraTech Cement,BSE,INFRASTRUCTURE,02-03-2023,9027.77,9325.38,8817.31,9275.35,9401.5,2124075,1579820.32,20.52,6.72,0.463,0.672,10648.84,8531.68,2.3,SECTORAL_PORTFOLIO,HOLD,1576,8459.74,INR
IN003878,ULTRACEMCO,UltraTech Cement,BSE,INFRASTRUCTURE,02-03-2023,9307.79,9511.98,8745.05,8918.84,9119.63,1169790,5795836.01,68.33,7.99,2.911,1.363,10159.97,8713,1.2,SECTORAL_PORTFOLIO,BUY,231,7126.29,INR
IN003883,ULTRACEMCO,UltraTech Cement,BSE,INFRASTRUCTURE,02-03-2023,9061.08,9284.45,8609.06,8747.18,8936.36,1373780,1946297.78,44.65,4.77,3.572,0.769,12327.04,6902.69,0.5,SECTORAL_PORTFOLIO,HOLD,390,11376.47,INR
IN003910,ULTRACEMCO,UltraTech Cement,BSE,INFRASTRUCTURE,02-03-2023,9320.48,9390.66,9095.45,9118.77,9283.9,2742620,4623884.64,43.495,5.83,1.549,1.412,9118.77,6990.64,5.1,MIDCAP_PORTFOLIO,BUY,298,7554.87,INR
IN003930,ULTRACEMCO,UltraTech Cement,BSE,INFRASTRUCTURE,02-03-2023,9896.87,10103.9,9484.26,9522.44,9404.47,2295067,2668394.49,22.8,11.86,1.739,0.739,11488.92,7246.85,5.1,NIFTY50_PORTFOLIO,BUY,698,10547.79,INR
IN000196,KOTAKBANK,Kotak Mahindra Bank,NSE,FINANCE,03-03-2023,1858.8,1985.55,1812.16,1949.88,1948.01,2445211,673022.76,16.51,3.28,3.274,1.173,2089.05,1142.72,2.3,MIDCAP_PORTFOLIO,HOLD,1173,1644.62,INR
IN000270,KOTAKBANK,Kotak Mahindra Bank,NSE,FINANCE,03-03-2023,1833.43,1889.62,1831.97,1878.89,1950.18,3437063,968272.4,71.92,7.45,1.648,1.452,1993.67,1461.63,5.1,SECTORAL_PORTFOLIO,BUY,565,2200.59,INR
IN000378,KOTAKBANK,Kotak Mahindra Bank,NSE,FINANCE,03-03-2023,1853.95,1908,1679.79,1729.01,1710.98,4160703,1206420.8,26.97,7.06,0.546,1.622,2336.13,1490.55,2.3,NIFTY50_PORTFOLIO,BUY,761,1557.57,INR
IN004094,LT,Larsen & Toubro,NSE,INFRASTRUCTURE,03-03-2023,3296.52,3332.92,3157.74,3160.71,3151.57,2357723,1708899.91,46.4,5.45,1.858,1.154,3935.04,2506.95,1.2,SECTORAL_PORTFOLIO,BUY,1799,2432.39,INR
IN004100,LT,Larsen & Toubro,NSE,INFRASTRUCTURE,03-03-2023,3122.14,3388.311764,3122.14,3292.08,3213.74,4530957,2221638.21,72.94,1.91,1.225,1.153,4039.08,2887.54,3.5,SECTORAL_PORTFOLIO,BUY,600,3278.23,INR
IN004894,NESTLEIND,Nestle India,BSE,FMCG,03-03-2023,21444.64,21761.47,20477.02,21000.72,20194.27,2188306,10435422.99,18.54,4.37,2.717,0.638,26360.99,13852.07,2.3,SECTORAL_PORTFOLIO,SELL,1112,18747.54,INR
IN004956,NESTLEIND,Nestle India,BSE,ENERGY,03-03-2023,21981.1,23282.98,21788.57,21981.1,21884.24,2585084,7066930.44,60.33,5.54,3.324,0.681,26960.73,16853.34,1.2,SECTORAL_PORTFOLIO,BUY,130,22723.01,INR
IN002522,ONGC,Oil & Natural Gas Corp,NSE,ENERGY,04-03-2023,281.26,287.08,277.41,282.22,275.03,2797823,260384.63,19.81,7.9,2.598,0.836,335.82,230.48,1.2,NIFTY50_PORTFOLIO,BUY,1030,295.45,INR
IN002533,ONGC,Oil & Natural Gas Corp,NSE,ENERGY,04-03-2023,270.82,278.53,265.01,270.52,272.89,3628138,22776.17,63.12,7.01,3.405,0.931,349.34,242.17,3.5,MIDCAP_PORTFOLIO,BUY,300,318.48,INR
IN002561,ONGC,Oil & Natural Gas Corp,NSE,ENERGY,04-03-2023,279.27,284.77,262.94,264.32,262.43,2699963.5,83719.22,61.94,7.9,1.591,1.204,303.59,243.94,0,NIFTY50_PORTFOLIO,BUY,971,305.5,INR
IN004837,TECHM,Tech Mahindra,NSE,TECHNOLOGY,04-03-2023,1350.42,1389.17,1310.33,1325.29,1374.8,257317,719568.43,60.22,2.91,0.969,1.325,1792.58,1057.98,5.1,NIFTY50_PORTFOLIO,SELL,780,1390.84,INR
IN004856,TECHM,Tech Mahindra,NSE,TECHNOLOGY,04-03-2023,1291.35,1298.83,1206.78,1228.79,1229.19,68894,1180251.19,75.34,10.34,1.845,0.676,1684.59,891.49,1.2,NIFTY50_PORTFOLIO,BUY,879,1573.1,INR
IN004910,TECHM,Tech Mahindra,NSE,TECHNOLOGY,04-03-2023,1331.24,1376.23,1299.74,1343.71,1390.84,2637362,1065293.03,25.75,7.73,0.047,1.11,1381.12,1118.2,1.2,MIDCAP_PORTFOLIO,BUY,61,1620,INR
IN004944,TECHM,Tech Mahindra,NSE,TECHNOLOGY,04-03-2023,1266.41,1342.4,1237.84,1341.69,1390.35,2395139,1170208.53,44.16,8.78,3.787,0.732,1728.84,1059.07,3.5,NIFTY50_PORTFOLIO,BUY,1074,1414.01,INR
IN003394,ASIANPAINT,Asian Paints,BSE,CONSUMER GOODS,05-03-2023,2983.91,3165.96,2942.22,3160.48,3077.9,2240958,251192.49,58.62,2.86,1.566,1.209,4000.03,2215.91,3.5,SECTORAL_PORTFOLIO,BUY,1904,2926.88,INR
IN004000,BHARTIARTL,Bharti Airtel,NSE,TELECOMMUNICATION,05-03-2023,899.16,955.4,883.58,944.71,929.85,2586986,503292.33,22.07,2.71,0.071,1.155,1052.96,690.06,0.5,SECTORAL_PORTFOLIO,BUY,1180,695.77,INR
IN004042,BHARTIARTL,Bharti Airtel,NSE,TELECOMMUNICATION,05-03-2023,903.18,931.48,893.36,917.94,917.42,3526669,735539.92,50.1,13.57,3.022,0.815,1005.67,701.46,0.5,SECTORAL_PORTFOLIO,HOLD,494,703.7,INR
IN004056,BHARTIARTL,Bharti Airtel,NSE,TELECOMMUNICATION,05-03-2023,928.53,942.43,894.52,895,866.71,1794775,829890.94,41.16,10.08,3.984,0.633,1048.82,797.7,2.3,NIFTY50_PORTFOLIO,BUY,736,962.66,INR
IN004066,BHARTIARTL,Bharti Airtel,NSE,TELECOMMUNICATION,05-03-2023,866.1,929.99,863.07,866.1,932.01,4145435,280692.56,34.14,13.3,3.517,1.392,1133.11,752.34,1.2,MIDCAP_PORTFOLIO,SELL,1156,1072.63,INR
IN004105,BHARTIARTL,Bharti Airtel,NSE,TELECOMMUNICATION,05-03-2023,894.77,955,888.38,894.77,959.69,1051021,826423.68,51.21,6.22,2.396,1.428,1138.3,836.53,2.3,SECTORAL_PORTFOLIO,SELL,1900,853.89,INR
IN000306,HDFCBANK,HDFC Bank,NSE,FINANCE,07-03-2023,1589.66,1598.93,1569.55,1579,1628.29,3556729,689989.21,64.37,8.57,3.259,1.995,1845.03,1517.43,0,NIFTY50_PORTFOLIO,BUY,307,1403.15,INR
IN000309,HDFCBANK,HDFC Bank,NSE,FINANCE,07-03-2023,1662.7,1688.08,1553.67,1580.88,1613.51,1352194,525649.34,57.21,10.52,3.682,1.541,1856.28,1327.94,1.2,NIFTY50_PORTFOLIO,BUY,860,1274.73,INR
IN002684,ICICIBANK,ICICI Bank,NSE,FINANCE,07-03-2023,902.57,911.86,850.65,871.85,859.6,2764195,60414.75,56.76,13.17,2.301,1.997,1310.05,621.33,1.2,MIDCAP_PORTFOLIO,HOLD,1419,752.59,INR
IN002692,ICICIBANK,ICICI Bank,NSE,FINANCE,07-03-2023,946.5,961.55,892.85,897.73,869.35,4052778,190114.72,57.61,11.82,1.989,1.97,1183.05,866.29,3.5,NIFTY50_PORTFOLIO,BUY,1340,745.99,INR
IN002804,NESTLEIND,Nestle India,BSE,FMCG,07-03-2023,20968.95,21508.04,19715.55,19771.49,19034.21,516901,18401910.87,23.87,7.8,3.305,1.714,25706.88,16888.39,2.3,SECTORAL_PORTFOLIO,BUY,295,22447.8,INR
IN002861,NESTLEIND,Nestle India,BSE,FMCG,07-03-2023,22061.08,22679.78,20749.42,20769.64,20182.95,4445048,1302444.63,18.72,10.7,1.517,1.377,29685.3,19565.17,2.3,MIDCAP_PORTFOLIO,BUY,788,26778.12,INR
IN004988,NESTLEIND,Nestle India,BSE,FMCG,07-03-2023,21407.62,23024.75,20905.37,22371.3,23073.79,4056949,13070601.08,58.55,11.22,3.65,1.404,25926.27,17069.62,3.5,MIDCAP_PORTFOLIO,BUY,550,17179.83,INR
IN003724,RELIANCE,Reliance Industries,NSE,ENERGY,07-03-2023,2279.61,2308.81,2225.81,2285.36,2266.66,4944261,261990.94,45.86,7.45,2.673,0.895,2906.17,1569.99,5.1,NIFTY50_PORTFOLIO,HOLD,267,2718.24,INR
IN001953,ASIANPAINT,Asian Paints,BSE,CONSUMER GOODS,08-03-2023,2912.71,2997.29,2738.48,2762.29,2751.47,4797491,2186980.51,42.37,1.17,3.669,0.519,3283.95,2066.74,3.5,SECTORAL_PORTFOLIO,SELL,81,3543.48,INR
IN000711,AXISBANK,Axis Bank,BSE,FINANCE,08-03-2023,1068.2,1150.63,1039.54,1139.19,1123.68,2839294,888223.71,20.23,12.89,1.933,1.249,1530.28,743.33,1.2,SECTORAL_PORTFOLIO,BUY,674,1004.35,INR
IN000715,AXISBANK,Axis Bank,BSE,FINANCE,08-03-2023,1059.56,1116.74,1056.39,1113.27,1073.48,3327782,867116.42,48.84,5.98,1.933,1.619,1191.31,680.16,2.3,NIFTY50_PORTFOLIO,BUY,1526,1165.4,INR
IN000755,AXISBANK,Axis Bank,BSE,FINANCE,08-03-2023,1046.07,1057.4,996.66,1000.97,995.98,1858834,1001481.41,41.47,14.47,3.835,1.637,1386.68,979.81,5.1,SECTORAL_PORTFOLIO,BUY,688,906.85,INR
IN002216,ICICIBANK,ICICI Bank,NSE,FINANCE,08-03-2023,975.07,993.39,971.98,972.31,985.47,3501543,426877.31,29.1,4.85,1.662,0.43,1101.5,862.08,0.5,NIFTY50_PORTFOLIO,HOLD,778,1037.77,INR
IN002245,ICICIBANK,ICICI Bank,NSE,FINANCE,08-03-2023,970.46,1013.41,965.59,984.07,999.52,4670234,458086.15,76.92,12.89,3.85,1.189,1077.01,707.57,5.1,NIFTY50_PORTFOLIO,BUY,1819,819.1,INR
IN002315,ICICIBANK,ICICI Bank,NSE,FINANCE,08-03-2023,949.96,986.73,926.34,963.14,946.65,1694376,521513.08,9.64,8,2.564,1.046,1179.2,663.42,2.3,NIFTY50_PORTFOLIO,BUY,713,1086.71,INR
IN002346,TECHM,Tech Mahindra,NSE,TECHNOLOGY,08-03-2023,1285.27,1314.83,1266.52,1279.51,1259.48,4127873,739660.89,33.5,13.89,1.274,1.087,1533.71,915.75,0.5,MIDCAP_PORTFOLIO,HOLD,1563,1085.26,INR
IN002354,TECHM,Tech Mahindra,NSE,TECHNOLOGY,08-03-2023,1257.18,1264.83,1217.54,1228.05,1202.94,2408611,805910.36,60.72,14.83,3.365,0.583,1624.16,1121.1,0,MIDCAP_PORTFOLIO,BUY,1358,1560.83,INR
IN002397,TECHM,Tech Mahindra,NSE,TECHNOLOGY,08-03-2023,1321.7,9999999,1288.3,9999999,1333.34,3768859,578100.37,18.23,6.09,1.331,0.515,9999999,929.91,1.2,MIDCAP_PORTFOLIO,HOLD,1604,1161.43,INR
IN002434,TECHM,Tech Mahindra,NSE,TECHNOLOGY,08-03-2023,1249.23,1282.94,1185.11,1249.23,1172.73,1084608,661623.79,25.95,11.73,3.087,0.568,1669.12,830.48,3.5,MIDCAP_PORTFOLIO,BUY,1761,997.41,INR
IN002452,TECHM,Tech Mahindra,NSE,TECHNOLOGY,08-03-2023,1315.57,1347.43,1264.17,1274.06,1293.35,125759,1210297.45,16.62,13.13,3.611,1.18,1757.52,1181.95,5.1,MIDCAP_PORTFOLIO,BUY,464,1272.17,INR
IN000843,ULTRACEMCO,UltraTech Cement,BSE,INFRASTRUCTURE,08-03-2023,9637.62,10508.84,9623.67,9637.62,10549.99,120719,2136861.26,10.87,13.06,0.247,1.632,11620.99,6043.39,0,SECTORAL_PORTFOLIO,HOLD,383,10476.76,INR
IN000893,ULTRACEMCO,UltraTech Cement,BSE,INFRASTRUCTURE,08-03-2023,9824.91,9980.51,9627.27,9851.96,10177.57,1881837,3197821.9,79.06,8.45,0.484,1.758,10016.77,6579.61,5.1,NIFTY50_PORTFOLIO,BUY,1734,7133.95,INR
IN000898,ULTRACEMCO,UltraTech Cement,BSE,INFRASTRUCTURE,08-03-2023,9492.97,9590.88,8943.5,9078.81,9213.62,4199797,9312360.52,21.27,14.08,1.24,0.931,13033.61,6195.31,1.2,SECTORAL_PORTFOLIO,BUY,939,9182.48,INR
IN000890,ADANIENT,Adani Enterprises,NSE,CONGLOMERATE,10-03-2023,2667.8,2709.84,2594.25,2649.53,2739.47,4178239,1843757.17,55.54,2.69,0.239,1.816,3757.47,1872.21,3.5,MIDCAP_PORTFOLIO,BUY,1108,3435.53,INR
IN004405,HCLTECH,HCL Technologies,NSE,TECHNOLOGY,10-03-2023,1469.37,1485.6,1383.59,1402.35,1424.12,301684,133892.19,66.53,8.18,0.328,0.918,1703.7,1065.19,0,NIFTY50_PORTFOLIO,BUY,818,1145.44,INR
IN004415,HCLTECH,HCL Technologies,NSE,TECHNOLOGY,10-03-2023,1526.46,1568.65,1498.91,1556.99,1575.24,3843571,315628.43,24.28,6.98,3.89,1.971,1893.87,1338.76,0.5,MIDCAP_PORTFOLIO,BUY,376,1699.8,INR
IN004455,HCLTECH,HCL Technologies,NSE,TECHNOLOGY,10-03-2023,1533.93,1623.97,1499.28,1580.93,1556.26,4987795,847567.58,41.4,8.04,3.079,1.43,1806.81,1067.99,1.2,NIFTY50_PORTFOLIO,BUY,1261,1584.08,INR
IN000502,INFY,Infosys,NSE,TECHNOLOGY,10-03-2023,1561.94,1647,1556.86,1600,1570.28,2693505,271899.37,31.21,5.74,3.82,0.871,1608.58,1053.16,1.2,NIFTY50_PORTFOLIO,SELL,74,1236.72,INR
IN000509,INFY,Infosys,NSE,TECHNOLOGY,10-03-2023,1544.17,1630.17,1543.4,1619.09,1682.76,3054032,547105.23,73.62,11.72,2.724,0.582,2075.5,1334.07,5.1,MIDCAP_PORTFOLIO,BUY,1112,1512.49,INR
IN000323,WIPRO,Wipro,BSE,TECHNOLOGY,10-03-2023,480.72,493.58,466.37,488.92,497.11,1025599,135498.22,62.79,13.89,0.461,1.002,595.35,314.49,0.5,MIDCAP_PORTFOLIO,HOLD,278,398.18,INR
IN004215,KOTAKBANK,Kotak Mahindra Bank,NSE,FINANCE,11-03-2023,1789.89,1847.84,1747.71,1840.25,1890.07,4754944,120763.55,14.33,12.61,2.937,1.2315,2274.65,1327.32,0.5,SECTORAL_PORTFOLIO,BUY,415,2025.35,INR
IN000946,LT,Larsen & Toubro,NSE,INFRASTRUCTURE,11-03-2023,3044.36,3124.64,3016.87,3101.61,3127.87,573058,1417412.52,58.9,4.96,1.9605,1.419,4257.5,2090.36,2.3,NIFTY50_PORTFOLIO,BUY,1824,3068.11,INR
IN001006,LT,Larsen & Toubro,NSE,INFRASTRUCTURE,11-03-2023,3191.73,3328.7,3162.51,3324.08,3196.26,2551447,2753307.69,33.4,10.71,3.362,1.154,3760.03,2165.41,1.2,MIDCAP_PORTFOLIO,SELL,1714,3671.44,INR
IN001020,LT,Larsen & Toubro,NSE,INFRASTRUCTURE,11-03-2023,3325.96,3386.38,3267.4,3326.63,3342.39,3019193,1043060.98,78.22,13.46,0.628,1.698,4268.02,2868.37,5.1,SECTORAL_PORTFOLIO,BUY,782,3561.85,INR
IN001032,LT,Larsen & Toubro,NSE,INFRASTRUCTURE,11-03-2023,3306.63,3389.72,3216.13,3306.63,3346.8,4594132,1891512.36,41.64,7.99,3.17,1.154,3745.2,2785.62,3.5,NIFTY50_PORTFOLIO,HOLD,1540,3487.27,INR
IN001052,LT,Larsen & Toubro,NSE,INFRASTRUCTURE,11-03-2023,3076.52,3314.73,2988.14,3287.36,3392.09,1386663,1450989.33,48.59,1.11,3.762,0.945,4243.48,1972.83,0,MIDCAP_PORTFOLIO,SELL,641,3963.22,INR
IN001055,LT,Larsen & Toubro,NSE,INFRASTRUCTURE,11-03-2023,3184.67,3317.1,3142.02,3306.06,3182.67,3264751,1616603.54,30.34,3.09,2.624,1.154,3381.46,2414.41,0,MIDCAP_PORTFOLIO,BUY,924,2892.84,INR
IN001076,LT,Larsen & Toubro,NSE,INFRASTRUCTURE,11-03-2023,3238.39,3388.69,3156.95,3385.88,3494.15,2148113,706356.93,68.4,14.3,0.993,0.903,3472.39,2626.46,0.5,SECTORAL_PORTFOLIO,HOLD,1605,3598.48,INR
IN000948,MARUTI,Maruti Suzuki,BSE,AUTOMOBILE,11-03-2023,10054.36,10489.35,9955.57,10252.63,10030.22,3409193,5168125.28,66.41,2.74,0.309,1.828,10605.47,7692.15,0,MIDCAP_PORTFOLIO,BUY,1712,12499.09,INR
IN000966,MARUTI,Maruti Suzuki,BSE,AUTOMOBILE,11-03-2023,10476.79,10765.44,9699.49,9787.85,10051.15,2202689,3633510.35,79.54,10.38,1.866,1.146,12669.01,6302.57,2.3,MIDCAP_PORTFOLIO,HOLD,436,8987.41,INR
IN000973,MARUTI,Maruti Suzuki,BSE,AUTOMOBILE,11-03-2023,9976.46,9988.38,9104.89,9290.08,9259.66,2147891,9667462.1,11.47,6.39,0.421,0.815,11174.25,8342.71,0,NIFTY50_PORTFOLIO,HOLD,1807,9009.21,INR
IN002890,MARUTI,Maruti Suzuki,BSE,AUTOMOBILE,11-03-2023,10083.43,10871.28,10009.52,10729.95,10585.4,715073,9886373.28,51.35,5.42,3.306,1.44,12426.71,6356,5.1,MIDCAP_PORTFOLIO,SELL,1967,9087.07,INR
IN002902,MARUTI,Maruti Suzuki,BSE,AUTOMOBILE,11-03-2023,9623.57,9848.26,8870.42,8982.41,9167.04,1132569,1174716.5,23.01,12.67,0.444,0.876,11064.58,8890.61,0,MIDCAP_PORTFOLIO,HOLD,203,12295.37,INR
IN002941,MARUTI,Maruti Suzuki,BSE,AUTOMOBILE,11-03-2023,9527.47,9807.02,8996.57,9527.47,8907.06,1799953,5168125.28,32.42,7.84,2.134,0.479,12726.32,7699.92,1.2,MIDCAP_PORTFOLIO,SELL,555,8667.25,INR
IN003342,RELIANCE,Reliance Industries,NSE,ENERGY,11-03-2023,2142.95,2176.86,1999.49,2029.47,2064.04,2694419,244163,16.78,13.88,3.646,1.726,2876.81,1648.7,0.5,NIFTY50_PORTFOLIO,HOLD,1609,2322.27,INR
IN004602,SBIN,State Bank of India,NSE,FINANCE,11-03-2023,600.39,603.3,559.73,567.51,580.27,4720055,270575.47,31.79,8.49,3.961,1.1655,720.96,391.31,0,SECTORAL_PORTFOLIO,BUY,1558,619.07,INR
IN004607,SBIN,State Bank of India,NSE,FINANCE,11-03-2023,598.87,616.37,589.05,590.2,607.73,4163503,289399.815,68.73,9.8,0.385,1.744,770.57,390.43,0,SECTORAL_PORTFOLIO,SELL,416,695.84,INR
IN004177,AXISBANK,Axis Bank,BSE,FINANCE,01-04-2023,1137.55,1157.86,1097.99,1137.55,1114.76,2151762,86129.53,19.62,5.14,2.796,0.688,1364.63,883.42,0.5,MIDCAP_PORTFOLIO,BUY,1088,1310.53,INR
IN004831,KOTAKBANK,Kotak Mahindra Bank,NSE,FINANCE,01-04-2023,1758.43,1803.78,1692.72,1725.37,1779.04,736733,1389381.64,71.34,12.83,3.929,1.29,2468.61,1583.72,2.3,SECTORAL_PORTFOLIO,HOLD,161,1576.24,INR
IN004849,KOTAKBANK,Kotak Mahindra Bank,NSE,FINANCE,01-04-2023,1849.28,1890.62,1787.9,1815.93,1744.08,1745282,556030.26,46.35,8.51,1.831,1.803,1924.28,1195.17,1.2,NIFTY50_PORTFOLIO,SELL,640,1782.76,INR
IN004878,KOTAKBANK,Kotak Mahindra Bank,NSE,FINANCE,01-04-2023,1870.73,1879.14,1778.4,1870.73,1868.38,3137766,401887.06,76.65,7.06,3.12,0.858,2074.31,1558.89,0,SECTORAL_PORTFOLIO,BUY,75,2025.04,INR
IN004887,KOTAKBANK,Kotak Mahindra Bank,NSE,FINANCE,01-04-2023,1810.98,1951.13,1799.58,1902.89,1964.41,389310,817103.86,72.99,10.7,1.296,0.912,1906.23,1559.66,2.3,NIFTY50_PORTFOLIO,BUY,1955,1694.29,INR
IN004896,KOTAKBANK,Kotak Mahindra Bank,NSE,FINANCE,01-04-2023,1847.34,1972.39,1840.49,1931.19,1929.98,4997705,174952.37,52.86,3.47,0.481,1.074,2183.31,1238.32,3.5,MIDCAP_PORTFOLIO,BUY,1581,1442.4,INR
IN004948,KOTAKBANK,Kotak Mahindra Bank,NSE,FINANCE,01-04-2023,1729.01,1739.17,1596.8,1628.05,1647.44,698802,860718.18,17.22,14.37,3.34,0.66,2078.01,1158.31,3.5,MIDCAP_PORTFOLIO,HOLD,1722,2095.21,INR
IN003860,NESTLEIND,Nestle India,BSE,FMCG,01-04-2023,21643.2,22555.49,21290.38,22171.13,22968.18,2055632,15573391.04,79.94,5.39,2.102,0.408,27822.57,17351.03,3.5,NIFTY50_PORTFOLIO,BUY,1335,20243.61,INR
IN000469,AXISBANK,Axis Bank,BSE,FINANCE,04-04-2023,1065.81,1085.49,1009.38,1016.62,1017.87,1712132,194259.89,25.03,12.6,2.541,0.794,1388.76,880.29,2.3,SECTORAL_PORTFOLIO,BUY,524,1054.09,INR
IN000492,AXISBANK,Axis Bank,BSE,FINANCE,04-04-2023,1049.56,1121.67,1035.54,1110.32,1111.36,353046,1095498.57,25.82,11.84,0.385,1.259,1385.04,998.89,3.5,NIFTY50_PORTFOLIO,HOLD,284,1288.5,INR
IN000611,AXISBANK,Axis Bank,BSE,FINANCE,04-04-2023,1143.75,1189.64,1114.97,1185.29,1166.48,3666878,536935.4,76.79,6.37,1.933,1.862,1452.42,797.64,5.1,MIDCAP_PORTFOLIO,BUY,1249,913.99,INR
IN003037,AXISBANK,Axis Bank,BSE,FINANCE,04-04-2023,1125.21,1147.64,1082.81,1100.53,1099.99,2593239,287908.23,66.29,8.59,1.45,0.515,1342.3,891.1,0,MIDCAP_PORTFOLIO,BUY,100,888.03,INR
IN003038,AXISBANK,Axis Bank,BSE,FINANCE,04-04-2023,1100.03,1152.47,1095.56,1125.96,1092.47,2593239,725546.75,23.53,9.81,1.816,0.551,1531.81,842.48,1.2,SECTORAL_PORTFOLIO,BUY,203,1199.02,INR
IN002781,BAJFINANCE,Bajaj Finance,NSE,NBFC,04-04-2023,6660.06,6704.18,6264.14,6315.75,6433.81,2132832,2666488.11,44.36,10.01,2.835,0.75,7589.5,5693.77,0.5,MIDCAP_PORTFOLIO,BUY,1402,8437.9,INR
IN001089,LT,Larsen & Toubro,NSE,INFRASTRUCTURE,04-04-2023,3095.07,3175.01,3069.56,3168.08,3056.49,957495,1921626.9,79.1,8.87,2.145,1.738,3854.57,2698.35,1.2,NIFTY50_PORTFOLIO,BUY,290,3596.39,INR
IN001099,LT,Larsen & Toubro,NSE,INFRASTRUCTURE,04-04-2023,3104.25,3150.65,2908.12,2964.96,3079.33,2675487,1617183.44,75.27,5.17,2.703,1.154,3639.56,2325.92,3.5,MIDCAP_PORTFOLIO,SELL,657,3544.85,INR
IN001187,LT,Larsen & Toubro,NSE,INFRASTRUCTURE,04-04-2023,3184.38,3185.38,2986.26,3003.49,3019.96,4600774,1020620.22,53.13,11.51,1.9605,0.765,4062.85,2388.13,3.5,NIFTY50_PORTFOLIO,HOLD,921,3989.05,INR
IN003594,MARUTI,Maruti Suzuki,BSE,AUTOMOBILE,04-04-2023,9598.69,10126.85,9384.16,9975.22,10186.71,3916795,1121570.03,41.06,9.15,1.866,1.732,10600.79,7166.99,0.5,SECTORAL_PORTFOLIO,BUY,467,11704.22,INR
IN004682,NTPC,NTPC Limited,NSE,UTILITIES,04-04-2023,365.57,387.22,359.93,378.42,375.66,4738845,100021.02,65.84,5.02,0.471,1.954,480.67,328.37,1.2,SECTORAL_PORTFOLIO,BUY,792,397.67,INR
IN004709,NTPC,NTPC Limited,NSE,UTILITIES,04-04-2023,353.82,356.75,334.47,341.14,338.4,2394789.5,291480.65,51.23,5.66,1.966,0.648,376.24,251.72,2.3,NIFTY50_PORTFOLIO,HOLD,690,285.76,INR
IN004732,NTPC,NTPC Limited,NSE,UTILITIES,04-04-2023,367.44,375.27,337.28,345.06,336.7,638256,147470.76,23.23,7.56,3.113,1.382,421.04,296.58,3.5,NIFTY50_PORTFOLIO,BUY,1735,387.14,INR
IN000081,SUNPHARMA,Sun Pharmaceutical,BSE,PHARMACEUTICALS,04-04-2023,1217.73,1287.34,1211.18,1286.49,1295.42,3061195,1009261.96,70.78,5.64,0.662,0.588,1310.58,733.7,2.3,MIDCAP_PORTFOLIO,BUY,61,1444.82,INR
IN000089,SUNPHARMA,Sun Pharmaceutical,BSE,PHARMACEUTICALS,04-04-2023,1241.75,1325.68,1238.16,1300.23,1328.28,2962337,669880.91,24.6,4.1,2.076,1.225,1413.13,969.12,2.3,SECTORAL_PORTFOLIO,BUY,563,1234.9,INR
IN001474,TITAN,Titan Company,BSE,CONSUMER GOODS,04-04-2023,3309.24,3349.4,3142.96,3228.49,3236.86,750460,2418188.07,46.01,10.16,3.646,0.915,3639.44,2572.66,0.5,SECTORAL_PORTFOLIO,SELL,520,4233.16,INR
IN001495,TITAN,Titan Company,BSE,CONSUMER GOODS,04-04-2023,3391.16,3449.44,3207.41,3248.58,3239.73,4205644,1835830.275,73.56,7.88,2.115,1.243,4272.15,2654.83,2.3,SECTORAL_PORTFOLIO,BUY,1366,3790.16,INR
IN004095,MARUTI,Maruti Suzuki,BSE,AUTOMOBILE,05-04-2023,10130.42,10275.44,9672.2,9863.34,9722.71,1612537,2164751.09,40,12.7,3.97,1.449,10706.4,8862.56,5.1,NIFTY50_PORTFOLIO,SELL,440,9188.46,INR
IN003820,NESTLEIND,Nestle India,BSE,FMCG,05-04-2023,21067.87,21951.97,20612.3,21562.42,21403.43,2278289,3101441.82,9.7,8.27,1.9485,0.64,29020.61,16119.34,1.2,NIFTY50_PORTFOLIO,BUY,996,18019.88,INR
IN003828,NESTLEIND,Nestle India,BSE,FMCG,05-04-2023,21899.27,22414.75,20751.27,21030.9,20506.37,4845129,14531701.53,73.04,8.02,1.9485,1.322,27382.77,16732.9,0,NIFTY50_PORTFOLIO,BUY,1421,24295.54,INR
IN003838,NESTLEIND,Nestle India,BSE,FMCG,05-04-2023,22952.1,23094.48,20861.59,21423,22136.41,3227562,21939589.87,39.8,11.54,1.114,1.419,29302.36,13965.01,5.1,NIFTY50_PORTFOLIO,BUY,1467,24993.78,INR
IN000295,NTPC,NTPC Limited,NSE,UTILITIES,07-04-2023,363.46,368.9,354.74,366.21,367.08,3807667,328122.3,40.435,11.17,3.288,1.051,447.18,331.86,0.5,MIDCAP_PORTFOLIO,HOLD,1488,360.95,INR
IN000324,TECHM,Tech Mahindra,NSE,TECHNOLOGY,08-04-2023,1236.13,1356.4,1200.58,1317.23,1362.31,3879033,602749.9,11.43,4.23,1.921,1.357,1688.71,1139.46,0,SECTORAL_PORTFOLIO,HOLD,65,1469.61,INR
IN003628,ULTRACEMCO,UltraTech Cement,BSE,INFRASTRUCTURE,08-04-2023,9913.4,10655.42,9785.22,10384.02,10608.42,3964136,6476901.25,54.59,14.78,1.911,1.769,11541.1,8464.88,0.5,SECTORAL_PORTFOLIO,HOLD,441,9482.39,INR
IN000818,HDFCBANK,HDFC Bank,NSE,FINANCE,09-04-2023,1542.58,1567.58,1421.25,1456.47,1479.7,406348,1508400.81,31.97,3.22,2.859,0.547,1794.66,1456.47,5.1,NIFTY50_PORTFOLIO,BUY,847,1843.46,INR
IN001162,KOTAKBANK,Kotak Mahindra Bank,NSE,FINANCE,09-04-2023,1712.22,1752.04,1640.69,1651.17,1611.04,2305374,1003289.995,20.37,12.48,1.499,1.395,1900.68,1087.45,3.5,SECTORAL_PORTFOLIO,BUY,951,1642.2,INR
IN003975,TITAN,Titan Company,BSE,CONSUMER GOODS,09-04-2023,3563.69,3758.73,3552.08,3736.64,3723.98,1374880,2781833.66,49.93,9.05,1.527,1.629,4635.62,2499.2,3.5,NIFTY50_PORTFOLIO,BUY,1530,3586.77,INR
IN003999,TITAN,Titan Company,BSE,CONSUMER GOODS,09-04-2023,3329.74,3603.85,3235.48,3503.22,3428.35,1310971,2245421.63,17.41,12.21,2.122,1.34,4115.08,2764.15,5.1,MIDCAP_PORTFOLIO,BUY,560,2605.22,INR
IN002191,ULTRACEMCO,UltraTech Cement,BSE,INFRASTRUCTURE,09-04-2023,9149.84,9259.35,8774.46,9021.69,8907.7,3354054,7519668.73,15.89,7.99,1.133,0.754,10868.01,6369.16,0.5,SECTORAL_PORTFOLIO,BUY,1154,10110.99,INR
IN002197,ULTRACEMCO,UltraTech Cement,BSE,INFRASTRUCTURE,09-04-2023,9547.83,9775.36,9400,9547.83,9165.29,2058463,4498110.82,55.65,4.35,1.096,1.301,10519.36,8142.8,0,NIFTY50_PORTFOLIO,BUY,1113,10018.92,INR
IN001013,BAJFINANCE,Bajaj Finance,NSE,NBFC,12-04-2023,6929.42,7396.19,6815.68,7210.64,7031.45,4929577,478016.91,40.76,7.94,1.376,1.233,7409.67,5994.12,1.2,NIFTY50_PORTFOLIO,SELL,494,6547.26,INR
IN001033,BAJFINANCE,Bajaj Finance,NSE,NBFC,12-04-2023,6862.11,7043.91,6451.87,6503.27,6287.78,2463657,506882.63,75.57,3.22,1.856,0.633,8329.27,4310.91,2.3,NIFTY50_PORTFOLIO,BUY,490,5542.8,INR
IN001068,BAJFINANCE,Bajaj Finance,NSE,TECHNOLOGY,12-04-2023,6833.73,6976.98,6396.81,6428.66,6255.86,3749940,6808056.76,15.84,8.97,0.279,1.664,7852.78,5960.36,0,NIFTY50_PORTFOLIO,SELL,1227,8728.22,INR
IN001096,BAJFINANCE,Bajaj Finance,NSE,NBFC,12-04-2023,6873.39,6898.59,6524.42,6641.14,6672.72,3567287,1871335.27,50.24,10.88,3.347,1.537,9652.44,4698.82,1.2,MIDCAP_PORTFOLIO,BUY,1382,7741.69,INR
IN001098,BAJFINANCE,Bajaj Finance,NSE,NBFC,12-04-2023,7001.74,7092.9,6500.36,6574.44,6393.57,4943877,4596982.71,31.35,6.84,1.856,0.402,9055.99,5096.14,3.5,NIFTY50_PORTFOLIO,HOLD,1336,7221.67,INR
IN003770,ICICIBANK,ICICI Bank,NSE,FINANCE,12-04-2023,918.41,941.16,895.54,905.72,922.92,2816199,671644.97,55.1,4.83,0.202,0.736,1326.37,724.65,3.5,SECTORAL_PORTFOLIO,BUY,714,811.24,INR
IN003786,ICICIBANK,ICICI Bank,NSE,FINANCE,12-04-2023,935.63,982.92,929.15,979.87,1012.15,2354782,163774.92,15.27,3.4,3.507,1.145,1323.59,685.54,0,SECTORAL_PORTFOLIO,SELL,1731,859.71,INR
IN000666,INFY,Infosys,NSE,TECHNOLOGY,12-04-2023,1508.45,1531.88,1414.98,1450.22,1400.09,4424911,628926.54,37.67,1.2,2.871,1.696,1712.93,938.18,5.1,NIFTY50_PORTFOLIO,HOLD,1200,1576.37,INR
IN004884,NTPC,NTPC Limited,NSE,UTILITIES,12-04-2023,340.89,349.12,328,330.12,327.82,3277887,216170.82,40.435,9.59,0.65,1.865,382.23,313.65,2.3,MIDCAP_PORTFOLIO,HOLD,675,341.63,INR
IN004891,NTPC,NTPC Limited,NSE,UTILITIES,12-04-2023,346.82,351.87,328.31,346.82,320.23,2671993,89348.44,11.42,9.45,3.419,0.982,477.19,245.88,2.3,MIDCAP_PORTFOLIO,HOLD,134,389.66,INR
IN004909,NTPC,NTPC Limited,NSE,UTILITIES,12-04-2023,344.09,360.02,340.8,355.11,345.18,4534945,293319.86,40.435,13.05,3.663,1.48,451.54,301.68,5.1,MIDCAP_PORTFOLIO,BUY,1350,375.31,INR
IN004931,NTPC,NTPC Limited,NSE,UTILITIES,12-04-2023,354.05,354.72,343.93,346.78,348.98,864785,251894.61,32.55,4.09,2.035,1.0765,459.71,282.07,0,NIFTY50_PORTFOLIO,HOLD,1107,345.18,INR
IN001781,ONGC,Oil & Natural Gas Corp,NSE,ENERGY,12-04-2023,292.28,295.05,290.98,291.43,283.66,338169,168155.26,16.45,7.9,0.674,1.513,341.68,201.42,0,MIDCAP_PORTFOLIO,BUY,536,348.72,INR
IN001846,ONGC,Oil & Natural Gas Corp,NSE,ENERGY,12-04-2023,273.21,285.39,271.48,280.84,275.89,4373399,73560.61,27.5,4.25,1.738,1.517,376,241.7,3.5,NIFTY50_PORTFOLIO,BUY,115,313.87,INR
IN002901,ASIANPAINT,Asian Paints,BSE,CONSUMER GOODS,01-05-2023,2920.31,3050.89,2881.83,2975.13,3020.47,2833279,2136144.24,48.63,14.1,2.712,1.546,3655.01,2524.08,0,MIDCAP_PORTFOLIO,BUY,910,3562.79,INR
IN001763,BAJFINANCE,Bajaj Finance,NSE,NBFC,01-05-2023,7079.21,7258.13,6868.2,6884.69,6679.93,961118,3486893.67,19.66,8.98,2.623,1.933,9572.3,6385.68,2.3,SECTORAL_PORTFOLIO,SELL,28,6785.17,INR
IN001800,BAJFINANCE,Bajaj Finance,NSE,NBFC,01-05-2023,6708.99,6819.08,6492.49,6537.17,6580.57,875961,1637234.48,49.19,2.92,1.179,1.689,7734.78,5662.17,0.5,SECTORAL_PORTFOLIO,BUY,364,8552.2,INR
IN003936,HDFCBANK,HDFC Bank,NSE,FINANCE,01-05-2023,1595.47,1600.84,1557.11,1584.79,1583.86,2695965,616633.67,12.57,8.25,0.587,0.442,1852.11,1357.86,0.5,SECTORAL_PORTFOLIO,SELL,1561,1836.59,INR
IN004765,LT,Larsen & Toubro,NSE,INFRASTRUCTURE,01-05-2023,3067,3070.3,2821.33,2901.09,2953.01,2675487,1250268.06,38.61,12.48,2.879,1.304,4327.29,2228.45,0.5,NIFTY50_PORTFOLIO,HOLD,203,3826.81,INR
IN004846,LT,Larsen & Toubro,NSE,INFRASTRUCTURE,01-05-2023,3265.88,3343.1,3186.14,3295.6,3184.8,755188,1246927.28,18.44,2.47,1.153,1.918,3690.13,2599.02,1.2,MIDCAP_PORTFOLIO,BUY,1848,3157.83,INR
IN004902,SBIN,State Bank of India,NSE,FINANCE,01-05-2023,581.85,620.12,564.62,606.47,596.62,1959235,211324.6,68.8,1.16,3.079,1.372,744.8,497.74,0,MIDCAP_PORTFOLIO,BUY,1487,525.35,INR
IN004928,SBIN,State Bank of India,NSE,FINANCE,01-05-2023,617.44,625.51,595.69,596.97,610.58,4133989,43165.73,55.32,12.51,1.8405,1.852,719.62,411.59,3.5,MIDCAP_PORTFOLIO,BUY,1606,623,INR
IN004180,WIPRO,Wipro,BSE,TECHNOLOGY,01-05-2023,489.14,492.34,447.6,455.98,453.01,2414007,255127.93,62.99,9.2,2.686,0.873,532.74,455.98,0.5,NIFTY50_PORTFOLIO,SELL,750,569.84,INR
IN004189,WIPRO,Wipro,BSE,TECHNOLOGY,01-05-2023,511.95,519.42,491.3,503.48,519.07,2414007,328878.94,15.67,11.46,1.87,1.062,649.62,446.02,0.5,MIDCAP_PORTFOLIO,BUY,1170,617.27,INR
IN004300,WIPRO,Wipro,BSE,TECHNOLOGY,01-05-2023,509.07,517.96,488.59,489.46,494.39,2038108,141704.07,8.47,9.97,3.241,1.784,699.14,463.36,1.2,NIFTY50_PORTFOLIO,HOLD,1188,589.74,INR
IN004317,WIPRO,Wipro,BSE,TECHNOLOGY,01-05-2023,522.96,557.51,519.79,551.97,556.05,1837128,38097.12,53.51,1.97,1.241,1.046,676.43,379.36,2.3,MIDCAP_PORTFOLIO,HOLD,1562,601.9,INR
IN004323,WIPRO,Wipro,BSE,TECHNOLOGY,01-05-2023,496.38,509.88,471.74,478.02,475.64,4664179,244830.75,62.14,2.63,3.282,1.23,642.42,301.05,1.2,NIFTY50_PORTFOLIO,SELL,169,527.91,INR
IN002665,AXISBANK,Axis Bank,BSE,FINANCE,04-05-2023,1083.69,1147.42,1058.43,1083.69,1123.64,3416399,870087.86,69.34,3.58,1.782,1.76,1463.42,1040.34,2.3,MIDCAP_PORTFOLIO,BUY,512,876.38,INR
IN002707,AXISBANK,Axis Bank,BSE,FINANCE,04-05-2023,1147.59,1159.29,1084.55,1114.48,1133,711932,164691.44,41.47,6.26,0.999,1.277,1295.55,826.5,2.3,SECTORAL_PORTFOLIO,BUY,489,1312.5,INR
IN002768,AXISBANK,Axis Bank,BSE,FINANCE,04-05-2023,1061.26,1137.64,1050.82,1124.06,1087.99,4952593,255293.37,32.97,10.44,1.352,1.504,1297.5,956.74,5.1,SECTORAL_PORTFOLIO,BUY,1585,933.66,INR
IN002800,AXISBANK,Axis Bank,BSE,FINANCE,04-05-2023,1115.74,1122.26,1056.48,1059.6,1077.46,4956681,911204.39,41.47,8.73,1.902,0.501,1521,725.09,1.2,MIDCAP_PORTFOLIO,BUY,1420,1036.22,INR
IN000316,HDFCBANK,HDFC Bank,NSE,FINANCE,04-05-2023,1528.84,1639.36,1504.08,1591.73,1600.84,2982303,849676.46,16.85,9.34,2.899,1.415,2053.65,1142.05,1.2,SECTORAL_PORTFOLIO,BUY,1566,1500.82,INR
IN000330,HDFCBANK,HDFC Bank,NSE,FINANCE,04-05-2023,1652.26,1695.13,1570.07,1577.46,1595.12,2932597,1027791.4,55.71,12.21,0.553,1.671,1846.32,1023.77,0,NIFTY50_PORTFOLIO,SELL,97,1859.34,INR
IN000355,HDFCBANK,HDFC Bank,NSE,FINANCE,04-05-2023,1583.31,1611.06,1552.56,1583.31,1549.2,4247597,554437.64,55.27,8.83,2.594,1.181,1805.33,1161.69,0.5,SECTORAL_PORTFOLIO,BUY,560,1292.51,INR
IN000362,HDFCBANK,HDFC Bank,NSE,FINANCE,04-05-2023,1678.68,1691.42,1605.69,1635.1,1623.45,3529645,1378502.51,13.48,12.99,3.224,0.479,2190.28,1328.51,1.2,NIFTY50_PORTFOLIO,SELL,1155,1585.81,INR
IN000369,HDFCBANK,HDFC Bank,NSE,FINANCE,04-05-2023,1670.47,1822.39,1634.28,1787.24,1836.52,418578,885732.9,71.65,6.08,1.572,1.91,2028.05,1471.67,2.3,SECTORAL_PORTFOLIO,HOLD,925,1296,INR
IN003067,ICICIBANK,ICICI Bank,NSE,FINANCE,04-05-2023,945.51,994.32,919.71,967.27,978.57,332380,465804.57,16.69,2.73,3.723,0.79,1178.86,587.22,0,NIFTY50_PORTFOLIO,BUY,1056,746.68,INR
IN003068,ICICIBANK,ICICI Bank,NSE,FINANCE,04-05-2023,981.88,989.88,928.55,946.94,945.48,2361223,943406.77,45.49,1.24,1.726,1.466,1076.91,845.78,3.5,NIFTY50_PORTFOLIO,BUY,936,1036.81,INR
IN001591,ONGC,Oil & Natural Gas Corp,NSE,ENERGY,04-05-2023,289.64,316.22,283.51,307.24,297.13,2613808,189005.7,12.06,7.9,1.295,0.46,369.91,212.6,0.5,MIDCAP_PORTFOLIO,BUY,1776,340.03,INR
IN003362,RELIANCE,Reliance Industries,NSE,ENERGY,04-05-2023,2234.32,2237.13,2112.68,2234.32,2113.42,434986,1188531.14,78.56,6.15,0.929,1.144,2554.58,1852.41,2.3,NIFTY50_PORTFOLIO,BUY,372,2447.54,INR
IN002348,HCLTECH,HCL Technologies,NSE,TECHNOLOGY,05-05-2023,1570.42,1623.84,1534.98,1603.29,1604.13,3284240,103630.51,21.15,8.44,0.147,0.508,1847.36,1381.78,0,MIDCAP_PORTFOLIO,BUY,1236,1593.94,INR
IN001380,ICICIBANK,ICICI Bank,NSE,FINANCE,05-05-2023,933.71,934.99,856.03,877.3,881.53,4924151,782835.04,44.145,10.76,0.006,1.138,1051.56,857.32,2.3,NIFTY50_PORTFOLIO,BUY,125,1073.45,INR
IN001390,ICICIBANK,ICICI Bank,NSE,FINANCE,05-05-2023,932.26,992.7,927.65,986.39,1008.3,1762412,329920.08,67.44,13.39,2.301,0.532,1148,856.32,1.2,NIFTY50_PORTFOLIO,HOLD,399,1120.64,INR
IN001391,ICICIBANK,ICICI Bank,NSE,FINANCE,05-05-2023,962.93,966.3,892.62,904.21,906.82,352899,583675.43,36.74,9.61,2.329,1.189,1010.62,886.05,0,SECTORAL_PORTFOLIO,BUY,489,1184.19,INR
IN001111,MARUTI,Maruti Suzuki,BSE,TECHNOLOGY,05-05-2023,10103.33,10802.1,10050.45,10103.33,10676.65,2202689,7784506.47,41.06,2.27,3.377,1.949,12241.68,7808.8,0.5,NIFTY50_PORTFOLIO,BUY,1705,10950.15,INR
IN003562,NTPC,NTPC Limited,NSE,UTILITIES,05-05-2023,353.88,380.96,345.35,373.35,358.44,1004493,185760.6,72.05,1.92,2.346,1.078,373.6,240.85,1.2,MIDCAP_PORTFOLIO,HOLD,1364,414.69,INR
IN003582,NTPC,NTPC Limited,NSE,UTILITIES,05-05-2023,362.67,376.88,361.26,370.78,360.06,3675528,25647.37,68.18,3.25,1.451,1.933,451.06,250.01,5.1,SECTORAL_PORTFOLIO,SELL,377,403.06,INR
IN003587,NTPC,NTPC Limited,NSE,UTILITIES,05-05-2023,336.23,351.87,330.05,347.19,348.83,2846920,286170.8,68.51,7.9,2.035,1.0765,444.27,230.27,2.3,SECTORAL_PORTFOLIO,BUY,317,382.82,INR
IN003685,NTPC,NTPC Limited,NSE,UTILITIES,05-05-2023,350.37,350.37,333.07,343.01,356.64,3946500,207440.48,40.435,4.09,2.035,0.716,426.87,226.2,2.3,MIDCAP_PORTFOLIO,HOLD,842,389.29,INR
IN002849,ONGC,Oil & Natural Gas Corp,NSE,ENERGY,05-05-2023,288.31,298.51,287.18,292.16,299.35,3276314,24001.99,18.5,14.52,3.539,1.146,348.84,228.8,3.5,NIFTY50_PORTFOLIO,SELL,209,262.37,INR
IN001634,RELIANCE,Reliance Industries,NSE,ENERGY,05-05-2023,2136.18,2345.42,2123.22,2284.65,2204.41,1419218,1545015.1,70.74,8.26,3.232,1.405,2970.14,2078.51,5.1,MIDCAP_PORTFOLIO,BUY,393,1715.52,INR
IN001646,RELIANCE,Reliance Industries,NSE,ENERGY,05-05-2023,2195.1,2250.05,2132.84,2195.1,2261.36,1958693,1567670.32,48.97,13.58,2.407,0.603,2317.92,1431.65,0,NIFTY50_PORTFOLIO,BUY,127,2302.55,INR
IN001758,RELIANCE,Reliance Industries,NSE,ENERGY,05-05-2023,2095.91,2134.1,1907.19,1949.25,1962.11,672664,1760356.56,64.73,2.05,3.957,1.723,2355.26,1448.46,2.3,MIDCAP_PORTFOLIO,BUY,1494,2605.19,INR
IN001764,RELIANCE,Reliance Industries,NSE,ENERGY,05-05-2023,2267.23,2284.26,2173.05,2215.43,2157.26,2117885,1641133.86,44.76,2.15,1.14,1.693,2989.36,1654.94,2.3,NIFTY50_PORTFOLIO,BUY,1045,2520.5,INR
IN001826,RELIANCE,Reliance Industries,NSE,ENERGY,05-05-2023,2196.1,2389.92,2150.14,2342.32,2395.62,4617404,1775363.4,37.56,6.73,0.262,1.751,2437.45,1658.12,5.1,MIDCAP_PORTFOLIO,BUY,1277,2631.78,INR
IN001840,RELIANCE,Reliance Industries,NSE,ENERGY,05-05-2023,2144.74,2148.98,1987.04,2029.62,1966.68,2535341,1057050.26,61.39,5.37,3.189,1.325,3057.5,1870.09,3.5,NIFTY50_PORTFOLIO,BUY,465,1819.05,INR
IN000001,SBIN,State Bank of India,NSE,FINANCE,05-05-2023,597.71,639.29,586.29,635.1,639.03,4280207,463228.99,43.9,5.88,1.563,0.493,674.49,408.54,5.1,SECTORAL_PORTFOLIO,HOLD,148,461.22,INR
IN000007,SBIN,State Bank of India,NSE,FINANCE,05-05-2023,613.32,659.77,609.63,613.32,659.63,2140140,562267.39,26.26,14.2,0.617,1.354,656.42,419.83,2.3,NIFTY50_PORTFOLIO,BUY,1863,679.95,INR
IN000044,SBIN,State Bank of India,NSE,FINANCE,05-05-2023,571.33,603.65,561.85,594.59,614.19,4528328,44808.59,31.2,7.31,0.717,0.986,781.85,539.93,1.2,SECTORAL_PORTFOLIO,BUY,1037,730.46,INR
IN000198,NTPC,NTPC Limited,NSE,UTILITIES,06-05-2023,365.17,370.2,356.27,357.83,369.24,299811,225980.52,44.66,4.24,0.176,1.809,486.19,314.35,0.5,SECTORAL_PORTFOLIO,HOLD,122,296.69,INR
IN000201,NTPC,NTPC Limited,NSE,UTILITIES,06-05-2023,332.7,340.36,322.32,329.16,332.28,4722389,199276.8,33.74,4.15,1.335,1.518,483.83,223.48,5.1,MIDCAP_PORTFOLIO,BUY,241,292.18,INR
IN000214,NTPC,NTPC Limited,NSE,UTILITIES,06-05-2023,333.1,336.22,325.1,327.42,326.63,2394789.5,195937.13,8.56,13.41,1.653,1.514,412.33,281.05,3.5,MIDCAP_PORTFOLIO,HOLD,1313,371.66,INR
IN000233,NTPC,NTPC Limited,NSE,UTILITIES,06-05-2023,345.77,362.13,344.14,353.96,360.69,1753842,197020.53,9.02,10.88,1.79,1.944,409.48,266.34,5.1,NIFTY50_PORTFOLIO,HOLD,408,341,INR
IN000236,NTPC,NTPC Limited,NSE,UTILITIES,06-05-2023,354.66,356.86,324.33,332.47,339.75,462882,248194.21,41.87,4.18,0.007,0.628,424.13,245.32,1.2,MIDCAP_PORTFOLIO,BUY,1670,333.81,INR
IN001887,NTPC,NTPC Limited,NSE,UTILITIES,06-05-2023,345.9,352.7,335.63,345.9,358.76,2086314,127142.65,37.34,7.9,2.095,1.229,440.01,318.46,3.5,MIDCAP_PORTFOLIO,BUY,798,425.3,INR
IN001907,NTPC,NTPC Limited,NSE,UTILITIES,06-05-2023,342.46,347.28,317.07,319.65,332.16,1682710,207014.48,41.88,10.93,0.24,1.038,463.64,220.84,0,SECTORAL_PORTFOLIO,BUY,1107,372.39,INR
IN001928,NTPC,NTPC Limited,NSE,UTILITIES,06-05-2023,358.52,362.42,334.39,339.61,342.34,4844051,223587.12,40.435,2.15,2.733,1.0765,454.84,241.88,0.5,NIFTY50_PORTFOLIO,HOLD,520,304.72,INR
IN003391,POWERGRID,Power Grid Corporation,BSE,UTILITIES,06-05-2023,238.23,245.29,225.72,226.59,221.55,4143325,46608.53,76.73,5.85,2.619,1.686,343.65,221.55,5.1,SECTORAL_PORTFOLIO,HOLD,1857,229,INR
IN003417,POWERGRID,Power Grid Corporation,BSE,UTILITIES,06-05-2023,256.99,268.68,254.41,267.47,271.69,1947483,50808.29,56.07,5.25,1.9755,0.796,330.06,183.3,0.5,SECTORAL_PORTFOLIO,HOLD,1198,232.93,INR
IN003435,POWERGRID,Power Grid Corporation,BSE,UTILITIES,06-05-2023,243.17,261.04,240.76,254.15,259.89,2824525,33297.21,76.46,14.97,2.207,1.544,282.75,197.97,3.5,NIFTY50_PORTFOLIO,BUY,1399,218.7,INR
IN003444,POWERGRID,Power Grid Corporation,BSE,UTILITIES,06-05-2023,248.27,254.91,235.65,239.66,241.25,3515625,105862.49,63.24,3.99,1.983,1.666,327.47,153.32,3.5,NIFTY50_PORTFOLIO,BUY,1634,223.83,INR
IN003016,SUNPHARMA,Sun Pharmaceutical,BSE,PHARMACEUTICALS,06-05-2023,1188.77,1209.27,1097.36,1122.52,1093.05,4667892,150414.62,43.62,4.81,1.151,1.184,1594.42,895.03,1.2,NIFTY50_PORTFOLIO,BUY,1862,1081.51,INR
IN003036,SUNPHARMA,Sun Pharmaceutical,BSE,PHARMACEUTICALS,06-05-2023,1166.53,1183.08,1158.74,1166.53,1164.2,4553833,950881.66,36.59,12.29,1.995,1.965,1581.15,1121.67,3.5,SECTORAL_PORTFOLIO,SELL,66,1024.35,INR
IN000732,TECHM,Tech Mahindra,NSE,TECHNOLOGY,06-05-2023,1251.97,1295.69,1246.21,1284.67,1259.51,263268,817314.5,64.61,10.87,3.567,1.885,1511.46,936.13,2.3,SECTORAL_PORTFOLIO,BUY,632,1381.17,INR
IN000744,TECHM,Tech Mahindra,NSE,TECHNOLOGY,06-05-2023,1265.55,1297.85,1198.22,1226.23,1210.92,2395139,579386.85,65.18,8.15,2.189,1.361,1610.05,848.87,2.3,MIDCAP_PORTFOLIO,HOLD,1148,1107.2,INR
IN000772,TECHM,Tech Mahindra,NSE,TECHNOLOGY,06-05-2023,1260.28,1294.9,1241.38,1293.34,1277.13,1502622,1252925.66,20.75,14.82,0.423,0.794,1500.53,933.11,3.5,SECTORAL_PORTFOLIO,HOLD,1775,1177.3,INR
IN000932,WIPRO,Wipro,BSE,TECHNOLOGY,06-05-2023,520.14,545.69,508.72,541.5,551.47,2414007,159208.75,70.17,4.91,3.408,0.98,560.4,342.5,1.2,MIDCAP_PORTFOLIO,BUY,104,376.33,INR
IN000934,WIPRO,Wipro,BSE,TECHNOLOGY,06-05-2023,481.37,524.53,474.92,510.94,494.2,1071892,457434.52,25.58,9.43,0.11,1.519,564.52,358.72,0.5,NIFTY50_PORTFOLIO,SELL,828,458.41,INR
IN000938,WIPRO,Wipro,BSE,TECHNOLOGY,06-05-2023,498.03,505.65,460.94,475.04,456.52,914106,270672.1,34.43,7.05,0.312,1.584,630.93,434.97,0.5,NIFTY50_PORTFOLIO,BUY,503,512.5,INR
IN002021,ADANIENT,Adani Enterprises,NSE,CONGLOMERATE,07-05-2023,2821.62,2968.03,2752.68,2889.61,2817.62,1045886,2775615.44,37.99,5.85,0.29,1.165,2940.68,1985.42,1.2,MIDCAP_PORTFOLIO,HOLD,1559,3351.83,INR
IN003283,BAJFINANCE,Bajaj Finance,NSE,NBFC,07-05-2023,6764.57,7230.09,6755.15,7184.33,7029.1,2187246,5707877.77,44.36,3.55,3.063,1.604,7845.17,4723.87,0.5,NIFTY50_PORTFOLIO,HOLD,1759,5850.84,INR
IN003368,BAJFINANCE,Bajaj Finance,NSE,NBFC,07-05-2023,7095.78,7142.9,6624.01,7095.78,6863.31,816164,1666867.23,44.36,1.24,3.719,0.914,9097.41,6243.54,1.2,SECTORAL_PORTFOLIO,BUY,1920,5882.01,INR
IN004748,POWERGRID,Power Grid Corporation,BSE,UTILITIES,07-05-2023,257.12,261.52,254.66,255.09,251.63,4958855,143284.73,42.06,12.53,2.497,1.006,314.51,198.71,1.2,MIDCAP_PORTFOLIO,HOLD,1387,220.81,INR
IN001570,ULTRACEMCO,UltraTech Cement,BSE,INFRASTRUCTURE,07-05-2023,9090.22,9335.33,8883.41,9108.55,9359.46,1284294,5413831.63,27.38,14.08,1.739,0.936,12704.53,8413.07,0,NIFTY50_PORTFOLIO,BUY,869,7937.15,INR
IN001572,ULTRACEMCO,UltraTech Cement,BSE,INFRASTRUCTURE,07-05-2023,9928.83,10148.06,9194.77,9282.3,9529.09,4139058,8740429.89,43.495,1.65,1.739,1.379,12252.55,7002.92,1.2,SECTORAL_PORTFOLIO,BUY,892,8377.11,INR
IN000293,NTPC,NTPC Limited,NSE,UTILITIES,09-05-2023,345.64,355.26,322.21,322.52,330.79,640108,288864.43,34.98,6.16,3.839,0.73,440.42,232.92,1.2,MIDCAP_PORTFOLIO,BUY,141,291.98,INR
IN001240,ONGC,Oil & Natural Gas Corp,NSE,ENERGY,09-05-2023,283.14,295.65,276.54,287.16,284.05,2249989,102167.52,32.22,9.18,1.163,1.555,306.91,224.5,5.1,NIFTY50_PORTFOLIO,HOLD,1997,241.22,INR
IN004360,ULTRACEMCO,UltraTech Cement,BSE,INFRASTRUCTURE,09-05-2023,9349.92,10133.61,9307.49,9873.36,10229.44,4062037,1594553.92,14.18,13.75,3.114,1.616,12563.34,7026.11,3.5,SECTORAL_PORTFOLIO,BUY,280,8929.24,INR
IN004386,ULTRACEMCO,UltraTech Cement,BSE,INFRASTRUCTURE,09-05-2023,9070.45,9303.97,8811.69,8931.88,9219.73,307017,718515.81,66.62,14.38,2.935,1.021,11280.2,7159.87,0.5,NIFTY50_PORTFOLIO,BUY,1488,9537.11,INR
IN004434,ULTRACEMCO,UltraTech Cement,BSE,INFRASTRUCTURE,09-05-2023,9874.27,10029.38,9647.91,9874.27,10094.1,3861647,1576519.02,74.59,1.62,1.31,0.904,11435.42,8625.41,2.3,SECTORAL_PORTFOLIO,BUY,425,9113.5,INR
IN002249,HINDUNILVR,Hindustan Unilever,NSE,FMCG,10-05-2023,2376.85,2440.62,2297.49,2306.88,2248.75,3394107,2260813.8,66.27,1.11,0.118,1.213,2943.21,1585.28,0,MIDCAP_PORTFOLIO,BUY,972,2284.42,INR
IN002263,HINDUNILVR,Hindustan Unilever,NSE,FMCG,10-05-2023,2378.15,2443.07,2208.22,2229.02,2240.65,2583727,2212745.49,41.03,11.19,3.929,1.82,2821.48,2229.02,2.3,MIDCAP_PORTFOLIO,BUY,824,2257.97,INR
IN002266,HINDUNILVR,Hindustan Unilever,NSE,FMCG,10-05-2023,2433.1,2554.93,2427.87,2549.1,2521.78,3939785,1239101.73,49.69,6.14,1.583,0.878,3070.7,1934.29,1.2,NIFTY50_PORTFOLIO,HOLD,572,2596.79,INR
IN002268,HINDUNILVR,Hindustan Unilever,NSE,FMCG,10-05-2023,2623.24,2664.68,2504.49,2516.13,2551.37,1853105,2009552.79,23.19,3.39,3.337,1.28,2667.59,2155.96,1.2,NIFTY50_PORTFOLIO,HOLD,1316,2197.72,INR
IN002296,HINDUNILVR,Hindustan Unilever,NSE,FMCG,10-05-2023,2381.77,2386.99,2176.96,2237.03,2158.22,4976917,815513.01,41.35,8.05,0.1,1.759,3390.41,2237.03,0,MIDCAP_PORTFOLIO,SELL,839,2508.98,INR
IN002443,KOTAKBANK,Kotak Mahindra Bank,NSE,FINANCE,10-05-2023,1860.91,2003.11,1845.83,1986.91,1961.44,3467599,1003289.995,47.04,5.33,2.469,0.561,2092.87,1279.66,0.5,MIDCAP_PORTFOLIO,HOLD,793,1715.62,INR
IN001424,MARUTI,Maruti Suzuki,BSE,AUTOMOBILE,10-05-2023,9743.57,10464.06,9664.39,9743.57,10558.07,3321334,2042671.68,77.7,8.27,2.708,1.735,13118.41,6330.87,2.3,SECTORAL_PORTFOLIO,HOLD,1014,11206.7,INR
IN000366,TITAN,Titan Company,BSE,CONSUMER GOODS,10-05-2023,3272.96,3333.08,3088.93,3123.91,3070.05,2194079,3025164.99,42.72,13.42,0.448,0.581,3123.91,2931.98,0.5,NIFTY50_PORTFOLIO,HOLD,1899,2571.57,INR
IN000391,TITAN,Titan Company,BSE,CONSUMER GOODS,10-05-2023,3559.88,3624.6,3265.07,3343.73,3289.21,2907606,2009695.82,55.18,12.88,3.566,0.633,4205.83,2280.22,2.3,MIDCAP_PORTFOLIO,HOLD,1898,4004.06,INR
IN000428,TITAN,Titan Company,BSE,CONSUMER GOODS,10-05-2023,3297.83,3614.02,3230.94,3297.83,3546,1900979,1838625.09,66.65,14.01,0.036,1.032,4266.84,2564.15,0.5,MIDCAP_PORTFOLIO,BUY,1216,3077.66,INR
IN000457,TITAN,Titan Company,BSE,CONSUMER GOODS,10-05-2023,3442.95,3636.88,3343.38,3635.18,3757.23,3329103,717032.08,55.35,2.37,2.073,1.528,3702.32,2449.51,2.3,MIDCAP_PORTFOLIO,BUY,617,3255,INR
IN000493,TITAN,Titan Company,BSE,CONSUMER GOODS,10-05-2023,3446.61,3486.85,3328.06,3405.92,3422.33,1366326,224958.5,38.2,13.72,3.821,0.773,4601.6,2657.3,3.5,MIDCAP_PORTFOLIO,SELL,1290,2953.67,INR
IN000524,TITAN,Titan Company,BSE,CONSUMER GOODS,10-05-2023,3322.8,3332.73,3189.4,3287.76,3177.43,3693130,1576038.81,76.68,8.75,3.09,1.781,4249.59,2595.9,3.5,SECTORAL_PORTFOLIO,BUY,1838,3605.12,INR
IN000551,TITAN,Titan Company,BSE,CONSUMER GOODS,10-05-2023,3549.68,3557.82,3468.66,3492.56,3512.76,4198795,2024325.93,69.45,10.95,3.142,1.732,3575.61,2525.42,2.3,NIFTY50_PORTFOLIO,BUY,58,3947.73,INR
IN000574,TITAN,Titan Company,BSE,CONSUMER GOODS,10-05-2023,3369.69,3463.31,3281.97,3299.51,3313.58,4678222,2127332.19,32.77,1.39,2.122,0.681,4624.49,2427.58,0,SECTORAL_PORTFOLIO,BUY,145,2915.21,INR
IN003085,HINDUNILVR,Hindustan Unilever,NSE,FMCG,12-05-2023,2561.15,2772.58,2510.22,2706.24,2620.21,863549,2341818.96,47.88,12.51,0.494,1.852,3461.84,2105.55,2.3,SECTORAL_PORTFOLIO,BUY,1091,2996.85,INR
IN000768,ULTRACEMCO,UltraTech Cement,BSE,INFRASTRUCTURE,12-05-2023,9562.77,9780.75,9046.26,9248.57,9559.7,762263,5413831.63,34.89,6.74,3.012,1.995,12480.14,7883.66,3.5,NIFTY50_PORTFOLIO,BUY,1245,11827.54,INR
IN000819,ULTRACEMCO,UltraTech Cement,BSE,INFRASTRUCTURE,12-05-2023,9543.3,10189.86,9539.37,10041.08,9900.88,3401728,5392945.43,30.96,5.71,3.932,1.926,10213.92,8347.63,0.5,NIFTY50_PORTFOLIO,HOLD,844,11412.08,INR
IN000841,ULTRACEMCO,UltraTech Cement,BSE,INFRASTRUCTURE,12-05-2023,9657.1,9712.74,9641.55,9680.67,9765.58,2494766,9103663.35,20.07,2.4,1.163,1.309,9982.88,8784.48,0.5,NIFTY50_PORTFOLIO,BUY,1266,11641.23,INR
IN003263,WIPRO,Wipro,BSE,TECHNOLOGY,12-05-2023,522.33,561.24,518.35,547.82,538.63,2414007,499129.45,34.62,5.1,1.504,1.395,581.1,309.53,3.5,NIFTY50_PORTFOLIO,BUY,1664,435.98,INR
IN003290,WIPRO,Wipro,BSE,TECHNOLOGY,12-05-2023,519.57,564.2,510.66,553.4,570.26,2414007,154686.09,64.68,7.05,1.87,1.717,688.75,379.97,1.2,MIDCAP_PORTFOLIO,BUY,1057,585.7,INR
IN003296,WIPRO,Wipro,BSE,TECHNOLOGY,12-05-2023,524.17,536.76,508.77,524.17,497.23,1995365,255030.25,40.85,11.5,0.584,1.721,579.69,391.67,3.5,NIFTY50_PORTFOLIO,BUY,808,408.1,INR
IN003390,WIPRO,Wipro,BSE,TECHNOLOGY,12-05-2023,520.45,526.42,492.57,503.39,512.08,4099645,183148.9,32.68,7.96,0.669,1.238,662.82,341.11,5.1,SECTORAL_PORTFOLIO,BUY,1776,539.77,INR
IN003392,WIPRO,Wipro,BSE,TECHNOLOGY,12-05-2023,513.46,539.06,506.45,527.89,507.18,381827,190495.22,48.9,10.69,2.409,1.731,583.36,454.34,2.3,MIDCAP_PORTFOLIO,BUY,204,622.92,INR
IN003408,WIPRO,Wipro,BSE,TECHNOLOGY,12-05-2023,508.64,512.56,488.27,498.83,512.66,1963956,40920.41,46.13,3.48,3.482,1.456,649.24,340.16,0,MIDCAP_PORTFOLIO,BUY,839,435.9,INR
IN003410,WIPRO,Wipro,BSE,TECHNOLOGY,12-05-2023,508.14,542.1,493.08,538.64,533.78,2256812,60430.93,49.07,7.21,3.056,0.627,594.66,425.65,2.3,MIDCAP_PORTFOLIO,HOLD,613,477.81,INR
IN004380,RELIANCE,Reliance Industries,NSE,ENERGY,01-06-2023,2174.25,2272.88,2136.65,2215.21,2300.12,3305855,500206.19,35.36,14.4,0.585,1.031,2839.05,1899.38,5.1,NIFTY50_PORTFOLIO,BUY,424,2555.48,INR
IN004420,RELIANCE,Reliance Industries,NSE,ENERGY,01-06-2023,2172.03,2217.68,2007.28,2172.03,1974.47,3240844,1553291.91,66.24,6.85,3.446,1.144,2332.43,1445.7,0.5,MIDCAP_PORTFOLIO,BUY,202,2301.29,INR
IN004441,RELIANCE,Reliance Industries,NSE,ENERGY,01-06-2023,2116.38,2172.07,1969.55,1993.49,2046.58,3284375,943484.01,54.38,10.73,1.661,1.116,2351.86,1643.58,2.3,SECTORAL_PORTFOLIO,BUY,675,1957.37,INR
IN004443,RELIANCE,Reliance Industries,NSE,ENERGY,01-06-2023,2240.8,2356.59,2239.65,2352.26,2287.75,4204830,342792.03,48.23,14.7,1.827,1.831,2901.83,1865.02,3.5,NIFTY50_PORTFOLIO,BUY,1472,2499.21,INR
IN003688,TECHM,Tech Mahindra,NSE,TECHNOLOGY,01-06-2023,1333.27,1402.94,1307.58,1388.46,1379,4603666,571599.91,64.37,12.04,3.445,0.782,1454.42,1079.34,2.3,NIFTY50_PORTFOLIO,BUY,1783,1009.36,INR
IN003697,TECHM,Tech Mahindra,NSE,TECHNOLOGY,01-06-2023,1316.75,1327.94,1213.9,1242.27,1260.55,4060859,334898.38,33.84,13.08,2.737,1.236,1516.46,1167.84,2.3,SECTORAL_PORTFOLIO,BUY,192,1539.95,INR
IN003765,TECHM,Tech Mahindra,NSE,TECHNOLOGY,01-06-2023,1244.83,1278.39,1233.68,1276.06,1315.82,4006082,237298.45,44.83,14.27,0.361,1.449,1683.69,973.54,3.5,SECTORAL_PORTFOLIO,HOLD,169,1374.28,INR
IN003794,TECHM,Tech Mahindra,NSE,TECHNOLOGY,01-06-2023,1265.72,1294.44,1245.01,1272.98,1258.21,3972746,823095.09,19.59,9.26,3.762,0.885,1550.35,1027.83,2.3,NIFTY50_PORTFOLIO,BUY,138,1165.71,INR
IN003803,TECHM,Tech Mahindra,NSE,TECHNOLOGY,01-06-2023,1322.87,1389.28,1301.38,1376.87,1338.65,1471195,661623.79,44.16,14.72,2.456,0.938,1673.53,788.82,0.5,MIDCAP_PORTFOLIO,BUY,748,1493.85,INR
IN003806,TECHM,Tech Mahindra,NSE,TECHNOLOGY,01-06-2023,1256.68,1316.99,1220.17,1313.18,1340.3,650357,292859.29,50.42,3.47,3.099,1.724,1436.4,966.84,5.1,MIDCAP_PORTFOLIO,BUY,361,1012.72,INR
IN003831,TECHM,Tech Mahindra,NSE,TECHNOLOGY,01-06-2023,1364.59,1442.4,1334.77,1419.28,1425.77,892557,1184309.96,54.96,13.06,1.69,0.466,1419.28,1030.07,0.5,NIFTY50_PORTFOLIO,HOLD,482,1218.53,INR
IN003839,TECHM,Tech Mahindra,NSE,TECHNOLOGY,01-06-2023,1245.18,1290.81,1236.63,1245.18,1310.58,2395139,66421.69,19.71,2.44,3.573,0.874,1708.65,811.73,2.3,NIFTY50_PORTFOLIO,BUY,782,1516.65,INR
IN003202,AXISBANK,Axis Bank,BSE,FINANCE,02-06-2023,1090.51,1159.23,1086.99,1150.05,1108.31,3779187,860273.29,19.91,11.76,1.933,1.637,1399.08,747.16,2.3,NIFTY50_PORTFOLIO,SELL,1474,1022.65,INR
IN003216,AXISBANK,Axis Bank,BSE,FINANCE,02-06-2023,1060.1,1075.98,1006.33,1060.1,1002.12,563720,1059186.5,41.47,12.5,3.731,0.482,1453.4,740.14,2.3,SECTORAL_PORTFOLIO,BUY,793,1016.53,INR
IN003220,AXISBANK,Axis Bank,BSE,FINANCE,02-06-2023,1125.31,1148.64,1123.67,1140.21,1116.06,4835539,911876.11,12.58,10.47,1.357,0.82,1360.91,868.52,5.1,NIFTY50_PORTFOLIO,BUY,1098,1250.85,INR
IN003260,AXISBANK,Axis Bank,BSE,FINANCE,02-06-2023,1138.72,1198.6,1110.55,1167.95,1133.97,4945640,301434.41,41.47,8.38,0.959,0.919,1198.12,948.2,0.5,SECTORAL_PORTFOLIO,SELL,1879,1210.58,INR
IN003261,AXISBANK,Axis Bank,BSE,FINANCE,02-06-2023,1084.23,1103.14,1043.43,1048.17,1069.53,2234808,276219.91,61.67,11.36,2.466,1.741,1401.54,771.45,3.5,NIFTY50_PORTFOLIO,BUY,1901,1109.88,INR
IN003203,BAJFINANCE,Bajaj Finance,NSE,NBFC,02-06-2023,6859.47,7318.5,6680.15,7191.11,7322.08,2438632,2410068.02,72.29,2.46,1.382,1.529,9559.57,5150.35,2.3,NIFTY50_PORTFOLIO,SELL,1314,6469.85,INR
IN002580,HCLTECH,HCL Technologies,NSE,TECHNOLOGY,02-06-2023,1561.89,1606.38,1515.94,1561.89,1565.56,671560,813410.63,38.73,13.37,1.258,1.165,1888.11,1053.08,0,SECTORAL_PORTFOLIO,HOLD,417,1773.69,INR
IN000287,HDFCBANK,HDFC Bank,NSE,FINANCE,02-06-2023,1559.41,1689.92,1524.9,1655.72,1671.94,2613238,1442786.32,72.06,4.47,2.508,1.74,2068.81,1044.9,1.2,NIFTY50_PORTFOLIO,BUY,1093,1334.26,INR
IN000291,HDFCBANK,HDFC Bank,NSE,FINANCE,02-06-2023,1676.19,1715.65,1629.06,1658.95,1725.16,2613238,981012.11,62.23,13.5,2.677,1.678,1682.37,1215.19,1.2,MIDCAP_PORTFOLIO,BUY,176,1763.78,INR
IN004738,ADANIENT,Adani Enterprises,NSE,CONGLOMERATE,03-06-2023,2700.63,2761.97,2542.87,2589.69,2612.15,2569581,260338.54,25.37,4.33,2.989,1.812,3018.77,1700.59,1.2,SECTORAL_PORTFOLIO,BUY,349,3042.1,INR
IN004757,ADANIENT,Adani Enterprises,NSE,CONGLOMERATE,03-06-2023,2934.93,2939.3,2727.17,2803.7,2913.57,3327445,2737918.24,48.16,5.64,1.73,1.89,3896.61,1922.4,5.1,NIFTY50_PORTFOLIO,HOLD,700,2581.81,INR
IN004797,ADANIENT,Adani Enterprises,NSE,CONGLOMERATE,03-06-2023,2937.5,3116.88,2893.81,3065.81,2985.32,984902,2285474.96,65.27,4.36,3.645,0.917,3674.44,1939.79,2.3,MIDCAP_PORTFOLIO,HOLD,1077,3259.63,INR
IN002070,AXISBANK,Axis Bank,BSE,FINANCE,04-06-2023,1046.05,1078.16,1041.53,1058.39,1070.3,2765804,74801.92,37.09,7.24,2.683,1.041,1426.31,1039.02,0,NIFTY50_PORTFOLIO,BUY,1401,899.33,INR
IN002085,AXISBANK,Axis Bank,BSE,FINANCE,04-06-2023,1114.95,1161.71,1104.29,1114.95,1094.79,4181328,414456.91,25.83,7.51,1.933,1.071,1244.13,745.73,3.5,SECTORAL_PORTFOLIO,HOLD,1161,1294.48,INR
IN002104,AXISBANK,Axis Bank,BSE,FINANCE,04-06-2023,1131.37,1142.77,1110.29,1118.28,1087.69,2593239,1051231.38,41.47,5.5,1.035,1.381,1389.38,962.47,1.2,SECTORAL_PORTFOLIO,BUY,364,1204.78,INR
IN002127,AXISBANK,Axis Bank,BSE,FINANCE,04-06-2023,1140.66,1171.9,1102.99,1140.66,1126.8,1659246,209512.28,68.79,3.68,0.052,0.517,1302.5,1004.92,0.5,SECTORAL_PORTFOLIO,HOLD,1626,896.11,INR
IN001116,BAJFINANCE,Bajaj Finance,NSE,NBFC,04-06-2023,6657.35,6848.8,6482.28,6656.3,6693.67,4886522,6489611.15,17.75,10.83,1.464,1.343,9684.89,5677.39,5.1,NIFTY50_PORTFOLIO,HOLD,1388,7626.27,INR
IN001118,BAJFINANCE,Bajaj Finance,NSE,NBFC,04-06-2023,6754.4,6924.85,6534.49,6754.4,6504.61,4980323,5135247.87,11.06,4.48,1.831,1.777,9303.62,4961.22,0.5,NIFTY50_PORTFOLIO,HOLD,275,7053.11,INR
IN004055,BAJFINANCE,Bajaj Finance,NSE,NBFC,04-06-2023,6878.05,7181.6,6873.14,7005.86,6820.88,2708701,4222699.06,58.39,10.99,0.49,0.65,9207.39,5670.95,2.3,MIDCAP_PORTFOLIO,BUY,382,6534.88,INR
IN001671,INFY,Infosys,NSE,TECHNOLOGY,04-06-2023,1512.98,1531.74,1482.71,1495.69,1515.36,1266094,1150532.25,44.77,8.085,1.579,1.842,1928.52,1327.95,1.2,NIFTY50_PORTFOLIO,BUY,1943,1293.71,INR
IN001164,KOTAKBANK,Kotak Mahindra Bank,NSE,FINANCE,04-06-2023,1843.61,1896.21,1786.21,1828.94,1795.07,1222056,939932.05,44,13.25,3.681,1.248,2267.08,1226.36,1.2,NIFTY50_PORTFOLIO,BUY,920,1885.82,INR
IN001191,KOTAKBANK,Kotak Mahindra Bank,NSE,FINANCE,04-06-2023,1791.28,1833.94,1742.2,1801.21,1813.83,4309657,487662.7,9.49,7.06,3.111,0.957,2452.87,1335.3,0.5,SECTORAL_PORTFOLIO,HOLD,1998,1628.35,INR
IN001218,KOTAKBANK,Kotak Mahindra Bank,NSE,FINANCE,04-06-2023,1883.37,2049.25,1870.53,2011.04,2052.99,910210,844967.38,21.67,8.81,2.341,1.289,2031.86,1462.39,0.5,MIDCAP_PORTFOLIO,BUY,170,2074.72,INR
IN001249,KOTAKBANK,Kotak Mahindra Bank,NSE,FINANCE,04-06-2023,1742.62,1770.43,1622.72,1638.34,1645.05,4016990,1782528.01,67.5,7.45,2.895,1.855,2415.21,1305.91,5.1,MIDCAP_PORTFOLIO,BUY,1132,1849.72,INR
IN001322,KOTAKBANK,Kotak Mahindra Bank,NSE,FINANCE,04-06-2023,1756.03,1780.56,1663.49,1675.49,1702.29,455593,1691824.06,29.63,3.4,2.131,1.226,2062.35,1459.08,0.5,NIFTY50_PORTFOLIO,BUY,439,1804.73,INR
IN000124,TCS,Tata Consultancy Services,NSE,TECHNOLOGY,04-06-2023,3397.53,3444.35,3179.53,3212.5,3227.34,2675660,3020934.4,61.14,7.44,1.428,0.753,4127.15,2759.9,0.5,SECTORAL_PORTFOLIO,BUY,1552,2630.73,INR
IN000168,TCS,Tata Consultancy Services,NSE,TECHNOLOGY,04-06-2023,3596.88,3709.06,3540.08,3616.08,3582.22,154152,2751661.07,14.68,5.41,2.268,1.025,3792.49,2221.32,3.5,SECTORAL_PORTFOLIO,SELL,1831,4016.4,INR
IN000209,TCS,Tata Consultancy Services,NSE,TECHNOLOGY,04-06-2023,3467.1,3695.97,3442.67,3688.07,3782.91,1849070,1051234.54,43.14,2.2,2.663,1.674,4596.93,3280.5,0,MIDCAP_PORTFOLIO,BUY,1546,2910.99,INR
IN003468,BHARTIARTL,Bharti Airtel,NSE,TELECOMMUNICATION,06-06-2023,929.76,944.06,913.97,916.33,880.26,293709,186823.86,32.92,6.86,3.511,0.91,1181.33,611.27,0,SECTORAL_PORTFOLIO,HOLD,1106,845.35,INR
IN002087,HDFCBANK,HDFC Bank,NSE,FINANCE,06-06-2023,1532.67,1590.76,1503.56,1549.2,1589.85,1481360,183260.73,34.72,9.97,3.302,1.282,1980.55,1061.11,2.3,SECTORAL_PORTFOLIO,HOLD,1807,1356.56,INR
IN002117,HDFCBANK,HDFC Bank,NSE,FINANCE,06-06-2023,1633.44,1643.88,1601.08,1615.71,1590.55,2897945,305726.1,78.73,14.88,0.331,0.466,1898.26,1129.05,5.1,NIFTY50_PORTFOLIO,HOLD,1571,1879.88,INR
IN002130,HDFCBANK,HDFC Bank,NSE,FINANCE,06-06-2023,1582.87,1713.77,1551.56,1675.3,1667.35,216544,433984.29,16.74,6.38,0.881,1.927,1747.25,1071.59,3.5,SECTORAL_PORTFOLIO,BUY,148,1713.08,INR
IN000581,NTPC,NTPC Limited,NSE,UTILITIES,06-06-2023,335.15,343.04,315.03,317.18,322.69,1607878,20874.06,16.88,7.46,1.349,1.664,473.7,276.8,2.3,MIDCAP_PORTFOLIO,HOLD,88,345.25,INR
IN000347,TECHM,Tech Mahindra,NSE,TECHNOLOGY,06-06-2023,1336.47,1365.67,1220.94,1255.25,1209.65,292051,1195473,71.28,12.07,1.921,1.753,1381.02,986.97,1.2,NIFTY50_PORTFOLIO,HOLD,1147,1042.79,INR
IN003951,HDFCBANK,HDFC Bank,NSE,FINANCE,07-06-2023,1570.95,1580.03,1525.99,1570.95,1545.67,3366132,798950.83,35.78,5.4,3.443,1.088,2186.19,1391.13,0.5,NIFTY50_PORTFOLIO,HOLD,1263,1527.22,INR
IN003962,HDFCBANK,HDFC Bank,NSE,FINANCE,07-06-2023,1641,1658.55,1624.47,1628.73,1631.27,4020229,848533.71,49.41,3.1,0.255,1.208,1755.13,1278.31,3.5,NIFTY50_PORTFOLIO,SELL,1659,1706.97,INR
IN003964,HDFCBANK,HDFC Bank,NSE,FINANCE,07-06-2023,1664.79,1692.05,1549.98,1572.57,1631.69,1107809,316876.14,75.8,13.92,3.91,0.7,1858.18,1465.06,5.1,MIDCAP_PORTFOLIO,BUY,834,1688.28,INR
IN003988,HDFCBANK,HDFC Bank,NSE,FINANCE,07-06-2023,1649.56,1772.63,1619.34,1757.04,1717.35,3224294,179250.85,11.04,8.14,2.43,1.852,1870.26,1041.56,1.2,MIDCAP_PORTFOLIO,BUY,325,1864.56,INR
IN004462,LT,Larsen & Toubro,NSE,INFRASTRUCTURE,07-06-2023,3307.45,3322.5,3141.63,3149.69,3125.94,4547970,2597839.64,69.18,7.86,3.027,1.581,3740.8,2179.56,1.2,SECTORAL_PORTFOLIO,BUY,722,2742.32,INR
IN004578,LT,Larsen & Toubro,NSE,INFRASTRUCTURE,07-06-2023,3131.78,3184.75,2863.93,2920.59,2905.37,701890,1468892.07,27.45,2.93,3.945,1.845,3451.29,2920.59,3.5,SECTORAL_PORTFOLIO,BUY,568,2735.16,INR
IN004636,LT,Larsen & Toubro,NSE,INFRASTRUCTURE,07-06-2023,3273.6,3512.55,3198.74,3453.19,3430.13,318496,1616603.54,35.44,8.53,3.212,1.08,3503.02,2171.66,5.1,MIDCAP_PORTFOLIO,BUY,121,2885.7,INR
IN004666,LT,Larsen & Toubro,NSE,INFRASTRUCTURE,07-06-2023,3279.73,3353.09,3242.53,3305.82,3201.94,192095,1645771.15,75.18,7.87,0.348,1.084,3556.36,2252.66,0.5,NIFTY50_PORTFOLIO,BUY,1588,3077.53,INR
IN002279,HCLTECH,HCL Technologies,NSE,TECHNOLOGY,09-06-2023,1552.77,1576.27,1517.06,1575.93,1590.46,728097,298877.67,41.4,12.95,1.836,1.317,2069.57,992.49,1.2,MIDCAP_PORTFOLIO,BUY,1032,1219.65,INR
IN002856,HCLTECH,HCL Technologies,NSE,TECHNOLOGY,09-06-2023,1565.18,1604.62,1514.09,1515.21,1455.71,1731961,1027761.16,23.97,8.4,2.288,1.763,1898.35,979.27,0.5,NIFTY50_PORTFOLIO,BUY,652,1348.79,INR
IN001520,HINDUNILVR,Hindustan Unilever,NSE,FMCG,09-06-2023,2513.46,2566.13,2453.42,2456.04,2458.4,1269404,1713124.45,52.35,4.14,1.947,1.148,3408.62,1907.07,1.2,NIFTY50_PORTFOLIO,BUY,997,1976.5,INR
IN000858,INFY,Infosys,NSE,TECHNOLOGY,09-06-2023,1515.37,1591.47,1471.28,1565.65,1554.39,2388298,778928.23,71.99,1.63,1.383,0.812,1879.9,953.7,2.3,MIDCAP_PORTFOLIO,BUY,1889,1411.46,INR
IN000886,INFY,Infosys,NSE,TECHNOLOGY,09-06-2023,1452.52,1476.56,1367.37,1371.6,1402.07,1704879,979706.81,14.84,14.88,1.888,1.037,1894.14,1150.81,5.1,MIDCAP_PORTFOLIO,HOLD,1353,1627.36,INR
IN000888,INFY,Infosys,NSE,TECHNOLOGY,09-06-2023,1486.71,1570.45,1455.83,1564.52,1518.08,695888,1471993.2,53.16,8.085,0.543,0.709,2023.97,996.39,1.2,SECTORAL_PORTFOLIO,HOLD,100,1447.54,INR
IN000625,SBIN,State Bank of India,NSE,FINANCE,09-06-2023,578.38,592.55,531.69,542.88,534.82,2973733,211770.65,34.34,11.83,3.073,1.463,778.95,420.12,0.5,MIDCAP_PORTFOLIO,BUY,906,585.11,INR
IN000629,SBIN,State Bank of India,NSE,FINANCE,09-06-2023,586.55,608,580.73,586.55,587.59,2750470,363437.4,44,11.27,3.662,1.027,782.3,533.25,2.3,NIFTY50_PORTFOLIO,BUY,1026,703.67,INR
IN000644,SBIN,State Bank of India,NSE,FINANCE,09-06-2023,583.44,599.58,535.64,547.61,538.6,4516338,273199.57,57.46,12.46,3.377,1.264,667.91,465.4,5.1,SECTORAL_PORTFOLIO,BUY,1517,569.95,INR
IN000663,SBIN,State Bank of India,NSE,FINANCE,09-06-2023,586.69,603.25,572.24,602.45,596.3,725714,508967.14,69.99,8.15,1.8405,1.055,682.1,406,1.2,SECTORAL_PORTFOLIO,SELL,311,674.42,INR
IN004571,SUNPHARMA,Sun Pharmaceutical,BSE,PHARMACEUTICALS,09-06-2023,1215.67,1264.94,1204.77,1255.26,1264.34,1839180,797348.99,51.17,4.94,3.147,1.355,1287.16,941.32,2.3,MIDCAP_PORTFOLIO,BUY,1411,1326.3,INR
IN001638,WIPRO,Wipro,BSE,TECHNOLOGY,09-06-2023,509.98,529.06,498.13,522.87,513.23,4483042,103238.27,72.31,4.59,3.37,0.826,636.03,377.91,1.2,SECTORAL_PORTFOLIO,SELL,613,456.4,INR
IN001648,WIPRO,Wipro,BSE,TECHNOLOGY,09-06-2023,513.4,552.13,501.13,537.73,554.52,4397619,99576.18,11.25,5.12,3.693,0.927,638.47,438.65,5.1,MIDCAP_PORTFOLIO,BUY,1041,513.23,INR
IN001663,WIPRO,Wipro,BSE,TECHNOLOGY,09-06-2023,509.44,521.11,491.97,494.33,508.31,1442559,201115.45,70.02,11.21,3.015,1.946,667.24,345.11,3.5,SECTORAL_PORTFOLIO,HOLD,213,498.59,INR
IN001678,WIPRO,Wipro,BSE,TECHNOLOGY,09-06-2023,493.91,507.86,473.29,474.36,457.05,4110455,254061.99,35.12,7.05,2.913,0.964,678.33,312.75,3.5,SECTORAL_PORTFOLIO,BUY,1473,426.44,INR
IN002158,ASIANPAINT,Asian Paints,BSE,CONSUMER GOODS,10-06-2023,2938.63,3025.64,2815.27,2890.53,2862.7,4036808,1583748.83,50.39,14.46,1.688,0.872,3641.18,2283.17,1.2,SECTORAL_PORTFOLIO,BUY,39,2360.46,INR
IN002163,ASIANPAINT,Asian Paints,BSE,CONSUMER GOODS,10-06-2023,3095.16,3304.44,3014.03,3228.66,3198.22,2530314,583323.03,76.5,8.53,2.185,1.974,3354.22,2124.2,5.1,MIDCAP_PORTFOLIO,BUY,606,2391.37,INR
IN004142,HCLTECH,HCL Technologies,NSE,TECHNOLOGY,10-06-2023,1526.33,1552.34,1385.39,1420.7,1371.58,805604,1114430.64,45.33,8.71,0.059,1.466,1710.01,1242.46,0,NIFTY50_PORTFOLIO,BUY,96,1174.34,INR
IN003813,NTPC,NTPC Limited,NSE,UTILITIES,10-06-2023,363.8,395.02,358.57,384.97,387.98,1594894,115796.88,57.49,2.29,2.007,1.629,431.96,272,0,MIDCAP_PORTFOLIO,BUY,48,400.88,INR
IN003827,NTPC,NTPC Limited,NSE,UTILITIES,10-06-2023,354.76,386.94,349.16,354.76,372.8,2137484,291869.67,40.8,12.03,2.343,0.685,427.02,266,0.5,NIFTY50_PORTFOLIO,HOLD,1001,431.78,INR
IN003853,NTPC,NTPC Limited,NSE,FMCG,10-06-2023,346.64,352.44,315.05,323.22,328.32,3813927,179918,26.23,9.37,2.035,1.442,382.21,220.76,5.1,MIDCAP_PORTFOLIO,HOLD,1214,382.65,INR
IN003990,ONGC,Oil & Natural Gas Corp,NSE,ENERGY,10-06-2023,273.37,292.69,266.94,289.18,291.58,1988669,192507.14,9.28,14.05,1.878,0.776,300.85,195.51,0.5,SECTORAL_PORTFOLIO,HOLD,1534,219.46,INR
IN003993,ONGC,Oil & Natural Gas Corp,NSE,ENERGY,10-06-2023,273.42,297.35,268.85,289.65,296.31,4975375,55041.89,16.04,13.49,2.037,1.146,349.62,211.83,2.3,MIDCAP_PORTFOLIO,SELL,979,300.52,INR
IN004011,ONGC,Oil & Natural Gas Corp,NSE,ENERGY,10-06-2023,269.01,276.05,243.26,250.37,249.96,4184793,206605.33,77.13,8.31,0.328,1.078,369.82,236.88,2.3,MIDCAP_PORTFOLIO,BUY,1365,284.88,INR
IN004012,ONGC,Oil & Natural Gas Corp,NSE,ENERGY,10-06-2023,268.83,279.19,262.35,268.83,286.3,244437,241638.07,23.87,4.6,1.3,0.738,344,206.19,1.2,SECTORAL_PORTFOLIO,BUY,1565,343.13,INR
IN004031,ONGC,Oil & Natural Gas Corp,NSE,ENERGY,10-06-2023,285.48,291.27,278.66,290.24,299.13,2028395,123783.02,12.48,13.73,3.926,0.497,377.05,225.61,0,SECTORAL_PORTFOLIO,HOLD,1224,298.45,INR
IN004692,SUNPHARMA,Sun Pharmaceutical,BSE,PHARMACEUTICALS,10-06-2023,1187.89,1210.46,1139.58,1170.47,1216.67,4740451,700529.6,34.53,5.52,0.994,1.139,1639.6,805.71,3.5,SECTORAL_PORTFOLIO,SELL,1387,1178.85,INR
IN004712,SUNPHARMA,Sun Pharmaceutical,BSE,PHARMACEUTICALS,10-06-2023,1196.74,1220.77,1169.97,1202.13,1202.65,4667096,768568.8,45.51,3.87,3.074,1.144,1302.58,1109.97,0.5,MIDCAP_PORTFOLIO,BUY,1562,1422.3,INR
IN002301,WIPRO,Wipro,BSE,TECHNOLOGY,10-06-2023,507.62,538.46,502.29,534.75,545.34,2171281,195813.64,59.86,7.6,0.04,0.639,659.04,302.34,1.2,MIDCAP_PORTFOLIO,HOLD,781,594.17,INR
IN000624,ADANIENT,Adani Enterprises,NSE,CONGLOMERATE,11-06-2023,2711.15,2743.42,2672.05,2742.81,2715.18,4951544,1661856.86,60.3,14.48,0.727,1.96,3795.52,1879.39,0,SECTORAL_PORTFOLIO,BUY,1846,2877.21,INR
IN002139,ICICIBANK,ICICI Bank,BSE,FINANCE,11-06-2023,992.03,1089.39,964.51,1058.01,1030.37,4357000,108949.97,77.32,3.61,0.057,1.189,1218.62,881.89,0.5,SECTORAL_PORTFOLIO,BUY,805,889.45,INR
IN002150,ICICIBANK,ICICI Bank,NSE,FINANCE,11-06-2023,911.71,942.16,908.27,927.36,903.28,3672242,154086.45,51.03,7.67,1.799,1.984,1117.23,630.27,1.2,NIFTY50_PORTFOLIO,HOLD,165,747.69,INR
IN002152,ICICIBANK,ICICI Bank,NSE,FINANCE,11-06-2023,914.78,967.09,903.84,949.28,968.86,4296114,382912.03,44.145,7.5,3.494,0.899,1245.52,868.7,0.5,NIFTY50_PORTFOLIO,BUY,1022,1019.09,INR
IN001395,TECHM,Tech Mahindra,NSE,TECHNOLOGY,11-06-2023,1354.8,1370.91,1345.84,1358.59,1315.15,3618783,699097.98,42.56,2.49,0.428,0.68,1410.24,1188.57,2.3,SECTORAL_PORTFOLIO,BUY,1834,1093.55,INR
IN001431,TECHM,Tech Mahindra,NSE,TECHNOLOGY,11-06-2023,1323.74,1437.56,1294.98,1401.25,1436.07,2395139,905670.82,21.2,1.39,2.55,0.989,1697.98,1209.09,3.5,MIDCAP_PORTFOLIO,BUY,1639,986.16,INR
IN001443,TECHM,Tech Mahindra,NSE,TECHNOLOGY,11-06-2023,1317.99,1334.36,1262.45,1284.4,1335.01,4036987,1046865.56,61.62,5.93,1.946,1.515,1379.8,1100.74,3.5,NIFTY50_PORTFOLIO,HOLD,907,1539.38,INR
IN001446,TECHM,Tech Mahindra,NSE,TECHNOLOGY,11-06-2023,1359.73,1451.24,1334.96,1446.23,1424.35,2395139,639864.1,19.34,3.18,0.037,1.841,1777.21,1019.08,3.5,NIFTY50_PORTFOLIO,BUY,1726,1356.56,INR
IN001454,TECHM,Tech Mahindra,NSE,TECHNOLOGY,11-06-2023,1310.12,1327.53,1261.22,1268.02,1270.34,182872,554011.98,71.12,9.94,3.153,0.802,1494.1,1101.4,0.5,NIFTY50_PORTFOLIO,BUY,1213,1360.71,INR
IN002631,BHARTIARTL,Bharti Airtel,NSE,TELECOMMUNICATION,12-06-2023,928.22,946.68,909.34,936.92,966.78,1425946,861381.8,48.025,3.31,0.633,1.264,1032.85,625.18,1.2,MIDCAP_PORTFOLIO,BUY,726,867.87,INR
IN004678,ICICIBANK,ICICI Bank,NSE,FINANCE,12-06-2023,956.1,1021.68,952.36,1018.04,1037.56,2361223,241437.52,21.27,5.24,2.494,1.825,1103.49,735.45,2.3,NIFTY50_PORTFOLIO,BUY,383,865.5,INR
IN004699,ICICIBANK,ICICI Bank,NSE,FINANCE,12-06-2023,906.74,915.9,873.02,879.25,848.86,1236515,100566.27,66.97,7.5,1.035,0.952,1204.05,790.01,2.3,NIFTY50_PORTFOLIO,BUY,199,1166.86,INR
IN004704,ICICIBANK,ICICI Bank,NSE,FINANCE,12-06-2023,979.04,982.54,951.1,955.17,986.53,1769459,255819.63,26.95,7.5,3.573,0.939,1203.86,772.47,5.1,SECTORAL_PORTFOLIO,BUY,711,785.06,INR
IN004707,ICICIBANK,ICICI Bank,NSE,FINANCE,12-06-2023,943.56,950.4,921.44,943.56,935.83,226893,250539.98,33.79,5.74,2.851,1.513,1171.99,765.19,3.5,SECTORAL_PORTFOLIO,BUY,442,792.04,INR
IN004716,ICICIBANK,ICICI Bank,NSE,FINANCE,12-06-2023,994.84,1050.49,983.35,1024.31,1048.37,2327463,802233.01,52.95,7.22,1.72,0.797,1122.54,650.2,0,SECTORAL_PORTFOLIO,BUY,215,742.37,INR
IN004744,ICICIBANK,ICICI Bank,NSE,FINANCE,12-06-2023,935.34,976.34,912.81,948.87,920.34,3310251,119374.51,53.28,13.47,3.429,0.699,1074.77,897.46,3.5,NIFTY50_PORTFOLIO,HOLD,249,1025.93,INR
IN000127,ONGC,Oil & Natural Gas Corp,NSE,ENERGY,12-06-2023,284.55,284.88,267.61,269.68,261.04,4266858,259304.77,35.31,8.46,1.147,1.73,366.19,200.68,2.3,NIFTY50_PORTFOLIO,SELL,137,276.68,INR
IN000944,ONGC,Oil & Natural Gas Corp,NSE,ENERGY,12-06-2023,274.37,293.23,272,274.37,285.88,2536114,225823.11,77.61,4.21,2.821,1.357,374.26,210.16,2.3,MIDCAP_PORTFOLIO,HOLD,1125,254.82,INR
IN000955,ONGC,Oil & Natural Gas Corp,NSE,ENERGY,12-06-2023,281.49,287.18,258.63,266.05,272.54,2563856,198645.48,32.87,2.34,3.397,0.919,380.94,234.21,0,SECTORAL_PORTFOLIO,HOLD,429,260.06,INR
IN001003,ONGC,Oil & Natural Gas Corp,NSE,ENERGY,12-06-2023,284.25,290.24,275.53,279.29,284.39,3167164,18471.78,14.66,8.39,2.037,0.755,365.51,197.13,1.2,MIDCAP_PORTFOLIO,SELL,1455,252.82,INR
IN001325,WIPRO,Wipro,BSE,TECHNOLOGY,12-06-2023,484.06,522.31,470.37,515.5,530.31,2271475,147610.39,38.92,7.05,1.87,1.802,551.37,396.33,1.2,MIDCAP_PORTFOLIO,BUY,1894,461.13,INR
IN001352,WIPRO,Wipro,BSE,TECHNOLOGY,12-06-2023,515.8,518.11,515.47,516.32,534.22,1826116,249249.31,13.11,10.68,1.87,1.916,597.42,459.23,2.3,NIFTY50_PORTFOLIO,BUY,40,559.63,INR
IN003090,ADANIENT,Adani Enterprises,NSE,CONGLOMERATE,02-07-2023,2742.26,2750.26,2613.54,2668.01,2627.24,1612256,1575145.66,11.85,9.75,1.261,1.165,3636.55,2048.09,3.5,MIDCAP_PORTFOLIO,BUY,589,2887.43,INR
IN003093,ADANIENT,Adani Enterprises,NSE,CONGLOMERATE,02-07-2023,2764.08,2819.95,2670.42,2729.32,2778.37,2197538,1705681.43,37.39,11.31,2.683,1.12,3853.45,2561.36,2.3,SECTORAL_PORTFOLIO,BUY,711,2777.49,INR
IN004614,HINDUNILVR,Hindustan Unilever,NSE,FMCG,02-07-2023,2532.76,2553.08,2469.57,2502.3,2435.45,4680439,1387675.89,47.08,8.88,2.026,1.28,2802.97,2204.14,2.3,NIFTY50_PORTFOLIO,SELL,1411,2142.16,INR
IN004615,HINDUNILVR,Hindustan Unilever,NSE,FMCG,02-07-2023,2613.31,2695.93,2536.23,2655.02,2582.17,3761686,2438124.3,71.69,10.8,0.766,1.787,3375.58,1787.48,3.5,SECTORAL_PORTFOLIO,BUY,1372,2559.54,INR
IN002688,INFY,Infosys,NSE,TECHNOLOGY,03-07-2023,1437.25,1469.1,1391.63,1433.54,1425.85,1540585,794242.47,29.65,12.48,1.888,1.346,2009.71,1353.62,5.1,MIDCAP_PORTFOLIO,BUY,1610,1641.84,INR
IN002724,INFY,Infosys,NSE,TECHNOLOGY,03-07-2023,1440.07,1442.13,1388.56,1390.87,1355.24,1293088,794242.47,62.31,13.44,1.389,1.395,1894.38,1259.11,1.2,NIFTY50_PORTFOLIO,HOLD,525,1226.31,INR
IN002733,INFY,Infosys,NSE,TECHNOLOGY,03-07-2023,1520.29,1552.41,1515.43,1516.19,1536.11,3434106,495357.81,42.72,9.88,1.888,1.507,1631.72,1223.1,0,MIDCAP_PORTFOLIO,BUY,269,1513.48,INR
IN002797,INFY,Infosys,NSE,TECHNOLOGY,03-07-2023,1456.96,1489.91,1422.51,1458.18,1409.31,2254817,1029521.8,19.84,1.54,3.569,1.662,1980.8,1404.46,0.5,NIFTY50_PORTFOLIO,BUY,1881,1503.9,INR
IN002824,INFY,Infosys,NSE,TECHNOLOGY,03-07-2023,1517.43,1528.69,1481.85,1515.15,1559.73,647783,357432.42,70.2,7.75,2.518,0.864,1749.23,1409.46,1.2,SECTORAL_PORTFOLIO,BUY,731,1621.98,INR
IN002983,INFY,Infosys,NSE,TECHNOLOGY,03-07-2023,1463.52,1539.11,1457.46,1501.57,1531.37,2729269,685362.49,20.2,9.45,0.19,1.139,1714.78,1112.73,0.5,NIFTY50_PORTFOLIO,BUY,1354,1584.94,INR
IN002990,INFY,Infosys,NSE,TECHNOLOGY,03-07-2023,1446.19,1494.11,1409.84,1460.17,1419.08,2155489,218303.4,39.855,14.05,0.391,1.536,1955.58,1239.08,0,NIFTY50_PORTFOLIO,BUY,1899,1801.56,INR
IN003714,NTPC,NTPC Limited,NSE,UTILITIES,03-07-2023,360.93,379.71,359.25,372.77,374.52,4377214,243112.62,62.27,14.15,1.818,1.454,438.92,298.87,1.2,SECTORAL_PORTFOLIO,SELL,1853,419.03,INR
IN004483,AXISBANK,Axis Bank,BSE,FINANCE,04-07-2023,1124.09,1130.25,1068.86,1079.08,1038.04,2310305,333639.69,58,8.51,2.878,1.149,1331.7,920.94,0,SECTORAL_PORTFOLIO,BUY,509,1254.85,INR
IN004497,AXISBANK,Axis Bank,BSE,FINANCE,04-07-2023,1106.64,1119.87,1016.42,1036.26,1056.25,4479071,667450.49,75.91,9.92,3.556,1.319,1159.56,983.08,0,SECTORAL_PORTFOLIO,BUY,879,1199.59,INR
IN004502,AXISBANK,Axis Bank,BSE,FINANCE,04-07-2023,1097.75,1117.59,1001.34,1028.59,1055.31,542659,575629.22,44.61,13.61,2.302,0.858,1178.91,1014.68,5.1,SECTORAL_PORTFOLIO,BUY,1354,854.32,INR
IN002043,HDFCBANK,HDFC Bank,NSE,FINANCE,06-07-2023,1670.22,1768.52,1620.29,1749.5,1691.58,4774422,1112503.26,37.16,2.51,1.17,0.82,1749.5,1336.06,0.5,NIFTY50_PORTFOLIO,SELL,1264,1589.95,INR
IN002046,HDFCBANK,HDFC Bank,NSE,FINANCE,06-07-2023,1641.11,1769.42,1602.78,1739.02,1791.73,4199277,1209115.98,32.94,2.79,1.122,1.344,1739.02,1229.17,1.2,SECTORAL_PORTFOLIO,BUY,1335,1770.45,INR
IN002080,HDFCBANK,HDFC Bank,NSE,FINANCE,06-07-2023,1576.3,1659.33,1564.47,1623.35,1570.48,2398910,525450.51,47.77,12.33,2.611,0.553,1723.82,1357.9,0.5,MIDCAP_PORTFOLIO,BUY,887,1502.21,INR
IN004490,NESTLEIND,Nestle India,BSE,FMCG,06-07-2023,21916.24,22572.89,21021.06,21151.18,20805.55,4288664,10501287.67,45.75,14.08,3.145,1.963,29995.45,18083.13,3.5,MIDCAP_PORTFOLIO,HOLD,1507,17675.85,INR
IN004423,TITAN,Titan Company,BSE,CONSUMER GOODS,06-07-2023,3268.31,3311.93,3008.56,3075.61,3148.3,413891,1833035.46,35.7,14.3,2.122,1.001,4218.31,2981.72,3.5,MIDCAP_PORTFOLIO,HOLD,1090,3465.22,INR
IN004430,TITAN,Titan Company,BSE,CONSUMER GOODS,06-07-2023,3543.5,3591.57,3370.48,3381.75,3365.29,2389908.5,1047134.87,55.03,7.88,3.189,1.16,4349.92,2115.45,3.5,SECTORAL_PORTFOLIO,HOLD,1431,3521.21,INR
IN001833,ASIANPAINT,Asian Paints,BSE,CONSUMER GOODS,07-07-2023,2887.23,3115.42,2844.21,2887.23,3023.66,4944797,1998262.15,42.37,7.6,2.299,1.897,3877.78,2215.74,0.5,MIDCAP_PORTFOLIO,BUY,865,2449.23,INR
IN001837,ASIANPAINT,Asian Paints,BSE,CONSUMER GOODS,07-07-2023,2948.52,2949.31,2788.37,2865.79,2824.25,2530314,2050811.95,45.73,4.12,1.559,1.244,4193.84,2137.71,0.5,SECTORAL_PORTFOLIO,SELL,837,3201.65,INR
IN001868,ASIANPAINT,Asian Paints,BSE,CONSUMER GOODS,07-07-2023,3051.83,3084.01,2919.17,2982.19,2865.66,3777360,1583748.83,36.66,11.48,1.074,0.487,4044.24,1984.76,2.3,MIDCAP_PORTFOLIO,BUY,1712,3449.96,INR
IN002039,HCLTECH,HCL Technologies,NSE,TECHNOLOGY,07-07-2023,1478.96,1499.8,1441.53,1481.02,1511.4,192140,847567.58,35.28,3.27,3.626,1.885,1781.5,1368.6,2.3,NIFTY50_PORTFOLIO,BUY,1727,1288.41,INR
IN002047,HCLTECH,HCL Technologies,NSE,TECHNOLOGY,07-07-2023,1528.37,1606.2,1514.55,1591.07,1563.44,4782581,827585.23,10.57,7.93,1.462,1.778,1775.82,1225,0.5,MIDCAP_PORTFOLIO,BUY,1561,1349.63,INR
IN002078,HCLTECH,HCL Technologies,NSE,TECHNOLOGY,07-07-2023,1492.54,1552.21,1481.86,1527.48,1497.87,2732885,1447563.13,39.61,12.16,0.83,1.152,1670.32,1110.17,1.2,MIDCAP_PORTFOLIO,SELL,614,1562.45,INR
IN002432,RELIANCE,Reliance Industries,NSE,ENERGY,07-07-2023,2117.47,2192.72,2089.25,2181.88,2153.74,3055103,1860256.15,55.95,3.47,3.932,1.144,2991.95,1374.34,5.1,SECTORAL_PORTFOLIO,HOLD,367,1870.29,INR
IN001656,ASIANPAINT,Asian Paints,BSE,CONSUMER GOODS,08-07-2023,3127.22,3183.39,3071.84,3153.3,3230.74,3403051,456581.98,71.46,11.8,1.403,1.209,3326.36,2583.38,3.5,NIFTY50_PORTFOLIO,BUY,1992,2728.5,INR
IN001724,ASIANPAINT,Asian Paints,BSE,CONSUMER GOODS,08-07-2023,2996.22,3044.36,2909.62,2917.08,2963.9,4696040,2121941.46,75.3,1.01,3.978,1.01,3192.28,2691.27,5.1,MIDCAP_PORTFOLIO,BUY,1971,3339.19,INR
IN001792,ASIANPAINT,Asian Paints,BSE,CONSUMER GOODS,08-07-2023,3102.63,3176.76,3030.65,3074.6,2998.76,3910342,2636643.78,72.14,4.33,0.133,1.489,4150.17,1959.84,2.3,SECTORAL_PORTFOLIO,HOLD,1971,3287.31,INR
IN001163,ICICIBANK,ICICI Bank,NSE,FINANCE,08-07-2023,916.08,942.17,910.95,916.08,945.34,955751,232034.88,12.87,5.82,2.565,1.009,1106.36,600.47,1.2,SECTORAL_PORTFOLIO,BUY,255,1063.73,INR
IN001597,INFY,Infosys,NSE,TECHNOLOGY,08-07-2023,1539.13,1575.12,1509.23,1531.89,1561.61,2067772,782976.06,20.49,3.67,0.416,1.11,1817.63,1416.34,2.3,NIFTY50_PORTFOLIO,BUY,1404,1610.63,INR
IN001641,INFY,Infosys,NSE,TECHNOLOGY,08-07-2023,1530.89,1545.38,1417.5,1530.89,1426.58,3587019,1095217.52,39.855,11.7,0.393,0.574,2072.88,1148.72,2.3,NIFTY50_PORTFOLIO,HOLD,1071,1302.86,INR
IN000259,RELIANCE,Reliance Industries,NSE,ENERGY,08-07-2023,2134.92,2294.04,2091.09,2270.41,2203.66,1182233,811498.85,44.76,3.51,0.269,1.144,2703.28,1659.62,1.2,MIDCAP_PORTFOLIO,BUY,1089,2444.78,INR
IN000264,RELIANCE,Reliance Industries,NSE,ENERGY,08-07-2023,2103.33,2136.59,1969.9,1984.24,2042.91,1114404,864182,30.83,7.23,2.134,1.619,3031.39,1575.06,2.3,MIDCAP_PORTFOLIO,BUY,1597,2132.78,INR
IN000279,RELIANCE,Reliance Industries,NSE,ENERGY,08-07-2023,2252.92,2260.44,2044.99,2106.44,2175.39,3240809,1884327.25,70.36,4.85,3.53,1.653,3023.31,1694.87,3.5,MIDCAP_PORTFOLIO,HOLD,877,2540.23,INR
IN004213,HCLTECH,HCL Technologies,NSE,TECHNOLOGY,09-07-2023,1442.43,1496.52,1403.81,1480.91,1445.73,2411753,187668.37,58.78,12.33,0.39,1.221,1608.02,1094.11,3.5,MIDCAP_PORTFOLIO,BUY,324,1380.01,INR
IN000317,SUNPHARMA,Sun Pharmaceutical,BSE,PHARMACEUTICALS,09-07-2023,1253.09,1317.63,1237.85,1281.4,1283.92,2480145,550923.18,46.88,8.27,1.66,1.584,1338.18,949.5,2.3,MIDCAP_PORTFOLIO,BUY,1004,1007.03,INR
IN000325,SUNPHARMA,Sun Pharmaceutical,BSE,PHARMACEUTICALS,09-07-2023,1158.67,1173.35,1092.3,1092.96,1124.3,2616174,319921.88,46.88,2.04,2.316,1.809,1380.35,728.24,1.2,MIDCAP_PORTFOLIO,HOLD,1010,1489.71,INR
IN004663,NESTLEIND,Nestle India,BSE,FMCG,11-07-2023,21555.06,22822.45,21340.31,22546.7,21925.48,1274965,15939152.65,67.32,7.16,3.456,1.534,25105.84,18679.23,0.5,MIDCAP_PORTFOLIO,BUY,343,27479.37,INR
IN004676,NESTLEIND,Nestle India,BSE,FMCG,11-07-2023,21106.41,22715.42,20624.62,22189.7,22531,1704370,18564393.69,28.34,8.27,1.074,1.643,23271.03,14759.09,0.5,SECTORAL_PORTFOLIO,BUY,782,18482.66,INR
IN004688,NESTLEIND,Nestle India,BSE,FMCG,11-07-2023,22457.12,23091.63,22172.79,22416.3,22024.88,4335486,10759084.95,59.69,2.71,0.186,1.248,29393.56,15822.4,2.3,NIFTY50_PORTFOLIO,BUY,1182,22689.59,INR
IN004689,NESTLEIND,Nestle India,BSE,FMCG,11-07-2023,21962.63,22339.92,21702.58,21733.05,22219.42,1717165,12126667.28,16.13,8.27,0.75,1.875,26706.03,19605.51,1.2,NIFTY50_PORTFOLIO,HOLD,751,26896.63,INR
IN004843,NESTLEIND,Nestle India,BSE,FMCG,11-07-2023,22464.17,23517.6,22345.26,22963.36,23696.25,1391264,15053381.3,30.38,10.83,3.75,0.851,25069.41,15977.51,3.5,MIDCAP_PORTFOLIO,BUY,1293,25244.26,INR
IN004881,NESTLEIND,Nestle India,BSE,FMCG,11-07-2023,21814.7,22043.18,20372.36,20590.08,20703.36,4331309,7139392.87,42.39,12.69,0.285,0.527,24227.85,16816.04,1.2,NIFTY50_PORTFOLIO,BUY,241,23191.8,INR
IN004244,ONGC,Oil & Natural Gas Corp,NSE,ENERGY,11-07-2023,271.46,272.05,268.13,269.98,279.19,1445926,167075.16,23.04,4.4,1.952,1.051,375.31,185.34,0,SECTORAL_PORTFOLIO,BUY,693,322.52,INR
IN004258,ONGC,Oil & Natural Gas Corp,NSE,ENERGY,11-07-2023,291.24,303.94,282.64,302.72,307.49,4936440,75617.65,52.2,3.66,2.884,1.019,340.27,230.25,2.3,NIFTY50_PORTFOLIO,BUY,129,296.74,INR
IN001838,SBIN,State Bank of India,NSE,FINANCE,11-07-2023,599.23,613.01,590.36,609.56,620.55,3755502,289399.815,40.36,8.26,0.097,0.671,645.32,401.98,2.3,NIFTY50_PORTFOLIO,BUY,432,604.45,INR
IN000489,ADANIENT,Adani Enterprises,NSE,CONGLOMERATE,12-07-2023,2741.9,2780.78,2534.41,2552.24,2462.71,4625731,1749701.71,47.35,12.04,3.745,1.153,2958.55,1795.83,3.5,NIFTY50_PORTFOLIO,BUY,1079,2355.91,INR
IN000565,ADANIENT,Adani Enterprises,NSE,CONGLOMERATE,12-07-2023,2759.44,2939.38,2742.43,2893.28,2949.26,3561003,1454238.41,69.19,2.48,3.081,1.135,3121.91,2352.7,1.2,MIDCAP_PORTFOLIO,BUY,506,2322.43,INR
IN000567,ADANIENT,Adani Enterprises,NSE,CONGLOMERATE,12-07-2023,2721.01,2741.97,2541.03,2544.65,2453.23,2747262,238887.66,47.22,12.89,2.109,1.522,3111.03,2083.65,3.5,MIDCAP_PORTFOLIO,BUY,1832,3421.54,INR
IN000589,ADANIENT,Adani Enterprises,NSE,CONGLOMERATE,12-07-2023,2832.74,2884.86,2718.83,2832.74,2760.38,4137850,2753172.51,48.92,11.88,2.391,1.965,3457.3,2271.77,5.1,SECTORAL_PORTFOLIO,SELL,883,3380.89,INR
IN000596,ADANIENT,Adani Enterprises,NSE,CONGLOMERATE,12-07-2023,2728.95,2729.68,2591.82,2667.44,2577.71,2762756,580433.94,29.63,12.85,0.663,1.306,3143.46,2520.24,5.1,NIFTY50_PORTFOLIO,SELL,1389,3275.99,INR
IN003946,BAJFINANCE,Bajaj Finance,NSE,NBFC,12-07-2023,6817.48,7287.91,6799.2,7221.48,7034.77,2157562,3313556.1,16.06,13.2,0.721,1.116,9506.48,4225.43,5.1,NIFTY50_PORTFOLIO,BUY,1154,5724.39,INR
IN000167,HCLTECH,HCL Technologies,NSE,TECHNOLOGY,12-07-2023,1434.47,1480.38,1397.26,1456.1,1454.17,2337811,868955.19,41.4,1.4,3.48,1.221,2026.4,1268.71,1.2,NIFTY50_PORTFOLIO,HOLD,584,1503.32,INR
IN000200,HCLTECH,HCL Technologies,NSE,TECHNOLOGY,12-07-2023,1526.14,1634.43,1510.07,1526.14,1631.67,2411753,574201.51,41.4,2.82,1.681,1.362,1603.95,1361.45,3.5,SECTORAL_PORTFOLIO,BUY,763,1704.27,INR
IN000219,HCLTECH,HCL Technologies,NSE,TECHNOLOGY,12-07-2023,1501.75,1579.3,1497.44,1561.32,1603.86,2072780,194500.15,16.38,11.3,1.836,1.555,1793.41,1179.71,0.5,SECTORAL_PORTFOLIO,HOLD,1920,1308.11,INR
IN001428,LT,Larsen & Toubro,NSE,INFRASTRUCTURE,12-07-2023,3041.64,3248.11,2989.17,3217.68,3114.18,714257,1541946.33,35.65,13.12,0.361,1.725,3955.79,2850.21,2.3,NIFTY50_PORTFOLIO,SELL,1528,3093.82,INR
IN001463,LT,Larsen & Toubro,NSE,INFRASTRUCTURE,12-07-2023,3265.8,3349.89,3120.62,3216.74,3292.3,2184625,1871302.49,13.59,5.72,1.611,1.783,3516.52,2264.87,1.2,MIDCAP_PORTFOLIO,BUY,1174,2407.06,INR
IN001470,LT,Larsen & Toubro,NSE,TECHNOLOGY,12-07-2023,3144.35,3149.21,2896.93,2986.22,2979.35,2675487,792802.59,32.45,5.19,0.424,1.751,3753.63,2432.77,3.5,MIDCAP_PORTFOLIO,BUY,225,3022.12,INR
IN001472,LT,Larsen & Toubro,NSE,INFRASTRUCTURE,12-07-2023,3151.93,3265.03,3086.79,3190.4,3236.19,496212,1616603.54,59.82,14.51,0.064,1.898,3741.43,2960.52,5.1,SECTORAL_PORTFOLIO,BUY,1158,2533.48,INR
IN001494,LT,Larsen & Toubro,NSE,INFRASTRUCTURE,12-07-2023,3166.96,3183.39,2957.64,3036.95,3147.85,3165998,418050.8,35.83,3.37,1.79,1.251,4025.14,2644.97,0,NIFTY50_PORTFOLIO,HOLD,1438,3996.04,INR
IN003708,LT,Larsen & Toubro,NSE,INFRASTRUCTURE,12-07-2023,3247.51,3351.16,3188.12,3300.15,3390.46,4192251,1631052.58,51.56,12.79,2.06,0.844,3963.49,2543.53,1.2,SECTORAL_PORTFOLIO,SELL,1210,3186.38,INR
IN001530,ONGC,Oil & Natural Gas Corp,NSE,ENERGY,12-07-2023,274.62,290.13,269.86,283.33,272.84,1474413,196462.4,28.84,13.78,2.463,0.493,375.32,186.69,1.2,SECTORAL_PORTFOLIO,BUY,638,334.2,INR
IN001540,ONGC,Oil & Natural Gas Corp,NSE,ENERGY,12-07-2023,287.01,294.94,273.47,280.95,278.4,851828,82422.65,75.21,12.58,3.474,1.19,334.44,175.56,1.2,SECTORAL_PORTFOLIO,SELL,307,321.82,INR
IN001943,RELIANCE,Reliance Industries,NSE,ENERGY,12-07-2023,2149.74,2278.85,2142.83,2253.6,2227.02,2485002,1170169.63,26.51,8.545,1.631,1.709,2911.15,1933.86,2.3,MIDCAP_PORTFOLIO,BUY,935,2222.86,INR
IN000689,ADANIENT,Adani Enterprises,NSE,CONGLOMERATE,02-08-2023,2784.29,2887.13,2731.77,2822.71,2913.06,2248903,1561218.11,17.96,2.79,1.8295,0.709,3621.35,2079.69,2.3,MIDCAP_PORTFOLIO,BUY,1023,2945.29,INR
IN000709,ADANIENT,Adani Enterprises,NSE,CONGLOMERATE,02-08-2023,2750.82,2923.47,2713.11,2878.17,2807.26,2388016,2739868.42,40.06,13.18,0.018,0.946,3477.82,1768.59,5.1,SECTORAL_PORTFOLIO,BUY,1499,2573.23,INR
IN000723,ADANIENT,Adani Enterprises,NSE,CONGLOMERATE,02-08-2023,2780.68,2842.8,2710,2724.97,2797.01,2115708,1296351.59,53.98,5.23,2.658,1.082,3632.7,1816.4,2.3,NIFTY50_PORTFOLIO,SELL,1214,3026.21,INR
IN000756,ADANIENT,Adani Enterprises,NSE,CONGLOMERATE,02-08-2023,2900.23,3025.89,2874.27,2956.4,3062.85,1866471,411770.01,60.2,4.76,1.8295,1.73,3746.64,2181.06,0,NIFTY50_PORTFOLIO,HOLD,88,2300.89,INR
IN000773,ADANIENT,Adani Enterprises,NSE,CONGLOMERATE,02-08-2023,2686.09,2747.49,2611.99,2638.15,2577.69,2629854,2223300.1,48.92,8.71,1.391,0.632,3025.58,2265.69,3.5,NIFTY50_PORTFOLIO,BUY,440,3262.56,INR
IN000825,ADANIENT,Adani Enterprises,NSE,CONGLOMERATE,02-08-2023,2669.78,2708.92,2583.85,2588.12,2510.95,1566138,1088167.17,36.55,7.57,1.736,0.63,3055.22,2281.71,0,SECTORAL_PORTFOLIO,BUY,550,2167.68,INR
IN004949,TECHM,Tech Mahindra,NSE,TECHNOLOGY,02-08-2023,1326.85,1363.71,1227.52,1252.95,1278.96,2286880,114398.72,74.18,13.25,2.01,1.018,1410.17,1204.83,1.2,NIFTY50_PORTFOLIO,BUY,1809,1083.84,INR
IN002780,MARUTI,Maruti Suzuki,BSE,AUTOMOBILE,03-08-2023,10201.36,10880.16,9996.54,10781.34,11179.15,2959593,4426062.18,20.89,9.7,1.687,0.961,10781.34,6592.6,1.2,MIDCAP_PORTFOLIO,HOLD,1707,11663.94,INR
IN002786,MARUTI,Maruti Suzuki,BSE,AUTOMOBILE,03-08-2023,10403.19,10842.47,10254.19,10678.39,10442.77,1992757,1473569.06,59.87,6.89,1.436,0.635,13311.58,6761.34,0.5,SECTORAL_PORTFOLIO,HOLD,1033,10353.63,INR
IN002839,MARUTI,Maruti Suzuki,BSE,AUTOMOBILE,03-08-2023,9953.27,9964.39,9703,9899.12,9999.92,1982192,3584245.08,31.47,14.59,3.398,1.315,13814.25,7843.05,0.5,MIDCAP_PORTFOLIO,BUY,1739,11809.13,INR
IN003607,BAJFINANCE,Bajaj Finance,NSE,NBFC,05-08-2023,7116.57,7278.19,6967.59,7050.88,7030.41,4607296,4703548.26,79.42,6.41,1.712,1.233,8727.49,5311.4,0,SECTORAL_PORTFOLIO,HOLD,1140,7214.04,INR
IN000899,KOTAKBANK,Kotak Mahindra Bank,NSE,FINANCE,05-08-2023,1824.01,1863.68,1750.99,1785.94,1760.28,4309502,608331.66,30.47,2.25,1.351,0.715,2145.25,1111.79,0,MIDCAP_PORTFOLIO,BUY,443,1746.59,INR
IN000957,KOTAKBANK,Kotak Mahindra Bank,NSE,FINANCE,05-08-2023,1779.13,1815.58,1697,1779.13,1790.9,4988316,1003289.995,47.04,2.3,0.58,0.95,2459.99,1481.83,0.5,NIFTY50_PORTFOLIO,BUY,1387,2111.55,INR
IN000792,ONGC,Oil & Natural Gas Corp,NSE,ENERGY,05-08-2023,285.43,287.24,277.42,280.39,288.82,2699963.5,51878.2,58.93,2.75,0.414,0.639,330.19,236.48,2.3,SECTORAL_PORTFOLIO,BUY,1184,255.67,INR
IN004773,POWERGRID,Power Grid Corporation,BSE,UTILITIES,05-08-2023,244.26,245.59,231.77,237.19,240.01,2253098,75839.26,45.18,2.91,1.9755,1.839,283.45,176.78,5.1,MIDCAP_PORTFOLIO,BUY,1515,233.27,INR
IN002753,RELIANCE,Reliance Industries,NSE,ENERGY,05-08-2023,2119.49,2282.95,2062.42,2217.72,2172.3,1770521,653337.08,8.54,5.72,0.976,1.971,3046.86,1986.53,3.5,MIDCAP_PORTFOLIO,BUY,1243,2046.94,INR
IN001684,TITAN,Titan Company,BSE,CONSUMER GOODS,05-08-2023,3425.77,3454.64,3195.29,3289.31,3177.66,4320260,3320830.17,41.92,13.93,0.316,1.16,4727.1,3197.08,5.1,MIDCAP_PORTFOLIO,SELL,835,3278.51,INR
IN003555,HDFCBANK,HDFC Bank,NSE,FINANCE,06-08-2023,1615.71,1652,1514.87,1519.44,1461.69,800636,1212465.77,27.85,9.84,2.664,1.07,1795.18,1223.66,0,MIDCAP_PORTFOLIO,HOLD,1105,1780.14,INR
IN004616,POWERGRID,Power Grid Corporation,BSE,UTILITIES,06-08-2023,251.02,256.01,239.43,240.95,236.52,70954,82769.45,70.5,9.94,1.195,1.989,335.18,206.38,5.1,NIFTY50_PORTFOLIO,HOLD,1260,308.33,INR
IN004617,POWERGRID,Power Grid Corporation,BSE,UTILITIES,06-08-2023,255.38,259.61,242.68,247.92,246.85,4796011,137680.42,45.18,2.62,1.949,1.458,319.41,184.2,2.3,SECTORAL_PORTFOLIO,BUY,1509,290.17,INR
IN004637,POWERGRID,Power Grid Corporation,BSE,UTILITIES,06-08-2023,240.79,264.35,234.27,256.67,252.61,1723339,164750.01,49.08,8.885,0.372,1.52,269.77,230.7,0,NIFTY50_PORTFOLIO,BUY,856,230.12,INR
IN004669,POWERGRID,Power Grid Corporation,BSE,UTILITIES,06-08-2023,259.28,260.69,254.73,260.26,252.15,1159492,48192.52,23.64,3.58,0.178,1.284,279.9,235.5,3.5,SECTORAL_PORTFOLIO,BUY,1243,261.86,INR
IN003412,TECHM,Tech Mahindra,NSE,TECHNOLOGY,06-08-2023,1289.95,1316.94,1268.25,1271.6,1245.52,3250079,882424.31,55.37,6.55,2.815,1.413,1705.87,800.62,5.1,MIDCAP_PORTFOLIO,SELL,463,1153.57,INR
IN003448,TECHM,Tech Mahindra,NSE,TECHNOLOGY,06-08-2023,1290.76,1362.42,1266.53,1290.76,1364.06,2665506,971975.41,22.2,8.715,1.532,1.413,1813.8,881.28,1.2,SECTORAL_PORTFOLIO,BUY,1011,1300.71,INR
IN003459,TECHM,Tech Mahindra,NSE,TECHNOLOGY,06-08-2023,1274.75,1294.74,1192.82,1193.3,1216.36,1080917,787265.92,44.16,9.71,2.082,1.218,1541.8,1050.45,5.1,NIFTY50_PORTFOLIO,BUY,191,1218.52,INR
IN003482,TECHM,Tech Mahindra,NSE,TECHNOLOGY,06-08-2023,1323.62,1352.58,1216.01,1249.15,1204.37,2837533,1002693.47,44.16,9.51,1.921,1.154,1638.32,1042.61,0.5,NIFTY50_PORTFOLIO,SELL,948,1573.6,INR
IN004433,TITAN,Titan Company,BSE,CONSUMER GOODS,06-08-2023,3419.38,3612.74,3416.06,3522.16,3487.64,613322,3167292.52,17.79,11.21,0.691,0.629,4678.69,2374.89,0.5,NIFTY50_PORTFOLIO,SELL,245,3318.12,INR
IN004454,TITAN,Titan Company,BSE,CONSUMER GOODS,06-08-2023,3518.98,3540.01,3389.53,3470.38,3520.71,1228844,1318832.63,44.82,7.88,2.127,1.573,4635.49,2585.07,0.5,MIDCAP_PORTFOLIO,BUY,531,3491.02,INR
IN004514,TITAN,Titan Company,BSE,CONSUMER GOODS,06-08-2023,3248.59,3411.7,3157.33,3401.99,3534.8,3542275,2152635.96,30.75,5.88,1.812,1.853,4561.17,2290.78,2.3,MIDCAP_PORTFOLIO,BUY,620,2875.36,INR
IN004570,TITAN,Titan Company,BSE,CONSUMER GOODS,06-08-2023,3484.84,3569.3,3269,3337.7,3451.74,2433111,754192.75,31.14,1.17,3.047,1.477,4300.22,3006.77,2.3,SECTORAL_PORTFOLIO,BUY,1640,3666.56,INR
IN004577,TITAN,Titan Company,BSE,CONSUMER GOODS,06-08-2023,3447.07,3549.91,3148.88,3447.07,3195.69,564190,1164353.28,68.08,2.23,0.509,0.703,4012.55,2757.23,0,NIFTY50_PORTFOLIO,BUY,447,3425.27,INR
IN003518,HINDUNILVR,Hindustan Unilever,NSE,FMCG,08-08-2023,2383.79,2449.67,2196.88,2223.19,2167.54,2701380,1255049.01,20.28,9.54,1.702,1.515,2846.76,1961.64,2.3,MIDCAP_PORTFOLIO,SELL,1599,2525.96,INR
IN003540,HINDUNILVR,Hindustan Unilever,NSE,FMCG,08-08-2023,2595.55,2629.64,2400.29,2595.55,2485.89,4650313,226540.14,63.76,2.13,1.481,0.937,3050.23,1925.72,3.5,SECTORAL_PORTFOLIO,BUY,984,2819.13,INR
IN000993,MARUTI,Maruti Suzuki,BSE,AUTOMOBILE,08-08-2023,9992.05,10162.58,9830.73,9999.86,10002.75,2146939,2460371.84,27.84,5.12,0.044,1.25,13854.63,8101.49,3.5,SECTORAL_PORTFOLIO,BUY,1429,8769.03,INR
IN003281,RELIANCE,Reliance Industries,NSE,ENERGY,08-08-2023,2198.33,2208.22,2073.29,2121.29,2064.03,3661986,412271.09,17.79,7.75,2.37,0.708,2500.47,1766.07,2.3,SECTORAL_PORTFOLIO,BUY,1809,1999.48,INR
IN003299,RELIANCE,Reliance Industries,NSE,ENERGY,08-08-2023,2234.85,2295.56,2156.36,2189.57,2160.14,1417091,1188531.14,12.61,7.96,2.086,0.919,2739.59,1671.06,5.1,MIDCAP_PORTFOLIO,BUY,54,2116.8,INR
IN001104,TECHM,Tech Mahindra,NSE,TECHNOLOGY,08-08-2023,1274.91,1300.86,1197.15,1274.91,1212.25,3158826,654301.69,33.36,11.68,0.228,1.108,1456.33,1123.69,2.3,MIDCAP_PORTFOLIO,HOLD,492,1326.09,INR
IN001133,TECHM,Tech Mahindra,NSE,TECHNOLOGY,08-08-2023,1332.78,1389.44,1310.06,1332.78,1397.03,3422807,727737.59,61.22,5,3.192,1.451,1773.42,1056.21,1.2,MIDCAP_PORTFOLIO,BUY,940,1299.76,INR
IN001697,TITAN,Titan Company,BSE,CONSUMER GOODS,08-08-2023,3506.19,3526.18,3435.55,3462.63,3456.57,1293259,1597831.86,44.08,14.34,3.604,1.16,4738.73,2051.41,1.2,NIFTY50_PORTFOLIO,HOLD,141,3773.97,INR
IN001702,TITAN,Titan Company,BSE,CONSUMER GOODS,08-08-2023,3473,3565.88,3388.84,3536.46,3500.48,4705045,2464528.09,37.43,3.71,2.255,1.134,3702.25,2357.35,2.3,NIFTY50_PORTFOLIO,SELL,1451,3329.41,INR
IN003041,WIPRO,Wipro,BSE,TECHNOLOGY,08-08-2023,484.38,518.39,473.11,515.76,503.17,2414007,461888.82,35.63,2.47,0.722,0.461,694.42,319.3,0,MIDCAP_PORTFOLIO,BUY,209,423.2,INR
IN003065,WIPRO,Wipro,BSE,TECHNOLOGY,08-08-2023,508.54,532.47,504.01,526.99,537.04,2414007,485832.83,58,6.74,2.255,1.998,624.65,431.5,1.2,NIFTY50_PORTFOLIO,BUY,605,426.32,INR
IN003088,WIPRO,Wipro,BSE,TECHNOLOGY,08-08-2023,524.63,554.39,518.11,550.57,546.66,2416500,255127.93,74.02,5.06,2.601,1.238,650.73,322,0,SECTORAL_PORTFOLIO,BUY,662,452.15,INR
IN003103,WIPRO,Wipro,BSE,FINANCE,08-08-2023,505.05,511.73,498.11,503.17,509.9,2414007,154680.3,49.07,10.16,2.343,1.238,575.89,327.83,0.5,SECTORAL_PORTFOLIO,BUY,95,428.63,INR
IN003142,WIPRO,Wipro,BSE,TECHNOLOGY,08-08-2023,509.89,537.18,495.19,534.34,541.94,1105433,73877.06,56.68,6.29,1.87,0.751,642.39,402.07,2.3,NIFTY50_PORTFOLIO,SELL,173,548.54,INR
IN003317,ICICIBANK,ICICI Bank,NSE,FINANCE,09-08-2023,993.68,1044.5,986.71,1035.97,1043.6,1208104,448238.03,46.78,10.54,0.233,0.935,1035.97,705.03,0.5,SECTORAL_PORTFOLIO,SELL,1051,802.87,INR
IN003357,ICICIBANK,ICICI Bank,NSE,FINANCE,09-08-2023,940.82,940.86,866.52,886.11,881.19,3835899,793540.93,75.2,13.8,2.996,1.676,1292.9,760.11,0.5,MIDCAP_PORTFOLIO,BUY,619,742.22,INR
IN003484,ICICIBANK,ICICI Bank,NSE,FINANCE,09-08-2023,978.4,1030.26,954.26,1010.45,1005.1,4213546,460052.64,73.38,5.99,0.652,1.189,1055.95,709.37,2.3,SECTORAL_PORTFOLIO,BUY,890,990.38,INR
IN003300,MARUTI,Maruti Suzuki,BSE,AUTOMOBILE,09-08-2023,9786.77,9946.73,9103.44,9251.4,9378.31,1602094,7982429.34,10.34,7.84,3.216,0.859,11905.78,8351.31,1.2,NIFTY50_PORTFOLIO,BUY,166,11741.7,INR
IN003304,MARUTI,Maruti Suzuki,BSE,AUTOMOBILE,09-08-2023,10423.17,10775.84,10348.73,10600.03,10770.65,1700671,6729169.67,56.15,9.79,0.125,1.67,12895.42,8000.1,1.2,NIFTY50_PORTFOLIO,BUY,631,11720.8,INR
IN003427,ADANIENT,Adani Enterprises,NSE,CONGLOMERATE,11-08-2023,2920.34,2922.26,2740.6,2775.24,2869.9,2641542,163902.77,20.71,12.75,0.563,1.345,3490.38,1718.5,1.2,SECTORAL_PORTFOLIO,HOLD,179,2662.82,INR
IN004787,BHARTIARTL,Bharti Airtel,NSE,TELECOMMUNICATION,11-08-2023,909.77,929.01,853.89,860.3,876.4,3877700,77373.3,66.85,4.81,2.434,1.189,1169.74,771.04,5.1,NIFTY50_PORTFOLIO,BUY,1233,801.66,INR
IN003780,POWERGRID,Power Grid Corporation,BSE,UTILITIES,11-08-2023,259.44,279.17,257.48,276.43,282.92,3755585,20060.38,45.18,3.48,1.9755,1.342,325.33,196.16,2.3,NIFTY50_PORTFOLIO,HOLD,1745,265.73,INR
IN003854,POWERGRID,Power Grid Corporation,BSE,UTILITIES,11-08-2023,249,251.88,248.24,251.61,247.38,1632906,98642.68,57.65,13.89,2.964,0.767,349.89,178.61,3.5,NIFTY50_PORTFOLIO,HOLD,326,197.72,INR
IN001754,TCS,Tata Consultancy Services,NSE,TECHNOLOGY,11-08-2023,3401.69,3655.51,3318.14,3629.18,3611.68,2685448,2698513.13,60.64,7.88,1.984,0.719,4116.44,2104.37,2.3,MIDCAP_PORTFOLIO,BUY,86,3964.54,INR
IN000682,BHARTIARTL,Bharti Airtel,NSE,TELECOMMUNICATION,12-08-2023,883.49,884.51,851.09,874.69,865.95,1045549,537634.85,47.04,8.08,3.531,0.444,1119.48,557.73,5.1,MIDCAP_PORTFOLIO,BUY,683,907.23,INR
IN001183,NESTLEIND,Nestle India,BSE,FMCG,12-08-2023,22611.18,23110.18,21650.96,22101.94,21820.59,4963669,8710711.25,15.44,14.36,2.579,1.874,30236.63,15833.87,1.2,SECTORAL_PORTFOLIO,BUY,1120,17260.76,INR
IN001184,NESTLEIND,Nestle India,BSE,FMCG,12-08-2023,22709.15,23237.49,21254.97,21343.66,20524.46,1586151,17380352.36,69.63,11.36,2.218,1.355,25072.85,16714,5.1,NIFTY50_PORTFOLIO,BUY,1002,27405,INR
IN001222,NESTLEIND,Nestle India,BSE,FMCG,12-08-2023,21012.14,21491.73,20556.12,21184.84,20663.01,2626770,2748915.52,25.5,4.13,1.921,1.753,23948.28,15435,5.1,MIDCAP_PORTFOLIO,BUY,1932,25496.59,INR
IN001241,NESTLEIND,Nestle India,BSE,FMCG,12-08-2023,20936.69,21642.87,20812.75,21120.27,21615.63,1593128,6004602.28,59.39,14.77,1.9485,1.861,26948.86,13426.1,1.2,MIDCAP_PORTFOLIO,BUY,1089,22009.97,INR
IN001266,NESTLEIND,Nestle India,BSE,FMCG,12-08-2023,21799.99,21832.42,20254.1,20643.28,21031.57,145642,1289209.02,39.06,14.8,2.955,1.2725,30062.66,16229.15,3.5,NIFTY50_PORTFOLIO,BUY,1348,16872.23,INR
IN000538,RELIANCE,Reliance Industries,NSE,ENERGY,12-08-2023,2262.53,2402.45,2215.65,2262.53,2397.06,4284522,1188531.14,11.84,8.59,2.974,0.521,3014.24,1902.77,0,SECTORAL_PORTFOLIO,BUY,1027,2225.1,INR
IN000657,SUNPHARMA,Sun Pharmaceutical,BSE,PHARMACEUTICALS,12-08-2023,1247.91,1329.93,1246.65,1297.51,1284,1072829,1034779.51,46.88,11.59,2.2445,0.653,1344.94,958.59,1.2,NIFTY50_PORTFOLIO,BUY,763,1035.36,INR
IN000700,SUNPHARMA,Sun Pharmaceutical,BSE,PHARMACEUTICALS,12-08-2023,1205.7,1288.34,1203.84,1268.47,1317.06,4914492,847716.26,73.83,13.1,2.799,1.139,1268.47,997.57,3.5,MIDCAP_PORTFOLIO,BUY,698,1073.48,INR
IN000721,SUNPHARMA,Sun Pharmaceutical,BSE,PHARMACEUTICALS,12-08-2023,1162.94,1203.96,1154.41,1177.99,1198.24,483724,364589.69,46.88,14.82,2.186,1.628,1521.49,747.42,0.5,MIDCAP_PORTFOLIO,BUY,708,1353.75,INR
IN000727,SUNPHARMA,Sun Pharmaceutical,BSE,PHARMACEUTICALS,12-08-2023,1246.45,1272.49,1156.56,1177.92,1211.38,4271943,595938.28,77.43,11.91,1.835,1.349,1508.07,1000.05,3.5,MIDCAP_PORTFOLIO,HOLD,1233,1318.2,INR
IN000747,SUNPHARMA,Sun Pharmaceutical,BSE,PHARMACEUTICALS,12-08-2023,1176.55,1223.97,1161.9,1219.69,1212.97,654398,132668.16,9.24,4.06,2.986,1.346,1589.64,1082.06,5.1,NIFTY50_PORTFOLIO,HOLD,1098,962.02,INR
IN004231,SUNPHARMA,Sun Pharmaceutical,BSE,PHARMACEUTICALS,12-08-2023,1243.3,1271.28,1192.39,1221.64,1183.7,1235459,834801.84,48.72,14.1,0.041,1.697,1529.87,886.66,5.1,SECTORAL_PORTFOLIO,BUY,544,1081.59,INR
IN004336,SUNPHARMA,Sun Pharmaceutical,BSE,PHARMACEUTICALS,12-08-2023,1232.61,1257.67,1222.28,1252.75,1284.53,2598333,340889.8,40.3,1.34,3.792,0.693,1437.59,903.14,0.5,NIFTY50_PORTFOLIO,HOLD,333,1151.1,INR
IN004344,SUNPHARMA,Sun Pharmaceutical,BSE,PHARMACEUTICALS,12-08-2023,1152.63,1203.48,1122.21,1190.32,1234,2434408,357467.29,9.89,13.45,2.2445,0.871,1673.74,1066.9,0,MIDCAP_PORTFOLIO,HOLD,594,1115.44,INR
IN004347,SUNPHARMA,Sun Pharmaceutical,BSE,FINANCE,12-08-2023,1242.67,1256.92,1159.47,1175.64,1180.91,3991156,734462.48,32.77,12.28,2.78,0.748,1360.84,1078.66,0.5,NIFTY50_PORTFOLIO,BUY,1777,1243.78,INR
IN000619,TECHM,Tech Mahindra,NSE,TECHNOLOGY,12-08-2023,1255.28,1257.5,1179.34,1191.44,1200.87,1506079,1283418.19,57.42,1.25,1.921,1.439,1433.5,951.79,5.1,MIDCAP_PORTFOLIO,HOLD,526,1543.83,INR
IN000169,KOTAKBANK,Kotak Mahindra Bank,NSE,FINANCE,01-09-2023,1857.9,1870.87,1811.27,1849.79,1851.61,2824831,1493392.23,68.68,11.8,1.952,1.295,2253.19,1582.23,5.1,SECTORAL_PORTFOLIO,BUY,1636,2164.05,INR
IN001528,KOTAKBANK,Kotak Mahindra Bank,NSE,FINANCE,01-09-2023,1751.73,1843.1,1729.41,1834.79,1869.64,3010861,1193695.66,47.04,7.67,2.349,1.346,2343.22,1362.86,0,SECTORAL_PORTFOLIO,HOLD,1585,2224.99,INR
IN003454,NTPC,NTPC Limited,NSE,UTILITIES,01-09-2023,352.09,352.41,336.91,346.21,347.53,1942774,240963.52,38.41,8.46,1.771,0.905,423.78,231.48,0,SECTORAL_PORTFOLIO,BUY,434,290.52,INR
IN000217,TCS,Tata Consultancy Services,NSE,TECHNOLOGY,01-09-2023,3433.13,3659.3,3421.27,3629.17,3618.31,2567219,1935095.5,31.28,14.17,2.956,0.505,4359.17,3005.97,2.3,SECTORAL_PORTFOLIO,BUY,555,4132.98,INR
IN000218,TCS,Tata Consultancy Services,NSE,TECHNOLOGY,01-09-2023,3371.43,3443.71,3257.96,3333.24,3249.69,2373145,218749.56,10.36,12.02,2.785,0.801,4024.66,2245.15,5.1,MIDCAP_PORTFOLIO,HOLD,1136,2873.55,INR
IN000225,TCS,Tata Consultancy Services,NSE,TECHNOLOGY,01-09-2023,3349.26,3470.12,3328.65,3449.02,3492.51,4334958,3039290.82,16.79,3.53,2.342,1.672,4352.99,2447.09,3.5,NIFTY50_PORTFOLIO,SELL,275,2661.16,INR
IN000239,TCS,Tata Consultancy Services,NSE,TECHNOLOGY,01-09-2023,3497.95,3621.48,3427,3540.89,3428.4,2159778,402550.19,63.75,5.47,3.122,1.584,3728.33,2155.76,0.5,NIFTY50_PORTFOLIO,BUY,196,3108.64,INR
IN000278,TCS,Tata Consultancy Services,NSE,TECHNOLOGY,01-09-2023,3352.5,3410.8,3246.2,3266.38,3355.31,4363782,925540.32,14.57,8.59,3.437,0.443,4691.08,2942.37,1.2,SECTORAL_PORTFOLIO,HOLD,1428,3813.91,INR
IN000314,TCS,Tata Consultancy Services,NSE,TECHNOLOGY,01-09-2023,3383.84,3387.81,3199.18,3224.08,3192.82,1116979,2885202.53,72.88,11.78,1.483,1.93,4359.33,2887.48,2.3,MIDCAP_PORTFOLIO,SELL,1019,3476.62,INR
IN003374,POWERGRID,Power Grid Corporation,BSE,UTILITIES,02-09-2023,250.08,252.1,249.9,249.92,249.08,2011942,120024.76,61.92,8.24,1.9755,1.662,277.29,219.89,2.3,NIFTY50_PORTFOLIO,SELL,1298,192.41,INR
IN001286,TITAN,Titan Company,BSE,CONSUMER GOODS,02-09-2023,3483.21,3611.16,3437.3,3585.82,3603.13,3926007,2993475.8,71.74,13.24,3.535,1.326,3923.79,2239.59,1.2,SECTORAL_PORTFOLIO,BUY,683,4164.95,INR
IN001291,TITAN,Titan Company,BSE,CONSUMER GOODS,02-09-2023,3379.78,3475.89,3196.72,3242.45,3322.5,2389908.5,2125857.87,25.17,3.64,3.375,0.575,3883.59,2042.51,1.2,MIDCAP_PORTFOLIO,BUY,54,2795.92,INR
IN000374,RELIANCE,Reliance Industries,NSE,ENERGY,03-09-2023,2213.11,2255.49,2103.14,2125.06,2142.99,4191357,226421.77,74.21,5.42,3.151,0.461,2409.69,1824.43,2.3,MIDCAP_PORTFOLIO,BUY,854,1670.16,INR
IN000393,RELIANCE,Reliance Industries,NSE,ENERGY,03-09-2023,2253.15,2257.03,2174.39,2222.46,2172.48,3776414,322676.93,12.48,4.91,3.81,0.972,3019.08,1843.82,2.3,MIDCAP_PORTFOLIO,BUY,736,2639.14,INR
IN000411,RELIANCE,Reliance Industries,NSE,ENERGY,03-09-2023,2250.48,2401.37,2189.3,2332.09,2275.1,4438282,1644361.67,50.65,8.545,3.015,1.722,2943.73,1382.72,3.5,SECTORAL_PORTFOLIO,BUY,1340,2596.76,INR
IN000436,RELIANCE,Reliance Industries,NSE,ENERGY,03-09-2023,2219.79,2250.03,2132.86,2194.35,2251.38,1924333,2168485.97,21.11,1.99,2.501,1.833,2449.92,1708.38,0,NIFTY50_PORTFOLIO,BUY,712,2109.9,INR
IN002318,ICICIBANK,ICICI Bank,NSE,FINANCE,05-09-2023,979.14,1005.7,923.5,927.95,893.88,938454,921280.66,25.98,2.26,2.442,0.918,1182.35,715.9,3.5,NIFTY50_PORTFOLIO,BUY,1166,885.48,INR
IN001158,RELIANCE,Reliance Industries,NSE,ENERGY,05-09-2023,2274.19,2338.62,2074.6,2130.93,2164.23,1794880,1113289.05,17.04,9.71,2.134,0.496,2521.77,2066.24,0.5,SECTORAL_PORTFOLIO,HOLD,1220,2161.82,INR
IN001165,RELIANCE,Reliance Industries,NSE,ENERGY,05-09-2023,2143.72,2245,2089.13,2183.54,2255.66,4313432,851851.55,68.62,12.37,2.032,0.537,2423.97,1945.37,0.5,SECTORAL_PORTFOLIO,BUY,1867,2179.84,INR
IN001205,RELIANCE,Reliance Industries,NSE,ENERGY,05-09-2023,2237.93,2351.26,2182.36,2301.13,2328.96,1039950,2158147.11,44.76,6,2.497,0.532,2778.82,1437.34,2.3,NIFTY50_PORTFOLIO,BUY,1492,1833.01,INR
IN001229,RELIANCE,Reliance Industries,NSE,ENERGY,05-09-2023,2186.15,2188.96,2066.62,2113.63,2194.7,3748387,2002106.59,44.76,9.29,2.134,0.876,2566.91,1852.95,1.2,NIFTY50_PORTFOLIO,HOLD,1953,2089.58,INR
IN001238,RELIANCE,Reliance Industries,NSE,ENERGY,05-09-2023,2228.76,2408.79,2187.79,2376.09,2454.21,205582,1851720.02,79.86,13.4,2.278,1.547,2742.66,1485.33,3.5,SECTORAL_PORTFOLIO,BUY,1430,2470.61,INR
IN001275,RELIANCE,Reliance Industries,NSE,ENERGY,05-09-2023,2234.3,2326.26,2210.26,2287.79,2340.87,2610386,1758306.62,49.15,5.74,2.519,1.801,2753.64,1324.14,2.3,SECTORAL_PORTFOLIO,HOLD,1329,2732,INR
IN002122,ASIANPAINT,Asian Paints,BSE,CONSUMER GOODS,06-09-2023,3069,3100.46,2919.88,2983.36,2871.24,2756600,766246.48,19.99,2.82,3.908,0.64,3375.02,2790.11,0.5,MIDCAP_PORTFOLIO,BUY,1313,2303.57,INR
IN002136,ASIANPAINT,Asian Paints,BSE,CONSUMER GOODS,06-09-2023,3053.91,3257.27,3046.87,3254.22,3264.16,2839813,729644.37,22.91,10.84,3.036,1.749,3875.93,2804.13,0,SECTORAL_PORTFOLIO,SELL,456,3162.7,INR
IN002143,ASIANPAINT,Asian Paints,BSE,CONSUMER GOODS,06-09-2023,3056.5,3114.11,2961.89,3053.11,3015.07,3632134,2563719.22,24.64,3.19,1.941,0.55,3482.69,1807.91,0.5,NIFTY50_PORTFOLIO,HOLD,1010,3723.12,INR
IN002153,ASIANPAINT,Asian Paints,BSE,CONSUMER GOODS,06-09-2023,2867.32,2911.44,2680.48,2729.51,2674.34,3608889,183970.57,43.45,4.59,1.232,1.631,4105.72,2729.51,0,MIDCAP_PORTFOLIO,BUY,593,3479.83,INR
IN000166,NESTLEIND,Nestle India,BSE,FMCG,06-09-2023,22712.29,23863.68,22464.09,23314.03,22608.16,2282373,10041018.57,44.3,5.81,3.623,0.916,28782.79,17266.43,0,MIDCAP_PORTFOLIO,BUY,123,17535.92,INR
IN000195,NESTLEIND,Nestle India,BSE,FMCG,06-09-2023,23027.98,23221.18,22205.18,22438.01,21818.11,4450787,14242549.95,9.74,7.82,1.9485,1.449,23531.59,13233.94,2.3,MIDCAP_PORTFOLIO,BUY,864,18439.94,INR
IN000224,NESTLEIND,Nestle India,BSE,FMCG,06-09-2023,21759.31,22125.02,19924.32,21759.31,20716.19,3731460,10759084.95,19.76,12.79,3.186,1.999,24514.12,19148.92,2.3,MIDCAP_PORTFOLIO,BUY,695,17400.51,INR
IN002661,TCS,Tata Consultancy Services,NSE,TECHNOLOGY,06-09-2023,3419.22,3471.12,3266.89,3278.03,3215.58,3456248,969923.67,45.63,7.44,0.046,1.643,4019.85,2384.89,1.2,SECTORAL_PORTFOLIO,SELL,93,3253,INR
IN002703,TCS,Tata Consultancy Services,NSE,TECHNOLOGY,06-09-2023,3342.78,3367.21,3148.79,3180.68,3175.22,2116629,1365000.5,11.58,6.9,3.485,1.271,4489.61,2160.21,2.3,SECTORAL_PORTFOLIO,BUY,237,4367.36,INR
IN002734,TCS,Tata Consultancy Services,NSE,TECHNOLOGY,06-09-2023,3339.55,3413.91,3103.41,3107.17,3196.98,4923302,1858089.8,36.81,9.8,2.342,0.684,4183.42,2155.93,5.1,MIDCAP_PORTFOLIO,BUY,1990,3454.7,INR
IN002754,TCS,Tata Consultancy Services,NSE,TECHNOLOGY,06-09-2023,3365.52,3536.2,3293.04,3441.38,3317.02,1367807,2162026.84,26.82,7.52,2.328,0.538,3700.39,2613.2,0.5,SECTORAL_PORTFOLIO,SELL,707,3897.63,INR
IN002763,TCS,Tata Consultancy Services,NSE,TECHNOLOGY,06-09-2023,3400.46,3569.1,3314.13,3506,3523.76,4837251,1932396.03,37.76,3.92,0.064,1.202,3805.14,3188.78,2.3,SECTORAL_PORTFOLIO,BUY,1386,4013.89,INR
IN002819,TCS,Tata Consultancy Services,NSE,TECHNOLOGY,06-09-2023,3592.6,3662.97,3347.9,3358.2,3299.04,4157098,3481643.1,16.36,1.65,3.443,0.751,4714.09,2660.22,0.5,NIFTY50_PORTFOLIO,BUY,714,3447.34,INR
IN002837,TCS,Tata Consultancy Services,NSE,TECHNOLOGY,06-09-2023,3482.95,3499.42,3296.42,3482.95,3183.66,912213,258568.62,19.07,12.47,2.421,1.592,4040.99,2130.3,0,MIDCAP_PORTFOLIO,HOLD,707,3139.12,INR
IN002842,TCS,Tata Consultancy Services,NSE,TECHNOLOGY,06-09-2023,3352.63,3507.33,3339.64,3480.65,3380.24,2107985,2624714.12,55.15,2.42,1.758,1.279,4301.86,2285.09,3.5,MIDCAP_PORTFOLIO,SELL,1569,3238.41,INR
IN002892,TCS,Tata Consultancy Services,NSE,FINANCE,06-09-2023,3611.41,3627.91,3284.4,3364.2,3340.85,4149878,954696.8,17.92,11.45,2.264,0.835,3694.17,3248.13,1.2,SECTORAL_PORTFOLIO,SELL,1037,4001.38,INR
IN002931,TCS,Tata Consultancy Services,NSE,TECHNOLOGY,06-09-2023,3569.78,3602.57,3385.99,3447.83,3423.19,3461627,1238621.04,62.69,12.07,2.09,1.336,4338.05,2449.79,0.5,NIFTY50_PORTFOLIO,BUY,1078,3105.11,INR
IN002340,ADANIENT,Adani Enterprises,NSE,CONGLOMERATE,08-09-2023,2748.41,2889.12,2733.22,2809.51,2759.1,1419368,2747655.13,10.93,7.76,2.241,0.403,3548.33,1821.4,0,NIFTY50_PORTFOLIO,BUY,77,3067.57,INR
IN002476,HDFCBANK,HDFC Bank,NSE,FINANCE,08-09-2023,1527.69,1554.75,1472.47,1496.22,1491.83,2613238,429900.65,28.95,12.32,2.332,1.27,1714.63,983.83,1.2,NIFTY50_PORTFOLIO,BUY,1071,1585.39,INR
IN000550,ONGC,Oil & Natural Gas Corp,NSE,ENERGY,08-09-2023,286.43,294.63,271,274.94,275.02,4106572,271481.65,67.22,3.14,2.037,1.952,365.53,214.1,5.1,MIDCAP_PORTFOLIO,BUY,564,262.64,INR
IN000582,ONGC,Oil & Natural Gas Corp,NSE,ENERGY,08-09-2023,276.12,283.82,257.88,263.94,270.01,2412029,168155.26,40.515,7.9,0.982,1.972,331.99,210.1,0.5,MIDCAP_PORTFOLIO,BUY,1255,262.33,INR
IN000586,ONGC,Oil & Natural Gas Corp,NSE,ENERGY,08-09-2023,291.08,299.66,283.15,291.46,287.02,2433669,187137.97,14.19,6.68,3.931,0.831,378.22,198.56,3.5,NIFTY50_PORTFOLIO,BUY,1998,282.78,INR
IN001263,TITAN,Titan Company,BSE,CONSUMER GOODS,08-09-2023,3424.41,3589,3357.44,3585.16,3520.8,2430637,1055149.02,44.08,6.44,0.708,1.49,3677.39,3125.97,0.5,MIDCAP_PORTFOLIO,BUY,356,3976.41,INR
IN001276,TITAN,Titan Company,BSE,CONSUMER GOODS,08-09-2023,3297.6,3335.15,3109.84,3140.72,3109.49,1112494,815595.68,22.6,2.03,0.269,1.8,4286.39,2300.52,1.2,MIDCAP_PORTFOLIO,HOLD,1552,3015.51,INR
IN001234,INFY,Infosys,NSE,TECHNOLOGY,10-09-2023,1528.09,1564.94,1489.1,1518.74,1490.94,2388298,735243.79,45.67,12.81,1.888,1.15,1697.72,1124.55,5.1,NIFTY50_PORTFOLIO,HOLD,371,1300.53,INR
IN004854,SBIN,State Bank of India,NSE,FINANCE,11-09-2023,621.6,624.17,607.75,614.45,597.72,2632843,281496.62,29.23,8.41,3.242,1.1655,786.58,489.05,0.5,MIDCAP_PORTFOLIO,SELL,239,583.2,INR
IN002840,TECHM,Tech Mahindra,NSE,TECHNOLOGY,11-09-2023,1345.91,1356.39,1276.72,1310.33,1289.82,3855615,661623.79,10.61,8.715,1.253,1.46,1374.32,1161.73,5.1,MIDCAP_PORTFOLIO,HOLD,1276,1462.63,INR
IN000263,BAJFINANCE,Bajaj Finance,NSE,NBFC,01-10-2023,7314.12,7859.49,7124.62,7789.3,7521.53,544915,3413411.06,16.6,12.07,3.333,1.819,9357.4,6299.74,0.5,SECTORAL_PORTFOLIO,HOLD,1332,6935.04,INR
IN000009,ONGC,Oil & Natural Gas Corp,NSE,ENERGY,01-10-2023,279.7,283.78,267.63,274.49,268.52,3701988,187852.69,70.98,12.34,0.746,0.43,350.16,235.7,5.1,MIDCAP_PORTFOLIO,SELL,1618,302.01,INR
IN000038,ONGC,Oil & Natural Gas Corp,NSE,ENERGY,01-10-2023,277.53,280.85,275.1,275.71,272.55,3737483,200998.22,29.67,10.2,0.967,1.535,338.99,223.17,1.2,MIDCAP_PORTFOLIO,HOLD,1727,334.53,INR
IN000085,ONGC,Oil & Natural Gas Corp,NSE,ENERGY,01-10-2023,267.18,274.75,261.27,264.82,256.59,3594622,179361.91,9.53,12.88,3.226,1.146,321.46,182.01,0,SECTORAL_PORTFOLIO,HOLD,125,334.3,INR
IN003919,SUNPHARMA,Sun Pharmaceutical,BSE,PHARMACEUTICALS,01-10-2023,1149.89,1180.06,1134.68,1152.78,1126.48,2616174,150847.24,70.9,1.74,2.586,0.701,1369.49,808.5,5.1,MIDCAP_PORTFOLIO,BUY,872,1112.34,INR
IN000915,ADANIENT,Adani Enterprises,NSE,CONGLOMERATE,02-10-2023,2863.51,2874.33,2804.62,2822.51,2720.49,1169257,2155545.79,76.58,6.9,0.591,0.501,3007.03,2580.97,5.1,MIDCAP_PORTFOLIO,HOLD,1594,2678.59,INR
IN000954,ADANIENT,Adani Enterprises,NSE,CONGLOMERATE,02-10-2023,2911.66,2996.51,2883.24,2934.86,2950.08,3651257,429404.49,36.6,1.28,3.663,1.414,2983,2499.47,3.5,NIFTY50_PORTFOLIO,BUY,1409,3497.41,INR
IN001334,ADANIENT,Adani Enterprises,NSE,CONGLOMERATE,02-10-2023,2862.46,2941.43,2618.03,2689.83,2684.12,675689,2324137.47,59.71,2.36,1.979,1.167,3827.27,2348.2,0,SECTORAL_PORTFOLIO,BUY,874,2900.04,INR
IN001341,ADANIENT,Adani Enterprises,NSE,CONGLOMERATE,02-10-2023,2768.49,2824.94,2664.96,2736.08,2842.55,2895886,311059.45,48.92,12.02,2.217,1.723,3769.34,1798.07,0.5,MIDCAP_PORTFOLIO,HOLD,699,3311.77,INR
IN001416,ADANIENT,Adani Enterprises,NSE,CONGLOMERATE,02-10-2023,2736.64,2792.41,2709.2,2725.5,2726.2,3593563,1952224.79,77.03,13.98,2.812,0.682,3235.89,2475.02,0,MIDCAP_PORTFOLIO,HOLD,1479,2729.03,INR
IN001439,ADANIENT,Adani Enterprises,NSE,CONGLOMERATE,02-10-2023,2827.4,2908.02,2659.16,2693.7,2660.31,4200289,385047.44,24.23,3.89,1.994,1.824,2971.95,2482.67,2.3,MIDCAP_PORTFOLIO,BUY,1303,3393.19,INR
IN001447,ADANIENT,Adani Enterprises,NSE,CONGLOMERATE,02-10-2023,2720.96,2749.24,2712.04,2712.8,2739.92,658980,1465764.67,21.03,7.44,2.392,0.539,3885.28,2031.2,5.1,SECTORAL_PORTFOLIO,BUY,1634,2708.46,INR
IN001453,ADANIENT,Adani Enterprises,NSE,CONGLOMERATE,02-10-2023,2772.5,2982.37,2720.28,2939.66,2982.8,3995537,1458701.99,26.61,9.3,2.554,1.779,3366.85,2336.53,0.5,NIFTY50_PORTFOLIO,BUY,739,2126.12,INR
IN001507,ADANIENT,Adani Enterprises,NSE,CONGLOMERATE,02-10-2023,2672.9,2715.63,2600.59,2672.9,2579.72,531133,1236901.91,15.12,11.04,3.999,1.846,3135.01,2189.91,1.2,NIFTY50_PORTFOLIO,BUY,1228,3214.95,INR
IN001511,ADANIENT,Adani Enterprises,NSE,CONGLOMERATE,02-10-2023,2747.24,2842.84,2702.51,2837.2,2726.01,2829010.5,551078.46,76.33,10.49,1.8295,0.608,3061.41,2492.02,2.3,SECTORAL_PORTFOLIO,BUY,849,2539.1,INR
IN001529,ADANIENT,Adani Enterprises,NSE,CONGLOMERATE,02-10-2023,2857.56,2884.26,2769.16,2828.98,2936.89,4132760,1119424.54,10.07,7.76,2.215,1.727,3664.47,2089.17,3.5,NIFTY50_PORTFOLIO,BUY,1271,3187.86,INR
IN001546,ADANIENT,Adani Enterprises,NSE,CONGLOMERATE,02-10-2023,2852.22,2894.29,2732.77,2788.93,2751.76,3784412,2448697.82,22.85,3.22,0.663,0.768,3798.59,2485.77,5.1,SECTORAL_PORTFOLIO,BUY,1156,2931.6,INR
IN001548,ADANIENT,Adani Enterprises,BSE,CONGLOMERATE,02-10-2023,2905.69,2962.83,2869.57,2936.28,3045.69,83588,2577386.55,74.83,5.64,2.399,1.91,3045.59,2576.24,3.5,MIDCAP_PORTFOLIO,SELL,574,2833.6,INR
IN000885,BAJFINANCE,Bajaj Finance,NSE,NBFC,02-10-2023,7347.84,7526.22,6677.24,6869.2,7084.08,3694902,4221261.49,50.5,9,3.214,0.849,9409.18,6580.35,5.1,SECTORAL_PORTFOLIO,BUY,1704,7806.26,INR
IN002369,LT,Larsen & Toubro,NSE,INFRASTRUCTURE,02-10-2023,3204.55,3296.81,3072.67,3102.06,3050.09,4688649,1453895.22,53.8,1,3.659,0.707,4316.93,1990.77,0,MIDCAP_PORTFOLIO,SELL,1788,3663.64,INR
IN002442,LT,Larsen & Toubro,NSE,INFRASTRUCTURE,02-10-2023,3123.33,3183.31,3042.9,3105.32,3117.77,2518635,3189690.77,41.64,3.75,3.529,0.862,4162.1,2156.76,5.1,NIFTY50_PORTFOLIO,BUY,1300,2838.74,INR
IN002460,LT,Larsen & Toubro,NSE,INFRASTRUCTURE,02-10-2023,3062.65,3176.11,3060.37,3127.6,3179.18,405953,1491330.63,38.51,13.91,1.855,1.541,4116.48,2704.64,1.2,SECTORAL_PORTFOLIO,BUY,1826,2618.07,INR
IN000238,POWERGRID,Power Grid Corporation,BSE,UTILITIES,03-10-2023,248.58,248.64,239.62,240.23,238,999677,245510.82,37.41,11.23,0.271,0.601,263.02,150.8,2.3,NIFTY50_PORTFOLIO,BUY,1961,278.25,INR
IN003023,ULTRACEMCO,UltraTech Cement,BSE,INFRASTRUCTURE,03-10-2023,9362.18,9809.56,9266.47,9541.05,9596.41,4239434,8727096.36,43.495,11.69,0.932,0.947,12697.35,6266.4,3.5,MIDCAP_PORTFOLIO,BUY,278,9968.38,INR
IN000022,ASIANPAINT,Asian Paints,BSE,CONSUMER GOODS,04-10-2023,3040.39,3175.37,2962.59,3151.68,3136.45,3908048,1517775.61,42.37,14.16,2.852,1.088,4170.77,1940.57,1.2,SECTORAL_PORTFOLIO,HOLD,839,3098.6,INR
IN000027,ASIANPAINT,Asian Paints,BSE,CONSUMER GOODS,04-10-2023,2900.08,2963.28,2746.02,2828.72,2886.58,2968645,2944566.87,53.52,2.54,0.163,1.209,3256.02,2185.91,5.1,MIDCAP_PORTFOLIO,BUY,1500,3699.46,INR
IN000029,ASIANPAINT,Asian Paints,BSE,CONSUMER GOODS,04-10-2023,2930.28,2968.34,2842.61,2906.8,3007.53,2425085,2585455.65,66.36,3.2,1.296,1.605,3504.92,2768.13,2.3,MIDCAP_PORTFOLIO,HOLD,930,3743.3,INR
IN000037,ASIANPAINT,Asian Paints,BSE,CONSUMER GOODS,04-10-2023,3053.69,3184.21,3033.27,3152.2,3030.82,4676117,2898001.87,41.85,6.28,2.818,0.481,3252.46,2103.04,1.2,NIFTY50_PORTFOLIO,BUY,1881,3503.49,INR
IN000059,ASIANPAINT,Asian Paints,BSE,CONSUMER GOODS,04-10-2023,3107.19,3130.35,2959.35,3107.19,3121.91,4218185,1583748.83,37.73,5.37,3.792,0.988,3696.35,1872.2,2.3,NIFTY50_PORTFOLIO,BUY,1528,3261.59,INR
IN000738,BHARTIARTL,Bharti Airtel,NSE,TELECOMMUNICATION,04-10-2023,885.65,942.17,872.54,924.1,953.52,2653885,458896.61,55.95,11.2,2.052,1.502,1178.14,750.45,5.1,MIDCAP_PORTFOLIO,BUY,1679,745.92,INR
IN000742,BHARTIARTL,Bharti Airtel,NSE,TELECOMMUNICATION,04-10-2023,885.21,955.34,875.77,945.57,919.55,1724809,503292.33,72.7,9.37,3.197,1.189,1182.92,823.96,1.2,SECTORAL_PORTFOLIO,BUY,1437,736.72,INR
IN000779,BHARTIARTL,Bharti Airtel,NSE,TELECOMMUNICATION,04-10-2023,862.88,880.77,832.57,847.6,843.43,879340,301396.76,54.54,3.18,3.383,0.779,1014.34,648.43,2.3,MIDCAP_PORTFOLIO,BUY,1570,916.16,INR
IN000802,BHARTIARTL,Bharti Airtel,NSE,TELECOMMUNICATION,04-10-2023,866.3,885.13,808.59,825.26,827.63,1001878,406465.62,44.19,8.07,3.349,0.615,1010.47,671.21,0.5,SECTORAL_PORTFOLIO,SELL,1512,810.57,INR
IN000905,BHARTIARTL,Bharti Airtel,NSE,TELECOMMUNICATION,04-10-2023,857.22,894.6,850.87,857.22,909.85,410182,403051.74,42.67,9.72,0.934,1.692,1132.11,682.67,0,SECTORAL_PORTFOLIO,BUY,16,822.67,INR
IN002440,HDFCBANK,HDFC Bank,NSE,FINANCE,04-10-2023,1674.65,1748.37,1628.51,1718.61,1653.41,4191092,119514.98,63.11,4.57,1.979,1.865,2058.66,1129.95,2.3,SECTORAL_PORTFOLIO,SELL,1357,1724.66,INR
IN000976,INFY,Infosys,NSE,TECHNOLOGY,04-10-2023,1553.93,1599.57,1454.2,1481.55,1442.06,3943270,1244577.55,43.21,8.94,2.113,0.436,1865.41,1327.15,0,NIFTY50_PORTFOLIO,HOLD,891,1412,INR
IN001005,INFY,Infosys,NSE,TECHNOLOGY,04-10-2023,1571.32,1628.86,1529.92,1583.39,1598.73,4524530,296694.06,51.32,7.1,2.525,1.214,1757.1,1119.03,0.5,NIFTY50_PORTFOLIO,HOLD,1238,1819.59,INR
IN001519,NESTLEIND,Nestle India,BSE,FMCG,04-10-2023,21131.89,21305.81,19729.27,20134.64,19961.01,897512,2162702.41,64.76,3.15,1.012,1.85,23652.5,14662.17,3.5,MIDCAP_PORTFOLIO,HOLD,1238,24319.56,INR
IN000662,TITAN,Titan Company,BSE,CONSUMER GOODS,04-10-2023,3412.85,3505.4,3290.62,3412.85,3481.2,2924033,546444.78,76.31,5.38,2.814,1.16,3858.46,2631.62,0.5,NIFTY50_PORTFOLIO,SELL,773,4056.22,INR
IN002450,HDFCBANK,HDFC Bank,NSE,FINANCE,05-10-2023,1568.93,1570.91,1454.73,1498.82,1485.09,4742030,1266023,31.98,13.04,0.809,1.647,1837.52,1123.78,1.2,NIFTY50_PORTFOLIO,BUY,522,1394.2,INR
IN002454,HDFCBANK,HDFC Bank,NSE,FINANCE,05-10-2023,1602.05,1700.87,1600.72,1676.63,1682.04,2613238,926285.72,41.01,3.16,2.085,1.605,1942.36,1037.95,5.1,MIDCAP_PORTFOLIO,BUY,603,1635.79,INR
IN004338,MARUTI,Maruti Suzuki,BSE,AUTOMOBILE,05-10-2023,10248.41,10275.73,9749.91,9956.1,9989.97,3181337,8357450.61,17.52,5.27,1.764,1.164,11598.53,6048.1,2.3,SECTORAL_PORTFOLIO,BUY,1692,7587.88,INR
IN004375,MARUTI,Maruti Suzuki,BSE,AUTOMOBILE,05-10-2023,9871.11,9940.75,9084.75,9298.24,9044.38,1224659,5886770.38,8.32,9.15,1.118,0.54,12955.18,8670.19,5.1,SECTORAL_PORTFOLIO,SELL,1415,9566.79,INR
IN004410,MARUTI,Maruti Suzuki,BSE,AUTOMOBILE,05-10-2023,10138.54,10423.17,10099.21,10169.8,10014.85,3242771,3613960.49,23.38,3.29,3.286,0.985,11236.37,9305.53,1.2,NIFTY50_PORTFOLIO,BUY,1234,12225.82,INR
IN004411,MARUTI,Maruti Suzuki,BSE,AUTOMOBILE,05-10-2023,9550.6,10057.99,9395.82,9987.04,9925.89,2937290,4931250.8,15.36,6.94,2.157,0.845,12463.72,9342.93,3.5,NIFTY50_PORTFOLIO,HOLD,1801,9610.26,INR
IN004435,MARUTI,Maruti Suzuki,BSE,AUTOMOBILE,05-10-2023,10474.35,11366.68,10377.74,11173.88,10927.09,2597597,9561121.5,60.12,11.31,3.035,1.122,12146.91,8608.18,1.2,NIFTY50_PORTFOLIO,SELL,993,12181.08,INR
IN004444,MARUTI,Maruti Suzuki,BSE,AUTOMOBILE,05-10-2023,10279.01,10649.52,10260.51,10398.38,10038.42,1153427,5168125.28,29.16,14.11,1.866,0.77,11495.17,8133.57,2.3,MIDCAP_PORTFOLIO,BUY,565,7955.64,INR
IN004458,MARUTI,Maruti Suzuki,BSE,AUTOMOBILE,05-10-2023,9816.6,9917.84,9690.71,9865.22,9961.35,3465820,8213507.98,14.24,12.82,0.339,1.902,10897.94,6973.17,5.1,MIDCAP_PORTFOLIO,BUY,1755,10530.14,INR
IN004470,MARUTI,Maruti Suzuki,BSE,AUTOMOBILE,05-10-2023,10434.27,10947.79,10360.94,10757.41,10871.92,1958423,2542885.94,38.36,5.44,2.929,1.406,11176.62,6497.37,2.3,NIFTY50_PORTFOLIO,HOLD,1827,10726.47,INR
IN004486,MARUTI,Maruti Suzuki,BSE,AUTOMOBILE,05-10-2023,9641.52,10304.77,9576.19,9641.52,10503.71,4235362,1898978.38,48.58,13.98,1.408,0.817,12012.65,9254.76,2.3,MIDCAP_PORTFOLIO,SELL,1882,8603.82,INR
IN004520,MARUTI,Maruti Suzuki,BSE,AUTOMOBILE,05-10-2023,9554.79,10020.54,9493.73,9868.3,9939.36,2162812,9276663.85,78.74,12.81,1.956,1.186,11131.92,7241.87,0,NIFTY50_PORTFOLIO,SELL,819,8360.52,INR
IN000576,SUNPHARMA,Sun Pharmaceutical,BSE,PHARMACEUTICALS,05-10-2023,1253.12,1262.73,1197.05,1221.46,1208.02,2980291,520293.4,46.88,5.63,3,1.019,1566.71,1003.78,1.2,SECTORAL_PORTFOLIO,SELL,1554,1343.94,INR
IN000595,SUNPHARMA,Sun Pharmaceutical,BSE,PHARMACEUTICALS,05-10-2023,1207.35,1238.16,1193.27,1206.11,1243.28,3098782,94103.29,73.9,9.74,1.89,1.139,1504.5,1055.74,0.5,SECTORAL_PORTFOLIO,HOLD,649,1091.43,INR
IN000612,SUNPHARMA,Sun Pharmaceutical,BSE,PHARMACEUTICALS,05-10-2023,1229.42,1236.16,1170.74,1197.41,1156,3249187,611604.57,46.88,10.13,0.852,1.988,1399.46,721.14,5.1,NIFTY50_PORTFOLIO,BUY,1082,1091.1,INR
IN002060,NTPC,NTPC Limited,NSE,UTILITIES,07-10-2023,346.56,370.33,342.27,368.61,356.25,728148,219729.38,24.38,7.9,1.289,0.721,463.62,251.19,0.5,MIDCAP_PORTFOLIO,BUY,638,292.06,INR
IN002474,RELIANCE,Reliance Industries,NSE,ENERGY,07-10-2023,2137.9,2167.39,2089.36,2167.17,2252.22,146190,1415967.31,35.68,12.05,2.718,1.144,2923.46,1874.57,0.5,SECTORAL_PORTFOLIO,HOLD,665,2463.62,INR
IN002479,RELIANCE,Reliance Industries,NSE,ENERGY,07-10-2023,2292.65,2324.58,2143.5,2165.55,2105.24,54589,130505.26,23.61,3.92,2.134,1.578,2855.24,1383.33,0,MIDCAP_PORTFOLIO,BUY,654,2340.42,INR
IN002542,RELIANCE,Reliance Industries,NSE,ENERGY,07-10-2023,2240.84,2269.45,2075.33,2138.79,2095.93,611357,1448844.01,61.16,11.57,3.819,1.931,2443.76,1485.14,0.5,MIDCAP_PORTFOLIO,BUY,1619,1886.92,INR
IN000045,TECHM,Tech Mahindra,NSE,TECHNOLOGY,07-10-2023,1357.86,1428.86,1356.08,1357.86,1374.94,4501570,799532.39,38.27,12.02,3.971,1.43,1392.9,1058.08,2.3,SECTORAL_PORTFOLIO,BUY,628,1558.26,INR
IN000054,TECHM,Tech Mahindra,NSE,TECHNOLOGY,07-10-2023,1323.26,1324.63,1252.81,1269.57,1233.93,4519808,99596,10.06,9.08,0.956,1.218,1478.87,815.72,0.5,SECTORAL_PORTFOLIO,BUY,417,985.13,INR
IN000088,TECHM,Tech Mahindra,NSE,TECHNOLOGY,07-10-2023,1331.6,1337.99,1312.03,1335.49,1284.21,4986196,661623.79,33.65,12.45,1.921,1.801,1719.4,1091.58,5.1,NIFTY50_PORTFOLIO,HOLD,436,1467.14,INR
IN000093,TECHM,Tech Mahindra,NSE,TECHNOLOGY,07-10-2023,1301.74,1313.97,1234.62,1248.48,1199.65,2395139,1014005.42,36.16,1.03,1.383,1.885,1588.62,1141.84,0,MIDCAP_PORTFOLIO,BUY,1475,1448.33,INR
IN001319,ONGC,Oil & Natural Gas Corp,NSE,ENERGY,08-10-2023,288.64,292.34,275.08,283.12,289.42,2450705,237570.54,40.515,7.9,2.037,0.62,360.84,243.09,5.1,MIDCAP_PORTFOLIO,HOLD,1122,284.58,INR
IN001328,ONGC,Oil & Natural Gas Corp,NSE,ENERGY,08-10-2023,278.21,284.66,264.68,267.53,271.26,998189,196997.36,61.85,1.06,2.452,1.146,358.57,236.69,1.2,SECTORAL_PORTFOLIO,BUY,1808,306.55,INR
IN001329,ONGC,Oil & Natural Gas Corp,NSE,ENERGY,08-10-2023,282.63,288.04,261.42,263.67,258.56,4865241,194005.9,59.33,13.63,1.409,0.754,338.68,184.79,0.5,SECTORAL_PORTFOLIO,HOLD,225,211.77,INR
IN001279,ULTRACEMCO,UltraTech Cement,BSE,INFRASTRUCTURE,08-10-2023,9090.7,9359.75,8381.34,8589.73,8255.05,1133575,846200.01,37.65,2.84,3.814,1.105,10772.83,6315.92,3.5,SECTORAL_PORTFOLIO,BUY,1172,9986.36,INR
IN001304,ULTRACEMCO,UltraTech Cement,BSE,INFRASTRUCTURE,08-10-2023,9147.17,9235.67,8358.99,8585.81,8657.45,2762911,5530835.74,12.26,15,1.806,1.148,13203.36,8572.35,5.1,NIFTY50_PORTFOLIO,BUY,520,8851.17,INR
IN001077,AXISBANK,Axis Bank,BSE,FINANCE,10-10-2023,1121.8,1176.3,1094.24,1171.4,1138.47,4740389,966276.05,41.47,1.06,3.627,1.682,1486.88,915.65,5.1,MIDCAP_PORTFOLIO,HOLD,1339,1131.15,INR
IN001124,AXISBANK,Axis Bank,BSE,FINANCE,10-10-2023,1069.94,1087.24,1016.68,1046.07,1030.14,792614,485837.88,27.56,5.12,1.027,1.803,1499.15,1021.89,2.3,SECTORAL_PORTFOLIO,SELL,263,1352.11,INR
IN001129,AXISBANK,Axis Bank,BSE,FINANCE,10-10-2023,1057.81,1083.5,1022.96,1038.42,1074.89,990071,529913.03,41.47,4.88,2.347,1.722,1466.35,1026.87,5.1,SECTORAL_PORTFOLIO,HOLD,1331,1170.45,INR
IN001147,AXISBANK,Axis Bank,BSE,FINANCE,10-10-2023,1072.21,1123.68,1045.91,1120.58,1096.53,3433773,760141.04,77.47,7.99,0.076,0.753,1236.59,731.71,0.5,SECTORAL_PORTFOLIO,HOLD,1483,1331.92,INR
IN001148,AXISBANK,Axis Bank,BSE,FINANCE,10-10-2023,1140.29,1142.19,1099.88,1107.66,1087.51,2863510,529913.03,64.85,3.51,3.756,1.492,1397.8,672.88,2.3,MIDCAP_PORTFOLIO,BUY,345,874.4,INR
IN001169,AXISBANK,Axis Bank,BSE,FINANCE,10-10-2023,1149.77,1161.33,1131.81,1148.65,1139.66,151051,1025307.09,50.66,8.68,0.496,1.093,1278.43,716.6,3.5,SECTORAL_PORTFOLIO,BUY,392,1165.69,INR
IN001175,AXISBANK,Axis Bank,BSE,FINANCE,10-10-2023,1047.84,1068.62,987.47,1000.64,995.06,3876800,607954.26,76.58,3.97,3.932,0.628,1405.89,794.19,5.1,NIFTY50_PORTFOLIO,BUY,1767,1196.97,INR
IN003704,AXISBANK,Axis Bank,BSE,FINANCE,10-10-2023,1144.37,1163.97,1128.35,1130.71,1100.99,3386778,801981.46,50.18,7.24,1.33,1.539,1171.57,1030.59,0.5,NIFTY50_PORTFOLIO,BUY,360,1219.87,INR
IN002964,ICICIBANK,ICICI Bank,NSE,FINANCE,10-10-2023,931.25,946.3,914.21,920.41,884.8,874982,639717.15,79.89,8.18,1.035,1.064,1307.08,735.62,1.2,MIDCAP_PORTFOLIO,BUY,45,1059.68,INR
IN001851,TITAN,Titan Company,BSE,CONSUMER GOODS,10-10-2023,3484.98,3532.15,3323.2,3332.62,3409.37,847696,1628158.57,34.44,7.88,0.726,1.857,3995.77,2460.8,0,SECTORAL_PORTFOLIO,BUY,1336,2682.5,INR
IN001851,TITAN,Titan Company,BSE,CONSUMER GOODS,10-10-2023,3484.98,3532.15,3323.2,3332.62,3409.37,847696,1628158.57,34.44,7.77,0.726,1.857,3995.77,2460.8,0,SECTORAL_PORTFOLIO,BUY,1336,2682.5,INR
IN001867,TITAN,Titan Company,BSE,CONSUMER GOODS,10-10-2023,3340.37,3408.74,3059.31,3147.11,3232.2,1869383,1681057.68,68.98,4.1,2.122,0.705,4485.6,2766.44,1.2,MIDCAP_PORTFOLIO,BUY,1863,2682.4,INR
IN001132,WIPRO,Wipro,BSE,TECHNOLOGY,10-10-2023,497.97,504.83,485.03,497.97,486.46,3207150,494146.23,26.49,8.74,3.172,1.643,598.35,452.36,2.3,SECTORAL_PORTFOLIO,SELL,1895,533.99,INR
IN001198,WIPRO,Wipro,BSE,TECHNOLOGY,10-10-2023,477.96,480.93,457.86,465.39,462.46,1838361,316220.48,49.07,13.21,2.999,0.675,634.23,348.61,0,MIDCAP_PORTFOLIO,BUY,593,417.39,INR
IN000017,HDFCBANK,HDFC Bank,NSE,FINANCE,11-10-2023,1575.24,1616.39,1478.6,1519.93,1482.24,2223113,1581808.52,33.44,4.52,1.828,1.653,1784.6,1202.27,1.2,MIDCAP_PORTFOLIO,BUY,1810,1483.15,INR
IN001477,HDFCBANK,HDFC Bank,NSE,FINANCE,01-11-2023,1658.16,1770.55,1642.41,1754.37,1821.81,583235,1367237.68,63.13,5.44,1.666,1.226,2018.3,1516.48,0.5,MIDCAP_PORTFOLIO,BUY,1170,1935.52,INR
IN001492,HDFCBANK,HDFC Bank,NSE,FINANCE,01-11-2023,1586.54,1592.44,1485.64,1500.92,1540.48,1602588,814095.15,67.6,13.68,1.569,0.834,1775.18,1374.09,2.3,SECTORAL_PORTFOLIO,SELL,1731,1381.6,INR
IN000793,ICICIBANK,ICICI Bank,NSE,FINANCE,01-11-2023,955.01,971.71,950.64,963.41,934.03,788088,606151.44,67.04,8.1,0.279,1.073,1176.2,686.66,0.5,SECTORAL_PORTFOLIO,BUY,1797,977.93,INR
IN000795,ICICIBANK,ICICI Bank,NSE,FINANCE,01-11-2023,922.32,936.23,851.5,863.08,873.79,2618790,919771.81,54.35,14.22,2.301,1.683,1177.94,712.48,0,NIFTY50_PORTFOLIO,HOLD,659,832.6,INR
IN000824,ICICIBANK,ICICI Bank,NSE,FINANCE,01-11-2023,910.29,923.66,843.25,851.86,826.84,2361223,731838.55,51.67,7.5,3.506,1.637,1228.81,659.27,0.5,NIFTY50_PORTFOLIO,HOLD,760,1108.85,INR
IN000407,ADANIENT,Adani Enterprises,NSE,CONGLOMERATE,04-11-2023,2730.78,2840.1,2671.53,2758.17,2718.74,567555,2532358.68,77.61,8.2,2.123,0.923,3882.52,2172.88,5.1,NIFTY50_PORTFOLIO,BUY,1308,2179.65,INR
IN000425,ADANIENT,Adani Enterprises,NSE,CONGLOMERATE,04-11-2023,2724.98,2770.74,2613.89,2724.98,2652.44,3848696,514925.77,66.84,13.78,1.463,1.254,3200.77,2574.21,5.1,MIDCAP_PORTFOLIO,BUY,1174,2649.51,INR
IN000473,ADANIENT,Adani Enterprises,NSE,CONGLOMERATE,04-11-2023,2715.96,2788.09,2665.9,2677.5,2705.27,3271442,1403990.67,32.17,8.21,0.19,1.509,3801.82,1966.05,3.5,SECTORAL_PORTFOLIO,BUY,334,2723.92,INR
IN003648,KOTAKBANK,Kotak Mahindra Bank,NSE,FINANCE,04-11-2023,1818.44,1968.81,1810.1,1818.44,1954.72,2574936,267383.56,64.27,1.94,3.389,0.904,1932.78,1254.35,0,MIDCAP_PORTFOLIO,BUY,1095,1662.45,INR
IN003653,KOTAKBANK,Kotak Mahindra Bank,NSE,FINANCE,04-11-2023,1823.25,1842.3,1721.93,1765.31,1712.27,4601020,1082755.17,67.25,4.89,1.96,1.761,2340.78,1293.08,0,NIFTY50_PORTFOLIO,BUY,341,1939.83,INR
IN003728,KOTAKBANK,Kotak Mahindra Bank,NSE,FINANCE,04-11-2023,1719.62,1744.25,1678.38,1705.18,1682.84,982086,559140.88,73.33,12.68,2.163,1.183,2104.18,1362.25,5.1,NIFTY50_PORTFOLIO,SELL,257,1572.35,INR
IN001769,MARUTI,Maruti Suzuki,BSE,AUTOMOBILE,04-11-2023,10180.67,10953.61,10003.99,10669.48,10592.47,4625891,3937795.32,13.67,9.84,1.181,0.677,12105.06,9147.13,0,MIDCAP_PORTFOLIO,BUY,1011,8936.98,INR
IN001778,MARUTI,Maruti Suzuki,BSE,AUTOMOBILE,04-11-2023,9638.37,10417.77,9568.39,10249.86,10226.29,3637256,4090545.73,35.06,6.78,3.623,1.486,11934.8,6504.61,0,SECTORAL_PORTFOLIO,SELL,1157,9185.75,INR
IN001791,MARUTI,Maruti Suzuki,BSE,AUTOMOBILE,04-11-2023,9608.16,9901.35,9602.01,9888.18,9560.7,4392206,2725490.05,54.46,11.68,0.756,1.834,13428.93,7923.25,0.5,MIDCAP_PORTFOLIO,BUY,558,10695.17,INR
IN001795,MARUTI,Maruti Suzuki,BSE,AUTOMOBILE,04-11-2023,9691.74,10280.29,9617.57,10020.99,9765.31,2202689,9800141.72,62.79,13.2,2.094,1.201,11541.86,6772.24,0,SECTORAL_PORTFOLIO,BUY,412,8078.12,INR
IN001803,MARUTI,Maruti Suzuki,BSE,AUTOMOBILE,04-11-2023,9774.12,10055,9097,9774.12,8988.84,2693187,9042286.34,61.77,7.54,3.174,0.762,12752.13,7338.85,2.3,MIDCAP_PORTFOLIO,HOLD,982,7835.54,INR
IN003262,SUNPHARMA,Sun Pharmaceutical,BSE,PHARMACEUTICALS,04-11-2023,1171.37,1213.96,1143.71,1195.15,1178.93,4803204,611604.57,44.13,9.34,3.978,0.952,1412.9,767.76,1.2,MIDCAP_PORTFOLIO,SELL,884,1100.55,INR
IN001575,HDFCBANK,HDFC Bank,NSE,FINANCE,05-11-2023,1549.59,1685.28,1524.17,1637.67,1673.09,4219862,798950.83,41.99,1.39,1.254,0.516,2131.59,1389.08,1.2,SECTORAL_PORTFOLIO,BUY,336,1624.56,INR
IN002998,INFY,Infosys,NSE,TECHNOLOGY,05-11-2023,1464.4,1590.67,1440.94,1464.4,1592.92,4972598,203342.66,39.855,1.1,0.262,1.856,1987.73,1367.74,0.5,MIDCAP_PORTFOLIO,BUY,1154,1240.72,INR
IN003014,INFY,Infosys,NSE,TECHNOLOGY,05-11-2023,1542.09,1574.41,1476.59,1495.87,1512.44,3606971,108653.14,32.37,8.085,3.079,1.088,2013.81,1355.2,0.5,MIDCAP_PORTFOLIO,BUY,1473,1157.98,INR
IN001401,NTPC,NTPC Limited,NSE,UTILITIES,05-11-2023,337.51,339.35,314.78,337.51,306.32,2058225,328505.16,28.42,13.03,1.499,1.0765,396.23,258.31,5.1,NIFTY50_PORTFOLIO,HOLD,1950,314.88,INR
IN001404,NTPC,NTPC Limited,NSE,UTILITIES,05-11-2023,333.39,355.64,324.42,350.16,342.1,1953391,223060.62,58.96,7.82,1.016,1.311,372.56,299.22,2.3,NIFTY50_PORTFOLIO,HOLD,1192,355.54,INR
IN001482,NTPC,NTPC Limited,NSE,UTILITIES,05-11-2023,364.4,371.79,350.11,351.97,353.15,377605,33173.15,10.57,4.14,2.397,0.405,449.33,315.97,1.2,NIFTY50_PORTFOLIO,BUY,451,284.15,INR
IN001486,NTPC,NTPC Limited,NSE,UTILITIES,05-11-2023,350.96,363.03,342.22,358.81,371.26,1963191,179918,34.88,7.9,2.014,1.075,470.64,232.23,0,NIFTY50_PORTFOLIO,SELL,494,274.84,INR
IN001535,NTPC,NTPC Limited,NSE,UTILITIES,05-11-2023,340.71,358.3491508,337.14,337.14,328.07,4918722,265166.85,62.03,1.47,2.961,1.487,431.52,331.18,2.3,SECTORAL_PORTFOLIO,SELL,683,430.18,INR
IN003075,HINDUNILVR,Hindustan Unilever,NSE,FMCG,08-11-2023,2575.96,2646.1,2376.05,2575.96,2435.21,4247058,576764.77,64.83,14.48,2.026,1.052,3130.9,1797.27,1.2,MIDCAP_PORTFOLIO,HOLD,40,2987.12,INR
IN004129,MARUTI,Maruti Suzuki,BSE,AUTOMOBILE,08-11-2023,10492.77,10854.98,10262.88,10769.66,10895.59,4538689,7329622.26,41.06,12.49,2.521,1.673,11725.36,9300.81,1.2,NIFTY50_PORTFOLIO,BUY,1677,10809.76,INR
IN000033,SUNPHARMA,Sun Pharmaceutical,BSE,PHARMACEUTICALS,08-11-2023,1258.35,1286.06,1156.06,1178.92,1171.4,3181744,734646.09,66.47,2.18,3.219,0.558,1566.63,1001.7,3.5,MIDCAP_PORTFOLIO,BUY,1199,1077.94,INR
IN000126,SUNPHARMA,Sun Pharmaceutical,BSE,PHARMACEUTICALS,08-11-2023,1186.39,1209.59,1158.65,1174.54,1139.61,389411,556701.52,54.15,11.37,0.725,0.472,1597.36,772,0.5,MIDCAP_PORTFOLIO,SELL,217,1343.76,INR
IN000230,INFY,Infosys,NSE,TECHNOLOGY,09-11-2023,1511.83,1529.43,1418.98,1446.61,1457.82,4639669,551001.64,38.54,12.73,0.368,1.766,2096.06,983.39,3.5,NIFTY50_PORTFOLIO,BUY,407,1840.58,INR
IN000251,INFY,Infosys,NSE,TECHNOLOGY,09-11-2023,1433.16,1456.53,1360.3,1433.16,1415.61,1543433,794242.47,52.98,12.02,1.888,1.206,1744.09,947.34,5.1,MIDCAP_PORTFOLIO,BUY,948,1510.09,INR
IN000302,INFY,Infosys,NSE,TECHNOLOGY,09-11-2023,1566.12,1598.41,1496.68,1535.46,1563.4,336619,1499974.35,21.08,6.13,2.09,0.891,1747.97,1305.49,2.3,MIDCAP_PORTFOLIO,SELL,32,1665.71,INR
IN000319,INFY,Infosys,NSE,TECHNOLOGY,09-11-2023,1490.77,1490.77,1479.86,1488.18,1492.66,825872,1495461.2,30.15,2.11,1.175,1.678,1736.63,1127.92,5.1,MIDCAP_PORTFOLIO,BUY,907,1521.08,INR
IN000321,INFY,Infosys,NSE,TECHNOLOGY,09-11-2023,1572.8,1620.81,1564.07,1579.38,1630.88,1386176,794242.47,31.23,8.085,1.888,1.697,1699.04,1343.49,2.3,NIFTY50_PORTFOLIO,HOLD,346,1612.37,INR
IN000354,INFY,Infosys,NSE,TECHNOLOGY,09-11-2023,1572.64,1627.94,1568.16,1608.78,1558.6,1076151,560246,28.5,1.23,1.567,0.408,1832.09,971.31,2.3,MIDCAP_PORTFOLIO,SELL,823,1582.06,INR
IN000408,INFY,Infosys,NSE,TECHNOLOGY,09-11-2023,1565.83,1703.77,1530.86,1654.15,1650.78,2388298,943455.6,36.12,3.03,2.848,0.474,1654.15,1246.08,1.2,SECTORAL_PORTFOLIO,BUY,150,1530.72,INR
IN000443,INFY,Infosys,NSE,TECHNOLOGY,09-11-2023,1530.61,1561.59,1502.46,1510.84,1540.34,3979548,854994.24,37.67,3.13,0.195,1.434,2071.27,1118.17,1.2,SECTORAL_PORTFOLIO,BUY,623,1323.95,INR
IN004413,INFY,Infosys,NSE,TECHNOLOGY,09-11-2023,1569.24,1681.59,1551.79,1651.42,1634.39,1056683,278008.34,41.76,2.87,2.303,1.165,2030.75,1053.84,0.5,NIFTY50_PORTFOLIO,BUY,1355,1394.66,INR
IN004440,INFY,Infosys,NSE,TECHNOLOGY,09-11-2023,1521.03,1562.38,1508.14,1560.23,1499.16,1318780,479044.07,32.75,7.9,0.749,1.991,2029.59,1116.57,3.5,SECTORAL_PORTFOLIO,BUY,1153,1512.57,INR
IN004460,INFY,Infosys,NSE,TECHNOLOGY,09-11-2023,1429.72,1452.8,1341.7,1351.16,1318.55,4924959,945514.77,27.06,14.87,2.57,0.524,2099.17,1105.61,0.5,SECTORAL_PORTFOLIO,BUY,837,1792.47,INR
IN004479,INFY,Infosys,NSE,TECHNOLOGY,09-11-2023,1499.89,1542.86,1444.45,1473.38,1494.83,2166659,510871.44,34.66,12.11,1.805,1.835,1844.41,1126.8,3.5,NIFTY50_PORTFOLIO,BUY,1517,1325.42,INR
IN004496,INFY,Infosys,NSE,TECHNOLOGY,09-11-2023,1430.03,1487.5,1415.99,1480.49,1438.85,3615237,873429.12,68.53,14.09,2.309,1.757,1869.65,1185.09,0.5,NIFTY50_PORTFOLIO,SELL,1921,1246.91,INR
IN000158,ONGC,Oil & Natural Gas Corp,NSE,ENERGY,09-11-2023,283.83,289.12,280.5,288.84,296.88,2699963.5,168155.26,78.27,12.13,3.445,1.398,376.24,265.23,1.2,MIDCAP_PORTFOLIO,SELL,1648,254.49,INR
IN000178,ONGC,Oil & Natural Gas Corp,NSE,ENERGY,09-11-2023,273.39,290.25,269.83,286.01,289.37,546056,144772.07,19.36,13.46,2.037,1.146,299.43,220.92,0,SECTORAL_PORTFOLIO,BUY,375,318.87,INR
IN002796,WIPRO,Wipro,BSE,TECHNOLOGY,09-11-2023,518,524.9,515.08,521.37,520.53,3714792,255127.93,59.84,7.02,0.854,1.014,561.95,435.76,2.3,SECTORAL_PORTFOLIO,BUY,1885,534.44,INR
IN002826,WIPRO,Wipro,BSE,TECHNOLOGY,09-11-2023,520.14,521.19,484.61,484.87,467.49,886769,380827.39,49.07,7.05,3.366,1.238,620.92,471.46,1.2,MIDCAP_PORTFOLIO,SELL,1299,386.86,INR
IN002853,WIPRO,Wipro,BSE,TECHNOLOGY,09-11-2023,477.77,482.94,458.37,469.23,486.61,1703142,127072,19.54,6.11,3.292,1.857,527.19,448.05,0,NIFTY50_PORTFOLIO,SELL,1951,576.61,INR
IN004198,HCLTECH,HCL Technologies,NSE,TECHNOLOGY,10-11-2023,1500.66,1533.59,1473.93,1509.17,1465.18,4527788,736886.73,77,14.16,1.385,0.822,1963.59,1387.91,0.5,MIDCAP_PORTFOLIO,BUY,1186,1693.1,INR
IN001670,POWERGRID,Power Grid Corporation,BSE,UTILITIES,10-11-2023,260.82,267.25,252.92,260.69,260.99,3420726,30015.69,27.05,12.45,2.782,1.544,271.32,176.04,0.5,NIFTY50_PORTFOLIO,HOLD,1245,188.42,INR
IN001673,POWERGRID,Power Grid Corporation,BSE,UTILITIES,10-11-2023,256.48,270.72,256.1,264.9,257.25,3467348,171440.24,72.58,6.09,2.854,1.843,279.67,168.24,5.1,NIFTY50_PORTFOLIO,BUY,152,275.78,INR
IN001696,POWERGRID,Power Grid Corporation,BSE,PHARMACEUTICALS,10-11-2023,243.64,246.18,236.51,242.74,236.87,1343372,223084.8,13.28,1.81,1.389,1.1515,302.81,170.84,5.1,NIFTY50_PORTFOLIO,HOLD,968,257.83,INR
IN001142,SBIN,State Bank of India,NSE,FINANCE,10-11-2023,583.09,590.47,556.59,568.78,573.28,3139921,462543.56,44.88,3.64,3.169,1.748,780.51,480.17,0,NIFTY50_PORTFOLIO,BUY,907,608.72,INR
IN001151,SBIN,State Bank of India,NSE,FINANCE,10-11-2023,570.86,587.81,569.49,577.72,594.75,2771784,302293.69,13.68,6.78,1.88,1.237,650.62,431.67,0.5,NIFTY50_PORTFOLIO,HOLD,1922,617.51,INR
IN001260,SBIN,State Bank of India,NSE,FINANCE,10-11-2023,629.64,665.22,624.14,648.64,664.7,4223637,289399.815,77.94,2.42,0.945,1.1655,755.21,553.05,2.3,SECTORAL_PORTFOLIO,BUY,1386,673.81,INR
IN001270,SBIN,State Bank of India,NSE,FINANCE,10-11-2023,612.04,625.96,608.39,624.51,601.53,2232193,145007.27,44,1.25,2.035,1.185,815.39,401.03,0,NIFTY50_PORTFOLIO,HOLD,658,469.04,INR
IN001711,BHARTIARTL,Bharti Airtel,NSE,TELECOMMUNICATION,12-11-2023,873.11,946.49,860.23,927.85,918.48,4532905,322159.31,27.9,1.87,1.975,1.276,1259.39,655.44,3.5,MIDCAP_PORTFOLIO,HOLD,828,955.21,INR
IN001717,BHARTIARTL,Bharti Airtel,NSE,TELECOMMUNICATION,12-11-2023,907.11,911.68,881.43,909.89,937.08,1181626,422541.84,77.39,1.05,3.576,0.418,1235.15,647,3.5,NIFTY50_PORTFOLIO,BUY,1694,724.55,INR
IN001720,BHARTIARTL,Bharti Airtel,NSE,TELECOMMUNICATION,12-11-2023,899.93,910.38,888.89,909.88,874.87,1661262,885560.93,23.26,12.12,1.823,1.623,1053.66,832.07,3.5,SECTORAL_PORTFOLIO,HOLD,109,700.12,INR
IN001726,BHARTIARTL,Bharti Airtel,NSE,TELECOMMUNICATION,12-11-2023,878.56,963.36,875.73,937.79,951.48,3092522,447343.63,79.41,8.08,1.514,1.857,1194.05,791.02,5.1,MIDCAP_PORTFOLIO,BUY,1945,755.78,INR
IN000032,KOTAKBANK,Kotak Mahindra Bank,NSE,FINANCE,12-11-2023,1812.94,1833.83,1705.75,1711.86,1721.72,3956791,754004.07,74.31,1.29,2.626,1.243,1924.54,1182.52,0.5,MIDCAP_PORTFOLIO,BUY,1799,2112.85,INR
IN001892,SUNPHARMA,Sun Pharmaceutical,BSE,PHARMACEUTICALS,12-11-2023,1152.07,1181.68,1118.43,1120.23,1087.13,2700580,286605.67,56.25,14.53,1.65,0.661,1372.67,986.61,1.2,MIDCAP_PORTFOLIO,BUY,263,1138.81,INR
IN001921,SUNPHARMA,Sun Pharmaceutical,BSE,PHARMACEUTICALS,12-11-2023,1147.67,1236.16,1131.43,1201.87,1161.6,2969980,253745.79,46.88,14.07,1.34,0.877,1271.87,892.55,2.3,NIFTY50_PORTFOLIO,BUY,1936,1205.8,INR
IN001957,SUNPHARMA,Sun Pharmaceutical,BSE,PHARMACEUTICALS,12-11-2023,1194.03,1205.86,1166.64,1179.25,1222.37,3749285,881413.85,46.88,4.88,0.6,1.714,1629.45,934.19,0.5,SECTORAL_PORTFOLIO,BUY,1949,1328.13,INR
IN002006,SUNPHARMA,Sun Pharmaceutical,BSE,PHARMACEUTICALS,12-11-2023,1218.43,1260.22,1193.19,1249.29,1204.3,4433202,1064524.86,65.82,13.73,3.137,1.38,1607.21,777.97,0.5,NIFTY50_PORTFOLIO,BUY,1504,1377,INR
IN002090,SUNPHARMA,Sun Pharmaceutical,BSE,PHARMACEUTICALS,12-11-2023,1162.66,1233.73,1159.63,1162.66,1225.78,292372,1120165.17,70.59,5.92,3.897,0.933,1438.86,1077.63,1.2,NIFTY50_PORTFOLIO,BUY,1874,1352.81,INR
IN001309,ULTRACEMCO,UltraTech Cement,BSE,INFRASTRUCTURE,12-11-2023,9368.56,9609.97,8731.33,8999.66,9328.57,4425953,2400900.99,43.495,5.48,0.897,1.958,10817.13,6445.57,3.5,NIFTY50_PORTFOLIO,BUY,1097,10144.22,INR
IN002378,KOTAKBANK,Kotak Mahindra Bank,NSE,FINANCE,01-12-2023,1816.69,1909.98,1790.08,1861.93,1870.6,4974536,931532.77,47.04,10,0.181,0.648,2009.18,1507.22,2.3,SECTORAL_PORTFOLIO,HOLD,407,1614.96,INR
IN003334,NTPC,NTPC Limited,NSE,UTILITIES,01-12-2023,354.32,358.52,342.06,354.32,354.24,4253914,37912.35,66.85,4.83,2.159,0.912,371.56,274.14,3.5,NIFTY50_PORTFOLIO,HOLD,696,407.49,INR
IN004729,ONGC,Oil & Natural Gas Corp,NSE,ENERGY,01-12-2023,278.46,278.95,266.7,270.11,276.53,3187196,232376.49,51.26,4.46,2.068,1.233,351.91,216.73,1.2,MIDCAP_PORTFOLIO,HOLD,1843,327.47,INR
IN004766,ONGC,Oil & Natural Gas Corp,NSE,ENERGY,01-12-2023,273.26,288.62,269.86,287.34,281.59,2471194,220199.34,9.9,12.02,0.149,0.97,384.17,243.18,2.3,SECTORAL_PORTFOLIO,SELL,169,276.59,INR
IN002002,AXISBANK,Axis Bank,BSE,FINANCE,04-12-2023,1115.44,1157.24,1111.37,1151.1,1189.76,2782245,529913.03,14.5,2.32,2.178,1.089,1347.95,809.02,2.3,SECTORAL_PORTFOLIO,BUY,1451,1118.36,INR
IN002048,AXISBANK,Axis Bank,BSE,FINANCE,04-12-2023,1140,1229.54,1134.99,1207.42,1219.34,3450069,825974.3,41.47,5.87,0.067,1.259,1506.91,898.41,2.3,NIFTY50_PORTFOLIO,BUY,1162,1316.86,INR
IN000780,HDFCBANK,HDFC Bank,NSE,FINANCE,04-12-2023,1534.39,1610.08,1518.74,1577.77,1519.7,2712364,523243.28,20.43,10,3.433,0.783,2106.05,1283.68,3.5,NIFTY50_PORTFOLIO,BUY,1661,1434.23,INR
IN000790,HDFCBANK,HDFC Bank,NSE,FINANCE,04-12-2023,1636.4,1741.32,1629.78,1739.9,1783.53,1863177,98574.32,26.19,14.72,0.806,1.796,1739.9,1314.79,3.5,SECTORAL_PORTFOLIO,BUY,760,1895.98,INR
IN001231,ICICIBANK,ICICI Bank,NSE,FINANCE,04-12-2023,964.01,1003.38,960.34,990.52,1022.34,1428599,465804.57,33.2,6.52,2.051,0.933,1004.16,570.95,0.5,MIDCAP_PORTFOLIO,BUY,691,744.86,INR
IN002119,ICICIBANK,ICICI Bank,NSE,FINANCE,04-12-2023,980.46,1076.28,956.66,1045.51,1011.31,325877,389077.3,21.39,5.35,2.497,1.361,1069.14,728.62,1.2,NIFTY50_PORTFOLIO,BUY,1816,915.85,INR
IN000485,SUNPHARMA,Sun Pharmaceutical,BSE,PHARMACEUTICALS,04-12-2023,1191.73,1207.77,1079.98,1112.39,1112.2,3817759,83035.62,46.88,1.59,2.2445,1.424,1460.79,970.36,1.2,SECTORAL_PORTFOLIO,BUY,1320,911.81,INR
IN002176,TECHM,Tech Mahindra,NSE,TECHNOLOGY,04-12-2023,1265.68,1329.51,1241.38,1293.71,1282.38,331035,1086843.52,26.92,8.99,1.921,1.002,1617.38,1231.86,0.5,SECTORAL_PORTFOLIO,HOLD,755,1534.56,INR
IN002185,TECHM,Tech Mahindra,NSE,TECHNOLOGY,04-12-2023,1348.43,1369.56,1336.98,1347.89,1369.99,2395139,741276.2,44.16,14.41,3.226,0.803,1732.8,1143.25,2.3,NIFTY50_PORTFOLIO,SELL,1482,1324.45,INR
IN002211,TECHM,Tech Mahindra,NSE,TECHNOLOGY,04-12-2023,1332.15,1333.89,1285.21,1310.29,1283.14,293795,1267381.66,63.44,1.47,2.245,1.859,1563.18,1048.69,1.2,SECTORAL_PORTFOLIO,HOLD,884,1619.03,INR
IN002243,TECHM,Tech Mahindra,NSE,TECHNOLOGY,04-12-2023,1349.1,1349.55,1255.22,1263.78,1263.48,2470478,536758.64,44.16,6.06,1.107,0.706,1477.82,795.81,3.5,SECTORAL_PORTFOLIO,HOLD,1971,1570.69,INR
IN001154,ADANIENT,Adani Enterprises,BSE,CONGLOMERATE,05-12-2023,2889.49,2892.98,2685.95,2763.53,2752.1,2838119,2474901.96,22.37,7.76,3.138,1.607,2962.45,2005.35,0.5,NIFTY50_PORTFOLIO,SELL,662,2186.57,INR
IN001204,ADANIENT,Adani Enterprises,NSE,CONGLOMERATE,05-12-2023,2740.05,2773.52,2524.46,2581.57,2680.88,3602104,1153613.53,54.33,8.13,2.107,0.59,3758.98,2154.41,1.2,NIFTY50_PORTFOLIO,BUY,1447,2702.02,INR
IN001237,ADANIENT,Adani Enterprises,NSE,CONGLOMERATE,05-12-2023,2797.16,2867.35,2600.73,2628.58,2713.44,1000364,2297307.37,18.77,7.76,0.675,0.585,3487.98,1817.96,0,SECTORAL_PORTFOLIO,SELL,202,2943,INR
IN000719,HCLTECH,HCL Technologies,NSE,TECHNOLOGY,05-12-2023,1542.03,1609.68,1504.75,1589.85,1581.53,4971953,1065816.57,62.62,2.71,0.709,1.951,1744,1163.99,0.5,SECTORAL_PORTFOLIO,BUY,167,1821.3,INR
IN004428,HDFCBANK,HDFC Bank,NSE,FINANCE,05-12-2023,1654.06,1679.38,1550.93,1560.42,1517.63,516682,1029723.09,47.81,9.86,0.011,1.09,1929,1233.24,1.2,SECTORAL_PORTFOLIO,BUY,56,1453.51,INR
IN004429,HDFCBANK,HDFC Bank,NSE,FINANCE,05-12-2023,1661.25,1667.74,1538.71,1583.3,1560.67,3015114,798950.83,53.5,7.5,2.068,1.266,2158.55,1285.96,5.1,MIDCAP_PORTFOLIO,BUY,1457,1965.1,INR
IN003057,HINDUNILVR,Hindustan Unilever,NSE,FMCG,06-12-2023,2422.64,2470.49,2341.38,2367.74,2383.08,3143796,869503.76,37.43,12.71,2.026,0.798,3136.57,1677.72,0,MIDCAP_PORTFOLIO,BUY,1290,2113.21,INR
IN002731,ONGC,Oil & Natural Gas Corp,NSE,ENERGY,06-12-2023,288.42,295.44,281.13,292.11,287.47,764047,173985.82,47.73,7.35,2.508,1.151,336.56,204.15,0,NIFTY50_PORTFOLIO,BUY,473,267.82,INR
IN002762,ONGC,Oil & Natural Gas Corp,NSE,ENERGY,06-12-2023,275.56,278.13,258.12,275.56,249.72,1355211,125139.47,64.05,8.39,0.373,1.514,316,222.12,5.1,SECTORAL_PORTFOLIO,SELL,1884,236.04,INR
IN001692,ONGC,Oil & Natural Gas Corp,NSE,ENERGY,07-12-2023,281.23,286.18,266.2,270.22,267.13,3590849,55304.23,61.83,5,0.591,0.68,384.37,182.39,0.5,MIDCAP_PORTFOLIO,BUY,117,216.36,INR
IN001095,RELIANCE,Reliance Industries,NSE,ENERGY,07-12-2023,2205.21,2324.58,2165.51,2295.11,2220.71,2226943,486206.95,8,13.45,3.563,1.332,2947.31,1761.22,5.1,NIFTY50_PORTFOLIO,HOLD,1641,2531,INR
IN002562,ULTRACEMCO,UltraTech Cement,BSE,INFRASTRUCTURE,07-12-2023,9856.9,10709.58,9721.15,10475.55,10659.97,3676011,2530080.06,22.68,1.46,1.567,1.204,10636.05,7537.18,5.1,NIFTY50_PORTFOLIO,BUY,1626,7747.42,INR
IN002576,ULTRACEMCO,UltraTech Cement,BSE,INFRASTRUCTURE,07-12-2023,9850.13,10035.64,9649.94,9824.97,9961.65,2813443,7565294.19,45.11,12.63,1.739,0.962,11575.17,8517.65,0.5,SECTORAL_PORTFOLIO,HOLD,298,11433.53,INR
IN002592,ULTRACEMCO,UltraTech Cement,BSE,INFRASTRUCTURE,07-12-2023,9352.09,9547.4,8698.84,8721.74,8539.51,2659234,2317336.61,53.3,7.99,0.735,1.763,10252.76,5898.01,3.5,SECTORAL_PORTFOLIO,BUY,1982,10963.91,INR
IN002611,ULTRACEMCO,UltraTech Cement,BSE,INFRASTRUCTURE,07-12-2023,9716.1,9827.44,8994.03,9248.04,8879.98,4550827,2463686.23,61.11,9.72,2.658,0.451,10568.64,7775.81,1.2,SECTORAL_PORTFOLIO,BUY,81,8608.9,INR
IN001707,MARUTI,Maruti Suzuki,BSE,AUTOMOBILE,09-12-2023,10376.61,11043.5,10146.05,10745.94,10788.13,2054815,7070226.54,13.2,6.42,0.193,1.403,12234.96,6124.08,0.5,NIFTY50_PORTFOLIO,BUY,975,11801.36,INR
IN002001,POWERGRID,Power Grid Corporation,BSE,UTILITIES,09-12-2023,253.22,266.05,247.41,258.34,268.09,900323,20933.01,54.45,10.48,0.786,0.472,267.11,161.28,5.1,MIDCAP_PORTFOLIO,HOLD,1105,267.76,INR
IN002005,POWERGRID,Power Grid Corporation,BSE,UTILITIES,09-12-2023,251.06,270.78,244.21,263.4,265.07,68862,35637.57,51.7,10.03,2.859,1.141,311.1,189.97,2.3,MIDCAP_PORTFOLIO,BUY,1959,276.33,INR
IN002320,ASIANPAINT,Asian Paints,BSE,CONSUMER GOODS,10-12-2023,3097.12,3277.65,3066.1,3255.28,3302.62,4999592,1583748.83,42.37,3.86,3.998,1.209,3255.28,1955.9,5.1,NIFTY50_PORTFOLIO,BUY,1918,3702.13,INR
IN002329,ASIANPAINT,Asian Paints,BSE,CONSUMER GOODS,10-12-2023,2880.96,3018.96,2803.7,3000.23,2924.33,2537604,2929983.13,51.76,4.31,1.865,1.673,3604.55,2582.54,5.1,SECTORAL_PORTFOLIO,BUY,783,2522.84,INR
IN002219,AXISBANK,Axis Bank,BSE,FINANCE,10-12-2023,1102.47,1122.95,1056.12,1070.51,1084.75,2593239,447235.03,11.94,9.73,2.726,1.335,1161.93,693.68,3.5,MIDCAP_PORTFOLIO,BUY,451,956.99,INR
IN002230,AXISBANK,Axis Bank,BSE,FINANCE,10-12-2023,1075.61,1122.95,1058.83,1110.77,1150.42,3146925,115011.83,17.52,6.78,1.741,1.544,1187.03,955.83,1.2,NIFTY50_PORTFOLIO,BUY,820,888.64,INR
IN002283,AXISBANK,Axis Bank,BSE,FINANCE,10-12-2023,1103.46,1139.22,1099.53,1108.65,1075.24,1483840,732579.4,36.77,4.58,2.811,1.536,1413.11,980.44,0.5,MIDCAP_PORTFOLIO,BUY,1985,832.56,INR
IN004168,HDFCBANK,HDFC Bank,NSE,FINANCE,10-12-2023,1567.73,1607.03,1455.98,1494.27,1525.68,2124498,491373.02,52.64,13.6,0.737,0.912,1762.64,1325.83,3.5,NIFTY50_PORTFOLIO,BUY,369,1453.21,INR
IN004191,HDFCBANK,HDFC Bank,NSE,FINANCE,10-12-2023,1540.57,1612.58,1497.25,1591.71,1612.62,385371,1593027.15,53.93,1.89,3.494,1.872,1920.74,1101.38,2.3,MIDCAP_PORTFOLIO,BUY,1535,1477.43,INR
IN004193,HDFCBANK,HDFC Bank,NSE,ENERGY,10-12-2023,1630.34,1641.1,1535.36,1575.7,1607.14,3601057,273061.46,17.74,4.38,1.63,1.792,2222.75,1191.62,5.1,MIDCAP_PORTFOLIO,BUY,150,1894.89,INR
IN004252,HDFCBANK,HDFC Bank,NSE,FINANCE,10-12-2023,1673.71,1778.9,1627.56,1727.58,1791.37,4754468,939097.39,37.72,2.03,3.084,1.09,1727.58,1008.61,1.2,MIDCAP_PORTFOLIO,BUY,1539,1492.57,INR
IN002667,ONGC,Oil & Natural Gas Corp,NSE,ENERGY,10-12-2023,267.94,287.73,263.34,286.33,297.35,3803973,18894.05,53.03,11.73,1.913,1.479,372.85,264.85,2.3,SECTORAL_PORTFOLIO,BUY,1995,218.81,INR
IN002702,ONGC,Oil & Natural Gas Corp,NSE,ENERGY,10-12-2023,274.47,293.13,269.39,290.97,298.85,4085879,258496.8,52.39,7,3.218,0.513,303.37,235.63,0,SECTORAL_PORTFOLIO,BUY,1411,219.27,INR
IN002710,ONGC,Oil & Natural Gas Corp,NSE,ENERGY,10-12-2023,266.79,268.34,263.07,268.12,259.24,4939917,37213.89,35.46,12.68,1.589,1.822,324.31,191.97,3.5,SECTORAL_PORTFOLIO,BUY,405,285,INR
IN001874,POWERGRID,Power Grid Corporation,BSE,UTILITIES,10-12-2023,257.08,278.99,251.57,271.79,281.59,2445836,91528.18,12.07,14.68,0.547,1.784,312.05,192.96,0,NIFTY50_PORTFOLIO,BUY,1100,285.52,INR
IN001902,POWERGRID,Power Grid Corporation,BSE,UTILITIES,10-12-2023,247.61,257.29,244.46,253.68,253.5,106618,81360.29,36.35,11.83,1.209,0.891,295.36,187.15,2.3,MIDCAP_PORTFOLIO,SELL,379,297.63,INR
IN001909,POWERGRID,Power Grid Corporation,BSE,UTILITIES,10-12-2023,258.7,265.85,243.12,249.74,247.67,2809256,160925.96,77.87,7.19,2.236,0.446,325.09,165.86,3.5,MIDCAP_PORTFOLIO,BUY,1550,247.77,INR
IN001917,POWERGRID,Power Grid Corporation,BSE,UTILITIES,10-12-2023,240.33,248.4,234.08,245.16,238.87,1450077,120024.76,79,13.01,3.932,0.969,245.16,154.06,1.2,NIFTY50_PORTFOLIO,BUY,28,234.56,INR
IN001960,POWERGRID,Power Grid Corporation,BSE,UTILITIES,10-12-2023,258.68,270.97,255.22,265,275.14,207061,46309.27,9.37,8.885,1.152,0.44,331.15,189.97,3.5,MIDCAP_PORTFOLIO,BUY,602,248.51,INR
IN001973,POWERGRID,Power Grid Corporation,BSE,UTILITIES,10-12-2023,247.58,251.76,244.79,245.49,243.12,4701934,77278.41,37.92,13.93,2.769,1.069,271.19,168.2,3.5,NIFTY50_PORTFOLIO,BUY,1587,253.66,INR
IN000833,WIPRO,Wipro,BSE,TECHNOLOGY,10-12-2023,513.08,522.95,501.14,513.08,511.55,2830980,65059.46,56.05,4.76,0.722,0.455,606.7,359.09,1.2,SECTORAL_PORTFOLIO,BUY,313,535.39,INR
IN000907,WIPRO,Wipro,BSE,TECHNOLOGY,10-12-2023,502.33,503.93,481.45,483.97,487.74,75957,75471.1,75.35,3.98,3.881,0.989,534.72,460.75,5.1,SECTORAL_PORTFOLIO,BUY,1134,420.47,INR
IN000910,WIPRO,Wipro,BSE,TECHNOLOGY,10-12-2023,515.01,531.21,511.05,519.52,513.31,3448596,255127.93,14.23,3.84,3.27,1.417,587.38,387.94,0.5,SECTORAL_PORTFOLIO,HOLD,1802,572.49,INR
IN001806,HINDUNILVR,Hindustan Unilever,NSE,FMCG,12-12-2023,2572.26,2685.01,2525.35,2607.52,2565.64,2201200.5,2282502.04,45.36,8.22,0.51,0.949,3224.89,2111.42,3.5,SECTORAL_PORTFOLIO,SELL,107,2451.2,INR
IN000499,SUNPHARMA,Sun Pharmaceutical,BSE,PHARMACEUTICALS,12-12-2023,1211.96,1282.57,1187.82,1254.07,1270.46,266819,114392,77.52,7.46,1.689,1.108,1422.51,897.72,2.3,SECTORAL_PORTFOLIO,HOLD,236,1165.34,INR
IN000519,SUNPHARMA,Sun Pharmaceutical,BSE,PHARMACEUTICALS,12-12-2023,1194.34,1269.03,1188.37,1249.88,1235.3,4231606,168462.4,25.35,7.735,3.479,1.519,1550.08,1018.86,2.3,SECTORAL_PORTFOLIO,BUY,643,955.11,INR
IN002182,ASIANPAINT,Asian Paints,BSE,CONSUMER GOODS,01-01-2024,2873.88,2876.69,2784.41,2797.25,2811.2,4955166,2734056.7,23.81,10.84,0.677,1.949,3789.13,1962.77,3.5,MIDCAP_PORTFOLIO,BUY,503,2615.29,INR
IN002199,ASIANPAINT,Asian Paints,BSE,CONSUMER GOODS,01-01-2024,3057.04,3078.33,2939.75,3012.27,2989.82,1891366,2288906.71,31.28,13.11,1.396,1.292,3691.21,2175.15,5.1,NIFTY50_PORTFOLIO,BUY,1909,2665.09,INR
IN002233,ASIANPAINT,Asian Paints,BSE,CONSUMER GOODS,01-01-2024,3094.44,3177.87,2906.6,2940.27,3033.54,3252992,828071.06,26.75,14.8,3.15,0.913,3962.83,2116.89,0.5,MIDCAP_PORTFOLIO,HOLD,49,2463.63,INR
IN003599,MARUTI,Maruti Suzuki,BSE,AUTOMOBILE,01-01-2024,10288.4,10568.21,10176.61,10400.68,10442.58,763692,9710141.96,10.2,3.78,3.945,1.995,10680.33,6207.67,3.5,NIFTY50_PORTFOLIO,BUY,1308,11870.16,INR
IN003601,MARUTI,Maruti Suzuki,BSE,AUTOMOBILE,01-01-2024,10457.91,10565.28,9927.46,9960.68,9811.08,185309,759960.21,31.72,3.39,2.787,0.974,11608.58,6636.24,0.5,NIFTY50_PORTFOLIO,HOLD,1982,12034.58,INR
IN003610,MARUTI,Maruti Suzuki,BSE,AUTOMOBILE,01-01-2024,9554.71,9671.28,9048.61,9182.83,9140.16,4862316,4435146.26,57.65,7.84,3.925,1.663,13762.21,7670.63,1.2,MIDCAP_PORTFOLIO,SELL,1238,9365.24,INR
IN003549,NESTLEIND,Nestle India,BSE,FMCG,01-01-2024,23018.36,24535.7,22452.12,24422.99,24697.34,4044218,6576877.52,59.86,8.27,1.9485,0.809,25242.64,19885.06,0,NIFTY50_PORTFOLIO,BUY,1718,22346.56,INR
IN002159,NTPC,NTPC Limited,NSE,UTILITIES,01-01-2024,335.67,343.99,326.22,327.7,320.62,2650025,26045.1,42.37,8.28,1.985,1.757,466.18,244.77,5.1,MIDCAP_PORTFOLIO,BUY,1024,264.49,INR
IN004572,ONGC,Oil & Natural Gas Corp,NSE,ENERGY,01-01-2024,286.99,296.65,286.4,291.57,299.95,3025258,176102.51,24.28,7.9,3.953,0.901,365.92,254.57,0,MIDCAP_PORTFOLIO,BUY,1434,238.37,INR
IN004606,ONGC,Oil & Natural Gas Corp,NSE,ENERGY,01-01-2024,283.22,290.13,260.87,267.38,261.98,3249822,39705,56.92,14.04,1.194,0.651,351.51,172.99,5.1,SECTORAL_PORTFOLIO,BUY,1409,298.03,INR
IN004097,RELIANCE,Reliance Industries,NSE,ENERGY,01-01-2024,2172.18,2219.47,2068.13,2108.02,2108.1,4511956,1662298.6,44.76,3.79,2.589,1.407,2787.93,1972.3,0.5,MIDCAP_PORTFOLIO,BUY,410,1922.43,INR
IN004143,RELIANCE,Reliance Industries,NSE,ENERGY,01-01-2024,2261.01,2294.47,2065.64,2261.01,2081.49,3673751,981551.83,26.1,8.545,2.037,1.174,2610.46,1457.52,5.1,MIDCAP_PORTFOLIO,SELL,1913,1914.54,INR
IN004164,RELIANCE,Reliance Industries,NSE,ENERGY,01-01-2024,2242.7,2403.18,2238.02,2385.39,2386.38,1743585,1509022.91,23.05,10.07,0.235,0.542,2644.47,2087.98,2.3,NIFTY50_PORTFOLIO,HOLD,1635,2182.36,INR
IN004205,RELIANCE,Reliance Industries,NSE,ENERGY,01-01-2024,2185.43,2240.36,2169.09,2205.41,2215.85,1581454,1925398.77,42.64,13.57,3.13,1.457,2941.18,1618.17,3.5,MIDCAP_PORTFOLIO,HOLD,938,2547.06,INR
IN004224,RELIANCE,Reliance Industries,NSE,ENERGY,01-01-2024,2244.66,2344.42,2209.38,2292.36,2208.52,2694625,1145153.85,71.97,5.58,3.031,0.59,2824.15,1737.26,0,MIDCAP_PORTFOLIO,HOLD,559,1758.83,INR
IN004243,RELIANCE,Reliance Industries,NSE,ENERGY,01-01-2024,2273.39,2301.99,2195.11,2247.85,2335.62,4824177,460751.33,40.42,4,0.891,1.144,2432.83,1605.41,5.1,NIFTY50_PORTFOLIO,BUY,1765,2361.41,INR
IN003847,TECHM,Tech Mahindra,NSE,TECHNOLOGY,01-01-2024,1295.81,1390.97,1270.17,1368.22,1410.1,2143274,304380.39,9.59,2.6,1.274,1.941,1653.99,872.12,2.3,SECTORAL_PORTFOLIO,SELL,390,1349.77,INR
IN003881,TECHM,Tech Mahindra,NSE,TECHNOLOGY,01-01-2024,1303.14,1303.81,1217.99,1303.14,1189.32,506498,857342.76,48.32,9.57,1.575,0.62,1537.08,1165.22,5.1,NIFTY50_PORTFOLIO,BUY,1607,1257.89,INR
IN003456,ADANIENT,Adani Enterprises,NSE,CONGLOMERATE,02-01-2024,2886.34,3120.97,2830.82,3044.66,3084.05,4426748,880639.37,77.44,8.83,2.451,0.882,3567.62,1818.48,5.1,MIDCAP_PORTFOLIO,BUY,1684,3430.2,INR
IN001288,HCLTECH,HCL Technologies,NSE,TECHNOLOGY,02-01-2024,1454.36,1550.12,1435.58,1454.36,1538.98,3338281,154505.87,12.44,10.76,0.397,1.857,1627.81,1331.48,1.2,MIDCAP_PORTFOLIO,BUY,1430,1177.65,INR
IN002693,POWERGRID,Power Grid Corporation,BSE,UTILITIES,02-01-2024,249.67,268.64,248.83,265.6,261.1,3891157,207818.53,74.7,8.885,2.509,1.239,310.72,183.34,0.5,SECTORAL_PORTFOLIO,BUY,846,196.84,INR
IN003900,BAJFINANCE,Bajaj Finance,NSE,NBFC,03-01-2024,6990.23,7085.83,6755.04,6784.01,6638.46,836149,3938677.51,17.7,8.97,2.413,1.398,9649.74,4992.27,3.5,SECTORAL_PORTFOLIO,BUY,844,8019.9,INR
IN003931,BAJFINANCE,Bajaj Finance,NSE,NBFC,03-01-2024,6788.21,6798.56,6234.54,6346.87,6415.99,4335500,2687009.91,29.54,8.97,1.613,0.823,9217.29,5753.14,0.5,NIFTY50_PORTFOLIO,HOLD,405,8487.24,INR
IN001743,MARUTI,Maruti Suzuki,BSE,AUTOMOBILE,03-01-2024,9541.07,9660.93,9435.69,9501.38,9405.42,3062030,2639140.24,41.06,11.32,1.028,0.996,12585.44,7614.18,3.5,NIFTY50_PORTFOLIO,BUY,1269,8840.56,INR
IN003399,MARUTI,Maruti Suzuki,BSE,AUTOMOBILE,03-01-2024,9974.72,10588.91,9843.72,10521.1,10639.51,256511,2450399.14,55.29,13.64,2.891,0.896,11771.76,6968.33,5.1,MIDCAP_PORTFOLIO,BUY,441,11003.94,INR
IN003436,MARUTI,Maruti Suzuki,BSE,AUTOMOBILE,03-01-2024,10101.98,10159.25,10076.51,10108.55,10110.07,80089,8358991.45,41.06,7.33,1.866,0.45,10674.51,6453.34,5.1,NIFTY50_PORTFOLIO,HOLD,915,11419.54,INR
IN003501,MARUTI,Maruti Suzuki,BSE,AUTOMOBILE,03-01-2024,9767.17,10007.26,9537.52,9767.17,10196.78,395467,7352581.41,63.49,9.07,0.454,0.601,11567.71,6666.63,3.5,NIFTY50_PORTFOLIO,HOLD,323,8074,INR
IN003528,MARUTI,Maruti Suzuki,BSE,AUTOMOBILE,03-01-2024,9655.01,10342.34,9379.75,10201.33,9952.09,3982138,1393682.64,72.53,13.43,2.923,1.658,11449.75,6847.99,1.2,MIDCAP_PORTFOLIO,BUY,855,11036.09,INR
IN001378,RELIANCE,Reliance Industries,NSE,ENERGY,03-01-2024,2123.3,2186.39,2013.46,2020.27,1998.66,2422094,1188531.14,44.76,6.94,2.134,0.77,2367.72,1882.22,2.3,NIFTY50_PORTFOLIO,SELL,641,1674.7,INR
IN001464,RELIANCE,Reliance Industries,NSE,ENERGY,03-01-2024,2292.88,2331.67,2245.58,2292.88,2328.42,1531171,798199.04,10.69,10.61,3.528,1.417,2349.98,1816.96,3.5,SECTORAL_PORTFOLIO,SELL,57,2507.96,INR
IN002285,ASIANPAINT,Asian Paints,BSE,CONSUMER GOODS,04-01-2024,2969.04,3031.89,2759.69,2771.84,2759.63,397455,2359119.97,35.29,7.27,0.331,0.625,3746.94,1868.67,0,SECTORAL_PORTFOLIO,SELL,1189,3252.88,INR
IN002295,ASIANPAINT,Asian Paints,BSE,ENERGY,04-01-2024,2983.39,3004.41,2860.23,2864.44,2787.34,4104553,648783.63,11.18,7.47,1.495,1.945,3162.14,2707.09,2.3,NIFTY50_PORTFOLIO,HOLD,459,2316.31,INR
IN002496,ASIANPAINT,Asian Paints,BSE,CONSUMER GOODS,04-01-2024,2866.63,2872.89,2669.22,2685.96,2713.28,214957,2461845.7,14.13,7.63,3.045,0.914,3394.2,2256.85,5.1,NIFTY50_PORTFOLIO,SELL,401,2973.3,INR
IN002502,ASIANPAINT,Asian Paints,BSE,CONSUMER GOODS,04-01-2024,3134.19,3244.75,3058.51,3234.16,3165.06,511185,1367302.23,68.28,9.79,2.032,0.404,3887.06,1889.04,5.1,NIFTY50_PORTFOLIO,HOLD,1461,3333.61,INR
IN002512,ASIANPAINT,Asian Paints,BSE,CONSUMER GOODS,04-01-2024,3095.49,3145.61,3050.48,3129.5,3202.29,720389,857168.16,41.67,1.24,1.492,0.605,3996.44,2267.78,0.5,SECTORAL_PORTFOLIO,BUY,1799,3012.74,INR
IN002524,ASIANPAINT,Asian Paints,BSE,CONSUMER GOODS,04-01-2024,2921.05,2978.43,2900.89,2942.65,2979.22,3076505,1411088.36,48.1,10.88,3.082,1.607,3260.42,2217.59,5.1,MIDCAP_PORTFOLIO,SELL,1786,3175.23,INR
IN002527,ASIANPAINT,Asian Paints,BSE,CONSUMER GOODS,04-01-2024,2959.77,2993.81,2807.52,2812.8,2873.2,4868381,2905841.83,61.47,7.74,0.129,0.546,3313.98,2156.57,2.3,NIFTY50_PORTFOLIO,SELL,737,3595.08,INR
IN002541,ASIANPAINT,Asian Paints,BSE,CONSUMER GOODS,04-01-2024,2990.11,3207.59,2961.84,3129.04,3191.54,4149128,1603844.78,31.71,11.2,1.567,1.595,4078.3,2517.86,0.5,NIFTY50_PORTFOLIO,SELL,415,2383.55,INR
IN001993,BHARTIARTL,Bharti Airtel,NSE,TELECOMMUNICATION,04-01-2024,876.8,892.74,845.1,845.48,848.51,2777118,823932.06,16.34,11.38,3.181,1.189,1180.4,714.98,5.1,NIFTY50_PORTFOLIO,HOLD,1201,1082.84,INR
IN002625,SUNPHARMA,Sun Pharmaceutical,BSE,PHARMACEUTICALS,04-01-2024,1144.13,1173.74,1064.33,1096.02,1069.24,2616174,862722.81,24.58,6.38,2.524,0.723,1551.21,943.63,5.1,SECTORAL_PORTFOLIO,HOLD,129,1145.51,INR
IN002676,SUNPHARMA,Sun Pharmaceutical,BSE,PHARMACEUTICALS,04-01-2024,1249.41,1273.6,1228.05,1259.18,1283.25,868769,611604.57,15.37,8.14,2.2445,1.874,1281.42,901.72,3.5,MIDCAP_PORTFOLIO,BUY,133,1156.47,INR
IN002677,SUNPHARMA,Sun Pharmaceutical,BSE,PHARMACEUTICALS,04-01-2024,1224.25,1234.83,1203.33,1207.99,1206.76,992192,583892.79,50.5,12.1,0.749,1.139,1280.97,1024.73,2.3,MIDCAP_PORTFOLIO,BUY,1012,1466.05,INR
IN002736,SUNPHARMA,Sun Pharmaceutical,BSE,PHARMACEUTICALS,04-01-2024,1251.01,1263.66,1219.89,1220.14,1256.4,1606858,137826.78,67.38,7.735,3.37,0.966,1679.51,955.45,0.5,MIDCAP_PORTFOLIO,HOLD,882,1247.25,INR
IN002755,SUNPHARMA,Sun Pharmaceutical,BSE,PHARMACEUTICALS,04-01-2024,1241.3,1267.99,1189.57,1241.3,1231.41,4023590,306375.19,46.88,10.77,2.23,0.653,1650.78,1007.77,0,SECTORAL_PORTFOLIO,BUY,1885,1442.29,INR
IN000590,HDFCBANK,HDFC Bank,NSE,FINANCE,05-01-2024,1658.15,1668.07,1506.91,1547.45,1604.28,1668120,319796.49,10.96,2.41,0.324,1.09,2148.37,1469.58,2.3,MIDCAP_PORTFOLIO,HOLD,660,1793.64,INR
IN004756,TCS,Tata Consultancy Services,NSE,TECHNOLOGY,05-01-2024,3416.44,3438.81,3133.37,3201.11,3301.11,3457497,444758.22,47.49,13.37,2.994,0.854,4120.16,2972.65,2.3,SECTORAL_PORTFOLIO,BUY,1890,3517.78,INR
IN001202,BAJFINANCE,Bajaj Finance,NSE,NBFC,07-01-2024,7299.64,7316.88,6746.77,6844.13,7009.83,4267651,6495441.82,56.12,9.69,0.294,1.564,8740.15,5580.83,0.5,NIFTY50_PORTFOLIO,BUY,93,7786.71,INR
IN001207,BAJFINANCE,Bajaj Finance,NSE,NBFC,07-01-2024,6688.79,6811.17,6105.5,6276.11,6123.08,1779543,5031980.07,36.32,8.99,2.702,1.274,9123.66,5372.4,0.5,MIDCAP_PORTFOLIO,BUY,410,8423.89,INR
IN002852,BAJFINANCE,Bajaj Finance,NSE,NBFC,07-01-2024,6887.03,7091.08,6643.34,6648.45,6548.24,4652046,4655897.59,61.31,14.14,2.379,1.829,9367.67,6295.6,0.5,SECTORAL_PORTFOLIO,BUY,1848,6781.91,INR
IN002877,BAJFINANCE,Bajaj Finance,NSE,NBFC,07-01-2024,6844.68,7033.88,6763.37,6850.79,6869.91,3617955,3199486.41,67.79,8.99,0.61,1.233,9022.71,5049.49,3.5,NIFTY50_PORTFOLIO,SELL,1852,6796.28,INR
IN001274,NTPC,NTPC Limited,NSE,UTILITIES,07-01-2024,341.03,359.29,333.85,350.04,351.24,135623,30199.16,40.435,6.83,2.527,1.947,459.43,220.21,2.3,NIFTY50_PORTFOLIO,BUY,99,270.9,INR
IN001297,NTPC,NTPC Limited,NSE,UTILITIES,07-01-2024,343.67,367.39,336.78,366.78,372.33,3051978,174652.86,18.34,4.7,1.615,1.081,481.28,232.36,0,NIFTY50_PORTFOLIO,HOLD,712,425.96,INR
IN002924,ICICIBANK,ICICI Bank,NSE,FINANCE,08-01-2024,965.86,970.47,936.22,953.76,961.27,1344491,465804.57,39.12,14.29,0.391,1.068,1184.69,611.99,0.5,NIFTY50_PORTFOLIO,SELL,876,863.62,INR
IN002674,NESTLEIND,Nestle India,BSE,FMCG,08-01-2024,22442.52,23038.56,20762.45,21127.39,21972.3,1675146,20852433.07,78.18,5.11,1.9485,1.2725,25617.15,16826.21,1.2,MIDCAP_PORTFOLIO,HOLD,219,21732.67,INR
IN002773,NESTLEIND,Nestle India,BSE,FMCG,08-01-2024,23022.84,24118.24,22823.32,23681.29,23847.88,2005559,19642623.97,70.06,3.03,3.009,1.664,27263.21,15317.18,0,NIFTY50_PORTFOLIO,HOLD,292,25709.36,INR
IN002787,NESTLEIND,Nestle India,BSE,FMCG,08-01-2024,22470.15,23024.77,21139.62,21447.59,20778.06,3433153,18379230.3,11.43,8.27,1.736,1.204,29334.22,19651.21,0,NIFTY50_PORTFOLIO,HOLD,567,25530.92,INR
IN002801,NESTLEIND,Nestle India,BSE,FMCG,08-01-2024,22577.57,23803.87,22011.08,23746.11,23897.27,1403144,19014471.35,44.3,6.39,3.823,0.679,28240.71,20263.5,5.1,NIFTY50_PORTFOLIO,BUY,1752,17905.16,INR
IN002803,NESTLEIND,Nestle India,BSE,FMCG,08-01-2024,21485.71,23194.19,21231.26,22970.57,22165.67,1182226,10421369.44,69.21,14.05,3.394,1.142,25258.56,17582.68,0,NIFTY50_PORTFOLIO,SELL,136,18494.82,INR
IN002030,ONGC,Oil & Natural Gas Corp,NSE,ENERGY,08-01-2024,292.15,300.58,273.26,275.13,277.8,1530347,97142.81,54.94,9.32,1.1,1.03,340.96,200.63,2.3,MIDCAP_PORTFOLIO,BUY,24,233.02,INR
IN002032,ONGC,Oil & Natural Gas Corp,NSE,ENERGY,08-01-2024,288.33,295.19,281.84,285.06,290.42,2693273,207225.28,40.515,6.13,3.356,1.175,346.88,191.21,0,SECTORAL_PORTFOLIO,SELL,999,223.73,INR
IN002091,ONGC,Oil & Natural Gas Corp,NSE,ENERGY,08-01-2024,277.6,279.87,272.91,279.32,284.94,1155220,239337.96,47.38,10.31,2.037,1.696,376.94,176.9,0.5,SECTORAL_PORTFOLIO,SELL,52,261.11,INR
IN002097,ONGC,Oil & Natural Gas Corp,NSE,ENERGY,08-01-2024,283.07,291.42,276.3,277.84,267.16,578884,201638.52,50.57,7.95,3.512,0.459,300.83,169.96,2.3,MIDCAP_PORTFOLIO,BUY,1425,216.76,INR
IN002126,ONGC,Oil & Natural Gas Corp,NSE,ENERGY,08-01-2024,269.23,270.77,261.62,263.72,264.51,4127482,245803.12,56.67,10.07,2.037,1.905,360.25,252.96,0.5,NIFTY50_PORTFOLIO,BUY,1434,303.26,INR
IN002172,ONGC,Oil & Natural Gas Corp,NSE,ENERGY,08-01-2024,275.46,283.11,258.08,265.55,268.95,264943,260709.62,40.515,12.61,0.948,1.146,391.5,233.43,1.2,NIFTY50_PORTFOLIO,HOLD,1844,211.14,INR
IN002198,ONGC,Oil & Natural Gas Corp,NSE,ENERGY,08-01-2024,280.39,291.68,278.57,286.08,292.32,1326253,244468.53,40.515,7.87,2.24,0.429,387.84,222.1,0,MIDCAP_PORTFOLIO,HOLD,1994,310.28,INR
IN002202,ONGC,Oil & Natural Gas Corp,NSE,ENERGY,08-01-2024,290.89,292.44,267.02,290.89,262.09,2310259,241488.69,40.515,12,3.966,1.146,375.93,199.46,0,NIFTY50_PORTFOLIO,BUY,578,293.4,INR
IN002208,ONGC,Oil & Natural Gas Corp,NSE,ENERGY,08-01-2024,268.98,269.15,256.25,268.98,255.02,2653179,148686.86,79.42,1.1,0.943,1.876,320.1,233.2,1.2,MIDCAP_PORTFOLIO,BUY,477,320.57,INR
IN002213,ONGC,Oil & Natural Gas Corp,NSE,ENERGY,08-01-2024,292.56,299.58,287.5,298.41,307.16,2056759,204471.43,73.26,14.8,2.782,0.819,310.85,221.66,1.2,MIDCAP_PORTFOLIO,HOLD,106,256.2,INR
IN002222,ONGC,Oil & Natural Gas Corp,NSE,ENERGY,08-01-2024,277.34,296.6,276.12,290.81,285.42,838929,145330.17,77,14.84,2.191,0.831,338.12,219.98,5.1,SECTORAL_PORTFOLIO,BUY,593,338.45,INR
IN002223,ONGC,Oil & Natural Gas Corp,NSE,ENERGY,08-01-2024,266.08,273.36,257.3,261.48,271.5,1986791,102832,63.66,5.61,2.096,1.374,325.65,180.58,0.5,MIDCAP_PORTFOLIO,BUY,1259,213.71,INR
IN003136,SUNPHARMA,Sun Pharmaceutical,BSE,PHARMACEUTICALS,08-01-2024,1220.64,1245.13,1196.19,1222.35,1252.09,2583496,141008.94,28.11,7.6,3.283,0.805,1410.45,989.22,1.2,SECTORAL_PORTFOLIO,BUY,892,1271.27,INR
IN003190,SUNPHARMA,Sun Pharmaceutical,BSE,PHARMACEUTICALS,08-01-2024,1207.37,1242.34,1110.71,1144.27,1147.86,862773,354919.56,44.38,3.42,3.621,0.743,1291.15,995.01,0.5,MIDCAP_PORTFOLIO,SELL,789,1418.1,INR
IN003195,SUNPHARMA,Sun Pharmaceutical,BSE,PHARMACEUTICALS,08-01-2024,1205.85,1312.32,1205.13,1285.29,1273.85,1310795,460447.71,26,6.25,2.2445,1.913,1312.1,964.56,0.5,MIDCAP_PORTFOLIO,SELL,78,1459.57,INR
IN003196,SUNPHARMA,Sun Pharmaceutical,BSE,PHARMACEUTICALS,08-01-2024,1235.55,1235.92,1194.87,1222.5,1203.05,3637719,611604.57,21.14,14.12,2.404,1.043,1299.55,855.57,0.5,NIFTY50_PORTFOLIO,BUY,1142,1377.09,INR
IN002489,TECHM,Tech Mahindra,NSE,TECHNOLOGY,08-01-2024,1299.14,1392.06,1295.22,1367.98,1353.22,270961,661623.79,77.32,3.35,1.921,0.829,1619.17,800.12,1.2,MIDCAP_PORTFOLIO,SELL,1516,1319.79,INR
IN002544,TECHM,Tech Mahindra,NSE,TECHNOLOGY,08-01-2024,1252.13,1255.37,1203.65,1210.32,1183.55,4697059,1103628.61,69.92,7.93,0.375,1.247,1458.41,941.67,2.3,MIDCAP_PORTFOLIO,SELL,1079,1495.5,INR
IN000404,NTPC,NTPC Limited,NSE,UTILITIES,10-01-2024,352.06,361.42,341.17,345.63,337.72,4570894,179918,51.57,11.04,3.873,1.24,433.55,324,2.3,SECTORAL_PORTFOLIO,BUY,1809,420.68,INR
IN000458,NTPC,NTPC Limited,BSE,UTILITIES,10-01-2024,342.25,365.2,332.29,362.91,368.92,1285221,192686.69,30.75,13.8,0.183,1.0765,407.07,324.47,0,MIDCAP_PORTFOLIO,HOLD,1325,386.2,INR
IN000924,BAJFINANCE,Bajaj Finance,NSE,NBFC,11-01-2024,7179.43,7342.26,6782.17,6928.15,7166.02,4520516,2479021.38,49.12,7.86,3.827,1.721,9583.28,4914.86,2.3,NIFTY50_PORTFOLIO,BUY,1110,7559.88,INR
IN002072,INFY,Infosys,NSE,TECHNOLOGY,11-01-2024,1481.38,1518.98,1466.01,1502.89,1469.71,2388298,794242.47,48.07,1.71,1.457,1.18,1921.63,1065.51,0.5,MIDCAP_PORTFOLIO,HOLD,294,1385.95,INR
IN002089,INFY,Infosys,NSE,TECHNOLOGY,11-01-2024,1427.92,1502.89,1413.68,1492.07,1545.32,3680354,1432334.05,49.69,2.53,1.545,1.165,1608.31,1393.65,1.2,SECTORAL_PORTFOLIO,BUY,1930,1854.23,INR
IN001268,NTPC,NTPC Limited,NSE,UTILITIES,11-01-2024,343.1,348.4,328.69,334.25,343.86,4687260,238745.05,40.435,12.05,2.256,0.664,402.73,276.28,2.3,MIDCAP_PORTFOLIO,HOLD,905,342.41,INR
IN000146,SBIN,State Bank of India,NSE,FINANCE,11-01-2024,622.12,669.47,604.56,651.22,633.23,3109604,289399.815,22.74,11.35,2.725,1.096,789,382.91,2.3,NIFTY50_PORTFOLIO,HOLD,623,661.45,INR
IN004092,TECHM,Tech Mahindra,NSE,TECHNOLOGY,11-01-2024,1280.38,1311.7,1254.54,1268,1300.65,3796583,786013.18,26.24,13.93,0.289,0.847,1604.74,908.63,1.2,MIDCAP_PORTFOLIO,SELL,176,1419.28,INR
IN003672,BHARTIARTL,Bharti Airtel,NSE,TELECOMMUNICATION,01-02-2024,898.71,909.2,855.38,870.4,866.46,375897,157403.82,34.71,10.26,0.328,1.76,1197.19,798.69,0.5,SECTORAL_PORTFOLIO,HOLD,417,870.91,INR
IN003696,BHARTIARTL,Bharti Airtel,NSE,TELECOMMUNICATION,01-02-2024,932.3,952.24,917.24,935.79,931.82,3784626,765389.64,35.78,4.2,3.627,1.587,1009.74,746.67,5.1,MIDCAP_PORTFOLIO,SELL,467,973.07,INR
IN003705,BHARTIARTL,Bharti Airtel,NSE,TELECOMMUNICATION,01-02-2024,861.27,905.12,850.26,904.26,902.17,4201484,69274.4,48.025,13.74,0.373,1.249,1092.61,758.26,0.5,MIDCAP_PORTFOLIO,BUY,1772,882.3,INR
IN003776,BHARTIARTL,Bharti Airtel,NSE,TELECOMMUNICATION,01-02-2024,919.9,924.33,855.45,868.81,899.4,2291089,790633.15,14.36,12.29,2.056,1.063,961.8,709.4,0,SECTORAL_PORTFOLIO,HOLD,25,749.98,INR
IN003788,BHARTIARTL,Bharti Airtel,NSE,TELECOMMUNICATION,01-02-2024,869.37,871.68,838.4,857.92,839.8,4851496,840677.7,74.58,13.32,2.06,0.573,1006.8,849.62,0,NIFTY50_PORTFOLIO,BUY,318,765.64,INR
IN003855,BHARTIARTL,Bharti Airtel,NSE,TELECOMMUNICATION,01-02-2024,856.37,871.53,808.7,821.89,793.64,3347503,708801.57,47.49,9.79,2.42,1.487,1076.95,732.6,5.1,MIDCAP_PORTFOLIO,HOLD,668,872.92,INR
IN000999,HCLTECH,HCL Technologies,NSE,TECHNOLOGY,01-02-2024,1467.34,1482.98,1437.89,1447.69,1483.09,3473189,862204.75,61.85,7.97,1.877,0.855,1683.95,1314.47,5.1,SECTORAL_PORTFOLIO,BUY,1553,1458.29,INR
IN001024,HCLTECH,HCL Technologies,NSE,TECHNOLOGY,01-02-2024,1530.06,1544.8,1438.05,1448.73,1449.45,116269,1447205.33,13,9.97,1.836,1.623,2027.41,937.94,3.5,SECTORAL_PORTFOLIO,BUY,1905,1514.46,INR
IN001039,HCLTECH,HCL Technologies,NSE,TECHNOLOGY,01-02-2024,1480.5,1484.75,1423.89,1425.98,1415.78,2763668,244297.35,62.12,1.66,2.164,1.589,1630.7,911.01,0.5,MIDCAP_PORTFOLIO,SELL,409,1623.54,INR
IN003846,HCLTECH,HCL Technologies,NSE,TECHNOLOGY,01-02-2024,1470.4,1516.34,1437.88,1475.17,1420.52,3072957,847567.58,31.32,3.65,1.053,0.641,2053.47,1354.81,0,MIDCAP_PORTFOLIO,BUY,1539,1481.78,INR
IN003848,HCLTECH,HCL Technologies,NSE,TECHNOLOGY,01-02-2024,1465.92,1534.7,1430.3,1512.43,1554.52,4558928,1232629.07,49.14,2.08,1.955,1.221,1719.67,1145.97,0,SECTORAL_PORTFOLIO,HOLD,1893,1151.04,INR
IN003911,HCLTECH,HCL Technologies,NSE,TECHNOLOGY,01-02-2024,1474.03,9999999,1451.71,9999999,1557.89,2676960,847567.58,41.4,9.6,1.648,1.308,9999999,1041.48,3.5,MIDCAP_PORTFOLIO,BUY,1429,1761.85,INR
IN000661,POWERGRID,Power Grid Corporation,BSE,UTILITIES,01-02-2024,250.79,250.9,237.4,240.29,242.32,1306466,202967.75,10.06,1.57,1.729,0.972,280.33,200.38,0,MIDCAP_PORTFOLIO,SELL,1980,302.77,INR
IN000352,SUNPHARMA,Sun Pharmaceutical,BSE,PHARMACEUTICALS,01-02-2024,1245.05,1268.18,1206.57,1208.13,1179.29,3765242,883736.51,18.37,11.8,0.805,1.139,1261.46,1067.09,0,SECTORAL_PORTFOLIO,BUY,1710,1410.25,INR
IN000397,SUNPHARMA,Sun Pharmaceutical,BSE,PHARMACEUTICALS,01-02-2024,1159.84,1245.39,1149.52,1212.33,1171.6,2722822,988295.3,46.88,2.61,1.973,1.804,1462.03,1030.8,1.2,SECTORAL_PORTFOLIO,BUY,1937,1245.23,INR
IN000414,SUNPHARMA,Sun Pharmaceutical,BSE,PHARMACEUTICALS,01-02-2024,1258.62,1262.93,1163.8,1188.53,1160.45,3873958,1146857.96,54.81,2.9,1.544,0.489,1422.6,819.13,1.2,NIFTY50_PORTFOLIO,BUY,1530,1120.62,INR
IN000452,SUNPHARMA,Sun Pharmaceutical,BSE,PHARMACEUTICALS,01-02-2024,1167.21,1180.58,1129.48,1150.02,1141.6,1763910,444510.26,23.77,3.7,1.058,1.345,1273.3,887.18,5.1,MIDCAP_PORTFOLIO,BUY,265,1364.5,INR
IN000472,SUNPHARMA,Sun Pharmaceutical,BSE,PHARMACEUTICALS,01-02-2024,1213.29,1215.33,1134.18,1153.57,1121.77,2445809,1148034.58,11.61,4.99,1.07,0.708,1389.03,978.45,2.3,NIFTY50_PORTFOLIO,SELL,242,1481.11,INR
IN000478,SUNPHARMA,Sun Pharmaceutical,BSE,PHARMACEUTICALS,01-02-2024,1206.77,1217.68,1187.79,1188.97,1212.9,4296504,897024.95,74.26,2.17,3.75,1.554,1271.76,763.25,0.5,SECTORAL_PORTFOLIO,SELL,646,1404.47,INR
IN000521,SUNPHARMA,Sun Pharmaceutical,BSE,PHARMACEUTICALS,01-02-2024,1159.79,1194.5,1130.63,1186.7,1180.03,3460071,611604.57,46.88,8.84,0.773,0.82,1579.79,851.5,1.2,NIFTY50_PORTFOLIO,BUY,1776,1212.44,INR
IN001356,SUNPHARMA,Sun Pharmaceutical,BSE,PHARMACEUTICALS,01-02-2024,1155.95,1195.86,1152.16,1169.25,1196.64,1996932,611604.57,59.81,12.16,3.159,1.435,1292.63,764.09,3.5,MIDCAP_PORTFOLIO,BUY,310,922.16,INR
IN001364,SUNPHARMA,Sun Pharmaceutical,BSE,PHARMACEUTICALS,01-02-2024,1165.13,1178.65,1129.66,1134.36,1094.94,1205790,820525.51,49.16,13.53,3.897,1.463,1396.6,800.85,1.2,MIDCAP_PORTFOLIO,BUY,655,1236.36,INR
IN001373,SUNPHARMA,Sun Pharmaceutical,BSE,PHARMACEUTICALS,01-02-2024,1236.45,1241.29,1143.48,1177.01,1165.96,2152038,611604.57,72.07,5.74,2.89,0.925,1454.27,1067.75,1.2,MIDCAP_PORTFOLIO,BUY,352,1288.27,INR
IN001534,SUNPHARMA,Sun Pharmaceutical,BSE,PHARMACEUTICALS,01-02-2024,1225.32,1287.76,1194.56,1271.33,1285.34,2994064,1068262.94,22.8,8.04,0.834,1.701,1582.97,1054.73,5.1,NIFTY50_PORTFOLIO,BUY,741,958.66,INR
IN000585,TITAN,Titan Company,BSE,CONSUMER GOODS,01-02-2024,3306.93,3610.51,3295.35,3522.04,3425.99,2389908.5,3199516.75,46.98,12.51,2.122,1.8,4504.11,3152.86,1.2,MIDCAP_PORTFOLIO,BUY,1960,3450,INR
IN000592,TITAN,Titan Company,BSE,CONSUMER GOODS,01-02-2024,3526.86,3605.75,3433.35,3518.77,3594.66,3611112,1678614.41,55.19,2.49,0.472,1.16,4028.67,2661.95,1.2,SECTORAL_PORTFOLIO,BUY,494,2684.88,INR
IN000593,TITAN,Titan Company,BSE,CONSUMER GOODS,01-02-2024,3498.43,3601.04,3256.42,3498.43,3458.78,4035633,2159697.88,27.12,13.47,2.069,1.16,4212.24,2219.42,0,MIDCAP_PORTFOLIO,HOLD,339,3642.97,INR
IN000600,TITAN,Titan Company,BSE,CONSUMER GOODS,01-02-2024,3495.9,3589.22,3351.44,3389.2,3472.88,3814139,1215641.15,42.25,6.43,2.843,0.949,4548.67,2696.36,0,NIFTY50_PORTFOLIO,BUY,1304,2997.04,INR
IN004701,TITAN,Titan Company,BSE,CONSUMER GOODS,01-02-2024,3329.38,3559.5,3284.31,3464.94,3556.91,1588111,3105427.04,53.33,8.82,3.772,1.494,3768.93,2498.53,1.2,NIFTY50_PORTFOLIO,BUY,844,4113.66,INR
IN002036,HINDUNILVR,Hindustan Unilever,NSE,FMCG,02-02-2024,2503.62,2564.73,2442,2505.74,2539.82,1748693,1398609.34,23.87,8.21,3.311,1.3,3296.8,2085.04,3.5,SECTORAL_PORTFOLIO,BUY,85,2250.04,INR
IN001284,POWERGRID,Power Grid Corporation,BSE,FINANCE,02-02-2024,254.98,261.35,253.48,259.89,267,1207291,233260.2,63.06,11.1,2.609,0.881,335.9,185.76,0,SECTORAL_PORTFOLIO,BUY,1053,228.69,INR
IN004277,ADANIENT,Adani Enterprises,NSE,CONGLOMERATE,04-02-2024,2682.7,2723.02,2479.42,2500.81,2483.73,3294680,1984782.86,73.62,13.7,0.789,1.814,3853.29,2195.77,3.5,MIDCAP_PORTFOLIO,BUY,1810,2548.04,INR
IN004297,ADANIENT,Adani Enterprises,NSE,CONGLOMERATE,04-02-2024,2737.35,2869.83,2719.53,2801.57,2787.37,2811324,1477388.85,76.26,9.91,1.585,1.279,3677.05,1770.82,3.5,NIFTY50_PORTFOLIO,BUY,1338,2357.47,INR
IN004349,ADANIENT,Adani Enterprises,NSE,CONGLOMERATE,04-02-2024,2731.47,2732.53,2652.81,2655.93,2556.52,4452385,2556095.77,44.59,11.47,3.478,0.849,3087.91,2397.76,3.5,MIDCAP_PORTFOLIO,BUY,1232,3116.37,INR
IN004200,NTPC,NTPC Limited,NSE,UTILITIES,04-02-2024,350.46,351.14,327.3,335.1,328.24,1064448,224872.06,8.15,7.9,3.921,1.834,448.24,259.16,3.5,SECTORAL_PORTFOLIO,BUY,1840,386.78,INR
IN004246,NTPC,NTPC Limited,NSE,UTILITIES,04-02-2024,348.55,354.08,345.84,346.98,350.19,1416938,287170,43.42,12.08,2.035,0.631,423.52,313.39,2.3,SECTORAL_PORTFOLIO,HOLD,1222,328.29,INR
IN004265,NTPC,NTPC Limited,NSE,FMCG,04-02-2024,344.27,345.33,322.7,330.4,339.72,854596,331087.75,40.435,11.68,2.337,1.666,474.29,273.44,2.3,MIDCAP_PORTFOLIO,HOLD,142,432.37,INR
IN004295,NTPC,NTPC Limited,NSE,UTILITIES,04-02-2024,350.22,359.47,332.43,340.95,336.55,842278,19695.37,21.96,1.28,3.246,1.44,369.72,277.35,2.3,NIFTY50_PORTFOLIO,BUY,585,315.39,INR
IN004309,NTPC,NTPC Limited,NSE,UTILITIES,04-02-2024,349.59,380.35,342.84,373.51,365.78,1916096,115704.16,40.435,11.46,2.035,1.837,425.9,252.54,0,SECTORAL_PORTFOLIO,HOLD,1334,355.05,INR
IN004348,NTPC,NTPC Limited,NSE,UTILITIES,04-02-2024,351.07,380.31,349.05,375.24,371.15,1833796,304624.05,9.97,7.39,3.861,0.69,397.39,323.04,0.5,MIDCAP_PORTFOLIO,HOLD,1232,312.61,INR
IN004385,NTPC,NTPC Limited,NSE,UTILITIES,04-02-2024,365.54,368.29,362.6,365.01,369.8,719763,261344.79,56.33,6.93,3.344,0.471,456.25,266.58,5.1,SECTORAL_PORTFOLIO,HOLD,1076,425.32,INR
IN004398,NTPC,NTPC Limited,NSE,UTILITIES,04-02-2024,364.51,373.1,335.88,345.45,352.18,3662419,45911.52,26.2,7.49,0.873,1.148,372.87,282.08,0,SECTORAL_PORTFOLIO,BUY,997,412.76,INR
IN000418,ONGC,Oil & Natural Gas Corp,NSE,ENERGY,04-02-2024,280.61,365.8378294,280.61,285.97,283.87,3156347,168155.26,71.67,7.9,0.126,1.949,313.12,254.06,0,SECTORAL_PORTFOLIO,BUY,864,258.64,INR
IN000422,ONGC,Oil & Natural Gas Corp,NSE,ENERGY,04-02-2024,282.81,283.22,266.34,273.29,276.25,3039123,209410.48,19.04,5.64,2.037,0.402,364.23,196.15,2.3,NIFTY50_PORTFOLIO,BUY,1946,306.14,INR
IN000449,ONGC,Oil & Natural Gas Corp,NSE,ENERGY,04-02-2024,287.36,292.07,280.14,284.98,282.94,765483,168155.26,23.86,3.01,3.358,1.077,305.92,203.32,1.2,SECTORAL_PORTFOLIO,BUY,1417,313.23,INR
IN000460,ONGC,Oil & Natural Gas Corp,NSE,ENERGY,04-02-2024,291.99,296.71,266.6,272.09,273.81,3978756,168155.26,40.515,11.34,1.177,0.838,391.63,211.7,0.5,SECTORAL_PORTFOLIO,SELL,582,317.82,INR
IN000463,ONGC,Oil & Natural Gas Corp,NSE,ENERGY,04-02-2024,287.1,293.51,266.24,268.03,266.27,1591431,81416.39,48.78,7.14,1.653,0.632,377.07,241.75,0.5,MIDCAP_PORTFOLIO,BUY,1564,334,INR
IN000482,ONGC,Oil & Natural Gas Corp,NSE,ENERGY,04-02-2024,276.24,280.11,263.01,268.87,266.62,2443881,178971.61,12.13,2.76,0.023,1.684,305.69,192.66,5.1,NIFTY50_PORTFOLIO,SELL,237,275.07,INR
IN002384,HCLTECH,HCL Technologies,NSE,TECHNOLOGY,05-02-2024,1466.28,1493.06,1451.24,1462.56,1452.56,2693859,700915.16,13.14,14.4,0.314,0.987,2064.9,1414.5,1.2,SECTORAL_PORTFOLIO,BUY,347,1130.21,INR
IN002386,HCLTECH,HCL Technologies,NSE,TECHNOLOGY,05-02-2024,1564.72,1603.33,1553.97,1585.24,1612.5,117579,381083.97,41.4,8.71,3.875,1.569,1964.42,1088.31,0,NIFTY50_PORTFOLIO,BUY,478,1275.87,INR
IN002689,HINDUNILVR,Hindustan Unilever,NSE,FMCG,05-02-2024,2429.43,2494.08,2381.02,2440.11,2348.81,2201200.5,1627767.46,76.42,12.1,0.293,1.254,2776.21,2041.68,5.1,MIDCAP_PORTFOLIO,BUY,1811,2579.06,INR
IN002706,HINDUNILVR,Hindustan Unilever,NSE,FMCG,05-02-2024,2608.4,2722.87,2569.86,2720.47,2693.72,2757697,901787.87,67.13,7.88,1.146,1.584,3172.36,2302.18,1.2,MIDCAP_PORTFOLIO,BUY,779,2547.05,INR
IN001315,NESTLEIND,Nestle India,BSE,FMCG,05-02-2024,21167.73,21629.67,20521.97,21140.01,20335.98,1388228,14951656.39,27.68,3.21,1.9485,1.411,27728.7,19605.89,0.5,MIDCAP_PORTFOLIO,BUY,1437,20447.2,INR
IN001324,NESTLEIND,Nestle India,BSE,FMCG,05-02-2024,21262.17,22418.19,21236.61,21945.1,22115.62,4895743,20808680.65,30.86,6.46,3.291,0.435,24542.12,19808.84,3.5,MIDCAP_PORTFOLIO,HOLD,584,21552.81,INR
IN000853,ONGC,Oil & Natural Gas Corp,NSE,ENERGY,05-02-2024,279.78,281.01,265.46,271.78,267.14,2955150,168155.26,13.96,10.02,2.525,1.723,352.96,212.59,1.2,SECTORAL_PORTFOLIO,HOLD,175,232.12,INR
IN000879,ONGC,Oil & Natural Gas Corp,NSE,ENERGY,05-02-2024,273.03,284.08,272.37,281.96,290.85,2699963.5,78661.15,38.45,5.46,0.519,1.22,301.54,226.12,2.3,MIDCAP_PORTFOLIO,HOLD,1043,318.74,INR
IN000880,ONGC,Oil & Natural Gas Corp,NSE,ENERGY,05-02-2024,284.21,295.46,280.2,289.18,280.3,2252817,220323.48,28.64,12.76,2.037,1.499,363.92,263.45,0.5,SECTORAL_PORTFOLIO,BUY,784,318.52,INR
IN000933,ONGC,Oil & Natural Gas Corp,NSE,ENERGY,05-02-2024,289.44,290.77,278.51,283.76,288.73,2699963.5,179065.82,17.36,5.42,1.022,1.915,365.21,253.54,2.3,NIFTY50_PORTFOLIO,BUY,699,268.4,INR
IN003865,POWERGRID,Power Grid Corporation,BSE,UTILITIES,05-02-2024,237.84,238.31,218.77,223.46,214.88,3786320,114880.52,55.49,10.03,0.79,0.993,264.66,207.83,5.1,MIDCAP_PORTFOLIO,BUY,1901,304.51,INR
IN003894,POWERGRID,Power Grid Corporation,BSE,UTILITIES,05-02-2024,261.69,262.77,250.32,261.69,250.43,497418,233932.45,27.52,8.885,1.773,1.212,332.06,155.12,5.1,MIDCAP_PORTFOLIO,SELL,599,258.5,INR
IN004040,TCS,Tata Consultancy Services,NSE,TECHNOLOGY,05-02-2024,3344.6,3375.2,3316.03,3349.62,3323.47,3135922,2326621.27,69.15,4.45,3.05,1.518,3812.68,3162.14,3.5,SECTORAL_PORTFOLIO,SELL,311,4148.04,INR
IN004067,TCS,Tata Consultancy Services,NSE,TECHNOLOGY,05-02-2024,3376.61,3657.66,3347.82,3594.41,3610.31,1003947,2006692.08,27.01,1.27,3.475,1.332,4382.34,2734.55,3.5,NIFTY50_PORTFOLIO,BUY,455,3912.46,INR
IN004134,TCS,Tata Consultancy Services,NSE,TECHNOLOGY,05-02-2024,3374.93,3676.28,3313.11,3598.55,3518.26,2295141,1603145.46,43.26,10.1,3.598,0.707,4241.85,3230.39,0,SECTORAL_PORTFOLIO,BUY,1725,3789.77,INR
IN004149,TCS,Tata Consultancy Services,NSE,TECHNOLOGY,05-02-2024,3351.6,3398.8,3311.72,3350.05,3333.2,4688491,1473951.6,72.03,14.21,2.115,0.444,4545.26,2477.14,1.2,SECTORAL_PORTFOLIO,SELL,609,3121.7,INR
IN004185,TCS,Tata Consultancy Services,NSE,TECHNOLOGY,05-02-2024,3353.03,3631.75,3332.67,3569.31,3455.72,715357,3054256.29,43.14,13.13,3.929,0.77,4398.13,2635.74,2.3,SECTORAL_PORTFOLIO,BUY,351,3272.93,INR
IN000688,TITAN,Titan Company,BSE,CONSUMER GOODS,05-02-2024,3365.4,3455.8,3229.91,3270.32,3398.3,2926634,631465.91,45.71,5.04,1.624,0.753,4343.43,3012.59,3.5,SECTORAL_PORTFOLIO,HOLD,1982,4042.99,INR
IN000713,TITAN,Titan Company,BSE,CONSUMER GOODS,05-02-2024,3508.95,3725.96,3412.79,3624.39,3624.07,4343260,3380101.77,57.67,14.86,2.428,1.157,4469.14,2499.41,5.1,SECTORAL_PORTFOLIO,HOLD,1944,3530.28,INR
IN001108,WIPRO,Wipro,BSE,TECHNOLOGY,05-02-2024,524.39,566.1,520.98,554.06,568.08,357687,255127.93,53.47,2.48,0.003,0.866,586.28,441.35,2.3,MIDCAP_PORTFOLIO,BUY,251,513.02,INR
IN001119,WIPRO,Wipro,BSE,TECHNOLOGY,05-02-2024,514.3,527.63,478.4,483.65,464.39,3201514,393509.19,54.13,11.56,3.399,1.238,571.74,306.21,1.2,SECTORAL_PORTFOLIO,HOLD,1443,584.39,INR
IN003284,ICICIBANK,ICICI Bank,NSE,FINANCE,07-02-2024,928.81,959.94,921.45,957.8,991.94,1226367,639860.7,52.59,4.47,2.469,1.291,1084.75,897.58,3.5,SECTORAL_PORTFOLIO,BUY,97,1010.41,INR
IN000680,POWERGRID,Power Grid Corporation,BSE,UTILITIES,07-02-2024,249.12,250.22,226.21,231.94,235.43,3573883,181438.99,42.36,2.45,1.581,1.165,331.66,164.8,2.3,NIFTY50_PORTFOLIO,HOLD,1843,204.64,INR
IN000708,POWERGRID,Power Grid Corporation,BSE,UTILITIES,07-02-2024,254.92,255.75,235.56,254.92,232.13,4321974,113977.08,23.32,4.9,3.405,0.56,280.09,150.92,5.1,NIFTY50_PORTFOLIO,BUY,741,294.7,INR
IN000745,POWERGRID,Power Grid Corporation,BSE,UTILITIES,07-02-2024,258.25,263.7,250.47,254.58,259.7,3060808,87776.47,65.59,4.91,1.279,1.933,287.05,203.39,1.2,MIDCAP_PORTFOLIO,BUY,812,231.06,INR
IN000847,POWERGRID,Power Grid Corporation,BSE,UTILITIES,07-02-2024,240.73,256.33,238.6,252.18,252.46,1998002,120024.76,39.92,4.35,1.527,1.088,348.1,222.11,3.5,NIFTY50_PORTFOLIO,BUY,1914,261.37,INR
IN000864,POWERGRID,Power Grid Corporation,BSE,UTILITIES,07-02-2024,240.88,256.95,236.29,252.94,244.41,2519523,120024.76,52.84,8.68,3.792,1.823,305.51,162.1,2.3,NIFTY50_PORTFOLIO,BUY,1823,277.62,INR
IN001048,RELIANCE,Reliance Industries,NSE,ENERGY,07-02-2024,2126.53,2187.47,2024.68,2042.07,2004.38,2636842,1903604.23,63.25,4.31,3.524,1.327,2798.58,1614.01,2.3,SECTORAL_PORTFOLIO,BUY,336,2123.58,INR
IN001900,WIPRO,Wipro,BSE,TECHNOLOGY,07-02-2024,519.24,527.44,505.93,507.69,523.75,4162305,304898.56,71.54,7.05,2.287,1.477,601,380.1,0,SECTORAL_PORTFOLIO,HOLD,1168,425.83,INR
IN000712,BHARTIARTL,Bharti Airtel,NSE,TELECOMMUNICATION,08-02-2024,932.15,956.47,916.38,945.71,909.71,2586986,447557.3,59.47,6.58,0.326,0.596,1094.37,773.74,2.3,MIDCAP_PORTFOLIO,BUY,1544,755.77,INR
IN003337,HDFCBANK,HDFC Bank,NSE,FINANCE,08-02-2024,1573.82,1589.27,1471.74,1479.75,1488.64,2887914,1303813.84,46.44,9.24,0.013,1.665,1864.37,1371.13,0,MIDCAP_PORTFOLIO,BUY,474,1426.54,INR
IN003344,HDFCBANK,HDFC Bank,NSE,FINANCE,08-02-2024,1640.04,1681.28,1603.85,1655.27,1621.24,2613238,749383.85,64,14.95,2.954,1.266,1941.75,1411.62,1.2,SECTORAL_PORTFOLIO,BUY,507,1591.84,INR
IN003361,HDFCBANK,HDFC Bank,NSE,FINANCE,08-02-2024,1538.67,1601.91,1508.17,1558.89,1541.82,2481164,1526407.4,72.81,8.83,1.051,1.09,2190.61,1112.76,5.1,SECTORAL_PORTFOLIO,SELL,1705,1737.78,INR
IN002240,NESTLEIND,Nestle India,BSE,FMCG,08-02-2024,21963.81,22178.46,20741.86,21211.71,20986.54,2585084,1646693.41,44.17,8.27,2.708,1.911,28354.33,14585.02,0.5,MIDCAP_PORTFOLIO,BUY,1280,16634.64,INR
IN000255,POWERGRID,Power Grid Corporation,BSE,UTILITIES,08-02-2024,251.37,258.11,250.31,257.9,258.74,3695600,228621.52,14.93,11.64,0.762,1.25,301.03,200.42,0.5,SECTORAL_PORTFOLIO,SELL,695,208.61,INR
IN001333,RELIANCE,Reliance Industries,NSE,ENERGY,08-02-2024,2129.01,2150.4,1966.85,2001.24,1947.5,4626187,1188531.14,42.26,9.03,0.759,1.078,2744,1333.08,0,MIDCAP_PORTFOLIO,BUY,499,1784.63,INR
IN004937,WIPRO,Wipro,BSE,TECHNOLOGY,08-02-2024,476.81,519.85,469.38,507.16,513.39,4636542,69350.24,72.78,7.05,1.87,0.741,530.45,315.83,0,NIFTY50_PORTFOLIO,BUY,1068,516.35,INR
IN004284,BAJFINANCE,Bajaj Finance,NSE,NBFC,09-02-2024,7303.33,7388.01,7105.06,7303.33,6914.9,77108,966084.61,75.13,9.82,2.5,1.592,7448.38,5400.48,5.1,SECTORAL_PORTFOLIO,BUY,1429,5436.86,INR
IN004285,BAJFINANCE,Bajaj Finance,NSE,NBFC,09-02-2024,7251.12,7286.29,7197.87,7267.6,7282.63,770417,2886634.82,75.46,3.86,3.47,1.433,9344.99,4894.54,0.5,SECTORAL_PORTFOLIO,BUY,1525,7411.51,INR
IN004567,HCLTECH,HCL Technologies,NSE,TECHNOLOGY,09-02-2024,1469.78,1564.07,1426.71,1535.74,1502.95,3100914,1323966.14,37.91,5.14,1.488,1.221,1701.58,1110.14,0.5,SECTORAL_PORTFOLIO,HOLD,288,1426.12,INR
IN002311,HINDUNILVR,Hindustan Unilever,NSE,FMCG,09-02-2024,2599.94,2643.67,2534.56,2620.98,2609.62,733758,1640007.6,17.18,5.44,0.678,1.833,3040.25,1587.57,2.3,MIDCAP_PORTFOLIO,HOLD,1758,2465.55,INR
IN002326,HINDUNILVR,Hindustan Unilever,NSE,FMCG,09-02-2024,2483,2667.54,2434.95,2605.88,2656.66,2201200.5,216544.11,41.49,1.52,3.536,1.928,3482.73,2008.73,1.2,SECTORAL_PORTFOLIO,BUY,471,2845.81,INR
IN002466,HINDUNILVR,Hindustan Unilever,NSE,FMCG,09-02-2024,2449.98,2558.63,2424.03,2528.08,2484.28,2601257,1282884.24,62.93,6.09,3.654,0.803,2911.2,1762.95,1.2,MIDCAP_PORTFOLIO,BUY,1245,2912.44,INR
IN002480,HINDUNILVR,Hindustan Unilever,NSE,FMCG,09-02-2024,2619.02,2665.96,2545.53,2577.85,2478.93,4580117,1251193.97,47.31,11.86,3.641,1.839,3298.81,1801.43,0,MIDCAP_PORTFOLIO,BUY,1575,2447.79,INR
IN002491,HINDUNILVR,Hindustan Unilever,NSE,FMCG,09-02-2024,2607,2616.53,2404.65,2436.36,2533.6,2773975,1141231.92,28.88,13.53,3.245,1.28,3215.69,1911.67,0.5,NIFTY50_PORTFOLIO,BUY,1732,2776.09,INR
IN002499,HINDUNILVR,Hindustan Unilever,NSE,FMCG,09-02-2024,2439.74,2508.42,2332.85,2439.74,2307.62,3891717,335474.36,30.41,7.36,1.076,0.534,2672.61,1712.8,0.5,NIFTY50_PORTFOLIO,BUY,740,2649.33,INR
IN004959,ICICIBANK,ICICI Bank,NSE,FINANCE,09-02-2024,911.17,968.25,893.25,949.99,925.21,4987189,353290.75,70.56,13.13,2.301,1.643,1246.94,894.93,1.2,MIDCAP_PORTFOLIO,BUY,907,927.32,INR
IN004975,ICICIBANK,ICICI Bank,NSE,FINANCE,09-02-2024,930.5,956.17,892.77,911.13,946.99,2361223,336709.17,43.58,13.02,3.55,0.856,1079.72,854.31,3.5,SECTORAL_PORTFOLIO,SELL,128,985.11,INR
IN004995,ICICIBANK,ICICI Bank,NSE,FINANCE,09-02-2024,902.77,916.17,885.58,913.11,912.48,3852470,839806.86,11.85,14.69,3.13,1.326,1035.48,834.01,1.2,SECTORAL_PORTFOLIO,BUY,1310,743.88,INR
IN003118,LT,Larsen & Toubro,NSE,INFRASTRUCTURE,09-02-2024,3176.42,3270.08,2914.71,2962.56,3029.08,1510094,2789952.31,10.49,12.4,0.692,0.808,3419.47,2525.5,3.5,NIFTY50_PORTFOLIO,BUY,765,3438.61,INR
IN003121,LT,Larsen & Toubro,NSE,INFRASTRUCTURE,09-02-2024,3140.93,3183.03,2932.03,2986.3,2918.33,3906843,1211678.63,41.64,8.51,3.856,1.571,3976.46,2056.29,2.3,NIFTY50_PORTFOLIO,HOLD,1405,3727.02,INR
IN003132,LT,Larsen & Toubro,NSE,INFRASTRUCTURE,09-02-2024,3283.98,3401.84,3213.32,3325.5,3234.83,2675487,2348336.72,71.06,2.03,1.316,1.833,3405.44,2299.21,0.5,MIDCAP_PORTFOLIO,BUY,986,3741.67,INR
IN003173,LT,Larsen & Toubro,NSE,INFRASTRUCTURE,09-02-2024,3057.18,3237.82,2979.77,3214.88,3162.95,2684496,1616603.54,33.66,8.51,0.338,1.24,4255.47,2706.06,3.5,NIFTY50_PORTFOLIO,HOLD,1151,2781.16,INR
IN003243,LT,Larsen & Toubro,NSE,INFRASTRUCTURE,09-02-2024,3132.21,3164.73,3014.36,3085.39,3023.02,3059660,710457.77,33.87,8.51,0.816,0.974,3688.85,2653.98,1.2,NIFTY50_PORTFOLIO,HOLD,1363,3179.98,INR
IN003247,LT,Larsen & Toubro,NSE,INFRASTRUCTURE,09-02-2024,3050.51,3106.17,2982.49,3060.07,3100.19,4489528,2634161.12,79.34,2.12,1.9605,0.542,3817.36,2976.96,0,MIDCAP_PORTFOLIO,HOLD,168,3839.82,INR
IN003277,LT,Larsen & Toubro,NSE,INFRASTRUCTURE,09-02-2024,3169.86,3198.48,2940.09,2979.48,2907.9,3921945,2756938.29,52.95,7.36,3.406,1.154,3773.76,2489.13,0.5,MIDCAP_PORTFOLIO,BUY,198,3653.72,INR
IN003286,LT,Larsen & Toubro,NSE,INFRASTRUCTURE,09-02-2024,3265.92,3579.36,3241.91,3479.98,3463.32,977590,2019838.66,57.25,8.51,2.142,1.149,3991.24,2833.63,0.5,NIFTY50_PORTFOLIO,BUY,1414,2999.72,INR
IN003295,LT,Larsen & Toubro,NSE,INFRASTRUCTURE,09-02-2024,3234.46,3508.64,3156.7,3459.76,3506.38,2678597,1616603.54,14.18,8.07,0.721,0.432,4278.54,2943.44,0.5,NIFTY50_PORTFOLIO,BUY,427,3877.88,INR
IN003092,NTPC,NTPC Limited,NSE,UTILITIES,09-02-2024,357.08,364.18,344.55,347.52,342.19,2047944,245526.36,31.8,9.6,3.448,1.7,451.61,315.45,5.1,NIFTY50_PORTFOLIO,BUY,1158,379.4,INR
IN003096,NTPC,NTPC Limited,NSE,UTILITIES,09-02-2024,333.26,337.14,303.6,311.75,304.93,153216,289507.46,71.17,4.62,0.049,1.379,373.55,283.05,3.5,NIFTY50_PORTFOLIO,HOLD,1224,418.36,INR
IN003104,NTPC,NTPC Limited,NSE,UTILITIES,09-02-2024,362.2,386.56,351.82,362.2,368.28,2394789.5,72401.8,41.91,10.34,2.837,1.151,402.51,305.97,2.3,SECTORAL_PORTFOLIO,HOLD,1201,270.19,INR
IN003117,NTPC,NTPC Limited,NSE,UTILITIES,09-02-2024,335.19,346.82,331,343.85,337.2,1224453,264104.09,22.38,13.15,3.596,1.0765,377.88,259.18,2.3,SECTORAL_PORTFOLIO,HOLD,283,390.49,INR
IN002876,TECHM,Tech Mahindra,NSE,TECHNOLOGY,09-02-2024,1277.74,1283.26,1265.03,1267.34,1303.16,3162903,1174529.44,75.76,8.32,3.707,0.625,1401.5,876.01,0,SECTORAL_PORTFOLIO,BUY,413,1269.51,INR
IN002893,TECHM,Tech Mahindra,NSE,TECHNOLOGY,09-02-2024,1323.83,1344.79,1232.5,1242.23,1250.56,4133085,1137735.57,32.47,5.84,1.142,1.288,1816.99,901.71,2.3,NIFTY50_PORTFOLIO,HOLD,1260,1543.78,INR
IN002935,TECHM,Tech Mahindra,NSE,TECHNOLOGY,09-02-2024,1296.27,1312.27,1197.59,1227.59,1236.46,3890430,765173.09,51.78,9.63,1.174,1.892,1550.73,1020.41,0.5,NIFTY50_PORTFOLIO,BUY,1592,1410.42,INR
IN002439,AXISBANK,Axis Bank,BSE,FINANCE,10-02-2024,1154.43,1173.15,1112.73,1120.62,1136.07,302230,58466.58,10.64,10.81,1.077,1.697,1161.02,816.29,1.2,SECTORAL_PORTFOLIO,BUY,369,961.14,INR
IN002516,AXISBANK,Axis Bank,BSE,FINANCE,10-02-2024,1101.46,1109.15,1016.92,1038.99,997.62,3726704,546452.82,16.98,2.21,3.216,1.649,1354.66,883.53,0,SECTORAL_PORTFOLIO,BUY,1415,1369.97,INR
IN002582,AXISBANK,Axis Bank,BSE,FINANCE,10-02-2024,1045.77,1115.26,1038.66,1103.96,1144.46,3903207,338502.64,61.21,10.51,1.749,0.917,1439.45,989.26,0.5,SECTORAL_PORTFOLIO,BUY,1835,1110.23,INR
IN002588,AXISBANK,Axis Bank,BSE,FINANCE,10-02-2024,1054.24,1101.95,1028.15,1079.58,1063.03,2381753,844529.4,41.47,3.05,2.481,1.588,1319.41,663.08,2.3,SECTORAL_PORTFOLIO,HOLD,1088,1172.88,INR
IN002605,AXISBANK,Axis Bank,BSE,FINANCE,10-02-2024,1144.67,1169.82,1089.4,1116.02,1113.77,2541572,402692.13,41.47,2.75,3.255,1.48,1481.88,977.35,0,SECTORAL_PORTFOLIO,SELL,640,972.65,INR
IN000931,HCLTECH,HCL Technologies,NSE,TECHNOLOGY,10-02-2024,1527.69,1534.63,1504.1,1522.36,1579.18,2224774,851064.89,68.02,8.46,2.485,1.069,2019.79,1302.44,5.1,NIFTY50_PORTFOLIO,HOLD,1803,1821.86,INR
IN000962,HCLTECH,HCL Technologies,NSE,TECHNOLOGY,10-02-2024,1497.01,1512.69,1449.39,1465.26,1497.7,4392351,862274.62,37.84,8.71,1.744,1.653,2044.03,1130.61,1.2,SECTORAL_PORTFOLIO,BUY,168,1278.88,INR
IN003465,INFY,Infosys,NSE,TECHNOLOGY,10-02-2024,1521.95,1633.7,1508.61,1603.8,1589.22,2388298,1286838.14,66.81,8.085,0.057,1.81,1749.57,1334.96,2.3,MIDCAP_PORTFOLIO,BUY,960,1793.92,INR
IN003494,INFY,Infosys,NSE,TECHNOLOGY,10-02-2024,1470.68,1494.22,1432.54,1481.32,1510.92,2177051,794242.47,72.71,10.08,0.941,0.646,1878.39,1298.63,5.1,SECTORAL_PORTFOLIO,BUY,1940,1761.83,INR
IN004355,NESTLEIND,Nestle India,BSE,FMCG,10-02-2024,20962.86,21405.96,20585.15,20618.03,20900.12,3388467,16766710.48,44.3,9.63,3.9,0.917,23631.45,13425.73,2.3,SECTORAL_PORTFOLIO,BUY,1849,25152.13,INR
IN004364,NESTLEIND,Nestle India,BSE,FMCG,10-02-2024,21106.93,22164.02,20975.75,21578.34,22337.76,2834648,15815361.1,31.39,12.64,2.209,1.261,29810.73,16054.27,0.5,MIDCAP_PORTFOLIO,BUY,388,23594.78,INR
IN004419,NESTLEIND,Nestle India,BSE,FMCG,10-02-2024,22398.31,22575.56,20535.12,22398.31,21501.93,4331228,4780726.42,17.6,9.34,1.581,1.14,23543.72,19770.66,0.5,SECTORAL_PORTFOLIO,BUY,153,19790.59,INR
IN004464,NESTLEIND,Nestle India,BSE,FMCG,10-02-2024,22582.73,23043.89,21045.18,21692.5,21824.45,2600047,14420811.1,37.34,1.15,1.884,1.512,26404.35,13977.14,0,SECTORAL_PORTFOLIO,HOLD,14,26455.53,INR
IN004468,NESTLEIND,Nestle India,BSE,FMCG,10-02-2024,23069.92,24881.19,22409.65,24243.31,23939.1,1673746,5208223.18,33.15,8.53,1.759,0.715,25061.9,20091.8,2.3,MIDCAP_PORTFOLIO,BUY,1368,21828.57,INR
IN004469,NESTLEIND,Nestle India,BSE,FMCG,10-02-2024,22027.73,22778.03,21750.12,22520.58,22763.74,3347523,10759084.95,18.69,12.81,3.619,1.007,28794.65,16774.31,3.5,NIFTY50_PORTFOLIO,BUY,1442,18360.1,INR
IN000388,TCS,Tata Consultancy Services,NSE,TECHNOLOGY,10-02-2024,3504.51,3597.56,3456.97,3580.78,3508.3,3519438,2481700.47,8.13,7.68,3.325,0.75,4790.66,3051.99,5.1,NIFTY50_PORTFOLIO,HOLD,445,3791.24,INR
IN003764,AXISBANK,Axis Bank,BSE,FINANCE,12-02-2024,1057.36,1088.14,990.39,1019.77,1027.03,2593239,529913.03,41.47,3.37,3.142,1.508,1194.41,955.53,2.3,NIFTY50_PORTFOLIO,BUY,30,1004.96,INR
IN004943,HINDUNILVR,Hindustan Unilever,NSE,FMCG,12-02-2024,2466.48,2536.56,2421.72,2526.14,2476.91,4798572,964401.3,48.51,12.04,0.307,1.58,2863.77,1662.51,0.5,SECTORAL_PORTFOLIO,BUY,938,2582.5,INR
IN004987,HINDUNILVR,Hindustan Unilever,NSE,FMCG,12-02-2024,2405.06,2457.78,2364.53,2370.35,2418.54,1535430,1848743.37,75.37,8.21,2.984,1.82,3101.85,2293.45,0,NIFTY50_PORTFOLIO,BUY,1163,1972.88,INR
IN002943,POWERGRID,Power Grid Corporation,BSE,UTILITIES,12-02-2024,262.34,277.08,258.39,262.34,274.72,3029665,175247.25,57.39,4.05,1.291,1.961,328.03,168.59,5.1,MIDCAP_PORTFOLIO,HOLD,821,272.6,INR
IN001103,HDFCBANK,HDFC Bank,NSE,FINANCE,01-03-2024,1577.57,1619.47,1515.83,1554.87,1600.34,4364077,119219.67,32.87,3.45,1.085,0.534,1738.76,1478.14,3.5,SECTORAL_PORTFOLIO,BUY,1858,1757,INR
IN001141,HDFCBANK,HDFC Bank,NSE,FINANCE,01-03-2024,1530.9,1647.17,1509.51,1612.31,1644.17,1949771,201808.49,40.3,5.05,3.254,1.318,2086.72,1103.06,0,NIFTY50_PORTFOLIO,HOLD,1747,1380.74,INR
IN001254,HDFCBANK,HDFC Bank,NSE,FINANCE,01-03-2024,1628.12,1676.96,1518.84,1531.44,1476.29,423590,1351403.97,32.82,8.14,0.391,1.059,2119.42,1190.3,2.3,SECTORAL_PORTFOLIO,HOLD,118,1642.55,INR
IN001321,HDFCBANK,HDFC Bank,NSE,FINANCE,01-03-2024,1567.32,1701.63,1544.67,1672.41,1700.22,2686620,1456099.71,41.99,10.31,0.101,0.977,1969.73,1452.7,2.3,MIDCAP_PORTFOLIO,BUY,177,1426.71,INR
IN002884,LT,Larsen & Toubro,NSE,INFRASTRUCTURE,01-03-2024,3116.02,3289.57,3029.05,3198.31,3201.19,433995,1953978.05,22,7.95,3.595,0.597,3469.79,2742.57,1.2,NIFTY50_PORTFOLIO,BUY,1881,2836.09,INR
IN002887,LT,Larsen & Toubro,NSE,INFRASTRUCTURE,01-03-2024,3271.29,3324.45,3163.15,3257.82,3238.85,4739499,3054258.66,39.22,4.54,1.956,1.328,3825.03,2781.66,2.3,NIFTY50_PORTFOLIO,BUY,179,2425.21,INR
IN002904,LT,Larsen & Toubro,NSE,INFRASTRUCTURE,01-03-2024,3226.65,3303.45,3201.18,3235.43,3355.85,2675487,949954.97,42.21,8.89,0.598,1.768,3413.03,2893.31,0,MIDCAP_PORTFOLIO,BUY,1339,2732.89,INR
IN001389,POWERGRID,Power Grid Corporation,BSE,UTILITIES,01-03-2024,242.66,247.45,225.79,230.88,237.15,1563058,80696.89,30.73,13.54,2.336,1.071,343.05,185.75,3.5,NIFTY50_PORTFOLIO,BUY,1238,253.89,INR
IN001398,POWERGRID,Power Grid Corporation,BSE,UTILITIES,01-03-2024,257.38,259.64,253.22,257.03,256.25,4263071,85155.35,21.53,5.95,0.05,0.927,325.1,187.43,5.1,SECTORAL_PORTFOLIO,SELL,1222,195.05,INR
IN000086,ADANIENT,Adani Enterprises,NSE,ENERGY,04-03-2024,2794.19,2977.31,2721.5,2905.5,2972.94,179443,772745.28,29.91,13.04,3.632,0.814,3871.75,2473.27,5.1,NIFTY50_PORTFOLIO,HOLD,1398,3397.12,INR
IN004282,MARUTI,Maruti Suzuki,BSE,AUTOMOBILE,04-03-2024,10457.83,11221.58,10228.27,10955.64,10732.84,3722648,9277507.12,65.98,11.73,1.866,1.109,11888.21,7110.37,1.2,MIDCAP_PORTFOLIO,BUY,124,11766.53,INR
IN004326,MARUTI,Maruti Suzuki,BSE,AUTOMOBILE,04-03-2024,10335.94,10408.85,9918.06,10094.39,9738.41,4469842,1620391.7,58.86,5.25,0.167,1.231,13093.04,8056.83,0,SECTORAL_PORTFOLIO,BUY,1456,8346.7,INR
IN001172,NTPC,NTPC Limited,NSE,UTILITIES,04-03-2024,339.3,364.28,336.77,359.38,371.48,4728273,272308.8,12.13,14.77,2.212,1.65,457.91,251.34,0,SECTORAL_PORTFOLIO,BUY,1967,405.34,INR
IN001174,NTPC,NTPC Limited,NSE,UTILITIES,04-03-2024,332.76,334.62,308.96,310.84,301.02,3999967,107202.3,56.3,14.29,3.463,0.988,469.11,310.84,2.3,NIFTY50_PORTFOLIO,BUY,1451,401.53,INR
IN002278,NTPC,NTPC Limited,NSE,UTILITIES,04-03-2024,364.34,366.42,336.68,343.04,332.44,2347439,98514.7,65.23,7.9,3.84,0.521,483.39,296.97,3.5,SECTORAL_PORTFOLIO,BUY,641,392.96,INR
IN004650,RELIANCE,Reliance Industries,NSE,ENERGY,04-03-2024,2215.62,2272.18,2156.44,2235.98,2193.41,314814,1628555.58,77.48,14.35,0.428,0.522,2709.6,1784.05,5.1,SECTORAL_PORTFOLIO,HOLD,1306,1711.96,INR
IN004643,TCS,Tata Consultancy Services,NSE,TECHNOLOGY,04-03-2024,3644.48,3760.19,3598.61,3663.67,3784.77,2122816,2944321.81,79.92,7.87,2.818,1.763,4220.64,2236.66,5.1,SECTORAL_PORTFOLIO,BUY,1592,3169.25,INR
IN004673,TCS,Tata Consultancy Services,NSE,TECHNOLOGY,04-03-2024,3461.02,3477.21,3313.54,3365.43,3491.13,850706,3358524.21,43.14,7.44,1.66,0.84,4431.84,3164.99,2.3,NIFTY50_PORTFOLIO,BUY,154,3517.65,INR
IN002955,ADANIENT,Adani Enterprises,NSE,CONGLOMERATE,05-03-2024,2918.49,3008.27,2882.31,2950.95,2848.8,3958859,1465764.67,13.56,11.54,3.386,1.165,3103.6,2000.68,0,NIFTY50_PORTFOLIO,HOLD,1612,3192.67,INR
IN002984,ADANIENT,Adani Enterprises,NSE,CONGLOMERATE,05-03-2024,2685.9,2806.8,2667.53,2777.81,2823.01,1040315,1749946,50.93,6.97,0.026,0.526,3817.62,2460.7,2.3,NIFTY50_PORTFOLIO,HOLD,1548,3334.82,INR
IN004125,ASIANPAINT,Asian Paints,BSE,CONSUMER GOODS,05-03-2024,3016.1,3033.32,2791.38,2848.72,2879.67,3798035,2433962.01,67.58,3.51,2.517,1.947,3191.16,2682.67,0,NIFTY50_PORTFOLIO,BUY,886,2256.24,INR
IN004158,ASIANPAINT,Asian Paints,BSE,CONSUMER GOODS,05-03-2024,2908.36,2920.56,2667.34,2736.46,2655.9,2611906,1295420.41,36.77,8.07,2.016,1.608,3280.28,2707.15,0,NIFTY50_PORTFOLIO,HOLD,1358,2681.23,INR
IN004159,ASIANPAINT,Asian Paints,BSE,CONSUMER GOODS,05-03-2024,3069.5,3076.43,3041.99,3068.37,3146.8,581596,211668.51,30.13,8.42,1.099,1.609,3835.94,2736.82,0,SECTORAL_PORTFOLIO,BUY,810,2379.54,INR
IN004176,ASIANPAINT,Asian Paints,BSE,CONSUMER GOODS,05-03-2024,3083.38,3088.28,2821.1,2907.06,3011.75,878078,1583748.83,36.86,1.28,1.526,1.316,3588.51,1972.48,3.5,NIFTY50_PORTFOLIO,SELL,1723,2351.74,INR
IN004197,ASIANPAINT,Asian Paints,BSE,CONSUMER GOODS,05-03-2024,2990.71,3052.36,2901.23,2908.58,2942.52,1375562,1583748.83,10.38,12.35,2.643,0.577,3590.7,2160.44,2.3,NIFTY50_PORTFOLIO,BUY,1893,3473.87,INR
IN004169,MARUTI,Maruti Suzuki,BSE,AUTOMOBILE,05-03-2024,9763.03,10556.87,9576.75,10358.14,10687.68,1029413,5342591.16,40.61,7.5,2.087,0.648,13710.8,6063.97,5.1,SECTORAL_PORTFOLIO,BUY,949,12459.87,INR
IN004181,MARUTI,Maruti Suzuki,BSE,AUTOMOBILE,05-03-2024,10394.87,11126.49,10144.52,10394.87,10453.58,1457942,8178329.65,74.16,1.56,1.143,1.417,13958.33,8016.02,0.5,NIFTY50_PORTFOLIO,SELL,138,8060.45,INR
IN004594,NESTLEIND,Nestle India,BSE,FMCG,05-03-2024,21492.59,21849.18,20158.28,20722.91,21192.25,2553016,17343671.18,9.39,13.37,2.959,0.593,27017.95,13936.79,0,MIDCAP_PORTFOLIO,SELL,1374,27395.88,INR
IN004635,NESTLEIND,Nestle India,BSE,FMCG,05-03-2024,21420.45,21671.74,20326.11,21420.45,20074.71,3021418,4899635.98,43.71,3.66,1.237,1.119,30084.35,15404.73,5.1,MIDCAP_PORTFOLIO,HOLD,1415,27131.84,INR
IN004761,NTPC,NTPC Limited,NSE,UTILITIES,05-03-2024,356.59,362.8,348.66,359.97,359.58,1806675,143091.65,65.75,7.9,3.18,1.0765,476.08,285.06,3.5,NIFTY50_PORTFOLIO,SELL,217,382.92,INR
IN002836,BAJFINANCE,Bajaj Finance,NSE,NBFC,06-03-2024,6852.4,6967.93,6422.97,6621.42,6875.4,2708701,3804450.31,44.36,1.95,3.166,1.195,9017.4,6370.38,0.5,SECTORAL_PORTFOLIO,BUY,1630,7169.62,INR
IN004220,HINDUNILVR,Hindustan Unilever,NSE,FMCG,06-03-2024,2506.79,2544.74,2462.52,2486.55,2521.79,1067980,747355.14,32.07,2.63,2.364,1.662,2786.41,1655.99,0.5,NIFTY50_PORTFOLIO,BUY,1981,2653.21,INR
IN002722,ICICIBANK,ICICI Bank,NSE,FINANCE,06-03-2024,902.96,942.7,884.04,941.52,928.34,270179,58772.95,36.05,7.5,3.311,1.432,1270.99,882.57,0.5,SECTORAL_PORTFOLIO,BUY,1530,1050.68,INR
IN004052,ONGC,Oil & Natural Gas Corp,NSE,ENERGY,06-03-2024,293.52,318.21,287.26,312.29,310.64,2177366,192337.12,71.2,8.42,0.633,1.849,376.76,236.39,5.1,NIFTY50_PORTFOLIO,BUY,656,307.68,INR
IN004084,ONGC,Oil & Natural Gas Corp,NSE,ENERGY,06-03-2024,275.55,293.11,270.52,290.51,279.29,2813621,273509.11,21.86,14.79,2.037,0.813,363.61,253.73,3.5,NIFTY50_PORTFOLIO,HOLD,509,281.54,INR
IN004553,ADANIENT,Adani Enterprises,NSE,CONGLOMERATE,07-03-2024,2816.65,2823.16,2760.31,2822.19,2726.68,4981029,2263207.52,40.1,10.32,2.744,1.996,3750.62,2006.47,0,NIFTY50_PORTFOLIO,HOLD,1404,2966.13,INR
IN004557,ADANIENT,Adani Enterprises,NSE,CONGLOMERATE,07-03-2024,2922.15,3013.91,2870.72,2922.15,3049.5,282819,2323706.29,71.2,7.76,3.189,1.93,3070.77,2009.53,0,SECTORAL_PORTFOLIO,HOLD,640,3484.37,INR
IN004581,ADANIENT,Adani Enterprises,NSE,CONGLOMERATE,07-03-2024,2898.68,3054.02,2849.44,2977.83,3094.74,2876952,2233954.59,70.56,2.41,0.363,0.911,3597.03,1897.22,1.2,SECTORAL_PORTFOLIO,BUY,152,3062.91,INR
IN004587,ADANIENT,Adani Enterprises,NSE,CONGLOMERATE,07-03-2024,2829,2952.45,2817.69,2868.87,2863.32,3928005,1746730.12,70.32,10.91,1.8295,1.3,3094.36,1758.99,2.3,MIDCAP_PORTFOLIO,HOLD,1062,2677.68,INR
IN002574,ONGC,Oil & Natural Gas Corp,NSE,FINANCE,07-03-2024,292.19,296.68,285.79,291.94,288.97,1175295,168155.26,70.36,8.24,2.466,1.244,305.38,221.21,0,NIFTY50_PORTFOLIO,BUY,1660,281.81,INR
IN002577,ONGC,Oil & Natural Gas Corp,NSE,ENERGY,07-03-2024,270.87,276.83,257.68,263.95,265.63,4691316,261866.13,34.93,11.54,3.845,0.63,302.4,254.62,1.2,SECTORAL_PORTFOLIO,BUY,1333,292.25,INR
IN000257,POWERGRID,Power Grid Corporation,BSE,UTILITIES,07-03-2024,257.76,264.64,257.49,258.94,249.16,552063,141608.71,76.1,10.41,2.06,1.33,325.57,179.13,0,SECTORAL_PORTFOLIO,BUY,465,207.51,INR
IN000276,POWERGRID,Power Grid Corporation,BSE,UTILITIES,07-03-2024,258.34,265.96,244.21,244.25,250.07,4626249,224258.26,32.44,1.3,0.836,1.914,318.7,198.77,2.3,SECTORAL_PORTFOLIO,BUY,1907,296.23,INR
IN000292,POWERGRID,Power Grid Corporation,BSE,UTILITIES,07-03-2024,254.59,260.81,239.31,241.73,237.86,3964281,143105.27,49.85,8.885,2.905,0.459,307.62,237.26,2.3,NIFTY50_PORTFOLIO,BUY,1524,286.61,INR
IN000298,POWERGRID,Power Grid Corporation,BSE,UTILITIES,07-03-2024,242.91,253.35,241.89,248.53,254.69,521464,44215.01,61.82,6,3.237,1.378,271.54,195.08,2.3,MIDCAP_PORTFOLIO,BUY,1534,239.96,INR
IN000305,POWERGRID,Power Grid Corporation,BSE,UTILITIES,07-03-2024,246.19,266.08,242.5,246.19,267.53,2482587,93869.35,32.58,8.885,2.836,0.893,333.41,193.15,0,SECTORAL_PORTFOLIO,HOLD,1138,231.27,INR
IN000098,AXISBANK,Axis Bank,BSE,FINANCE,09-03-2024,1094.1,1101.8,1013.06,1036.61,1061.02,4891584,1053665.78,42,13.5,0.285,0.653,1307.75,950.7,2.3,NIFTY50_PORTFOLIO,HOLD,1533,1065.4,INR
IN000139,AXISBANK,Axis Bank,BSE,FINANCE,09-03-2024,1090.65,1177.04,1061.84,1148.64,1162.33,4602229,529913.03,13.34,4.38,3.621,0.973,1262.22,668.07,3.5,NIFTY50_PORTFOLIO,SELL,1518,972.55,INR
IN000148,AXISBANK,Axis Bank,BSE,FINANCE,09-03-2024,1127.03,1172.05,1108.77,1168.46,1127.76,3313254,96579.4,21.09,3.48,3.685,1.936,1283.31,985.97,2.3,SECTORAL_PORTFOLIO,BUY,1558,1275.97,INR
IN000149,AXISBANK,Axis Bank,BSE,FINANCE,09-03-2024,1106.37,1162.58,1095.98,1158.01,1128.59,1350372,451096.52,60.55,3.09,2.428,1.472,1239.54,964.99,0.5,MIDCAP_PORTFOLIO,HOLD,622,839.63,INR
IN000161,AXISBANK,Axis Bank,BSE,FINANCE,09-03-2024,1103.16,1201.43,1095,1175.42,1154.13,2593239,1012816.24,63.42,12.61,0.627,1.215,1394.51,964.22,1.2,MIDCAP_PORTFOLIO,BUY,1599,888.49,INR
IN000943,AXISBANK,Axis Bank,BSE,FINANCE,09-03-2024,1076.71,1142.82,1063.97,1127.08,1111.57,180167,1074215.7,36.39,2.33,0.283,0.931,1445.51,772.86,3.5,MIDCAP_PORTFOLIO,HOLD,75,1357.49,INR
IN000947,AXISBANK,Axis Bank,BSE,FINANCE,09-03-2024,1080.5,1132.17,1065.16,1128.65,1148.98,4577430,884426.61,40.63,8.46,1.594,1.476,1214.95,858.31,0,MIDCAP_PORTFOLIO,HOLD,208,1316.49,INR
IN000953,AXISBANK,Axis Bank,BSE,FINANCE,09-03-2024,1135.6,1158.28,1064.8,1094.28,1081.5,1963399,438890.46,24.21,4.01,1.933,0.64,1311.73,903.41,3.5,MIDCAP_PORTFOLIO,HOLD,321,1047.99,INR
IN000975,AXISBANK,Axis Bank,BSE,FINANCE,09-03-2024,1098.79,1118.64,1048.02,1051.33,1079.15,1922825,561377,17.04,13.52,2.565,1.697,1533.25,888.86,2.3,MIDCAP_PORTFOLIO,BUY,1242,970.95,INR
IN000977,AXISBANK,Axis Bank,BSE,FINANCE,09-03-2024,1110.15,1122.31,1041.63,1060.6,1085.93,2006132,497888.23,73.33,7.24,0.117,1.293,1341.1,990.36,1.2,NIFTY50_PORTFOLIO,BUY,788,902.78,INR
IN000980,AXISBANK,Axis Bank,BSE,FINANCE,09-03-2024,1126.24,1232.41,1117.27,1203.78,1236.24,2593239,456027.01,78.97,13.85,1.366,1.875,1222.99,794.13,0.5,MIDCAP_PORTFOLIO,BUY,1734,1014.23,INR
IN003608,BAJFINANCE,Bajaj Finance,NSE,NBFC,09-03-2024,7215.28,7387.47,7138.82,7274.35,7154.93,4997223,1720474.12,44.36,9.42,1.856,0.461,8679.82,4554.13,0,MIDCAP_PORTFOLIO,BUY,1418,7809.34,INR
IN003617,BAJFINANCE,Bajaj Finance,NSE,NBFC,09-03-2024,7189.16,7757.5,7142.85,7601.33,7474.19,4089617,5381559.99,46.77,5.96,1.708,0.687,9743.95,6566.03,2.3,SECTORAL_PORTFOLIO,HOLD,186,7779.59,INR
IN003637,BAJFINANCE,Bajaj Finance,NSE,NBFC,09-03-2024,7171.67,7186.9,7034.75,7171.67,7337.43,3610890,2920818.72,69.93,3.91,3.692,1.392,8477.48,4784.72,2.3,NIFTY50_PORTFOLIO,BUY,1906,6477.4,INR
IN003669,BAJFINANCE,Bajaj Finance,NSE,NBFC,09-03-2024,6849.44,7041.81,6554.53,6601.14,6772.83,4642687,3986086.24,69.4,2.79,3.433,1.233,8703.25,5015.13,0.5,MIDCAP_PORTFOLIO,BUY,1399,6994.36,INR
IN003707,BAJFINANCE,Bajaj Finance,NSE,NBFC,09-03-2024,7298.9,7700.22,7176.38,7691.18,7737.43,4387985,5040955.86,79.4,11.03,0.677,1.233,9253,4251.11,2.3,SECTORAL_PORTFOLIO,HOLD,511,8521.93,INR
IN004152,BAJFINANCE,Bajaj Finance,NSE,NBFC,09-03-2024,7151.7,7582.84,7033.85,7442.28,7576.29,4974053,5228385.47,53.98,9.72,3.366,1.233,9638.62,4398.78,2.3,NIFTY50_PORTFOLIO,BUY,1209,8733.42,INR
IN004708,HCLTECH,HCL Technologies,NSE,TECHNOLOGY,09-03-2024,1526.96,1585.23,1523.05,1583.54,1616.07,4532633,847567.58,42.66,11.77,1.157,1.438,1735.99,1387.51,3.5,SECTORAL_PORTFOLIO,BUY,1200,1803.25,INR
IN004715,HCLTECH,HCL Technologies,NSE,TECHNOLOGY,09-03-2024,1490.44,1524.07,1458.28,1520.82,1530.75,2662524,244898,66.62,14.84,0.959,0.572,1631.45,1234.17,0,SECTORAL_PORTFOLIO,HOLD,1216,1253.01,INR
IN004724,HCLTECH,HCL Technologies,NSE,TECHNOLOGY,09-03-2024,1439.24,1458.17,1411.64,1452.34,1423.13,2147028,264754.52,48.11,9.9,0.446,1.782,1945.47,1154.17,1.2,NIFTY50_PORTFOLIO,HOLD,1688,1322.57,INR
IN003159,BHARTIARTL,Bharti Airtel,NSE,TELECOMMUNICATION,10-03-2024,878.12,958.31,875.16,931.85,923.31,1539372,503292.33,75.64,14.51,0.692,1.107,946.11,592.4,3.5,MIDCAP_PORTFOLIO,HOLD,1033,1111.65,INR
IN003174,BHARTIARTL,Bharti Airtel,NSE,TELECOMMUNICATION,10-03-2024,864.56,875.69,847.12,864.56,824.02,2026942,550282.99,21.26,5.01,2.8,1.561,996.9,759.98,5.1,NIFTY50_PORTFOLIO,BUY,1222,1063.39,INR
IN003224,BHARTIARTL,Bharti Airtel,NSE,TELECOMMUNICATION,10-03-2024,871.28,881.91,861.68,865.06,896.52,4494063,348718.72,48.025,14.76,1.992,1.68,1007.71,567.91,5.1,MIDCAP_PORTFOLIO,BUY,1571,1103.14,INR
IN003253,BHARTIARTL,Bharti Airtel,NSE,TELECOMMUNICATION,10-03-2024,916.67,927.91,891.05,924.49,925.05,1127247,532085.73,14.67,13.08,2.056,0.776,1125.18,813.02,0.5,MIDCAP_PORTFOLIO,BUY,1736,974.9,INR
IN001904,HDFCBANK,HDFC Bank,NSE,FINANCE,10-03-2024,1658.97,1681.16,1649.61,1650.26,1645.83,1072187,179877.4,49.07,13.26,1.979,0.764,1931.28,1177.64,1.2,SECTORAL_PORTFOLIO,BUY,1432,1651.41,INR
IN002488,ASIANPAINT,Asian Paints,BSE,CONSUMER GOODS,12-03-2024,3099.81,3263.06,3065.12,3234.82,3280.01,3775418,834902.33,46.88,2.26,0.613,1.307,3460.37,2572.8,3.5,NIFTY50_PORTFOLIO,BUY,526,2938.32,INR
IN000079,INFY,Infosys,NSE,TECHNOLOGY,12-03-2024,1427.01,1522.08,1388.04,1427.01,1447.18,4277016,1031411.4,21.4,7.39,1.444,0.849,1774.69,1055.54,0,NIFTY50_PORTFOLIO,HOLD,1503,1539.99,INR
IN003808,LT,Larsen & Toubro,NSE,INFRASTRUCTURE,12-03-2024,3266.92,3490.86,3233.12,3438.06,3474.59,262757,1616603.54,45.76,12.09,3.306,0.848,4219.79,2849.95,5.1,SECTORAL_PORTFOLIO,SELL,80,3174.05,INR
IN003818,LT,Larsen & Toubro,NSE,INFRASTRUCTURE,12-03-2024,3264.15,3296.72,3142.7,3171.16,3288.75,389340,1616603.54,79.57,8.51,0.864,1.01,3828.33,2216.15,2.3,NIFTY50_PORTFOLIO,BUY,1719,3605.01,INR
IN003841,LT,Larsen & Toubro,NSE,INFRASTRUCTURE,12-03-2024,3291.2,3528.15,3228.87,3518.54,3470.04,4503789,1603541.38,64.56,8.51,2.716,1.322,3527.31,2973.9,1.2,MIDCAP_PORTFOLIO,HOLD,922,2654.63,INR
IN003849,LT,Larsen & Toubro,NSE,INFRASTRUCTURE,12-03-2024,3188.34,3234.33,3161.49,3192.69,3129.22,1295810,399628.89,25.76,1.35,1.9605,1.61,3452.98,2478.82,2.3,SECTORAL_PORTFOLIO,BUY,966,3845.91,INR
IN003870,LT,Larsen & Toubro,BSE,INFRASTRUCTURE,12-03-2024,3058.65,3187.94,3001.64,3154.56,3183.58,902959,2009563.89,34.85,9.44,2.245,1.137,4294.96,2943.68,1.2,MIDCAP_PORTFOLIO,BUY,539,3083.08,INR
IN000746,MARUTI,Maruti Suzuki,BSE,AUTOMOBILE,12-03-2024,10448.25,10475.44,9723.03,9965.73,10332.81,2063390,7002574.98,17.22,6.39,3.319,1.518,10765.1,8285.94,5.1,SECTORAL_PORTFOLIO,HOLD,1964,8129.36,INR
IN000748,MARUTI,Maruti Suzuki,BSE,AUTOMOBILE,12-03-2024,9764.52,10355.9,9613.52,10138.37,10029.19,2242552,2150019.82,49.86,7.84,3.086,0.743,10635.29,8243.35,0.5,NIFTY50_PORTFOLIO,HOLD,1395,7975.72,INR
IN003677,ONGC,Oil & Natural Gas Corp,NSE,ENERGY,12-03-2024,281,285.84,275.65,279.87,269.47,488590,163398.77,51.67,13.11,3.785,0.426,298.17,201.21,5.1,SECTORAL_PORTFOLIO,BUY,366,228.2,INR
IN003684,ONGC,Oil & Natural Gas Corp,NSE,ENERGY,12-03-2024,284.46,291.38,280.31,288.43,283.86,879806,232810.66,21.6,14.46,0.246,1.146,342.28,222.34,1.2,SECTORAL_PORTFOLIO,BUY,1473,255.7,INR
IN003695,ONGC,Oil & Natural Gas Corp,NSE,ENERGY,12-03-2024,285.06,294.78,280.84,291.57,295.21,3958901,236368.94,57.03,2.15,2.271,1.476,297.84,208.56,0.5,SECTORAL_PORTFOLIO,BUY,964,230.17,INR
IN004776,POWERGRID,Power Grid Corporation,BSE,UTILITIES,12-03-2024,256.34,261.39,236.65,240.74,249.45,3722055,120024.76,45.18,1.08,1.9755,1.497,334.94,186.64,1.2,MIDCAP_PORTFOLIO,SELL,1999,245.46,INR
IN004836,POWERGRID,Power Grid Corporation,BSE,UTILITIES,12-03-2024,261.05,281.44,255.54,278.44,269.55,306928,53558.5,12.08,8.885,1.951,1.027,340.62,223.4,0,SECTORAL_PORTFOLIO,SELL,263,237.95,INR
IN004851,POWERGRID,Power Grid Corporation,BSE,UTILITIES,12-03-2024,242.08,243.6,237.83,238.18,232.34,711446,62618.92,40.47,14.62,1.9755,1.358,334.37,199.73,0,MIDCAP_PORTFOLIO,SELL,894,263.39,INR
IN004859,POWERGRID,Power Grid Corporation,BSE,UTILITIES,12-03-2024,241.33,246.51,229.05,232.31,235.62,2427085,191327.27,54.44,10.91,3.827,0.467,333.11,181.54,1.2,MIDCAP_PORTFOLIO,BUY,1068,251.62,INR
IN000869,TECHM,Tech Mahindra,NSE,TECHNOLOGY,12-03-2024,1235.7,1325.1,1216.68,1293.84,1302.28,2902973,127599.39,39.22,13.06,1.82,0.907,1814.64,851.02,2.3,MIDCAP_PORTFOLIO,BUY,1957,1365.93,INR
IN000896,TECHM,Tech Mahindra,NSE,TECHNOLOGY,12-03-2024,1322.47,1355.28,1237.73,1259.17,1243.63,2210899,170408.8,27.18,3.95,2.678,0.494,1605.29,1093.15,1.2,NIFTY50_PORTFOLIO,HOLD,673,1430.26,INR
IN000901,TECHM,Tech Mahindra,NSE,TECHNOLOGY,12-03-2024,1286.72,1352.34,1264.55,1340.7,1317.02,882050,1044612.72,11.71,4.63,3.767,1.218,1679.8,827.22,0.5,SECTORAL_PORTFOLIO,BUY,1661,1563.79,INR
IN000998,TECHM,Tech Mahindra,NSE,TECHNOLOGY,12-03-2024,1303.06,1314.57,1295.13,1305.29,1350.5,3516187,193872.49,57.89,2.1,1.921,0.479,1684.25,815.31,0,SECTORAL_PORTFOLIO,BUY,994,1138.27,INR
IN001000,TECHM,Tech Mahindra,NSE,TECHNOLOGY,12-03-2024,1273.75,1283.55,1177.87,1273.75,1258,1941117,922118.32,22.67,11.71,1.592,1.9,1475.35,835.96,5.1,NIFTY50_PORTFOLIO,BUY,852,1449.28,INR
IN003710,ADANIENT,Adani Enterprises,NSE,CONGLOMERATE,03-04-2024,2871.42,2877.55,2676.69,2716.57,2778.61,4664509,2705084.07,48.92,12.84,2.976,1.371,2999.98,1862,3.5,MIDCAP_PORTFOLIO,HOLD,1471,3443.75,INR
IN003565,HINDUNILVR,Hindustan Unilever,NSE,FMCG,03-04-2024,2502.83,2623.46,2455.2,2607.42,2702.85,141792,1581155.17,79.56,3.39,3.049,1.887,2665.98,1901.22,0.5,SECTORAL_PORTFOLIO,HOLD,342,2903.51,INR
IN000796,KOTAKBANK,Kotak Mahindra Bank,NSE,FINANCE,03-04-2024,1763.35,1777.58,1690.41,1701.83,1665.38,3782422,1213334.16,30.17,6.32,1.96,1.55,2309.08,1436.53,0.5,MIDCAP_PORTFOLIO,BUY,885,1825.63,INR
IN000797,KOTAKBANK,Kotak Mahindra Bank,NSE,FINANCE,03-04-2024,1873.94,1958.25,1822.49,1923.71,1996.64,2824831,1042423.64,59.19,7.06,1.082,1.155,2318.33,1424.75,3.5,MIDCAP_PORTFOLIO,BUY,685,1680.05,INR
IN000854,KOTAKBANK,Kotak Mahindra Bank,NSE,FINANCE,03-04-2024,1745.1,1809.42,1695.91,1764.9,1808.09,4551454,985695.98,36.94,7.06,1.767,1.237,2122.88,1201.98,0,SECTORAL_PORTFOLIO,SELL,167,2187.04,INR
IN000859,KOTAKBANK,Kotak Mahindra Bank,NSE,FINANCE,03-04-2024,1802.09,1850.56,1719.29,1720.86,1689.1,362512,885507.41,65.98,7.06,0.378,1.17,2093.5,1591.02,0,MIDCAP_PORTFOLIO,BUY,1945,1578.6,INR
IN000862,KOTAKBANK,Kotak Mahindra Bank,NSE,FINANCE,03-04-2024,1726.79,1855.31,1689.11,1830.83,1833.26,3015731,1720479.08,29.68,7.06,1.121,1.145,2256.21,1104.06,0.5,SECTORAL_PORTFOLIO,BUY,292,1578.64,INR
IN004507,NTPC,NTPC Limited,NSE,UTILITIES,03-04-2024,342.28,350.89,334.86,339.24,351.58,4729177,98792.68,22.98,7.9,3.09,1.02,486.84,232.34,5.1,MIDCAP_PORTFOLIO,SELL,1730,288.58,INR
IN004508,NTPC,NTPC Limited,NSE,UTILITIES,03-04-2024,352.87,357.85,323.13,332.73,341.18,210675,279364.07,75.53,1.52,1.656,1.29,430.36,235.78,2.3,SECTORAL_PORTFOLIO,BUY,1710,312.13,INR
IN004517,NTPC,NTPC Limited,NSE,UTILITIES,03-04-2024,336.34,340.74,305.73,313.77,311.44,337626,31926.52,40.435,9.54,0.821,1.425,459.65,232.68,1.2,MIDCAP_PORTFOLIO,BUY,105,298.64,INR
IN001746,TITAN,Titan Company,BSE,CONSUMER GOODS,03-04-2024,3236.81,3292.82,3207.91,3250.52,3351.47,2827226,2060862.3,69.9,7.1,2.122,1.16,3601.18,2746.7,0.5,MIDCAP_PORTFOLIO,SELL,1040,3773.77,INR
IN001797,TITAN,Titan Company,BSE,CONSUMER GOODS,03-04-2024,3428.53,3727.66,3347.58,3627.46,3744.9,3668088,794655.23,44.08,5.44,3.953,1.244,4137.1,3072.67,2.3,MIDCAP_PORTFOLIO,BUY,80,3889.07,INR
IN001799,TITAN,Titan Company,BSE,CONSUMER GOODS,03-04-2024,3519.48,3816.21,3468.28,3519.48,3854,2805919,426040.38,48.75,4.32,0.532,0.988,3744.93,2323.79,0,NIFTY50_PORTFOLIO,BUY,768,4160.1,INR
IN001820,TITAN,Titan Company,BSE,CONSUMER GOODS,03-04-2024,3261.52,3385.5,3212.5,3353.91,3225.83,3775211,351154.13,19.55,7.42,1.027,1.099,4623.4,2987.59,2.3,MIDCAP_PORTFOLIO,BUY,229,2592.5,INR
IN001823,TITAN,Titan Company,BSE,CONSUMER GOODS,03-04-2024,3264.47,3287.12,3056.46,3128.4,3198.89,942184,2168914.41,37.57,1.6,1.149,0.846,3612.56,2161.91,0.5,SECTORAL_PORTFOLIO,BUY,819,3114.82,INR
IN002683,TITAN,Titan Company,BSE,CONSUMER GOODS,03-04-2024,3537.51,3670.12,3471.16,3652.21,3576.87,2389908.5,3145872.5,17.1,7.76,2.122,0.658,3652.21,2627.29,2.3,SECTORAL_PORTFOLIO,BUY,349,2694.12,INR
IN004407,ADANIENT,Adani Enterprises,NSE,CONGLOMERATE,04-04-2024,2895.37,3036.34,2868.14,2991.92,3087.04,3873494,2496599.95,10.26,4.15,3.988,1.645,3361.38,2404.28,1.2,MIDCAP_PORTFOLIO,SELL,1764,3425.26,INR
IN004421,ADANIENT,Adani Enterprises,NSE,CONGLOMERATE,04-04-2024,2700.76,2777.87,2626.89,2692.83,2787.15,2417383,1583839.35,55.2,6.51,1.419,1.796,3347.28,2605.09,0.5,NIFTY50_PORTFOLIO,BUY,478,2558.06,INR
IN004495,ADANIENT,Adani Enterprises,NSE,CONGLOMERATE,04-04-2024,2688,2729.58,2493.4,2540.75,2573.81,294321,509376.08,75.67,3.15,1.48,0.667,3256.13,1752.92,5.1,SECTORAL_PORTFOLIO,BUY,1100,2728.41,INR
IN000076,ASIANPAINT,Asian Paints,BSE,CONSUMER GOODS,04-04-2024,3096.18,3131.06,2847.94,2890.34,2999.59,4520043,254236.55,47.14,5.03,2.097,1.346,3421.36,1974.31,5.1,NIFTY50_PORTFOLIO,HOLD,319,3443.74,INR
IN003535,ONGC,Oil & Natural Gas Corp,NSE,ENERGY,04-04-2024,287.4,307.11,279,298.21,309.44,3450297,75549.78,67.63,2.15,2.773,0.998,351.31,233.86,1.2,NIFTY50_PORTFOLIO,BUY,1413,300.62,INR
IN003539,ONGC,Oil & Natural Gas Corp,NSE,ENERGY,04-04-2024,286.65,293.83,263.37,268.12,270.98,2702047,199961.2,15.26,9.18,1.711,1.146,343.67,173.43,3.5,NIFTY50_PORTFOLIO,HOLD,1128,233.34,INR
IN003591,ONGC,Oil & Natural Gas Corp,NSE,ENERGY,04-04-2024,293.95,296.48,273.4,276.17,275.96,1113777,43016.16,27.17,12.78,0.468,0.43,345.95,241.03,1.2,MIDCAP_PORTFOLIO,BUY,102,220.8,INR
IN003620,ONGC,Oil & Natural Gas Corp,NSE,ENERGY,04-04-2024,267.68,268.31,248.01,253.84,250.79,1699923,223835.21,52.62,2.35,2.037,1.942,312.22,251.79,5.1,SECTORAL_PORTFOLIO,BUY,757,300.52,INR
IN003623,ONGC,Oil & Natural Gas Corp,NSE,ENERGY,04-04-2024,292.94,309.05,287.81,308.42,317.11,3602934,199937.08,36.48,1.21,3.051,1.585,308.42,177.13,3.5,SECTORAL_PORTFOLIO,BUY,260,335.23,INR
IN003077,SBIN,State Bank of India,NSE,FINANCE,04-04-2024,573.75,617.93,567.05,605.29,613.3,4287690,113399.2,44,8.26,3.908,1.13,799.91,520.24,1.2,SECTORAL_PORTFOLIO,BUY,1832,589.48,INR
IN001354,WIPRO,Wipro,BSE,TECHNOLOGY,04-04-2024,511.8,546.56,502.52,539.15,538.27,2230216,228874.72,21.29,5.69,2.975,0.785,585.75,318.78,1.2,MIDCAP_PORTFOLIO,BUY,570,509.09,INR
IN001362,WIPRO,Wipro,BSE,FMCG,04-04-2024,520.16,549.46,515.84,545.16,541.27,875640,106031.46,12.88,7.14,0.172,0.716,664.45,389.31,5.1,SECTORAL_PORTFOLIO,HOLD,1534,444.22,INR
IN001405,WIPRO,Wipro,BSE,FINANCE,04-04-2024,514.4,514.54,500.83,512.06,503.6,2498874,470207.29,36.17,1.52,0.544,0.496,660.22,465.43,3.5,SECTORAL_PORTFOLIO,BUY,90,522.29,INR
IN001411,WIPRO,Wipro,BSE,TECHNOLOGY,04-04-2024,499.28,513.91,483.45,484.63,498.46,4501876,451953.81,62.07,4.22,3.443,1.197,577.99,362.25,2.3,MIDCAP_PORTFOLIO,BUY,287,588.68,INR
IN001422,WIPRO,Wipro,BSE,TECHNOLOGY,04-04-2024,508.47,509.16,488.35,489.5,504.65,70428,101626.13,18.29,10.77,3.192,1.611,646,321.93,5.1,NIFTY50_PORTFOLIO,BUY,1747,418.38,INR
IN001460,WIPRO,Wipro,BSE,TECHNOLOGY,04-04-2024,521.69,524.35,483.26,521.69,497.15,1835073,336980.53,33.75,2.06,0.74,0.781,578.85,408.1,3.5,MIDCAP_PORTFOLIO,SELL,1720,469.5,INR
IN001562,WIPRO,Wipro,BSE,TECHNOLOGY,04-04-2024,488.35,516.62,477.45,505.81,495.62,4458679,160936.43,71.63,5.66,0.154,0.465,666.45,460.52,0.5,MIDCAP_PORTFOLIO,BUY,1004,395.42,INR
IN003796,NESTLEIND,Nestle India,BSE,FMCG,06-04-2024,21762.4,22706.36,21166.39,21762.4,22821.66,4331304,10759084.95,57.08,5.57,1.024,1.339,24437.82,18484.39,3.5,NIFTY50_PORTFOLIO,SELL,1874,18731.19,INR
IN003801,NESTLEIND,Nestle India,BSE,FMCG,06-04-2024,22738.95,24403.42,22397.91,24026.26,23192.93,4592310,8829302.18,16.85,7.89,0.668,1.711,24026.26,19551.49,3.5,SECTORAL_PORTFOLIO,BUY,646,27235.98,INR
IN003811,NESTLEIND,Nestle India,BSE,FMCG,06-04-2024,22885.59,23134.41,21998.15,22130.23,21954.5,4223503,21382874.54,50.64,1.6,2.884,1.2725,22130.23,14839.07,1.2,NIFTY50_PORTFOLIO,HOLD,1792,23322.83,INR
IN004453,RELIANCE,Reliance Industries,NSE,ENERGY,06-04-2024,2124.41,2127.16,2000.03,2049.27,2129.18,2048907,1672313.9,47.51,1.2,2.134,1.025,3066.65,1790.71,2.3,SECTORAL_PORTFOLIO,BUY,1427,2168.64,INR
IN004500,RELIANCE,Reliance Industries,NSE,ENERGY,06-04-2024,2164.85,2248.69,2138.03,2238.43,2297.31,3083245,1775021.34,43.13,1.89,2.413,1.144,2958.7,1323.93,1.2,SECTORAL_PORTFOLIO,BUY,288,2269.74,INR
IN003198,SBIN,State Bank of India,NSE,FINANCE,06-04-2024,627.61,633.31,582.87,588.36,571.75,2646577,201981.51,44,12.38,0.578,0.508,780.92,380.61,2.3,SECTORAL_PORTFOLIO,BUY,780,685.99,INR
IN001518,ASIANPAINT,Asian Paints,BSE,CONSUMER GOODS,07-04-2024,3108.62,3165.48,2992.2,3004.45,3031.1,4407027,969369.09,42.37,7.6,0.781,1.708,3952.78,2303.63,2.3,MIDCAP_PORTFOLIO,BUY,263,2927.76,INR
IN001522,ASIANPAINT,Asian Paints,BSE,CONSUMER GOODS,07-04-2024,2934.42,2974.96,2867.66,2965.35,2899.68,2091350,503714.68,42.37,4.78,3.411,1.353,3928.01,2453.02,5.1,SECTORAL_PORTFOLIO,BUY,1933,3211.69,INR
IN004739,BAJFINANCE,Bajaj Finance,NSE,NBFC,07-04-2024,7283.07,7477.4,6730.16,6885.91,7140.36,552877,5693705.94,34.53,13.99,3.538,0.595,8154.03,4217.05,2.3,MIDCAP_PORTFOLIO,BUY,1397,7797.9,INR
IN000455,KOTAKBANK,Kotak Mahindra Bank,NSE,FINANCE,07-04-2024,1849.24,1984.92,1840.53,1971.9,2033.58,873332,1085237.44,52.38,5.5,2.498,1.2315,2166.84,1330.89,1.2,MIDCAP_PORTFOLIO,BUY,1494,1382.04,INR
IN004808,TCS,Tata Consultancy Services,NSE,TECHNOLOGY,07-04-2024,3507.74,3510.27,3240.76,3279.95,3256.18,1411740,1932396.03,39.06,4.65,1.01,1.145,4711.1,3022.81,2.3,NIFTY50_PORTFOLIO,BUY,1385,4327.3,INR
IN004867,TCS,Tata Consultancy Services,NSE,TECHNOLOGY,07-04-2024,3349.21,3634.06,3264.54,3557.6,3502.11,1663835,1369047.16,41.32,14.59,2.342,1.316,4835.33,2202.75,3.5,MIDCAP_PORTFOLIO,BUY,930,2680.87,INR
IN004911,TCS,Tata Consultancy Services,NSE,TECHNOLOGY,07-04-2024,3434.47,3471.89,3268.35,3288.51,3303.71,2373145,3151099.5,56.3,4.89,2.348,1.99,4328.54,3227.56,0,MIDCAP_PORTFOLIO,BUY,205,3530.37,INR
IN002004,LT,Larsen & Toubro,NSE,INFRASTRUCTURE,09-04-2024,3277.08,3291.26,3238.1,3279.48,3338.67,3631960,531459.51,29.99,3.01,1.9605,0.584,4012.33,2914.56,0.5,MIDCAP_PORTFOLIO,HOLD,1276,3348.18,INR
IN002014,LT,Larsen & Toubro,NSE,INFRASTRUCTURE,09-04-2024,3113.72,3191.71,2943.2,3022.86,2978.47,2828145,401121.27,25.88,1.66,0.212,1.309,3599.96,2136.52,3.5,MIDCAP_PORTFOLIO,BUY,1826,3127.97,INR
IN002128,LT,Larsen & Toubro,NSE,INFRASTRUCTURE,09-04-2024,3191.11,3235.73,2937.34,2984.68,3094.18,4818591,2426148.45,49.21,4.11,2.229,1.552,3528.45,2771.76,5.1,MIDCAP_PORTFOLIO,BUY,500,2418.03,INR
IN002142,LT,Larsen & Toubro,NSE,INFRASTRUCTURE,09-04-2024,3210.92,3304.76,2913.15,2989.77,2909.36,4478097,1616603.54,26.59,9.74,0.32,0.636,4110.63,2949.06,3.5,MIDCAP_PORTFOLIO,SELL,1149,3243.16,INR
IN002149,LT,Larsen & Toubro,NSE,INFRASTRUCTURE,09-04-2024,3322.44,3420.04,3166,3237.48,3206.18,2164820,2325063.19,67.01,12.82,0.587,0.651,4108.06,2825.32,0,NIFTY50_PORTFOLIO,BUY,1813,2980.8,INR
IN002188,LT,Larsen & Toubro,NSE,INFRASTRUCTURE,09-04-2024,3336.26,3604.8,3259.11,3545.97,3431.78,2871614,474696.01,26.48,10.38,2.149,1.883,4125.62,2786.78,1.2,MIDCAP_PORTFOLIO,BUY,802,2917.58,INR
IN002196,LT,Larsen & Toubro,NSE,INFRASTRUCTURE,09-04-2024,3231.87,3330.17,3155.38,3281.05,3404.72,645420,1312022,18.9,8.51,3.242,0.631,3875.48,2975.54,2.3,SECTORAL_PORTFOLIO,HOLD,1601,3668.01,INR
IN004457,NTPC,NTPC Limited,NSE,UTILITIES,09-04-2024,342.97,351.79,330.43,342.97,338.07,3595945,179918,59.39,7.98,2.035,0.95,417.34,314.7,0,MIDCAP_PORTFOLIO,HOLD,43,294.62,INR
IN004463,NTPC,NTPC Limited,NSE,UTILITIES,09-04-2024,347.03,354.96,343.86,346.25,339.2,1795878,176144.77,57.77,5.13,2.452,1.76,443.96,286.65,0,SECTORAL_PORTFOLIO,BUY,566,405.59,INR
IN003200,ASIANPAINT,Asian Paints,BSE,CONSUMER GOODS,10-04-2024,3006.81,3109.92,2967.33,3061.33,3021.03,1077635,234706.67,42.92,1.36,0.281,1.507,3734.54,2592.26,5.1,MIDCAP_PORTFOLIO,SELL,430,3163.05,INR
IN003232,ASIANPAINT,Asian Paints,BSE,CONSUMER GOODS,10-04-2024,3136.33,3223.4,3009.04,3062.69,3094.5,1508573,1949844.54,19.84,1.5,0.897,1.331,3481.44,2130.71,5.1,NIFTY50_PORTFOLIO,HOLD,1466,2265.33,INR
IN003249,ASIANPAINT,Asian Paints,BSE,CONSUMER GOODS,10-04-2024,3030.18,3107.5,3004.12,3093.01,2977.86,2530314,2412997.1,65.88,13.19,2.548,1.087,4024.87,1842.08,5.1,NIFTY50_PORTFOLIO,SELL,265,2458.72,INR
IN003269,ASIANPAINT,Asian Paints,BSE,CONSUMER GOODS,10-04-2024,3044.99,3046.49,2871.35,2926.89,2820.99,2119731,2972854.52,42.37,12.52,3.198,1.172,3170.49,2627.43,2.3,MIDCAP_PORTFOLIO,HOLD,1793,2384.48,INR
IN003294,ASIANPAINT,Asian Paints,BSE,CONSUMER GOODS,10-04-2024,3138.89,3260.98,3069.85,3225.46,3232.27,517211,2877257.61,38.36,6.62,1.989,1.254,3572.14,2662.8,0.5,SECTORAL_PORTFOLIO,SELL,1795,2737.33,INR
IN002961,HINDUNILVR,Hindustan Unilever,NSE,FMCG,11-04-2024,2426.18,2442.87,2297.35,2332.93,2410.39,4768801,1723192.5,53.31,8.21,0.888,0.536,3336.53,1964.23,2.3,SECTORAL_PORTFOLIO,BUY,1997,2544.19,INR
IN000333,SUNPHARMA,Sun Pharmaceutical,BSE,PHARMACEUTICALS,11-04-2024,1176.3,1224.42,1150.95,1214.85,1243.51,1868519,424377.98,38.58,3.26,2.2445,1.471,1530.45,851.34,3.5,NIFTY50_PORTFOLIO,BUY,1070,1294.95,INR
IN004760,TCS,Tata Consultancy Services,NSE,TECHNOLOGY,11-04-2024,3334.16,3383.75,3330.63,3375.88,3393.94,2373145,2350949.06,43.66,4.64,0.986,0.408,4843.63,2657.37,2.3,NIFTY50_PORTFOLIO,HOLD,748,3649.11,INR
IN004779,TCS,Tata Consultancy Services,NSE,TECHNOLOGY,11-04-2024,3493.98,3509.98,3282.42,3286.91,3261.74,2246763,546851.99,21.61,5.39,3.09,0.686,4225.77,2889.24,2.3,MIDCAP_PORTFOLIO,HOLD,1805,4065.77,INR
IN001925,TECHM,Tech Mahindra,NSE,TECHNOLOGY,11-04-2024,1248.31,1248.31,1189.95,1196.01,1162.18,4554234,1225579.02,44.16,3.32,1.709,0.874,1813.87,898.27,5.1,MIDCAP_PORTFOLIO,BUY,311,1583.87,INR
IN003735,TITAN,Titan Company,BSE,CONSUMER GOODS,11-04-2024,3431.61,3531.76,3259.59,3324.82,3310.87,4352175,221391.16,54.21,13.62,2.207,1.16,4189.85,2311.96,0,NIFTY50_PORTFOLIO,BUY,111,2730.97,INR
IN003747,TITAN,Titan Company,BSE,CONSUMER GOODS,11-04-2024,3261.66,3331.58,3056.35,3087.02,3082.54,2389908.5,2469860.29,74.72,13.99,2.325,0.883,3706.19,2868.31,0.5,MIDCAP_PORTFOLIO,SELL,241,3192.47,INR
IN003777,TITAN,Titan Company,BSE,CONSUMER GOODS,11-04-2024,3349.91,3405.72,3306.37,3384.08,3387.87,2389908.5,3090874.44,50.45,6.2,2.122,1.686,4039.06,2064.6,2.3,MIDCAP_PORTFOLIO,BUY,311,2944.72,INR
IN004272,TITAN,Titan Company,BSE,CONSUMER GOODS,11-04-2024,3415.02,3475.48,3185.37,3203.43,3210.42,4591930,2086125.74,40.64,3.6,3.074,1.498,4258.91,2362.65,0.5,SECTORAL_PORTFOLIO,BUY,1424,2572.38,INR
IN004291,TITAN,Titan Company,BSE,CONSUMER GOODS,11-04-2024,3401.23,3522.49,3371.24,3461.53,3428.65,4999518,355622.4,44.08,1.34,2.537,1.751,3700.46,2941.69,1.2,SECTORAL_PORTFOLIO,BUY,1781,2650.15,INR
IN004302,TITAN,Titan Company,BSE,CONSUMER GOODS,11-04-2024,3530.47,3581.39,3406.51,3407.16,3372.93,1088269,1142529.74,66.83,6.24,0.463,1.695,3965.09,2667.86,1.2,NIFTY50_PORTFOLIO,BUY,625,3870.56,INR
IN004335,TITAN,Titan Company,BSE,CONSUMER GOODS,11-04-2024,3527.47,3674.35,3472.53,3609.19,3482.55,3307601,2435156.48,52.99,3.22,1.141,1.028,3786.06,2485.04,3.5,SECTORAL_PORTFOLIO,BUY,1827,4238.48,INR
IN004366,TITAN,Titan Company,BSE,CONSUMER GOODS,11-04-2024,3441.59,3447.08,3407.53,3439.01,3447.96,4434441,3336496.98,22.61,10.88,0.521,0.816,4195.34,3071.88,0.5,SECTORAL_PORTFOLIO,HOLD,1577,3596.94,INR
IN004383,TITAN,Titan Company,BSE,CONSUMER GOODS,11-04-2024,3436.84,3617.13,3344.58,3517.19,3524.06,2398638,1454763.28,11.52,6.04,3.976,0.676,3908.48,2907.04,0.5,MIDCAP_PORTFOLIO,BUY,78,3589.3,INR
IN000736,ULTRACEMCO,UltraTech Cement,BSE,INFRASTRUCTURE,11-04-2024,9713.02,9989.49,9039.01,9188.87,8853.94,3998850,2778545.74,41.87,9.02,3.116,1.188,12748.88,6123.71,3.5,MIDCAP_PORTFOLIO,BUY,1456,10994.62,INR
IN000752,ULTRACEMCO,UltraTech Cement,BSE,INFRASTRUCTURE,11-04-2024,9905.57,10005.27,9238.15,9509.31,9687.44,4335206,3760764.73,52.81,5.03,0.499,1.531,13274.15,8732.21,2.3,SECTORAL_PORTFOLIO,BUY,1099,11555.2,INR
IN003120,ULTRACEMCO,UltraTech Cement,BSE,INFRASTRUCTURE,11-04-2024,9660.24,10075.1,9606.87,9660.24,10078.12,4200670,2024464.79,35.85,7.99,1.112,1.021,10639.69,6170.74,0,MIDCAP_PORTFOLIO,HOLD,677,9743.02,INR
IN003125,ULTRACEMCO,UltraTech Cement,BSE,INFRASTRUCTURE,11-04-2024,9954.97,10042.89,9514.91,9623.17,9516.6,770995,6571282.09,48.8,6.98,0.172,1.212,12115.49,6373,2.3,SECTORAL_PORTFOLIO,BUY,1774,7898.78,INR
IN003130,ULTRACEMCO,UltraTech Cement,BSE,INFRASTRUCTURE,11-04-2024,9144.42,9227.32,8974.05,9097.2,8907.73,4765561,6650070.03,43.56,1.25,3.427,1.148,10625.41,6202.74,5.1,MIDCAP_PORTFOLIO,BUY,1514,11046.25,INR
IN003146,ULTRACEMCO,UltraTech Cement,BSE,INFRASTRUCTURE,11-04-2024,9034.61,9768.16,8830.73,9621.93,9570.07,109049,1843165.56,73.73,6.31,1.739,1.208,11746.24,7649.34,5.1,SECTORAL_PORTFOLIO,BUY,1411,8776.18,INR
IN001553,AXISBANK,Axis Bank,BSE,FINANCE,12-04-2024,1049.15,1085.69,1027.76,1069.72,1042.27,1475529,617080.72,16.78,6.06,1.127,1.732,1428.77,739.82,3.5,SECTORAL_PORTFOLIO,BUY,599,1219.85,INR
IN004427,TECHM,Tech Mahindra,NSE,TECHNOLOGY,12-04-2024,1350.23,1363.64,1288.68,1308.36,1351.5,3175234,910194.86,73.85,1.1,1.202,0.592,1457.07,977.98,5.1,SECTORAL_PORTFOLIO,BUY,442,1396.35,INR
IN004438,TECHM,Tech Mahindra,NSE,TECHNOLOGY,12-04-2024,1262.68,1276.37,1166.11,1183.49,1177.32,1022531,712918.75,32.7,5.52,3.158,0.709,1699.44,961.72,0.5,SECTORAL_PORTFOLIO,BUY,1706,1179.01,INR
IN000623,SUNPHARMA,Sun Pharmaceutical,BSE,PHARMACEUTICALS,01-05-2024,1207.88,1299.55,1174.05,1265.7,1247.38,93937,332064.54,51.8,3.3,2.2445,1.082,1445.84,729.84,0.5,MIDCAP_PORTFOLIO,HOLD,1014,1106.45,INR
IN001830,ULTRACEMCO,UltraTech Cement,BSE,INFRASTRUCTURE,01-05-2024,9701.19,9768.46,9224.37,9304.75,8970.69,4317710,1370851.4,75.81,7.99,1.061,0.958,11351.5,7223.16,2.3,MIDCAP_PORTFOLIO,SELL,1711,11768.88,INR
IN001889,ULTRACEMCO,UltraTech Cement,BSE,INFRASTRUCTURE,01-05-2024,9545.14,10208.87,9270.91,9545.14,10356.24,2659234,8772040.86,58.32,7.99,3.187,0.4,11737.89,7781.81,3.5,MIDCAP_PORTFOLIO,SELL,1436,8098.05,INR
IN001901,ULTRACEMCO,UltraTech Cement,BSE,INFRASTRUCTURE,01-05-2024,9244.79,9334.34,9180.27,9298.63,9623.25,2290729,4803625.83,73.03,12.6,2.317,0.625,11531.57,8572.63,3.5,NIFTY50_PORTFOLIO,BUY,567,9659.51,INR
IN001935,ULTRACEMCO,UltraTech Cement,BSE,INFRASTRUCTURE,01-05-2024,9353.57,9385.69,9075.72,9075.93,9231.25,501259,5413831.63,29.75,3.38,1.675,1.555,12827.77,8508.68,3.5,SECTORAL_PORTFOLIO,BUY,289,9748.86,INR
IN001936,ULTRACEMCO,UltraTech Cement,BSE,INFRASTRUCTURE,01-05-2024,9058.45,9619.26,9017.61,9584.79,9700.99,1660652,3085046.93,43.495,5.61,1.682,0.447,12201.43,8897.62,0.5,NIFTY50_PORTFOLIO,BUY,1476,9627.33,INR
IN001964,ULTRACEMCO,UltraTech Cement,BSE,INFRASTRUCTURE,01-05-2024,9961.51,10066.06,9791.65,9908.28,10218.86,2163982,8513468.51,63,2.3,0.501,1.148,12555.64,8712.2,0.5,SECTORAL_PORTFOLIO,BUY,1604,10921.91,INR
IN003264,BAJFINANCE,Bajaj Finance,NSE,FINANCE,02-05-2024,7158.41,7319.33,6921.02,7059.83,6930.37,200521,3423400.78,77.74,9.39,0.006,0.708,9677.37,6447.19,5.1,NIFTY50_PORTFOLIO,BUY,1335,6141.47,INR
IN003278,BAJFINANCE,Bajaj Finance,NSE,NBFC,02-05-2024,7329.31,7372.88,7255.69,7372.62,7246.81,889800,5620031.77,42.76,8.97,1.252,0.719,8814.18,4757.97,3.5,NIFTY50_PORTFOLIO,BUY,460,7094.12,INR
IN000740,HCLTECH,HCL Technologies,NSE,TECHNOLOGY,02-05-2024,1432.86,1433.84,1342.66,1432.86,1392.96,3609617,79423.13,45.41,4.39,3.934,1.451,1576.81,1255.96,0.5,NIFTY50_PORTFOLIO,BUY,415,1335.98,INR
IN000766,HCLTECH,HCL Technologies,NSE,TECHNOLOGY,02-05-2024,1434.28,1470.68,1394.72,1455.91,1462.03,2144459,1318850.33,62.94,8.71,2.856,0.754,1887.96,961.36,5.1,SECTORAL_PORTFOLIO,BUY,544,1127.3,INR
IN000774,HCLTECH,HCL Technologies,NSE,TECHNOLOGY,02-05-2024,1486.57,1491.01,1406.12,1437.12,1484.14,1940881,1389589.87,43.52,1.41,1.232,0.789,2008.35,1145.54,0,MIDCAP_PORTFOLIO,SELL,778,1743.54,INR
IN000816,HCLTECH,HCL Technologies,NSE,TECHNOLOGY,02-05-2024,1556.27,1564.52,1468.22,1471.92,1451,1636536,470569.84,25.1,9.29,2.305,1.512,1627.18,1242.23,5.1,NIFTY50_PORTFOLIO,BUY,788,1588.68,INR
IN000817,HCLTECH,HCL Technologies,NSE,TECHNOLOGY,02-05-2024,1543.58,1578.37,1502.25,1550.82,1578.17,3210236,101755.52,41.4,3.11,2.802,0.788,1956.92,1320.86,3.5,NIFTY50_PORTFOLIO,BUY,1294,1510.72,INR
IN000822,HCLTECH,HCL Technologies,NSE,TECHNOLOGY,02-05-2024,1523.46,1544.64,1473.61,1495.32,1515.76,315425,432481.8,57.87,12.79,3.52,1.079,1862.04,920.41,2.3,MIDCAP_PORTFOLIO,HOLD,1608,1837.53,INR
IN001245,AXISBANK,Axis Bank,BSE,FINANCE,03-05-2024,1125.47,1204.46,1118.98,1186.54,1217.79,2707442,181834.12,13.11,13.71,1.933,0.668,1427.67,757.05,5.1,NIFTY50_PORTFOLIO,HOLD,1097,1225.77,INR
IN001308,AXISBANK,Axis Bank,BSE,FINANCE,03-05-2024,1123.59,1187.65,1097.19,1174.32,1220.22,3030722,805685.06,39.45,13.03,1.548,1.988,1174.32,742.17,3.5,SECTORAL_PORTFOLIO,BUY,522,867.4,INR
IN001879,HDFCBANK,HDFC Bank,NSE,FINANCE,03-05-2024,1560.86,1570.76,1518.11,1542.53,1481.98,830312,495783.35,28.85,5.06,3.735,1.675,1802.48,1489.02,3.5,NIFTY50_PORTFOLIO,BUY,535,1632.73,INR
IN001977,HINDUNILVR,Hindustan Unilever,NSE,FMCG,03-05-2024,2619.24,2660.2,2519.25,2527.73,2525.96,766193,1591521.54,74.46,8.2,2.436,1.28,3355.3,2167.19,1.2,SECTORAL_PORTFOLIO,BUY,70,1924.6,INR
IN000870,TCS,Tata Consultancy Services,NSE,TECHNOLOGY,03-05-2024,3325.47,3461.12,3264.91,3427.17,3537.22,4065876,523364.66,42.02,8.51,3.795,1.201,3896.79,2951.24,3.5,SECTORAL_PORTFOLIO,SELL,1706,3685.6,INR
IN000908,TCS,Tata Consultancy Services,NSE,TECHNOLOGY,03-05-2024,3618.94,3720.8,3340.75,3386.8,3322.71,3716631,3148607.01,15.4,10.37,2.419,1.201,3892.49,3290.02,2.3,NIFTY50_PORTFOLIO,SELL,509,3603.7,INR
IN000936,TCS,Tata Consultancy Services,NSE,TECHNOLOGY,03-05-2024,3609.7,3719.75,3571.01,3658.19,3649.25,1515794,697329.76,78.76,6.53,3.635,1.269,4777.54,3109.73,0.5,SECTORAL_PORTFOLIO,HOLD,11,4329.31,INR
IN000979,TCS,Tata Consultancy Services,NSE,TECHNOLOGY,03-05-2024,3452.63,3530.56,3407.61,3433.05,3317.09,260868,1316608.58,75.99,13.42,0.928,0.745,4715.97,2200.16,0,SECTORAL_PORTFOLIO,BUY,292,3933.68,INR
IN000991,TCS,Tata Consultancy Services,NSE,TECHNOLOGY,03-05-2024,3593.62,3679.42,3500.68,3612.62,3655.49,1948352,3359033.53,72,7.92,3.647,1.3,4018.19,3254.34,3.5,SECTORAL_PORTFOLIO,BUY,1957,3599.47,INR
IN001018,TCS,Tata Consultancy Services,NSE,TECHNOLOGY,03-05-2024,3515.67,3745.63,3490.46,3674.52,3620.11,4185715,1995750.04,67.23,7.44,2.598,0.819,3947.16,2627.77,1.2,NIFTY50_PORTFOLIO,BUY,1070,3918.8,INR
IN001030,TCS,Tata Consultancy Services,NSE,TECHNOLOGY,03-05-2024,3648.44,3712.22,3458.26,3471.74,3386.56,3229520,1932396.03,59.55,4.43,2.467,0.867,3936.9,2878.8,0,NIFTY50_PORTFOLIO,BUY,1672,2901.8,INR
IN001576,ULTRACEMCO,UltraTech Cement,BSE,INFRASTRUCTURE,03-05-2024,9431.75,9608.78,8712.75,8826,8875.33,1762737,6796228.1,47.89,7.99,1.442,1.393,10725.53,8462.02,5.1,NIFTY50_PORTFOLIO,BUY,1469,9727.01,INR
IN001601,ULTRACEMCO,UltraTech Cement,BSE,INFRASTRUCTURE,03-05-2024,9188.28,9358.71,8831.7,8875.04,8769.58,612590,5413831.63,31.09,7.99,2.464,0.651,12869.22,6888.76,0.5,NIFTY50_PORTFOLIO,HOLD,1613,11623.89,INR
IN001615,ULTRACEMCO,UltraTech Cement,BSE,INFRASTRUCTURE,03-05-2024,9503.52,10040.69,9218.71,9798.3,9766.47,4281165,8622379.19,15.27,7.72,3.253,0.707,10022.79,6475.42,1.2,MIDCAP_PORTFOLIO,BUY,476,9342.02,INR
IN001640,ULTRACEMCO,UltraTech Cement,BSE,INFRASTRUCTURE,03-05-2024,9135.03,9793.33,9022.46,9538.15,9412.85,3108361,4103178.14,36.74,6.46,2.017,1.434,10041.19,7156.68,5.1,NIFTY50_PORTFOLIO,SELL,1198,7340.43,INR
IN002521,ADANIENT,Adani Enterprises,NSE,CONGLOMERATE,04-05-2024,2895.21,3056.72,2854.41,2988.98,2878.33,4919335,1559394.17,36,7.76,2.656,0.91,3555.53,2447.64,1.2,NIFTY50_PORTFOLIO,SELL,1317,2951.5,INR
IN003241,ADANIENT,Adani Enterprises,NSE,CONGLOMERATE,04-05-2024,2834.27,2872.32,2748.36,2801.52,2715.54,671014,2398656.54,48.92,7.93,3.171,1.798,3305.4,2624.53,0,MIDCAP_PORTFOLIO,HOLD,1693,2347.64,INR
IN003310,ADANIENT,Adani Enterprises,NSE,CONGLOMERATE,04-05-2024,2836.56,2858.65,2713.65,2788.17,2832.84,1866093,1465764.67,31.51,2.35,1.523,0.453,3830.9,1843.92,1.2,NIFTY50_PORTFOLIO,BUY,952,3060.21,INR
IN003314,ADANIENT,Adani Enterprises,NSE,CONGLOMERATE,04-05-2024,2866.42,2876.97,2751.32,2827.59,2858.03,1317652,2126972.52,73.97,9.34,0.137,1.048,3568,2235.54,3.5,NIFTY50_PORTFOLIO,BUY,135,2101.33,INR
IN004196,TITAN,Titan Company,BSE,CONSUMER GOODS,04-05-2024,3281.19,3389.48,3262.98,3344.41,3442.16,3595352,2798596.95,21.46,7.86,0.05,1.695,3949.49,2041.85,1.2,SECTORAL_PORTFOLIO,BUY,188,2842.84,INR
IN004400,BAJFINANCE,Bajaj Finance,NSE,NBFC,06-05-2024,7243.35,7435.12,7109.22,7274.11,7166.33,1673328,4233919.14,78.37,7.31,0.638,0.936,9607.39,6176.1,5.1,SECTORAL_PORTFOLIO,BUY,1947,7146.22,INR
IN004403,BAJFINANCE,Bajaj Finance,NSE,NBFC,06-05-2024,7214.02,7624.49,7015.42,7494.12,7716.94,2135872,1587526.21,12.56,9.17,2.54,1.509,8802.63,5441.21,5.1,NIFTY50_PORTFOLIO,BUY,994,5998.65,INR
IN001177,ICICIBANK,ICICI Bank,NSE,FINANCE,06-05-2024,951.94,986.68,923.52,980.6,976.71,1022330,388706.1,20.71,2.37,1.799,1.725,1189.43,576.4,1.2,SECTORAL_PORTFOLIO,SELL,1394,1113.09,INR
IN002352,INFY,Infosys,NSE,TECHNOLOGY,06-05-2024,1564.85,1599.56,1431.38,1564.85,1479.74,3731671,1282157.67,27.97,2.89,2.408,0.537,1928.09,975.35,5.1,MIDCAP_PORTFOLIO,HOLD,578,1162.34,INR
IN002566,TECHM,Tech Mahindra,NSE,TECHNOLOGY,06-05-2024,1280.44,1331.01,1243.96,1280.44,1336.14,2395139,401290.35,76.47,12.6,0.532,1.288,1753.19,789.01,2.3,MIDCAP_PORTFOLIO,SELL,681,1024.23,INR
IN000140,WIPRO,Wipro,BSE,TECHNOLOGY,06-05-2024,510.64,519.14,464.21,478.12,466.6,4322199,320086.07,68.5,12.16,0.911,1.305,596.22,301.41,0,SECTORAL_PORTFOLIO,HOLD,466,594.94,INR
IN000145,WIPRO,Wipro,BSE,TECHNOLOGY,06-05-2024,518.08,559.01,506.52,551.61,557.86,133417,159984.18,75.5,2.85,1.87,0.639,551.61,327.84,2.3,SECTORAL_PORTFOLIO,HOLD,51,475.5,INR
IN000312,WIPRO,Wipro,BSE,TECHNOLOGY,06-05-2024,514.47,529.38,484.75,497.44,516.35,544807,408019.41,49.07,10.03,1.228,0.858,530.32,372.26,1.2,MIDCAP_PORTFOLIO,BUY,456,571.85,INR
IN000701,HCLTECH,HCL Technologies,NSE,TECHNOLOGY,07-05-2024,1466.16,1527.93,1431.57,1504.62,1454.73,3201877,297108.09,22.44,2.34,2.231,0.841,1950.93,1188.8,2.3,SECTORAL_PORTFOLIO,BUY,1749,1505.42,INR
IN000718,HCLTECH,HCL Technologies,NSE,TECHNOLOGY,07-05-2024,1493.16,1521.69,1474.07,1493.64,1489.16,2741283,1440824.23,27.71,11.2,2.941,1.906,1950.75,1360.88,3.5,SECTORAL_PORTFOLIO,BUY,1816,1303.07,INR
IN003333,TECHM,Tech Mahindra,NSE,TECHNOLOGY,07-05-2024,1327.89,1389.38,1327.43,1373.17,1390.35,1313178,533063.49,26.19,9.81,2.967,1.242,1473.69,1029.59,0.5,MIDCAP_PORTFOLIO,HOLD,180,1090.44,INR
IN003340,TECHM,Tech Mahindra,NSE,TECHNOLOGY,07-05-2024,1325.53,1367.74,1321.08,1346.46,1317.31,290475,1145373.47,67.76,11.28,3.008,1.442,1545.8,795.37,5.1,SECTORAL_PORTFOLIO,BUY,210,1043.29,INR
IN003343,TECHM,Tech Mahindra,NSE,TECHNOLOGY,07-05-2024,1331.67,1413.37,1322.86,1399.75,1416.95,3207220,1208396.75,10.94,4.93,0.916,1.739,1716.21,1079.88,0,MIDCAP_PORTFOLIO,BUY,1735,1170.82,INR
IN000974,ULTRACEMCO,UltraTech Cement,BSE,INFRASTRUCTURE,07-05-2024,9327.39,9605.97,8597.05,9327.39,9061.56,3608502,7104247.87,30.71,4.68,1.739,1.148,10615.81,6294.99,3.5,MIDCAP_PORTFOLIO,SELL,613,8796.95,INR
IN001059,ULTRACEMCO,UltraTech Cement,BSE,INFRASTRUCTURE,07-05-2024,9610.61,10034.98,9334.96,9967.61,9592.06,4349070,491589.86,55.84,7.99,0.611,1.478,13192.4,8051.47,5.1,SECTORAL_PORTFOLIO,BUY,1072,7480.69,INR
IN001085,ULTRACEMCO,UltraTech Cement,BSE,INFRASTRUCTURE,07-05-2024,9528.47,10166.42,9522.74,10154.16,10206.24,2659234,2812876.76,68.34,7.99,1.486,1.148,10822.22,8935.03,0,MIDCAP_PORTFOLIO,BUY,1733,11544.79,INR
IN001114,ULTRACEMCO,UltraTech Cement,BSE,INFRASTRUCTURE,07-05-2024,9426.52,9533.38,9055.59,9096.43,9120.54,2965387,3386170.45,51.18,3.7,0.31,1.148,11616.34,8533.36,1.2,MIDCAP_PORTFOLIO,HOLD,198,10648.92,INR
IN001427,ICICIBANK,ICICI Bank,NSE,FINANCE,08-05-2024,919.33,935.18,878.37,892.93,879.29,441742,670964.51,13.95,7.5,3.146,1.546,1206.55,576.63,0,NIFTY50_PORTFOLIO,BUY,1558,953.74,INR
IN001438,ICICIBANK,ICICI Bank,NSE,FINANCE,08-05-2024,996.22,1023.71,977.44,997.31,1034.88,2351399,610683.05,31.83,14.43,0.666,1.434,1305.07,883.16,3.5,MIDCAP_PORTFOLIO,HOLD,356,850.46,INR
IN002538,POWERGRID,Power Grid Corporation,BSE,UTILITIES,08-05-2024,246.04,251.05,230.69,231.54,235.62,2308844,104052.07,68.68,5.5,0.856,1.548,295.87,153.22,2.3,MIDCAP_PORTFOLIO,HOLD,496,226.3,INR
IN003289,HINDUNILVR,Hindustan Unilever,NSE,FMCG,09-05-2024,2485.93,2557.05,2376.91,2432.9,2450.68,608918,885054.32,47.31,10.15,0.018,0.981,2790.36,2360.04,0.5,NIFTY50_PORTFOLIO,BUY,1592,2268.46,INR
IN003756,INFY,Infosys,NSE,TECHNOLOGY,09-05-2024,1570.35,1597.87,1488.89,1490.59,1526.96,3474833,1143398.89,8.64,13.21,0.294,1.007,1631.42,1086.86,3.5,NIFTY50_PORTFOLIO,BUY,960,1610.04,INR
IN002855,ULTRACEMCO,UltraTech Cement,BSE,INFRASTRUCTURE,09-05-2024,9583.51,9691.64,8996.25,9250.23,8912.6,3893962,7841278.3,20.91,12.98,1.847,1.148,10130.45,8495.88,0.5,MIDCAP_PORTFOLIO,BUY,1329,10477.9,INR
IN002873,ULTRACEMCO,UltraTech Cement,BSE,INFRASTRUCTURE,09-05-2024,9102.91,9349.6,8542.02,8742.18,8990.99,1793708,2808127.66,76.94,4.53,1.578,0.702,10704.06,8742.18,5.1,SECTORAL_PORTFOLIO,SELL,630,7666.85,INR
IN002891,ULTRACEMCO,UltraTech Cement,BSE,INFRASTRUCTURE,09-05-2024,9464.48,9664.5,9352.13,9581.78,9292.05,2905991,4009612.5,28.52,11.71,3.648,1.761,10500.47,5704.55,0.5,MIDCAP_PORTFOLIO,BUY,1737,11490.92,INR
IN004478,WIPRO,Wipro,BSE,TECHNOLOGY,09-05-2024,511.98,525.57,490.59,494.24,484.16,2840587,255127.93,57.31,14.02,2.12,0.442,620.6,315.03,0,SECTORAL_PORTFOLIO,BUY,51,579.96,INR
IN002235,ADANIENT,Adani Enterprises,NSE,CONGLOMERATE,11-05-2024,2746.71,2973.27,2690.95,2912.47,2877.86,4641690,1465764.67,22.27,7.76,3,1.165,3834.51,2366.65,5.1,MIDCAP_PORTFOLIO,BUY,460,3259.69,INR
IN002253,ADANIENT,Adani Enterprises,NSE,CONGLOMERATE,11-05-2024,2904.04,2984.16,2759.31,2769.15,2816.35,197972,2163667.95,66.93,9.61,0.022,1.702,3312.57,1752.22,5.1,MIDCAP_PORTFOLIO,BUY,115,2129.48,INR
IN002281,ADANIENT,Adani Enterprises,NSE,CONGLOMERATE,11-05-2024,2689.24,2843.62,2617.46,2815.71,2856.59,3641365,2408522.82,49.43,4.6,1.455,1.165,3168.11,1695.18,2.3,NIFTY50_PORTFOLIO,HOLD,1820,3237.73,INR
IN003169,RELIANCE,Reliance Industries,NSE,ENERGY,11-05-2024,2205.67,2230.96,2130.04,2135.47,2170.33,2494199,1527081.26,73.71,11.74,2.063,1.144,2855.66,1924.81,0.5,MIDCAP_PORTFOLIO,BUY,254,1667.21,INR
IN003184,RELIANCE,Reliance Industries,NSE,ENERGY,11-05-2024,2183.89,2222.53,2081.26,2139.94,2155.9,2937064,1939835.88,55.11,10.25,1.497,0.922,2503.2,1994.25,0,NIFTY50_PORTFOLIO,BUY,841,2392.06,INR
IN000462,TECHM,Tech Mahindra,NSE,TECHNOLOGY,11-05-2024,1338.48,1370.25,1304.9,1367.29,1400.1,4819135,916766.44,51.44,11.01,3.252,1.153,1541.51,849.09,5.1,SECTORAL_PORTFOLIO,BUY,1963,1380.76,INR
IN000466,TECHM,Tech Mahindra,NSE,TECHNOLOGY,11-05-2024,1295.54,1332.84,1268.49,1297.8,1284.83,3643630,297802.81,24.96,12.7,2.636,1.199,1618.97,1073.03,0,MIDCAP_PORTFOLIO,SELL,983,1440.32,INR
IN000476,TECHM,Tech Mahindra,NSE,TECHNOLOGY,11-05-2024,1319.7,1411.93,1315.88,1409.72,1446.49,983124,391017,31.66,1.57,0.634,0.403,1601.91,805.4,0,NIFTY50_PORTFOLIO,BUY,934,1263.94,INR
IN000500,TECHM,Tech Mahindra,NSE,TECHNOLOGY,11-05-2024,1300.82,1385.72,1291.83,1374.75,1425.66,4571710,958864.5,21.74,4.6,0.885,0.553,1710.74,980.3,0.5,SECTORAL_PORTFOLIO,BUY,1257,1159.47,INR
IN001870,TECHM,Tech Mahindra,NSE,TECHNOLOGY,11-05-2024,1258.35,1272.96,1221.9,1262.42,1234.5,381402,269619.74,30.56,13.96,1.407,1.319,1586.31,1007.11,0,MIDCAP_PORTFOLIO,BUY,1913,1470.06,INR
IN001897,TECHM,Tech Mahindra,NSE,TECHNOLOGY,11-05-2024,1319.99,1326.45,1283.26,1302.99,1349.51,178996,130781.21,37.73,9.22,1.293,0.455,1678.25,1073.93,1.2,NIFTY50_PORTFOLIO,BUY,1385,1221.79,INR
IN003204,HINDUNILVR,Hindustan Unilever,NSE,FMCG,12-05-2024,2562.03,2573.69,2437.73,2489.2,2468.78,3601929,1294720.56,51.4,6.36,3.165,1.596,3173.99,2204.42,2.3,SECTORAL_PORTFOLIO,BUY,525,2203.92,INR
IN003237,HINDUNILVR,Hindustan Unilever,NSE,FMCG,12-05-2024,2539.2,2773.5,2531.34,2702.64,2730.03,1641482,1462278.54,27.01,8.21,0.67,0.599,3228.19,2155.75,2.3,MIDCAP_PORTFOLIO,BUY,509,1877.78,INR
IN003268,HINDUNILVR,Hindustan Unilever,NSE,FMCG,12-05-2024,2511.77,2538.72,2463.53,2525.94,2559.79,319334,666438.24,60.46,8.21,2.147,0.607,3344.9,2374.03,2.3,MIDCAP_PORTFOLIO,BUY,166,1964.21,INR
IN003279,HINDUNILVR,Hindustan Unilever,NSE,FMCG,12-05-2024,2403.1,2562.91,2398.56,2534.04,2586.96,2720287,1941359.21,56.15,9.8,1.339,0.506,3454.75,2230.15,2.3,NIFTY50_PORTFOLIO,BUY,1209,2205.93,INR
IN001968,RELIANCE,Reliance Industries,NSE,ENERGY,12-05-2024,2091.93,2142.45,2011.25,2069.79,2082.22,2553923,921108.25,44.76,8.545,3.795,0.875,2493.58,1454.6,2.3,SECTORAL_PORTFOLIO,BUY,381,2558.87,INR
IN002120,RELIANCE,Reliance Industries,NSE,ENERGY,12-05-2024,2176.3,2177.61,2012.76,2042.13,1983.84,1050520,431699.89,33.51,9.31,1.753,0.44,2615.24,1841.35,0,SECTORAL_PORTFOLIO,BUY,1520,2677.16,INR
IN002138,RELIANCE,Reliance Industries,NSE,ENERGY,12-05-2024,2224.24,2336.75,2205.83,2326.85,2360.85,966049,1344701.03,42.55,9.61,1.788,1.897,2506.44,1984.11,3.5,SECTORAL_PORTFOLIO,BUY,364,2032.3,INR
IN002144,RELIANCE,Reliance Industries,NSE,ENERGY,12-05-2024,2254.71,2295.23,2250.71,2264.61,2294.77,4902330,1679695.34,26.26,5.93,3.698,1.078,2905.24,1967.17,1.2,NIFTY50_PORTFOLIO,HOLD,1333,1698.15,INR
IN002171,RELIANCE,Reliance Industries,NSE,ENERGY,12-05-2024,2265.26,2294.03,2103.37,2123.51,2197.92,4704895,843598.96,35.77,12.33,0.717,1.37,2575.95,1720.28,1.2,SECTORAL_PORTFOLIO,BUY,298,1865.1,INR
IN000613,TECHM,Tech Mahindra,NSE,TECHNOLOGY,12-05-2024,1244.94,1280.45,1235.14,1237.9,1192.11,1210874,460642.72,63.53,3.5,0.259,1.388,1678.81,870.91,0,MIDCAP_PORTFOLIO,BUY,1780,1434.98,INR
IN004090,AXISBANK,Axis Bank,BSE,FINANCE,02-06-2024,1143.54,1185.22,1120.39,1175.87,1152.17,2863620,952599.76,57.49,4.51,2.28,1.819,1211.52,684.22,5.1,MIDCAP_PORTFOLIO,HOLD,1575,902.6,INR
IN004103,AXISBANK,Axis Bank,BSE,FINANCE,02-06-2024,1089.26,1144.87,1071.57,1115.11,1111.56,4553262,337218.42,41.47,8.92,2.667,1.259,1458.54,790.95,1.2,MIDCAP_PORTFOLIO,BUY,111,856.82,INR
IN000690,NTPC,NTPC Limited,NSE,UTILITIES,02-06-2024,363.78,364.45,360.18,363.92,357.71,860713,47797.45,28.56,3.66,3.019,1.074,476.4,322.14,3.5,MIDCAP_PORTFOLIO,BUY,1564,359.87,INR
IN000731,NTPC,NTPC Limited,NSE,UTILITIES,02-06-2024,359.67,366.36,335.26,337.66,337.16,1811376,167246.84,65.24,6.26,2.558,1.451,370.7,301.21,3.5,NIFTY50_PORTFOLIO,BUY,999,308.44,INR
IN001026,NTPC,NTPC Limited,NSE,UTILITIES,02-06-2024,344.31,363.08,343.01,356.72,346.85,2394789.5,169122.44,16.79,3.66,2.035,0.666,382.43,285.09,0.5,NIFTY50_PORTFOLIO,BUY,766,312.4,INR
IN001060,NTPC,NTPC Limited,NSE,UTILITIES,02-06-2024,348.51,364.29,341.91,362.48,369.25,3946845,96286.01,40.435,12.94,3.166,1.047,417.55,235.41,2.3,NIFTY50_PORTFOLIO,BUY,1846,373.35,INR
IN001078,NTPC,NTPC Limited,NSE,UTILITIES,02-06-2024,340.02,366.89,335.65,360.72,359.29,1466540,141516.67,76.58,5.73,2.788,1.0765,428.38,234.97,0,MIDCAP_PORTFOLIO,BUY,352,347.29,INR
IN001088,NTPC,NTPC Limited,NSE,UTILITIES,02-06-2024,337.69,339.54,330.05,335.08,345.39,4150756,180743.29,55.46,4.63,2.981,1.0765,479.53,264.64,3.5,MIDCAP_PORTFOLIO,HOLD,1098,416.27,INR
IN003024,POWERGRID,Power Grid Corporation,BSE,UTILITIES,02-06-2024,250.08,256,241.28,246.36,251.59,1993549,74934.47,77.22,5.08,3.158,1.869,338.86,185.3,3.5,SECTORAL_PORTFOLIO,SELL,1466,209.91,INR
IN002848,ULTRACEMCO,UltraTech Cement,BSE,INFRASTRUCTURE,02-06-2024,9580.18,9594.89,8983.12,9580.18,9307.86,4088946,7177418.18,30.22,10.91,1.739,1.148,12436.13,8024.06,0,MIDCAP_PORTFOLIO,BUY,700,11567.15,INR
IN004343,BHARTIARTL,Bharti Airtel,NSE,TELECOMMUNICATION,03-06-2024,909.34,918.49,833.61,848.19,835.94,4040332,656579.38,13.8,4.58,0.938,0.968,1216.56,848.19,1.2,NIFTY50_PORTFOLIO,BUY,248,824.18,INR
IN004390,BHARTIARTL,Bharti Airtel,NSE,TELECOMMUNICATION,03-06-2024,927.94,928.76,890.26,898.73,920.28,3969760,804700.81,16.71,7.08,0.205,0.509,1040.59,746.63,1.2,NIFTY50_PORTFOLIO,BUY,808,691.88,INR
IN003147,ICICIBANK,ICICI Bank,NSE,FINANCE,03-06-2024,916.64,941.13,897.5,904.33,927.42,796918,702962.09,11.42,7.82,3.698,1.26,1010.23,678.67,0.5,SECTORAL_PORTFOLIO,HOLD,842,1030.53,INR
IN001865,LT,Larsen & Toubro,NSE,INFRASTRUCTURE,03-06-2024,3239.53,3514.18,3206.59,3461.93,3418.54,2001112,875981.44,12.24,3.29,2.036,1.15,3720.06,2202.5,2.3,MIDCAP_PORTFOLIO,BUY,1349,2786.57,INR
IN003258,ONGC,Oil & Natural Gas Corp,NSE,ENERGY,03-06-2024,279.63,282.42,269.77,270.99,269.95,1883733,145011.02,18.92,8.55,1.847,1.752,332.73,168.17,3.5,SECTORAL_PORTFOLIO,BUY,1968,283.15,INR
IN003282,ONGC,Oil & Natural Gas Corp,NSE,ENERGY,03-06-2024,289.43,296.84,285.72,292.41,281.8,4866939,175299.26,34.13,3.88,0.329,0.499,296.57,184.67,2.3,SECTORAL_PORTFOLIO,SELL,851,244.27,INR
IN003297,ONGC,Oil & Natural Gas Corp,NSE,ENERGY,03-06-2024,289.55,294.13,286.91,290.12,293.55,3151122,42904.78,44.46,12.25,1.025,0.987,343,208.95,0.5,SECTORAL_PORTFOLIO,BUY,1593,260.09,INR
IN003301,ONGC,Oil & Natural Gas Corp,NSE,ENERGY,03-06-2024,281.67,307.67,274.42,281.67,301.58,2990372,35573.79,38.23,11.7,2.027,1.626,342.69,246.81,5.1,SECTORAL_PORTFOLIO,BUY,128,328.91,INR
IN001971,RELIANCE,Reliance Industries,NSE,ENERGY,03-06-2024,2098.23,2171.47,2037.57,2153.94,2090.56,1860496,1537199.03,21.87,8.545,3.674,0.943,2486.93,2030.81,2.3,SECTORAL_PORTFOLIO,BUY,1516,2520.26,INR
IN002049,RELIANCE,Reliance Industries,NSE,ENERGY,03-06-2024,2309.3,2431.6,2283.82,2363.06,2299.66,4367154,1451105.92,34.71,12.78,1.021,1.857,3039.77,1749.24,0.5,NIFTY50_PORTFOLIO,BUY,690,2255.63,INR
IN002086,RELIANCE,Reliance Industries,NSE,ENERGY,03-06-2024,2258.49,2407.65,2231.79,2379.63,2470.71,3927369,353461.99,63.12,13.76,0.182,1.674,2556.24,1424.91,2.3,NIFTY50_PORTFOLIO,BUY,566,2376.82,INR
IN002583,HCLTECH,HCL Technologies,NSE,TECHNOLOGY,05-06-2024,1545.82,1636.81,1504.25,1624.33,1568.71,53961,1278802.19,33.35,2.24,1.797,1.739,1689.01,1294.43,1.2,SECTORAL_PORTFOLIO,HOLD,884,1177.17,INR
IN002547,HCLTECH,HCL Technologies,NSE,TECHNOLOGY,06-06-2024,1458.54,1534.43,1454.46,1504.4,1484.54,2257701,1050374.95,56.17,4.89,1.37,0.859,2037.97,1014.37,5.1,SECTORAL_PORTFOLIO,BUY,1321,1777.86,INR
IN002018,ONGC,Oil & Natural Gas Corp,NSE,ENERGY,06-06-2024,269.31,287.13,268.48,283.18,278.48,3106128,248715.82,13.69,6.7,3.377,0.423,321.08,219.07,3.5,MIDCAP_PORTFOLIO,HOLD,1051,331.72,INR
IN002777,ONGC,Oil & Natural Gas Corp,NSE,ENERGY,06-06-2024,281.02,289.08,267.55,273.16,263.01,1769621,56972.09,36.07,1.98,2.927,1.99,304.77,203.9,3.5,NIFTY50_PORTFOLIO,HOLD,909,314.79,INR
IN003700,TCS,Tata Consultancy Services,NSE,TECHNOLOGY,06-06-2024,3449.69,3740.99,3368.01,3689.02,3705.03,2900310,1677379.48,16.53,3.41,1.901,0.71,4577.63,3131.47,0.5,SECTORAL_PORTFOLIO,BUY,895,4073.8,INR
IN003496,TITAN,Titan Company,BSE,CONSUMER GOODS,06-06-2024,3231.33,3499.71,3144.95,3450.5,3312.67,2903750,1835830.275,15.64,13.32,3.72,0.637,4409.1,2943.51,2.3,MIDCAP_PORTFOLIO,BUY,1382,2943.54,INR
IN003545,TITAN,Titan Company,BSE,CONSUMER GOODS,06-06-2024,3268.82,3293.17,3056.04,3056.79,3170.28,3361249,2663835.07,11.8,8.21,2.945,0.609,4420.82,2378.47,1.2,NIFTY50_PORTFOLIO,BUY,1791,2649.38,INR
IN003554,TITAN,Titan Company,BSE,CONSUMER GOODS,06-06-2024,3251.48,3306.09,3206.98,3259.35,3382.1,336776,2991773.68,32.56,13.43,2.872,1.219,4219.9,2258.26,1.2,NIFTY50_PORTFOLIO,BUY,1273,4024.51,INR
IN002314,ASIANPAINT,Asian Paints,BSE,CONSUMER GOODS,08-06-2024,2861.63,3128.78,2828.31,3038.41,3009.97,127156,1583748.83,40.24,6.95,1.307,0.897,3599.34,2364.79,0,MIDCAP_PORTFOLIO,HOLD,1191,3637.69,INR
IN000284,ONGC,Oil & Natural Gas Corp,NSE,ENERGY,08-06-2024,272.46,280.18,254.21,256.68,261.44,229311,172041.49,40.515,14.41,1.717,1.046,325.88,202.8,1.2,SECTORAL_PORTFOLIO,SELL,1661,251.63,INR
IN004592,RELIANCE,Reliance Industries,NSE,ENERGY,08-06-2024,2239.8,2301.45,2166.18,2202.71,2217.39,792132,116980.8,62.87,1.88,3.111,0.407,2837.23,1975.1,0,SECTORAL_PORTFOLIO,BUY,731,1835.06,INR
IN004604,RELIANCE,Reliance Industries,NSE,ENERGY,08-06-2024,2142.63,2271.55,2101.42,2217.73,2156.19,4077895,667034.42,14.1,11.51,2.718,0.649,2659.65,1949.75,5.1,MIDCAP_PORTFOLIO,BUY,847,1908.4,INR
IN001693,TITAN,Titan Company,BSE,CONSUMER GOODS,08-06-2024,3308.74,3572.39,3236.44,3476.52,3532.31,4689728,1802725.3,8.28,8.99,1.121,0.595,4640.86,2974.08,2.3,MIDCAP_PORTFOLIO,HOLD,1095,2914.39,INR
IN004086,ADANIENT,Adani Enterprises,NSE,CONGLOMERATE,09-06-2024,2813.27,2882.97,2750.39,2813.27,2818.04,907617,885577.96,65.21,8.77,0.056,1.009,2813.27,2187.08,3.5,NIFTY50_PORTFOLIO,BUY,132,2562.08,INR
IN004104,ADANIENT,Adani Enterprises,NSE,CONGLOMERATE,09-06-2024,2702.41,2734.44,2493,2519.73,2473.36,4972548,1465764.67,57.25,4.69,2.089,1.87,3811.5,2275.68,0,NIFTY50_PORTFOLIO,BUY,1524,2894.77,INR
IN004170,ADANIENT,Adani Enterprises,NSE,CONGLOMERATE,09-06-2024,2705.81,2874.6,2679.91,2845.4,2899.2,2829010.5,416194.35,54.11,8.25,2.032,0.985,3350.41,1698.96,0,MIDCAP_PORTFOLIO,HOLD,1224,2605.16,INR
IN004192,ADANIENT,Adani Enterprises,NSE,CONGLOMERATE,09-06-2024,2665.15,2673.99,2416.49,2479.98,2561.11,3241545,1359864.88,48.92,1.77,1.8295,1.165,3504.39,2249.7,3.5,SECTORAL_PORTFOLIO,BUY,172,3004.14,INR
IN004202,ADANIENT,Adani Enterprises,NSE,CONGLOMERATE,09-06-2024,2753.17,2899.49,2726.53,2824.66,2900.94,407474,947274,24.02,7.19,1.397,1.968,3042.25,2562.79,3.5,NIFTY50_PORTFOLIO,BUY,468,2327.1,INR
IN001342,AXISBANK,Axis Bank,BSE,FINANCE,09-06-2024,1139.98,1165.78,1106.05,1132.14,1174.53,2279434,529913.03,59.33,11.24,1.933,0.979,1166.45,697.18,2.3,NIFTY50_PORTFOLIO,BUY,1088,862.74,INR
IN001347,AXISBANK,Axis Bank,BSE,FINANCE,09-06-2024,1106.31,1128.09,1072.2,1076.88,1100,1568791,204694.11,31.86,12.44,2.748,0.494,1307.56,778.75,3.5,MIDCAP_PORTFOLIO,SELL,1129,1121.4,INR
IN001379,AXISBANK,Axis Bank,BSE,FINANCE,09-06-2024,1061.71,1089.71,1028.98,1049.99,1047.5,2502391,645142.58,52.22,1.77,3.497,1.033,1410.41,915.83,5.1,NIFTY50_PORTFOLIO,HOLD,880,903.49,INR
IN004172,HCLTECH,HCL Technologies,NSE,TECHNOLOGY,11-06-2024,1462.65,1506.35,1454.46,1502.23,1456.66,4557971,1068228.86,73.19,12.67,2.437,1.054,1855.23,1288.1,0,SECTORAL_PORTFOLIO,HOLD,1628,1331.01,INR
IN004173,HCLTECH,HCL Technologies,NSE,TECHNOLOGY,11-06-2024,1527.52,1569.87,1490.75,1554.23,1544.52,2914570,841701.2,27.48,10.08,3.668,1.863,1956.23,1181.46,0,SECTORAL_PORTFOLIO,BUY,1666,1232.65,INR
IN002410,ICICIBANK,ICICI Bank,NSE,FINANCE,11-06-2024,991.58,1007.59,964.81,977.31,985,103685,192051.53,60.07,10.66,0.969,1.224,1311.76,644.05,0.5,MIDCAP_PORTFOLIO,HOLD,647,950.77,INR
IN001749,MARUTI,Maruti Suzuki,BSE,AUTOMOBILE,11-06-2024,10083.42,10347.33,9942.41,10002.74,9606.23,4881029,5168125.28,41.06,3.63,0.735,1.477,12907.72,9074.76,2.3,NIFTY50_PORTFOLIO,BUY,1428,9494.15,INR
IN002123,NTPC,NTPC Limited,NSE,UTILITIES,11-06-2024,345.02,350.36,338.07,347.47,335.89,2256470,114579.09,32.14,14.86,2.528,1.797,417.2,228.54,1.2,SECTORAL_PORTFOLIO,HOLD,854,347.47,INR
IN003363,POWERGRID,Power Grid Corporation,BSE,UTILITIES,11-06-2024,246.03,262.47,240.48,246.03,255.43,3594592,153809.85,77.93,13.94,0.96,1.75,284.05,173.86,5.1,NIFTY50_PORTFOLIO,HOLD,171,309.67,INR
IN004697,TECHM,Tech Mahindra,NSE,TECHNOLOGY,11-06-2024,1333.67,1368.96,1236.27,1267.69,1291.83,3023420,226357.45,44.16,10.8,2.015,1.834,1693.06,1184.22,3.5,MIDCAP_PORTFOLIO,BUY,1740,1058.52,INR
IN004780,TECHM,Tech Mahindra,NSE,TECHNOLOGY,11-06-2024,1277,1283.52,1216.34,1251.17,1262.96,1553148,577499.84,65.84,10.99,2.643,1.316,1483.2,887.06,2.3,NIFTY50_PORTFOLIO,BUY,813,1255.07,INR
IN004799,TECHM,Tech Mahindra,NSE,TECHNOLOGY,11-06-2024,1287.6,1300.52,1218.56,1240.13,1209.1,3054120,376092.68,39.1,14.48,1.45,1.547,1441.97,831.36,2.3,MIDCAP_PORTFOLIO,BUY,1214,1286.44,INR
IN004804,TECHM,Tech Mahindra,NSE,TECHNOLOGY,11-06-2024,1242.34,1302.28,1224.46,1242.34,1254.24,2780058,982514.09,42.37,13.54,2.946,1.218,1795.94,1048.59,1.2,MIDCAP_PORTFOLIO,SELL,358,1013.4,INR
IN004751,TITAN,Titan Company,BSE,CONSUMER GOODS,11-06-2024,3529.18,3741.74,3514.86,3640.79,3675.56,150408,1835830.275,28.89,7.98,3.192,1.457,4731.45,2600,1.2,NIFTY50_PORTFOLIO,BUY,1298,2920.14,INR
IN001396,ASIANPAINT,Asian Paints,BSE,CONSUMER GOODS,12-06-2024,3093.62,3301.41,3087.99,3218.33,3174.85,2530314,1760909.51,14.57,5.55,1.837,1.008,3449.48,1949.2,3.5,NIFTY50_PORTFOLIO,BUY,1244,3096.19,INR
IN001400,ASIANPAINT,Asian Paints,BSE,CONSUMER GOODS,12-06-2024,3079.56,3270.23,3049.34,3079.56,3100.77,1238216,1957914.16,42.37,7.6,0.365,0.664,3909.83,2415.59,0.5,NIFTY50_PORTFOLIO,SELL,151,2489.2,INR
IN004778,AXISBANK,Axis Bank,BSE,FINANCE,12-06-2024,1079.07,1148.81,1059.1,1079.07,1114.85,1187950,145170.21,52.64,7.24,3.253,0.851,1202.42,989.32,1.2,SECTORAL_PORTFOLIO,HOLD,1707,1236.62,INR
IN004785,AXISBANK,Axis Bank,BSE,FINANCE,12-06-2024,1120.56,1147.56,1118.56,1127.34,1145.11,2918141,182411.15,58.27,8.84,2.096,1.674,1199.08,789.83,1.2,NIFTY50_PORTFOLIO,BUY,1426,1208.22,INR
IN000450,BAJFINANCE,Bajaj Finance,NSE,NBFC,12-06-2024,6681.82,6793.46,6586.27,6662.15,6401.47,1256595,1278182.85,44.36,10.18,2.775,1.799,8894.28,5262.71,0.5,NIFTY50_PORTFOLIO,BUY,593,6119.5,INR
IN000474,BAJFINANCE,Bajaj Finance,NSE,NBFC,12-06-2024,6688.87,7169.73,6636.48,7067.57,7108.68,1313059,3001924.24,42.28,5.61,0.28,0.579,7701.54,6309.19,0.5,MIDCAP_PORTFOLIO,HOLD,1088,8219.93,INR
IN000539,BAJFINANCE,Bajaj Finance,NSE,NBFC,12-06-2024,6973.67,7107.22,6429.92,6515.56,6450.18,4795225,6409645.2,25.12,13.58,2.032,0.946,8849.26,4836.01,5.1,NIFTY50_PORTFOLIO,BUY,1142,7877.03,INR
IN000552,BAJFINANCE,Bajaj Finance,NSE,NBFC,12-06-2024,7072.66,7330.92,6887.38,7309.91,7293.77,3331450,1313030.46,44.36,6.36,1.285,1.495,8095.79,5278.25,0.5,NIFTY50_PORTFOLIO,HOLD,189,7638.39,INR
IN000647,BAJFINANCE,Bajaj Finance,NSE,NBFC,12-06-2024,7191.5,7280.28,6678.07,6833.24,6662.02,3343276,1384143.43,22.58,4.52,2.935,1.459,9244.99,6493.85,0.5,NIFTY50_PORTFOLIO,HOLD,500,8299.54,INR
IN000656,BAJFINANCE,Bajaj Finance,NSE,NBFC,12-06-2024,6956.72,7483.2,6832.22,7283.54,7462.43,3979934,1634674.9,51.81,11.28,2.857,0.849,8529.84,5745.54,5.1,NIFTY50_PORTFOLIO,BUY,1314,5622.33,INR
IN000681,BAJFINANCE,Bajaj Finance,NSE,NBFC,12-06-2024,6915.73,7010.35,6345.29,6490.6,6390.6,1302952,5424579.69,63.47,8.97,3.327,1.239,7612.93,5919.76,0.5,NIFTY50_PORTFOLIO,BUY,1436,6709.6,INR
IN000728,BAJFINANCE,Bajaj Finance,NSE,NBFC,12-06-2024,6943.89,7008.42,6517.6,6658.13,6433.37,522518,3038425.82,36.93,6.47,1.59,0.506,7769.93,4787.09,0,MIDCAP_PORTFOLIO,BUY,454,7389,INR
IN003744,HINDUNILVR,Hindustan Unilever,NSE,FMCG,12-06-2024,2572.64,2621.03,2403.26,2448.88,2414.83,863925,853590.58,63.42,9.01,0.343,0.913,3060.08,2030.56,0.5,SECTORAL_PORTFOLIO,BUY,439,2199.56,INR
IN000170,MARUTI,Maruti Suzuki,BSE,AUTOMOBILE,12-06-2024,9961.52,10202.38,9653.96,9673.9,9973.78,4836473,4791369.39,65.76,12.76,2.941,0.997,11653.31,9150.56,2.3,MIDCAP_PORTFOLIO,BUY,1527,10299.19,INR
IN000186,MARUTI,Maruti Suzuki,BSE,AUTOMOBILE,12-06-2024,9701.07,10464.27,9566.2,10338.8,10698.69,86738,1160333.31,62.56,7.84,0.861,1.699,11335.94,6338.17,0.5,MIDCAP_PORTFOLIO,BUY,59,12097.44,INR
IN000342,MARUTI,Maruti Suzuki,BSE,AUTOMOBILE,12-06-2024,10329.31,11134.81,10034.04,10829.24,10555.15,2194521,8728085.66,13.2,7.84,1.697,1.322,12978.99,6221.92,1.2,NIFTY50_PORTFOLIO,BUY,416,12176.6,INR
IN000405,MARUTI,Maruti Suzuki,BSE,AUTOMOBILE,12-06-2024,9871.17,9959.49,9562.95,9635.28,9392.41,4603707,1249289.57,49.63,6.26,1.866,0.666,11545.48,7319.88,1.2,MIDCAP_PORTFOLIO,BUY,1780,8693.57,INR
IN004889,RELIANCE,Reliance Industries,NSE,ENERGY,12-06-2024,2160.44,2224.21,2002.82,2047.93,2078.85,3878328,1186466.46,45.34,8.93,0.01,1.029,2701.63,1329.38,0.5,SECTORAL_PORTFOLIO,SELL,1721,1717.32,INR
IN002719,TECHM,Tech Mahindra,NSE,TECHNOLOGY,12-06-2024,1272.63,1283.93,1232.2,1257.39,1283.49,3663836,864194.32,61.87,11.12,1.671,1.027,1743.85,781.62,0,MIDCAP_PORTFOLIO,SELL,37,1046.27,INR
IN002720,TECHM,Tech Mahindra,NSE,TECHNOLOGY,12-06-2024,1297.35,1308.55,1203.61,1225.92,1184.15,484076,650973,68.64,14.12,2.611,1.739,1408.37,1050.03,0.5,SECTORAL_PORTFOLIO,BUY,1020,1155.46,INR
IN001922,ADANIENT,Adani Enterprises,NSE,CONGLOMERATE,02-07-2024,2748.87,2765.95,2532.92,2562.44,2636.66,2829010.5,2172044.67,76.08,4.07,0.877,0.571,3453.04,2319.15,0,NIFTY50_PORTFOLIO,SELL,216,2540.3,INR
IN001942,ADANIENT,Adani Enterprises,NSE,CONGLOMERATE,02-07-2024,2861.39,3008.87,2785.51,3003.5,2888.31,1924810,1635517.26,35.97,7.76,2.234,0.743,3246.81,2402.07,0.5,SECTORAL_PORTFOLIO,SELL,442,3283.88,INR
IN002141,BAJFINANCE,Bajaj Finance,NSE,NBFC,02-07-2024,6666.83,6700.25,6254.16,6412.16,6533.35,2708701,4915556.95,65.65,9.86,2.079,0.942,9702.53,5299.81,2.3,NIFTY50_PORTFOLIO,SELL,1086,6844.57,INR
IN002209,BAJFINANCE,Bajaj Finance,NSE,NBFC,02-07-2024,7225.23,7247.65,6871.77,6915.24,6932.62,997193,1255036.12,72.87,2.13,0.337,1.91,9158.34,6077.86,1.2,MIDCAP_PORTFOLIO,HOLD,1484,5686,INR
IN003875,LT,Larsen & Toubro,NSE,INFRASTRUCTURE,02-07-2024,3122.5,3166.44,3030.68,3160.2,3040.09,1092491,1616603.54,38.78,7.8,0.153,1.103,4028.14,2758.01,2.3,NIFTY50_PORTFOLIO,BUY,569,3263.81,INR
IN003913,LT,Larsen & Toubro,NSE,INFRASTRUCTURE,02-07-2024,3264.32,3418.66,3246.2,3418.48,3552.29,1334690,2642886.04,9.59,2.45,0.721,1.143,3938.09,2324.84,0,NIFTY50_PORTFOLIO,BUY,1742,3703.06,INR
IN003961,LT,Larsen & Toubro,NSE,INFRASTRUCTURE,02-07-2024,3082.25,3134.94,2821.34,2867.08,2761.31,2846240,1133248.14,10.81,2.53,1.9605,1.34,4352.97,2336.11,0,SECTORAL_PORTFOLIO,SELL,1853,3555.92,INR
IN004041,LT,Larsen & Toubro,NSE,INFRASTRUCTURE,02-07-2024,3193.63,3193.63,2960.33,3006.87,2992.74,2014806,868570.15,17.12,8.77,2.852,1.325,4072.21,2020.09,0.5,SECTORAL_PORTFOLIO,BUY,648,2857.93,INR
IN004061,LT,Larsen & Toubro,NSE,INFRASTRUCTURE,02-07-2024,3055.54,3061.48,2891.98,2913.78,2822.67,4357822,2090507,50.11,10.36,1.269,1.307,4332.94,2166.8,1.2,MIDCAP_PORTFOLIO,BUY,349,3776.52,INR
IN000836,NESTLEIND,Nestle India,BSE,FMCG,02-07-2024,23067.38,23449.31,22814.62,22840.47,22274.44,1860785,10759084.95,57.74,2.28,2.368,1.147,24251.2,13727.53,0.5,MIDCAP_PORTFOLIO,SELL,970,21839.18,INR
IN000845,NESTLEIND,Nestle India,BSE,FMCG,02-07-2024,21845.17,22019.07,21092.02,21257.13,21557.47,4396120,3724235.32,53.38,10.32,0.255,1.2725,29410.26,20029.57,1.2,NIFTY50_PORTFOLIO,HOLD,1743,17899.53,INR
IN000855,NESTLEIND,Nestle India,BSE,FMCG,02-07-2024,22334.6,23827.71,21727.49,23723.64,22835.28,2585084,2735114.26,71.9,5.09,0.503,1.46,23962.26,18109.61,3.5,MIDCAP_PORTFOLIO,BUY,508,19333.31,INR
IN000876,NESTLEIND,Nestle India,BSE,FMCG,02-07-2024,21612.4,22603.12,21606.66,22504.03,23375.6,2121805,16129801,17.13,12.52,0.381,1.464,24699.95,14895.37,2.3,MIDCAP_PORTFOLIO,SELL,963,26581.98,INR
IN000761,MARUTI,Maruti Suzuki,BSE,AUTOMOBILE,03-07-2024,9747.87,9982.93,9462.52,9747.87,9744.43,1824440,2666470.05,15.56,12.45,2.144,1.691,12665.55,7311.32,1.2,MIDCAP_PORTFOLIO,BUY,1199,7630.09,INR
IN000776,MARUTI,Maruti Suzuki,BSE,AUTOMOBILE,03-07-2024,9721.78,10125.61,9532.23,10094.23,10066.21,1868994,7517982.82,41.06,11.05,1.866,1.465,12710.96,8700.15,0.5,SECTORAL_PORTFOLIO,BUY,333,10165.4,INR
IN000806,MARUTI,Maruti Suzuki,BSE,AUTOMOBILE,03-07-2024,9837.53,10055.01,9671.54,9780.08,10002.95,2202689,2025071.46,41.06,2.05,1.866,1.558,13909.86,8655.85,0,MIDCAP_PORTFOLIO,BUY,633,10654.99,INR
IN002653,ONGC,Oil & Natural Gas Corp,NSE,ENERGY,03-07-2024,283.7,288.75,283.09,285.95,281.92,4673416,15912.8,69.65,4.1,3.191,1.419,329.43,178.6,0.5,NIFTY50_PORTFOLIO,BUY,197,218.04,INR
IN003308,ONGC,Oil & Natural Gas Corp,NSE,ENERGY,03-07-2024,268.54,272.24,257.87,264.67,271.85,3880628,253985.37,57.8,14.74,1.741,0.966,294.37,253.43,2.3,NIFTY50_PORTFOLIO,HOLD,1495,239.95,INR
IN003353,ONGC,Oil & Natural Gas Corp,NSE,ENERGY,03-07-2024,273.93,278.13,264.59,266.91,275.64,110428,160919.46,15.49,7.13,2.84,1.663,315.21,187.64,5.1,SECTORAL_PORTFOLIO,SELL,548,327.74,INR
IN003377,ONGC,Oil & Natural Gas Corp,NSE,ENERGY,03-07-2024,290.47,292.41,284.16,284.59,285.18,1658263,60560,40.515,8.32,0.629,1.146,371.76,172.83,1.2,NIFTY50_PORTFOLIO,BUY,930,240.44,INR
IN002537,ICICIBANK,ICICI Bank,NSE,FINANCE,06-07-2024,942.85,996.77,933.07,976.13,992.46,4987027,895471.37,29.49,6.58,2.301,0.942,1168.04,678.39,2.3,NIFTY50_PORTFOLIO,BUY,382,884.63,INR
IN002584,ICICIBANK,ICICI Bank,NSE,FINANCE,06-07-2024,909.8,934.99,907.15,910.96,899.09,1133958,541443.76,37.27,11.48,2.301,1.189,1241.44,721.48,1.2,SECTORAL_PORTFOLIO,BUY,868,1109.08,INR
IN002656,ICICIBANK,ICICI Bank,NSE,FINANCE,06-07-2024,921.46,933.6,870.64,871.92,905.41,4170313,520809.83,20.8,10.08,3.219,1.893,1297.41,609.94,2.3,NIFTY50_PORTFOLIO,SELL,1099,728.9,INR
IN003513,POWERGRID,Power Grid Corporation,BSE,UTILITIES,06-07-2024,249.22,263.94,248.75,249.22,252.85,2134734,96559.39,79.74,11.87,2.317,0.928,270.55,182.49,2.3,SECTORAL_PORTFOLIO,HOLD,1539,223.5,INR
IN003519,POWERGRID,Power Grid Corporation,BSE,UTILITIES,06-07-2024,251.88,270.07,251.76,268.59,270.96,2253098,186978.58,24.02,11.85,0.392,0.784,277.05,179.39,0,MIDCAP_PORTFOLIO,BUY,729,247.84,INR
IN004139,LT,Larsen & Toubro,NSE,INFRASTRUCTURE,08-07-2024,3081.02,3136.14,2873.33,2894.28,2918.64,2887889,229243.83,41.64,10.55,1.377,1.557,3696.24,2894.28,0.5,MIDCAP_PORTFOLIO,HOLD,1064,3872.81,INR
IN004167,LT,Larsen & Toubro,NSE,INFRASTRUCTURE,08-07-2024,3175.21,3216.44,3102.27,3205.41,3269.35,4259296,872994.61,11.37,8.28,2.709,1.979,4393.52,2831.45,2.3,MIDCAP_PORTFOLIO,HOLD,1832,2789.27,INR
IN004201,LT,Larsen & Toubro,NSE,INFRASTRUCTURE,08-07-2024,3198.62,3246.91,3173.31,3232.91,3201.45,1730226,1549769.79,31.28,11.03,0.849,0.558,4300.23,2960.18,5.1,MIDCAP_PORTFOLIO,HOLD,1676,3803.04,INR
IN004232,LT,Larsen & Toubro,NSE,INFRASTRUCTURE,08-07-2024,3041.74,3318.63,3038.97,3245.87,3325.11,1919467,1860192.6,54.14,5.58,2.889,1.04,4274.98,2752.82,2.3,SECTORAL_PORTFOLIO,BUY,349,3334.33,INR
IN004241,LT,Larsen & Toubro,NSE,INFRASTRUCTURE,08-07-2024,3283.39,3504.05,3211.81,3433.37,3372.42,4897035,1404175.58,47.52,8.49,2.678,1.53,3470.42,2176.87,3.5,MIDCAP_PORTFOLIO,SELL,261,2740.48,INR
IN004268,LT,Larsen & Toubro,NSE,INFRASTRUCTURE,08-07-2024,3226.42,3358.48,3223.92,3306.71,3418.33,852552,231322.68,72.81,10.86,0.85,1.904,4052.81,2973.37,0.5,MIDCAP_PORTFOLIO,HOLD,1460,2413.09,INR
IN004281,LT,Larsen & Toubro,NSE,INFRASTRUCTURE,08-07-2024,3300.21,3345.81,3280.42,3303.34,3249.09,960614,533671.49,75.76,9.57,0.413,0.634,3663.43,2509.95,0,SECTORAL_PORTFOLIO,HOLD,260,3146.32,INR
IN002662,LT,Larsen & Toubro,NSE,INFRASTRUCTURE,10-07-2024,3354.32,3427.32,3277.93,3422.77,3559.08,4981457,2037860.3,49.43,10.31,3.739,1.847,3955.95,2501.19,2.3,MIDCAP_PORTFOLIO,BUY,1221,2541.3,INR
IN004857,ONGC,Oil & Natural Gas Corp,NSE,ENERGY,10-07-2024,277.11,287.04,276.04,285.16,274.2,2699963.5,109220.83,14.69,3.07,0.734,0.659,367.87,186.22,5.1,MIDCAP_PORTFOLIO,BUY,564,325.74,INR
IN002435,TITAN,Titan Company,BSE,CONSUMER GOODS,10-07-2024,3298.97,3315.41,3169.63,3261.81,3364.18,739366,1835830.275,40.43,10.15,3.873,1.16,4029.51,2813.58,0.5,MIDCAP_PORTFOLIO,BUY,349,3700.99,INR
IN004190,KOTAKBANK,Kotak Mahindra Bank,NSE,FINANCE,11-07-2024,1856.27,1886.46,1814.05,1878.49,1898.87,682338,258461.95,30.26,4.37,1.767,1.644,2119.33,1191.58,2.3,SECTORAL_PORTFOLIO,BUY,1644,2110.28,INR
IN001990,HINDUNILVR,Hindustan Unilever,NSE,FMCG,01-08-2024,2433.9,2584.24,2423.42,2516.92,2616.27,3071837,2428675.48,65.15,3.53,2.122,1.28,3192.7,2161.99,0.5,SECTORAL_PORTFOLIO,BUY,1178,1882.53,INR
IN001992,HINDUNILVR,Hindustan Unilever,NSE,FMCG,01-08-2024,2474.78,2559.46,2418.5,2532.71,2473.57,2248377,862808.39,73.13,3.26,1.223,1.75,2906.1,2131.57,3.5,MIDCAP_PORTFOLIO,SELL,1537,2756.17,INR
IN001287,POWERGRID,Power Grid Corporation,BSE,UTILITIES,01-08-2024,247.81,249.63,235.72,236.34,230.31,4526147,202872.79,62,11.56,3.443,0.84,271.7,202.08,3.5,MIDCAP_PORTFOLIO,BUY,1687,212.51,INR
IN000296,RELIANCE,Reliance Industries,NSE,ENERGY,01-08-2024,2117.55,2182.39,2105.95,2149.78,2156.09,3280083,840538.53,72.75,8.545,2.769,0.579,2753.11,1813.05,0,NIFTY50_PORTFOLIO,BUY,1593,1779.34,INR
IN000320,RELIANCE,Reliance Industries,NSE,ENERGY,01-08-2024,2206.57,2275.95,2183.91,2267.63,2295.71,2422094,1188531.14,8.62,5.1,0.528,1.989,2388.33,1403.47,3.5,NIFTY50_PORTFOLIO,SELL,764,2688.99,INR
IN000322,RELIANCE,Reliance Industries,BSE,ENERGY,01-08-2024,2126.52,2130.32,2067.63,2094.27,2176.91,1328790,1149622.6,35.57,11.14,0.813,1.46,2376.92,1637.01,0.5,SECTORAL_PORTFOLIO,HOLD,1876,2500.77,INR
IN000332,RELIANCE,Reliance Industries,NSE,ENERGY,01-08-2024,2167.81,2332.54,2166.92,2306.16,2313.98,755824,2136101.8,28.63,3.12,1.518,0.419,2387.95,1901.42,2.3,MIDCAP_PORTFOLIO,BUY,491,2118.51,INR
IN001305,RELIANCE,Reliance Industries,NSE,ENERGY,01-08-2024,2216.25,2418.17,2170.38,2358.53,2446.42,4491602,1188531.14,74.14,13.17,2.134,1.144,2519.49,1345.41,3.5,SECTORAL_PORTFOLIO,SELL,137,2523.47,INR
IN001317,RELIANCE,Reliance Industries,NSE,ENERGY,01-08-2024,2159.54,2285.39,2139.59,2259.99,2341.64,2869499,575077.19,61.26,5.61,0.533,1.408,2736.28,1647.16,5.1,MIDCAP_PORTFOLIO,SELL,515,2202.29,INR
IN001327,RELIANCE,Reliance Industries,NSE,ENERGY,01-08-2024,2174.64,2216.43,2090.84,2091.64,2126.83,233172,1527504.85,53.07,14.57,2.935,1.331,3018.44,1583.68,2.3,SECTORAL_PORTFOLIO,SELL,1725,2287.3,INR
IN001065,ASIANPAINT,Asian Paints,BSE,CONSUMER GOODS,02-08-2024,2890.61,2996.72,2888.28,2962.43,2889.56,4027660,816940.94,33.31,13.78,1.025,1.214,3466.93,2714.71,5.1,SECTORAL_PORTFOLIO,BUY,383,3067.66,INR
IN001084,ASIANPAINT,Asian Paints,BSE,CONSUMER GOODS,02-08-2024,2938.64,3136.41,2871.19,3060.09,3037.97,2530314,772268.48,73.15,10.85,3.009,1.105,3704.05,1835.79,0.5,NIFTY50_PORTFOLIO,BUY,577,3601.44,INR
IN002287,AXISBANK,Axis Bank,BSE,FINANCE,02-08-2024,1107.62,1148.48,1076.68,1123.15,1108.27,4329945,673911.4,13.82,4.25,1.907,0.804,1520.95,797.1,2.3,NIFTY50_PORTFOLIO,BUY,182,1316.56,INR
IN000394,BHARTIARTL,Bharti Airtel,NSE,TELECOMMUNICATION,02-08-2024,880.15,897.04,797.69,818.71,798.09,4127429,728038.25,62.7,8.11,1.454,0.497,950.47,573.73,5.1,NIFTY50_PORTFOLIO,BUY,1323,1112.8,INR
IN000464,BHARTIARTL,Bharti Airtel,NSE,TELECOMMUNICATION,02-08-2024,874.4,894.28,817.55,820.98,850.87,2575395,199145.32,76.16,8.08,0.227,1.124,1237.94,689.87,5.1,SECTORAL_PORTFOLIO,BUY,782,706.18,INR
IN000556,BHARTIARTL,Bharti Airtel,NSE,TELECOMMUNICATION,02-08-2024,898.72,963.58,872.6,937.22,901.93,1790813,503292.33,48.025,8.95,1.856,0.955,1191.69,581.07,2.3,SECTORAL_PORTFOLIO,BUY,1856,847.2,INR
IN000571,BHARTIARTL,Bharti Airtel,NSE,TELECOMMUNICATION,02-08-2024,933.57,936.58,868.21,882.74,888.06,4141323,62808.5,48.49,2.31,2.744,0.966,1223.04,792.76,5.1,MIDCAP_PORTFOLIO,BUY,820,1047.17,INR
IN000591,BHARTIARTL,Bharti Airtel,NSE,TELECOMMUNICATION,02-08-2024,875.08,882.01,850.94,875.12,907.29,770603,75181.36,58.72,13.06,3.654,1.612,1044.55,577.01,0.5,SECTORAL_PORTFOLIO,BUY,1929,733.93,INR
IN000603,BHARTIARTL,Bharti Airtel,NSE,TELECOMMUNICATION,02-08-2024,865.41,879.12,804.21,823.65,795.24,4907562,362184.6,40.23,10.5,1.104,1.76,1156.85,605.92,5.1,SECTORAL_PORTFOLIO,HOLD,1188,824.12,INR
IN000606,BHARTIARTL,Bharti Airtel,NSE,TELECOMMUNICATION,02-08-2024,874.64,886.83,813.56,824.08,839.58,1086048,96408.87,33.05,5.53,1.508,0.685,1200.4,781.09,5.1,SECTORAL_PORTFOLIO,BUY,23,706.97,INR
IN000639,BHARTIARTL,Bharti Airtel,NSE,TELECOMMUNICATION,02-08-2024,913.87,933.81,840.3,866.04,844.9,3229419,684284.65,42.28,6.93,2.456,0.69,1237.11,545.66,5.1,NIFTY50_PORTFOLIO,SELL,1307,1047.57,INR
IN000649,BHARTIARTL,Bharti Airtel,NSE,TELECOMMUNICATION,02-08-2024,917.4,921.81,904.16,909.79,911.43,3456396,735394.83,69.91,11.66,0.49,0.791,1070.97,605.63,5.1,SECTORAL_PORTFOLIO,BUY,1441,901.97,INR
IN004844,NTPC,NTPC Limited,NSE,UTILITIES,02-08-2024,347.87,357.38,329.79,330.85,329.36,2408457,206474.31,57.15,5.57,0.386,1.193,371.57,239.34,5.1,MIDCAP_PORTFOLIO,BUY,559,413.85,INR
IN003375,RELIANCE,Reliance Industries,NSE,ENERGY,02-08-2024,2235.66,2291.8,2173.38,2235.66,2234.32,178529,1335759.12,29.21,5.66,1.331,0.996,2366.58,2084.09,5.1,NIFTY50_PORTFOLIO,HOLD,1142,2282.86,INR
IN003403,RELIANCE,Reliance Industries,NSE,ENERGY,02-08-2024,2262.03,2294.01,2089.08,2131.47,2165.64,2201054,770086.05,56.11,11.16,1.914,0.882,2435.85,2060.23,5.1,NIFTY50_PORTFOLIO,BUY,1367,2339.09,INR
IN003453,RELIANCE,Reliance Industries,NSE,ENERGY,02-08-2024,2250.47,2385.82,2236.15,2349.35,2420.19,579427,2069939.06,45.48,11.38,0.754,0.606,2436.86,1863.55,5.1,MIDCAP_PORTFOLIO,BUY,1489,2098.66,INR
IN003106,SUNPHARMA,Sun Pharmaceutical,BSE,PHARMACEUTICALS,02-08-2024,1198.06,1228.47,1161.01,1164.06,1164.72,536633,1188344.69,45.23,1.49,2.861,0.442,1485.21,816.54,3.5,NIFTY50_PORTFOLIO,SELL,338,1436.84,INR
IN003107,SUNPHARMA,Sun Pharmaceutical,BSE,PHARMACEUTICALS,02-08-2024,1227.41,1238.94,1133.82,1151.55,1190.69,3070682,1158569.86,79.25,10.31,2.457,1.139,1449.06,951.52,0,MIDCAP_PORTFOLIO,BUY,666,1170.44,INR
IN002226,ULTRACEMCO,UltraTech Cement,BSE,INFRASTRUCTURE,02-08-2024,9496.24,10428.45,9397.41,10160.13,9775.11,3427039,3309499.19,25.08,8.34,3.587,1.814,11981.85,7032.09,2.3,NIFTY50_PORTFOLIO,BUY,913,10560.98,INR
IN002227,ULTRACEMCO,UltraTech Cement,BSE,INFRASTRUCTURE,02-08-2024,9032.38,9266.38,8851.69,9247.8,9314.67,1317843,710898.67,43.495,7.99,3.654,0.669,12406.76,7595.12,5.1,NIFTY50_PORTFOLIO,BUY,548,8154.53,INR
IN002248,ULTRACEMCO,UltraTech Cement,BSE,INFRASTRUCTURE,02-08-2024,9711.29,9759.77,9453.39,9476.42,9228.26,1624703,5413831.63,61.82,2.49,3.546,0.706,11946.18,6008.78,2.3,SECTORAL_PORTFOLIO,BUY,1694,10253.81,INR
IN002270,ULTRACEMCO,UltraTech Cement,BSE,INFRASTRUCTURE,02-08-2024,9239.55,10028.95,9123.32,9770.35,10074.42,1758851,7710260.6,45.47,13.43,2.48,0.949,10704.08,8200.89,1.2,MIDCAP_PORTFOLIO,BUY,1655,9231.95,INR
IN002328,ULTRACEMCO,UltraTech Cement,BSE,INFRASTRUCTURE,02-08-2024,9234.31,9291.22,8757.58,8978.83,8640.55,3642944,2548785.07,21.88,7.06,2.783,1.434,10728.26,8978.83,2.3,NIFTY50_PORTFOLIO,HOLD,1583,7753.06,INR
IN001679,KOTAKBANK,Kotak Mahindra Bank,NSE,FINANCE,03-08-2024,1803.11,1884.68,1762.39,1857.16,1910.16,2673901,945026,47.04,5.11,1.03,1.2315,2197,1647.95,2.3,SECTORAL_PORTFOLIO,HOLD,894,1410.68,INR
IN001698,KOTAKBANK,Kotak Mahindra Bank,NSE,FINANCE,03-08-2024,1771.71,1915.08,1761.28,1878.35,1870.16,2414957,686310.97,43.09,5.44,2.154,1.305,1924.9,1152.86,1.2,MIDCAP_PORTFOLIO,BUY,1111,2162.52,INR
IN002549,BAJFINANCE,Bajaj Finance,NSE,NBFC,04-08-2024,7221.97,7511.59,7081.71,7477.24,7728.44,3016450,3124117.36,27.15,13.22,1.856,1.5,9623.52,5466.7,1.2,MIDCAP_PORTFOLIO,HOLD,679,6786.86,INR
IN002637,BAJFINANCE,Bajaj Finance,NSE,NBFC,04-08-2024,6670.16,6812.66,6601.01,6691.36,6941.99,824696,6288330.43,9.32,5.86,1.496,1.445,9468.44,4650.56,0.5,NIFTY50_PORTFOLIO,SELL,494,5755.53,INR
IN002682,BAJFINANCE,Bajaj Finance,NSE,NBFC,04-08-2024,7258.27,7287.23,6965.5,6988.43,6872.92,1962882,3497772.73,54.55,8.97,1.789,1.233,8774.94,5030.45,0,SECTORAL_PORTFOLIO,BUY,1034,6471.03,INR
IN002738,BAJFINANCE,Bajaj Finance,NSE,NBFC,04-08-2024,6722.55,7170.18,6625.22,6722.55,7288.98,1370937,5696527.52,21.04,8.97,3.219,0.746,7554.04,5498.48,3.5,NIFTY50_PORTFOLIO,BUY,117,6826.18,INR
IN000570,ICICIBANK,ICICI Bank,NSE,FINANCE,04-08-2024,912.56,921.82,887.46,892.01,886.14,1371790,634374.16,54.38,1.13,1.521,1.917,1201.79,578.45,0,MIDCAP_PORTFOLIO,HOLD,913,1057.29,INR
IN000583,ICICIBANK,ICICI Bank,NSE,FINANCE,04-08-2024,911.26,931.94,840.02,861.96,878.08,2814522,164128.41,13.78,1.97,0.284,1.066,1003.91,745.87,1.2,SECTORAL_PORTFOLIO,HOLD,359,877.74,INR
IN000614,ICICIBANK,ICICI Bank,NSE,FINANCE,04-08-2024,987.61,1012.57,926.71,951.22,971.62,3172002,471471.26,46.78,7.5,0.999,1.227,1254.62,892.38,0,MIDCAP_PORTFOLIO,BUY,1965,998.72,INR
IN000631,ICICIBANK,ICICI Bank,NSE,FINANCE,04-08-2024,904.09,906.88,870.64,877.82,858.53,1086067,521276.68,31.5,12.5,2.315,1.815,1326.44,736.97,1.2,MIDCAP_PORTFOLIO,BUY,247,963.06,INR
IN000652,ICICIBANK,ICICI Bank,NSE,FINANCE,04-08-2024,967.23,996.86,945.53,981.85,988,1908116,144187.8,54.29,13.25,0.707,1.698,1153.19,861.37,2.3,MIDCAP_PORTFOLIO,BUY,209,1154.09,INR
IN000653,ICICIBANK,ICICI Bank,NSE,FINANCE,04-08-2024,991.82,1007.02,935.47,936.94,917.92,94777,504604.06,19.01,8.47,1.356,1.464,1146.98,602.9,3.5,SECTORAL_PORTFOLIO,HOLD,1501,716.53,INR
IN001541,ICICIBANK,ICICI Bank,NSE,FINANCE,04-08-2024,928.58,976.45,902.96,950.72,947.93,164547,207793.21,11.72,3.32,0.857,1.015,1100.52,743.23,0.5,SECTORAL_PORTFOLIO,BUY,1172,733.79,INR
IN001587,ICICIBANK,ICICI Bank,NSE,FINANCE,04-08-2024,969.85,981.56,894.21,907.14,903.73,1020598,357330.49,27.01,7.5,3.547,1.388,1159.39,735.73,0,SECTORAL_PORTFOLIO,HOLD,265,868.68,INR
IN001633,ICICIBANK,ICICI Bank,NSE,FINANCE,04-08-2024,992.83,1009.64,929.21,939.78,919.43,3980847,311864.64,38.91,7.14,2.934,0.426,1268.43,638.69,5.1,NIFTY50_PORTFOLIO,BUY,1928,1112.31,INR
IN001643,ICICIBANK,ICICI Bank,NSE,FINANCE,04-08-2024,981.27,998.75,895.89,913.51,917.31,2361223,141894.53,63.9,1.91,2.301,0.616,1048.41,759.07,0,NIFTY50_PORTFOLIO,BUY,1095,1053.66,INR
IN001657,ICICIBANK,ICICI Bank,NSE,FINANCE,04-08-2024,980.43,1007.7,977.58,1003.15,973.88,3294295,270630.03,16.15,5.12,0.499,1.674,1093.92,784.66,0,SECTORAL_PORTFOLIO,BUY,192,794.02,INR
IN001658,ICICIBANK,ICICI Bank,NSE,FINANCE,04-08-2024,955.88,1028.75,953.36,1019.89,1002.78,3519068,815685.61,57.4,8.04,2.294,0.512,1189.55,744.26,0,NIFTY50_PORTFOLIO,BUY,939,981.43,INR
IN001688,ICICIBANK,ICICI Bank,NSE,FINANCE,04-08-2024,910.77,967.76,906.11,942.43,973.21,1914572,924214.12,24.22,5.27,1.842,1.821,1010.83,794.78,1.2,SECTORAL_PORTFOLIO,HOLD,501,1143.57,INR
IN001689,ICICIBANK,ICICI Bank,NSE,FINANCE,04-08-2024,921.7,965.06,918.75,959.64,967.6,3732267,211486.62,69.25,5.59,3.516,0.508,1077.62,718.03,2.3,SECTORAL_PORTFOLIO,BUY,474,1184.41,INR
IN001714,ICICIBANK,ICICI Bank,NSE,FINANCE,04-08-2024,902.86,921.11,856.43,878.17,845.98,4132285,856096.64,77.95,10.36,2.301,0.882,1067.59,784.28,3.5,SECTORAL_PORTFOLIO,BUY,1838,1138.49,INR
IN002823,TITAN,Titan Company,BSE,CONSUMER GOODS,04-08-2024,3235.41,3354.63,3150.82,3329.09,3452.82,507736,3389720.69,79.68,7.88,2.122,1.657,3868.79,2870.03,1.2,SECTORAL_PORTFOLIO,BUY,531,4165.36,INR
IN003355,HCLTECH,HCL Technologies,NSE,TECHNOLOGY,05-08-2024,1514.05,1553.48,1448.52,1479.58,1522.82,2016927,510761.2,41.4,9.91,1.775,0.906,1703.32,1383.9,0,MIDCAP_PORTFOLIO,SELL,807,1428.47,INR
IN003425,HCLTECH,HCL Technologies,NSE,TECHNOLOGY,05-08-2024,1547.67,1558.27,1481.92,1500.34,1466.52,2372854,1489721.93,15.35,1.32,1.955,0.676,2002.93,954.44,1.2,MIDCAP_PORTFOLIO,BUY,1317,1803.43,INR
IN000380,HDFCBANK,HDFC Bank,NSE,FINANCE,05-08-2024,1631.76,1651.6,1515.02,1549.04,1557.47,2650142,431115.55,67.92,3.96,1.843,0.561,1857.3,1072.87,2.3,NIFTY50_PORTFOLIO,SELL,352,1908.05,INR
IN000401,HDFCBANK,HDFC Bank,NSE,FINANCE,05-08-2024,1664.51,1693.45,1519.95,1566.52,1590.26,314427,1107459.16,10.98,5.82,2.619,1.911,1800.5,983.54,0,SECTORAL_PORTFOLIO,BUY,480,1703.36,INR
IN001336,HDFCBANK,HDFC Bank,NSE,FINANCE,05-08-2024,1634.38,1648.02,1565.53,1586.4,1602.09,166585,86542.08,41.99,12.05,0.823,1.181,1908.22,1391.65,3.5,MIDCAP_PORTFOLIO,HOLD,881,1325.95,INR
IN001344,HDFCBANK,HDFC Bank,NSE,FINANCE,05-08-2024,1566.97,1593.54,1466.13,1478.78,1500.69,4097216,912705.83,72.07,6.22,1.979,0.806,1832.18,1086.43,1.2,NIFTY50_PORTFOLIO,SELL,1938,1758.54,INR
IN001350,HDFCBANK,HDFC Bank,NSE,FINANCE,05-08-2024,1649.23,1704.48,1621.56,1682.14,1716.97,1191839,217158.12,41.99,1.22,2.15,1.09,2024.39,990.38,0.5,MIDCAP_PORTFOLIO,BUY,34,1789.98,INR
IN001385,HDFCBANK,HDFC Bank,NSE,FINANCE,05-08-2024,1621.12,1649.95,1572.73,1608.85,1650.58,2848450,1471155.97,32.15,4.26,0.612,1.056,2125.27,1016.49,1.2,SECTORAL_PORTFOLIO,HOLD,1296,1683.09,INR
IN000788,ICICIBANK,ICICI Bank,NSE,FINANCE,05-08-2024,985.21,1004.62,979.61,1002.44,967.13,3006947,494793.21,30.88,13,3.949,1.324,1176.9,592.35,3.5,NIFTY50_PORTFOLIO,HOLD,975,731.97,INR
IN002989,SBIN,State Bank of India,NSE,FINANCE,05-08-2024,608.32,624.76,580.45,581.81,572.23,94865,473719.85,37.28,10.84,3.938,1.902,759.56,445.1,5.1,NIFTY50_PORTFOLIO,BUY,1021,619.15,INR
IN003043,SBIN,State Bank of India,NSE,FINANCE,05-08-2024,575.49,580.97,549.26,563.12,542.55,1332388,574187.2,40.85,7.62,1.839,1.525,652.12,555.8,3.5,NIFTY50_PORTFOLIO,BUY,1878,705.52,INR
IN004957,HDFCBANK,HDFC Bank,NSE,FINANCE,07-08-2024,1635.52,1637.49,1524.36,1568.11,1600.31,2613238,1520165.5,41.99,2.86,1.278,1.008,1683.63,1178.94,0.5,NIFTY50_PORTFOLIO,BUY,891,1257.17,INR
IN004392,KOTAKBANK,Kotak Mahindra Bank,NSE,FINANCE,07-08-2024,1751.64,1863.67,1750.02,1819.15,1780.84,4779727,440568.83,64.06,13.09,1.266,1.898,2103.76,1607.6,0,SECTORAL_PORTFOLIO,BUY,293,2154.9,INR
IN004395,KOTAKBANK,Kotak Mahindra Bank,NSE,FINANCE,07-08-2024,1741.69,1750.53,1705.73,1733.83,1736.56,2472431,1223394.19,55.73,13.4,2.442,1.341,2380.12,1354.65,3.5,NIFTY50_PORTFOLIO,SELL,937.5,1604.85,INR
IN004399,KOTAKBANK,Kotak Mahindra Bank,NSE,FINANCE,07-08-2024,1861.31,1875,1793.39,1831.5,1828.91,3873079,1003289.995,21.99,10.79,0.05,0.584,2447.3,1135.77,1.2,MIDCAP_PORTFOLIO,BUY,1793,1610.51,INR
IN004412,KOTAKBANK,Kotak Mahindra Bank,NSE,FINANCE,07-08-2024,1876.73,1909.39,1837.28,1896.81,1928.19,1765202,954079.59,63.57,2.83,0.728,1.854,2228.27,1622.78,0.5,MIDCAP_PORTFOLIO,BUY,382,1776.93,INR
IN002651,LT,Larsen & Toubro,NSE,INFRASTRUCTURE,07-08-2024,3260.73,3411.44,3254.05,3381.02,3377.7,4405121,2845517.63,40.83,7.07,1.9605,1.155,4412.73,2558.32,1.2,MIDCAP_PORTFOLIO,BUY,1811,3213.55,INR
IN003035,POWERGRID,Power Grid Corporation,BSE,UTILITIES,07-08-2024,242.89,249.21,241.42,242.96,251.39,2253098,214169.09,20.4,9.55,1.416,1.684,265.07,165.2,5.1,SECTORAL_PORTFOLIO,BUY,1456,232.95,INR
IN003048,POWERGRID,Power Grid Corporation,BSE,UTILITIES,07-08-2024,240.39,243,220.35,223.6,230.26,576208,145971.85,27.99,8.885,2.062,1.82,279.99,223.6,2.3,SECTORAL_PORTFOLIO,HOLD,840,279.62,INR
IN003032,TITAN,Titan Company,BSE,CONSUMER GOODS,07-08-2024,3372.62,3458.35,3295.95,3393.3,3398.01,3187359,1592046.9,67.16,13.62,2.695,0.682,3393.3,2451.65,0.5,SECTORAL_PORTFOLIO,BUY,399,2812.18,INR
IN001393,BHARTIARTL,Bharti Airtel,NSE,TELECOMMUNICATION,08-08-2024,855.61,860.4,798.68,818.16,828.09,1561469,825333.77,41.77,12.26,0.8,1.94,1178,760.4,0,MIDCAP_PORTFOLIO,HOLD,692,794.49,INR
IN001412,BHARTIARTL,Bharti Airtel,NSE,TELECOMMUNICATION,08-08-2024,904.13,905.94,846.73,861.75,862.75,2586986,120670.41,31.16,7.49,0.403,1.082,1170.07,544.23,0.5,NIFTY50_PORTFOLIO,BUY,1120,735.77,INR
IN004288,LT,Larsen & Toubro,NSE,INFRASTRUCTURE,08-08-2024,3126.95,3180.86,3098.67,3179.95,3084.2,2183547,897101,57.74,13.44,1.486,1.04,3807.63,2924.68,2.3,MIDCAP_PORTFOLIO,HOLD,147,3918.35,INR
IN004289,LT,Larsen & Toubro,NSE,INFRASTRUCTURE,08-08-2024,3108.07,3326.89,3097.51,3289.36,3328.24,3180510,2441931.2,41.64,13.54,0.161,0.708,3486.22,2206.19,0,SECTORAL_PORTFOLIO,BUY,634,3131.32,INR
IN004308,LT,Larsen & Toubro,NSE,INFRASTRUCTURE,08-08-2024,3286.29,3313.83,3185.52,3286.29,3159.16,729808,1616603.54,41.64,8.54,3.51,1.219,4330.87,2265.2,0,NIFTY50_PORTFOLIO,BUY,1063,3004.63,INR
IN004332,LT,Larsen & Toubro,NSE,INFRASTRUCTURE,08-08-2024,3304.56,3565.22,3303.98,3466.21,3527.2,1128464,586998.17,18.36,8.51,3.882,0.845,4242.66,2799.42,1.2,MIDCAP_PORTFOLIO,SELL,1789,2571.62,INR
IN004337,LT,Larsen & Toubro,NSE,INFRASTRUCTURE,08-08-2024,3173.73,3286.11,3167.86,3229.67,3156.24,2675487,303313.09,22.7,6.24,0.884,0.683,3950.45,2840.45,2.3,NIFTY50_PORTFOLIO,HOLD,199,2514.48,INR
IN004340,LT,Larsen & Toubro,NSE,INFRASTRUCTURE,08-08-2024,3186.87,3382.2,3153.87,3186.87,3432.25,1940021,2643914.88,48.71,11.55,1.96,1.068,4164.56,2919.69,5.1,MIDCAP_PORTFOLIO,HOLD,521,3383.57,INR
IN001406,ONGC,Oil & Natural Gas Corp,NSE,ENERGY,08-08-2024,291.29,295.53,283.67,287.38,286.73,1778403,250333.31,78.51,9.4,1.659,1.878,334.19,208.09,0,SECTORAL_PORTFOLIO,BUY,1168,233.01,INR
IN001426,ONGC,Oil & Natural Gas Corp,NSE,ENERGY,08-08-2024,267.78,280.34,267.76,274.84,270.42,3376709,158507,69.16,7.9,2.946,1.723,391.25,263.03,5.1,SECTORAL_PORTFOLIO,BUY,478,342.31,INR
IN000672,SBIN,State Bank of India,NSE,FINANCE,08-08-2024,612.61,653.33,606.48,648.2,632.51,2905212,379328.8,57.23,10.9,1.335,1.085,742.45,443.94,0.5,SECTORAL_PORTFOLIO,BUY,1455,546.15,INR
IN000675,SBIN,State Bank of India,NSE,FINANCE,08-08-2024,628.12,669.01,620.49,666.22,641.68,4811980,106088.53,32.57,9.28,1.238,1.44,700.08,467.7,0,SECTORAL_PORTFOLIO,BUY,782,712.45,INR
IN004049,HCLTECH,HCL Technologies,NSE,TECHNOLOGY,10-08-2024,1484.24,1558,1443.81,1524.49,1565.57,4260180,1225964.2,21.34,7.9,3.57,1.383,1781.19,1007.96,0.5,NIFTY50_PORTFOLIO,BUY,877,1874.88,INR
IN001337,NTPC,NTPC Limited,NSE,UTILITIES,10-08-2024,352.76,372.12,342.18,366.91,373.57,1341293,195981.77,79.7,7.9,2.035,0.55,464.64,270.26,0.5,MIDCAP_PORTFOLIO,HOLD,1844,422.13,INR
IN001351,NTPC,NTPC Limited,NSE,UTILITIES,10-08-2024,363.51,369.53,348.48,352.07,363.76,4952334,135031.04,32.22,14.98,1.418,1.061,422.18,264.89,3.5,MIDCAP_PORTFOLIO,BUY,454,304.5,INR
IN001371,TECHM,Tech Mahindra,NSE,TECHNOLOGY,10-08-2024,1356.12,1362.96,1261.47,1291.13,1302.23,1991272,553262.03,45.94,9.57,0.197,1.088,1485,880.75,2.3,SECTORAL_PORTFOLIO,BUY,1178,1213.44,INR
IN002642,AXISBANK,Axis Bank,BSE,FINANCE,11-08-2024,1064,1099.18,1036.71,1090.07,1118.94,1252346,1023332.19,17.89,12.63,1.404,0.957,1462.1,957.28,0,NIFTY50_PORTFOLIO,BUY,536,982.94,INR
IN004871,HDFCBANK,HDFC Bank,NSE,FINANCE,11-08-2024,1636.87,1682.01,1580.87,1584.26,1629.71,2565110,419687.39,44.37,11.07,1.602,0.792,1739.05,1311.2,2.3,SECTORAL_PORTFOLIO,BUY,1895,1740.65,INR
IN004886,HDFCBANK,HDFC Bank,NSE,FINANCE,11-08-2024,1556.85,1679.84,1512.32,1660.52,1609.17,2613238,798950.83,44.54,5.68,1.979,1.384,1813.95,1027.84,2.3,SECTORAL_PORTFOLIO,HOLD,999,1310.48,INR
IN004936,HDFCBANK,HDFC Bank,NSE,FINANCE,11-08-2024,1584.44,1589.88,1505.76,1549.13,1547.92,1926507,670732.69,25.53,13.06,2.563,0.802,2059.71,1365.14,2.3,SECTORAL_PORTFOLIO,SELL,1984,1831.41,INR
IN004952,HDFCBANK,HDFC Bank,NSE,FINANCE,11-08-2024,1540.19,1580.82,1478.91,1489.31,1539.77,2613238,1028393.68,30.1,3.86,3.856,1.551,1821.41,1458.82,3.5,MIDCAP_PORTFOLIO,HOLD,222,1804.19,INR
IN000541,LT,Larsen & Toubro,NSE,INFRASTRUCTURE,11-08-2024,3119.83,3277.28,3068.27,3233.68,3188.22,3174754,1889162.2,27.54,14.75,2.943,1.911,4384.25,2158.04,0.5,SECTORAL_PORTFOLIO,HOLD,1914,3829.48,INR
IN004925,MARUTI,Maruti Suzuki,BSE,AUTOMOBILE,11-08-2024,10067.13,10305.13,9610.83,9893.27,10075.25,1960473,5168125.28,41.06,8.55,3.617,0.633,11477.71,8550.24,0,MIDCAP_PORTFOLIO,BUY,1942,11312.01,INR
IN004953,MARUTI,Maruti Suzuki,BSE,AUTOMOBILE,11-08-2024,10177.89,10599.63,10020.06,10381.34,10398.72,2202689,4469422.73,24.28,14.88,2.197,0.547,12607.3,7774.9,0.5,NIFTY50_PORTFOLIO,BUY,1281,11165.63,INR
IN004971,MARUTI,Maruti Suzuki,BSE,AUTOMOBILE,11-08-2024,9698.03,10105.39,9675.4,9870.16,10176.58,4767771,9217491.77,60.2,12.92,2.374,1.82,13580.5,7394.43,5.1,SECTORAL_PORTFOLIO,BUY,1696,10535.18,INR
IN004989,MARUTI,Maruti Suzuki,BSE,AUTOMOBILE,11-08-2024,9850.74,9989.51,9252.24,9272.92,9156.97,2138632,8535533.83,57.08,4.55,2.35,1.229,13703.29,6354.45,3.5,SECTORAL_PORTFOLIO,BUY,1471,11068.66,INR
IN002395,HCLTECH,HCL Technologies,NSE,TECHNOLOGY,01-09-2024,1433.56,1468.14,1340.88,1375.48,1333.44,3025776,263752.64,53.67,5.03,3.48,1.655,1610.08,1271.35,0,SECTORAL_PORTFOLIO,BUY,1320,1851.98,INR
IN000514,RELIANCE,Reliance Industries,NSE,ENERGY,01-09-2024,2109.58,2211.93,2094.37,2205.17,2206.74,1602975,1359710.97,70.73,11.95,2.134,0.903,2515.22,1727.87,1.2,MIDCAP_PORTFOLIO,BUY,1978,2023.07,INR
IN000530,RELIANCE,Reliance Industries,NSE,ENERGY,01-09-2024,2103.22,2130.01,2094.61,2097.53,2035.04,832638,2075880.91,69.08,10.09,2.134,1.076,2880.46,1541.43,3.5,MIDCAP_PORTFOLIO,BUY,1444,1726.22,INR
IN000531,RELIANCE,Reliance Industries,NSE,ENERGY,01-09-2024,2289.05,2298.36,2208.89,2272.38,2320.71,2634358,1046164.54,36.72,8.5,2.134,0.788,2818.6,1841.84,0.5,SECTORAL_PORTFOLIO,BUY,259,2046.08,INR
IN000537,RELIANCE,Reliance Industries,NSE,ENERGY,01-09-2024,2297.14,2344.01,2194.37,2211.35,2239.12,3863900,1820772.32,57.29,2.78,3.94,0.813,2498.1,1612.92,5.1,NIFTY50_PORTFOLIO,BUY,1609,2006.13,INR
IN001555,SUNPHARMA,Sun Pharmaceutical,BSE,PHARMACEUTICALS,01-09-2024,1178.49,1202.45,1074.66,1096.31,1100.16,2065138,700898.64,33.34,14.28,0.692,1.139,1368.09,745.66,0,MIDCAP_PORTFOLIO,SELL,854,1088.21,INR
IN001568,SUNPHARMA,Sun Pharmaceutical,BSE,FINANCE,01-09-2024,1142.19,1195.06,1113.64,1171.18,1187.15,1295088,779600.63,44,14.15,2.2445,1.81,1339.97,1068.85,2.3,SECTORAL_PORTFOLIO,HOLD,589,1275.94,INR
IN001603,SUNPHARMA,Sun Pharmaceutical,BSE,PHARMACEUTICALS,01-09-2024,1228.55,1241.2,1111.93,1145.26,1105.43,1406260,627995.28,70.25,7.16,2.667,1.718,1635.07,798.4,1.2,NIFTY50_PORTFOLIO,BUY,1042,1101.69,INR
IN002103,HCLTECH,HCL Technologies,NSE,TECHNOLOGY,02-09-2024,1561.33,1609.11,1557.43,1593.09,1566.84,2515420,540741.94,33,12.07,1.746,1.196,1869.32,914.91,0,MIDCAP_PORTFOLIO,BUY,1551,1571.24,INR
IN002131,HCLTECH,HCL Technologies,NSE,TECHNOLOGY,02-09-2024,1463.81,1566.69,1455.61,1565.92,1621.31,269746,738373.33,9.12,3.8,2.252,1.677,1659.04,1045.24,0.5,NIFTY50_PORTFOLIO,BUY,285,1802,INR
IN002146,HCLTECH,HCL Technologies,NSE,TECHNOLOGY,02-09-2024,1555.08,1586.32,1466.46,1508.2,1456.96,164307,1435042.66,32.14,8.71,3.129,1.221,1772.52,1236.61,0.5,SECTORAL_PORTFOLIO,HOLD,1241,1817.16,INR
IN004225,ONGC,Oil & Natural Gas Corp,NSE,ENERGY,02-09-2024,272.05,276.51,254.87,260.2,266.32,965309,183400.52,68.3,7.9,3.126,1.676,373.68,191.52,1.2,MIDCAP_PORTFOLIO,BUY,1024,258.94,INR
IN004228,ADANIENT,Adani Enterprises,NSE,CONGLOMERATE,04-09-2024,2888.92,2974.38,2638.43,2693.01,2660.45,4105286,1553377.67,34.76,6.62,0.058,0.655,3123.92,2398.51,2.3,MIDCAP_PORTFOLIO,HOLD,739,2603.76,INR
IN000891,HDFCBANK,HDFC Bank,BSE,FINANCE,04-09-2024,1619.64,1748.88,1603.51,1712.81,1728.83,4101772,580404.88,62.82,12.14,1.334,1.09,2167.16,1015.09,3.5,SECTORAL_PORTFOLIO,BUY,1406,1967.04,INR
IN000892,HDFCBANK,HDFC Bank,NSE,FINANCE,04-09-2024,1649.08,1771.74,1646.81,1649.08,1735.88,2613238,266098.39,42.6,3.26,3.914,1.561,2223.05,1371.02,0,MIDCAP_PORTFOLIO,BUY,1362,1256.86,INR
IN001908,HDFCBANK,HDFC Bank,NSE,FINANCE,04-09-2024,1602.75,1643.6,1601.72,1630.8,1685.28,4823265,130112.61,41.99,6.18,0.402,1.809,2151.98,1455.69,1.2,MIDCAP_PORTFOLIO,HOLD,96,1952.74,INR
IN001989,HDFCBANK,HDFC Bank,NSE,FINANCE,04-09-2024,1525.19,1561.11,1490.16,1516.85,1491.25,2613238,798950.83,41.99,12.8,1.271,1.364,1878.07,992.21,0,MIDCAP_PORTFOLIO,HOLD,1353,1995.4,INR
IN002010,HDFCBANK,HDFC Bank,NSE,FINANCE,04-09-2024,1541.34,1594.49,1508.15,1584.54,1558.54,2613238,1526333.66,41.99,14.46,2.938,1.059,1778.12,983.14,0.5,NIFTY50_PORTFOLIO,BUY,529,1919.47,INR
IN002699,ICICIBANK,ICICI Bank,NSE,FINANCE,04-09-2024,990.84,995.09,956.99,963.09,927.02,4202695,788779.89,49.73,1.06,3.342,1.066,1013.6,838.5,1.2,NIFTY50_PORTFOLIO,BUY,1657,1163.52,INR
IN002701,ICICIBANK,ICICI Bank,NSE,FINANCE,04-09-2024,919.75,956.37,909.21,938.75,923.17,3962637,688759.28,20.71,13.15,3.074,1.797,1209.62,890.51,0,NIFTY50_PORTFOLIO,BUY,321,841.56,INR
IN002713,ICICIBANK,ICICI Bank,NSE,FINANCE,04-09-2024,962.46,999.97,961.24,981.73,963.21,470947,920620.47,27.04,13.15,2.074,1.658,1048.26,714.79,2.3,NIFTY50_PORTFOLIO,BUY,415,738.53,INR
IN000073,INFY,Infosys,NSE,TECHNOLOGY,04-09-2024,1467.83,1530.49,1456.37,1490.19,1503.5,3594091,731104.72,46.87,12.07,2.355,0.529,1686.36,1192.66,2.3,NIFTY50_PORTFOLIO,BUY,310,1206.42,INR
IN000477,RELIANCE,Reliance Industries,NSE,ENERGY,04-09-2024,2136.37,2286.6,2090.44,2250.53,2193.62,3480716,242094.13,44.76,11.75,0.992,1.144,2513.06,1877.7,3.5,MIDCAP_PORTFOLIO,BUY,1275,2741.4,INR
IN000503,RELIANCE,Reliance Industries,NSE,ENERGY,04-09-2024,2164.75,2196.85,2020.38,2078.27,2005.11,2884229,317700.43,18.78,6.13,2.934,1.645,2971.76,2069.14,0,SECTORAL_PORTFOLIO,BUY,1002,1938.1,INR
IN003179,TCS,Tata Consultancy Services,NSE,TECHNOLOGY,04-09-2024,3581.51,3660.44,3476.5,3506.18,3431.26,1749395,2987730.06,70.37,5.85,1.339,0.926,3853.8,2754.16,0,SECTORAL_PORTFOLIO,BUY,301,3719.62,INR
IN003183,TCS,Tata Consultancy Services,NSE,TECHNOLOGY,04-09-2024,3616.62,3934.03,3559.68,3860.08,3729.27,2762957,1437785.34,33.69,13.01,2.835,1.822,4194.67,2911.57,0.5,MIDCAP_PORTFOLIO,BUY,583,3614.46,INR
IN003188,TCS,Tata Consultancy Services,NSE,TECHNOLOGY,04-09-2024,3374.18,3390.62,3300.34,3348.25,3358.66,56564,1932396.03,78.4,7.34,1.738,0.532,3825.81,2823.15,0.5,MIDCAP_PORTFOLIO,BUY,724,3318.43,INR
IN003192,TCS,Tata Consultancy Services,NSE,ENERGY,04-09-2024,3480.28,3575.14,3297.81,3367.83,3385.42,883273,3028407.3,51.26,9.65,1.055,1.201,3871.5,3135.84,5.1,SECTORAL_PORTFOLIO,BUY,1783,3926,INR
IN003194,TCS,Tata Consultancy Services,NSE,TECHNOLOGY,04-09-2024,3479.13,3708.19,3465.88,3665.75,3794.87,3294042,1538223.67,30.08,1.94,1.039,1.391,4005.41,2749.45,5.1,NIFTY50_PORTFOLIO,SELL,818,4081.92,INR
IN001866,HDFCBANK,HDFC Bank,NSE,FINANCE,05-09-2024,1530.1,1533.65,1458.96,1464.16,1505.53,1892082,836437.05,74.53,10.96,0.385,1.09,2061.97,1464.16,3.5,NIFTY50_PORTFOLIO,BUY,993,1624.49,INR
IN003541,HINDUNILVR,Hindustan Unilever,NSE,FMCG,05-09-2024,2483.47,2620.2,2456.37,2619.95,2583.64,1975421,422897.86,47.31,3.26,3.78,0.779,3143.45,1856.18,3.5,SECTORAL_PORTFOLIO,HOLD,536,2912.88,INR
IN002169,ICICIBANK,ICICI Bank,NSE,FINANCE,05-09-2024,934.41,964.67,919.08,946.38,966.68,2642925,756105.09,23.89,4.9,2.712,1.363,1048.14,755.18,2.3,SECTORAL_PORTFOLIO,HOLD,740,740.68,INR
IN003836,INFY,Infosys,NSE,TECHNOLOGY,05-09-2024,1500.87,1509.18,1491.03,1492.06,1527.52,4931207,263603.64,67.72,13.61,1.31,1.516,2022.01,1008.47,3.5,NIFTY50_PORTFOLIO,BUY,87,1247.07,INR
IN003868,INFY,Infosys,NSE,TECHNOLOGY,05-09-2024,1458.22,1494.82,1441.23,1458.22,1427.26,2407735,795348.98,24.19,2.38,1.888,1.513,2073.48,974.95,2.3,SECTORAL_PORTFOLIO,SELL,801,1318.77,INR
IN001930,LT,Larsen & Toubro,NSE,INFRASTRUCTURE,05-09-2024,3315.41,3440.55,3267.75,3373.53,3304.57,467342,2242817.66,75.46,2.03,1.9605,0.402,4105.64,2328.32,5.1,SECTORAL_PORTFOLIO,BUY,287,3758.37,INR
IN001940,LT,Larsen & Toubro,NSE,INFRASTRUCTURE,05-09-2024,3211.95,3412.23,3176.76,3389.17,3483.12,3050288,1122447.65,75.81,6.65,3.931,1.327,4452.28,2484.52,0,MIDCAP_PORTFOLIO,BUY,122,3121.14,INR
IN001947,LT,Larsen & Toubro,NSE,INFRASTRUCTURE,05-09-2024,3254.32,3290.78,3249.25,3254.32,3126.2,2731293,972153.53,45.1,8.51,1.64,0.969,4154.26,2445.89,1.2,NIFTY50_PORTFOLIO,BUY,579,2845.35,INR
IN001988,LT,Larsen & Toubro,NSE,INFRASTRUCTURE,05-09-2024,3359.21,3442.17,3090.84,3164.39,3278.22,3333490,1028588.88,26.41,8.51,2.628,1.292,4399.66,2188.38,3.5,SECTORAL_PORTFOLIO,SELL,854,2858.46,INR
IN002551,RELIANCE,Reliance Industries,NSE,ENERGY,05-09-2024,2197.63,2240.79,2089.79,2130.96,2125.43,1157913,738869.71,79.02,6.84,2.149,1.04,2676.69,1590.85,3.5,MIDCAP_PORTFOLIO,BUY,1844,2057.69,INR
IN001269,ADANIENT,Adani Enterprises,NSE,CONGLOMERATE,07-09-2024,2864.65,2962.51,2825.46,2902.3,2886.49,2259738,763627.51,42.55,3.15,2.662,1.272,3863.33,2103.11,2.3,MIDCAP_PORTFOLIO,BUY,1192,2161.11,INR
IN002914,AXISBANK,Axis Bank,BSE,FINANCE,07-09-2024,1103.09,1134.96,1013.47,1043.61,1069.78,2448186,460088.36,33.61,10.05,0.661,1.122,1217.64,938.41,2.3,NIFTY50_PORTFOLIO,BUY,1359,1209.03,INR
IN002917,AXISBANK,Axis Bank,BSE,FINANCE,07-09-2024,1087.17,1139.59,1064.65,1109.43,1076.48,2593239,449911.38,38.88,2.55,3.905,1.02,1276.23,877.93,2.3,SECTORAL_PORTFOLIO,BUY,1068,1222.01,INR
IN002966,AXISBANK,Axis Bank,BSE,FINANCE,07-09-2024,1075.73,1084.35,1005.9,1032.14,1072.14,3614492,719336.15,73.17,6.82,0.591,0.477,1245.03,996.11,0,NIFTY50_PORTFOLIO,BUY,644,1104.56,INR
IN003018,INFY,Infosys,NSE,TECHNOLOGY,07-09-2024,1481.89,1542.43,1438.7,1522.67,1544.21,4731410,1181220.39,15.33,7.73,0.707,1.61,2096.92,1069.71,5.1,MIDCAP_PORTFOLIO,BUY,1434,1444,INR
IN003034,INFY,Infosys,NSE,TECHNOLOGY,07-09-2024,1524.87,1568.87,1414.7,1422.25,1452.34,4195327,993550.6,79.68,11.14,1.324,1.165,1665.34,955.47,2.3,MIDCAP_PORTFOLIO,BUY,1107,1563.92,INR
IN003074,INFY,Infosys,NSE,TECHNOLOGY,07-09-2024,1506.18,1534.03,1406.83,1415.33,1452.07,4505268,1486109.01,55.82,3.54,3.593,1.743,1779.75,907.75,3.5,NIFTY50_PORTFOLIO,BUY,190,1597.15,INR
IN003076,INFY,Infosys,NSE,TECHNOLOGY,07-09-2024,1501.33,1575.25,1456.75,1542.15,1528.59,4032418,794242.47,15.49,13.89,0.794,1.222,1725.35,1308.37,2.3,NIFTY50_PORTFOLIO,BUY,419,1244.75,INR
IN003084,INFY,Infosys,NSE,TECHNOLOGY,07-09-2024,1470.44,1476.42,1384.77,1413.95,1376.03,1617640,106168.94,39.855,9.49,2.647,1.41,1915.4,1308.89,2.3,MIDCAP_PORTFOLIO,HOLD,565,1510.61,INR
IN003094,INFY,Infosys,NSE,TECHNOLOGY,07-09-2024,1427.66,1441.08,1368.84,1397.21,1396.29,4260790,1429389.63,79.85,3.54,0.291,1.025,1794.21,1349.8,0.5,MIDCAP_PORTFOLIO,BUY,953,1736.97,INR
IN004770,POWERGRID,Power Grid Corporation,BSE,UTILITIES,07-09-2024,246.3,247.46,230.38,234.61,231.45,1731093,16259.43,16.29,10.71,1.9755,1.1515,294.65,205.77,0.5,SECTORAL_PORTFOLIO,HOLD,17,254.57,INR
IN002920,SUNPHARMA,Sun Pharmaceutical,BSE,PHARMACEUTICALS,07-09-2024,1212.34,1256.88,1186.01,1236.37,1277.79,2341472,526514.16,50.52,10.65,3.157,0.449,1363.62,1113.64,2.3,NIFTY50_PORTFOLIO,BUY,1759,1130.77,INR
IN002940,SUNPHARMA,Sun Pharmaceutical,BSE,PHARMACEUTICALS,07-09-2024,1151.43,1180.78,1076.52,1094.58,1071.57,3448817,194554.69,14.18,10.18,1.97,0.973,1602.81,926.84,0.5,MIDCAP_PORTFOLIO,BUY,1109,1378.61,INR
IN004255,TCS,Tata Consultancy Services,NSE,TECHNOLOGY,07-09-2024,3620.94,3894.97,3528.5,3837.2,3832.25,1346116,1200267.3,43.14,5.86,3.343,1.201,3968.19,2581.48,0,NIFTY50_PORTFOLIO,BUY,1451,3865.55,INR
IN004314,TCS,Tata Consultancy Services,NSE,TECHNOLOGY,07-09-2024,3438.61,3669.44,3355.53,3626.64,3581.92,1856036,3159863.33,63.03,1.2,3.857,0.421,4655.13,2622.48,2.3,SECTORAL_PORTFOLIO,BUY,1832,2674.16,INR
IN004365,TCS,Tata Consultancy Services,NSE,TECHNOLOGY,07-09-2024,3657.99,3781.52,3614.46,3682.38,3608.86,4952518,1710248.94,43.14,5.84,3.784,1.123,4062.99,2199.26,5.1,SECTORAL_PORTFOLIO,BUY,952,2734.31,INR
IN004371,TCS,Tata Consultancy Services,NSE,TECHNOLOGY,07-09-2024,3651.39,3662.08,3440.71,3446.24,3446.78,765918,2401597,35.68,7.44,1.088,1.201,4521.39,2136.7,3.5,SECTORAL_PORTFOLIO,BUY,1963,3636.85,INR
IN004372,TCS,Tata Consultancy Services,NSE,TECHNOLOGY,07-09-2024,3495.84,3608.11,3476.73,3531,3573.27,1444933,2084541.3,63.28,9.16,2.527,1.201,3814.67,3149.74,0,MIDCAP_PORTFOLIO,BUY,1179,3815.83,INR
IN000114,HDFCBANK,HDFC Bank,NSE,FINANCE,08-09-2024,1536.59,1568.09,1442.88,1451.7,1496.95,1438380,1290559.98,42.67,2.13,1.62,0.604,2179.01,1142.15,0.5,NIFTY50_PORTFOLIO,BUY,1926,1313.57,INR
IN001139,HINDUNILVR,Hindustan Unilever,NSE,FMCG,08-09-2024,2441.12,2490.71,2314.27,2356.08,2279.89,1323818,2113731.01,51.5,11.73,3.105,1.93,3227.37,1774.33,5.1,SECTORAL_PORTFOLIO,BUY,1098,2512.08,INR
IN001140,HINDUNILVR,Hindustan Unilever,NSE,FMCG,08-09-2024,2500.89,2582.06,2438.09,2537.37,2597.85,3021047,2467707.6,22.8,11.58,2.026,1.403,3148.05,2258.69,3.5,SECTORAL_PORTFOLIO,BUY,770,2359.61,INR
IN001153,HINDUNILVR,Hindustan Unilever,NSE,FMCG,08-09-2024,2380.26,2460.21,2320.89,2458.58,2516.7,3134460,927451.36,26.05,5.45,2.362,1.855,3159.5,2222.87,2.3,SECTORAL_PORTFOLIO,BUY,1276,3046.24,INR
IN001167,HINDUNILVR,Hindustan Unilever,NSE,FMCG,08-09-2024,2471.28,2484.06,2288.52,2325.92,2336.19,1442173,1724584.79,47.05,4.62,1.828,0.452,2676.96,2015.05,5.1,SECTORAL_PORTFOLIO,BUY,51,1961.08,INR
IN001193,HINDUNILVR,Hindustan Unilever,NSE,FMCG,08-09-2024,2621.01,2649.88,2573.92,2630.74,2718.26,571321,2076784.21,32.89,3.45,1,1.28,3123.43,1975.08,0,NIFTY50_PORTFOLIO,BUY,1971,2297.49,INR
IN003502,ONGC,Oil & Natural Gas Corp,NSE,ENERGY,08-09-2024,272.85,277.64,252.45,256.42,264.75,1316170,73128.36,54.37,5.75,2.037,1.978,312.41,256.42,1.2,MIDCAP_PORTFOLIO,HOLD,280,269.79,INR
IN003523,ONGC,Oil & Natural Gas Corp,NSE,ENERGY,08-09-2024,290.02,294.42,275.71,280.46,281.93,4676558,116849.58,66.27,6.34,1.165,1.606,315.58,249.08,2.3,NIFTY50_PORTFOLIO,BUY,501,270.77,INR
IN000750,HDFCBANK,HDFC Bank,NSE,FINANCE,09-09-2024,1564.44,1607.49,1422.83,1460.76,1452.32,2953109,854455.87,47.92,13.5,1.595,1.09,1460.76,1104.73,0.5,SECTORAL_PORTFOLIO,BUY,1239,1618.95,INR
IN000042,ICICIBANK,ICICI Bank,NSE,FINANCE,09-09-2024,954.44,957.91,867.99,954.44,927.25,1294613,826661.95,9.25,3.79,3.374,1.711,1095.91,684.1,1.2,SECTORAL_PORTFOLIO,BUY,1230,1102.79,INR
IN000116,ICICIBANK,ICICI Bank,NSE,FINANCE,09-09-2024,957.7,977.06,915.49,936.39,939.63,4731118,163940.34,30.19,12.19,2.671,0.893,1148.65,860.12,0.5,NIFTY50_PORTFOLIO,BUY,1977,802.73,INR
IN004505,INFY,Infosys,NSE,TECHNOLOGY,09-09-2024,1474,1517.76,1414.7,1436.14,1455.92,552385,888079,9.8,5.17,3.486,1.357,1659.82,993.95,1.2,SECTORAL_PORTFOLIO,BUY,1031,1291.66,INR
IN004510,INFY,Infosys,NSE,TECHNOLOGY,09-09-2024,1446.69,1516.4,1406.08,1503.1,1543.79,3374900,932927.61,72.14,5.35,1.551,0.464,1601.12,1315.57,2.3,NIFTY50_PORTFOLIO,BUY,27,1590.5,INR
IN004541,INFY,Infosys,NSE,TECHNOLOGY,09-09-2024,1431.97,1463.2,1316.53,1350.73,1376.46,3558227,1042514.12,54.39,9.25,0.646,1.446,1693.07,1344.72,2.3,SECTORAL_PORTFOLIO,BUY,476,1626.51,INR
IN004545,INFY,Infosys,NSE,TECHNOLOGY,09-09-2024,1491.87,1603.36,1489.57,1557.01,1519.57,1530694,448214.75,79.17,8.06,2.791,0.98,1936.55,993.01,1.2,NIFTY50_PORTFOLIO,BUY,434,1711.14,INR
IN004561,INFY,Infosys,NSE,TECHNOLOGY,09-09-2024,1543.19,1587.24,1469.01,1491.07,1517.65,1863514,1217409.18,75.38,3.49,1.888,1.649,1812.28,1222.26,2.3,MIDCAP_PORTFOLIO,BUY,710,1346.74,INR
IN004583,INFY,Infosys,NSE,TECHNOLOGY,09-09-2024,1526.84,1578.15,1515.1,1567.68,1600.59,2388298,794242.47,28.51,12.09,2.538,1.604,1923.39,1317.92,3.5,SECTORAL_PORTFOLIO,HOLD,324,1176.4,INR
IN004595,INFY,Infosys,NSE,TECHNOLOGY,09-09-2024,1545.1,1553.25,1519.89,1530.11,1485.14,870593,744133.08,54.03,8.45,1.367,1.875,1673.7,1408.94,2.3,MIDCAP_PORTFOLIO,HOLD,481,1590.99,INR
IN004631,INFY,Infosys,NSE,TECHNOLOGY,09-09-2024,1560.88,1628.7,1535.92,1601.99,1552.68,1578924,1351744.39,66.26,2.45,1.888,1.826,1990.5,1312.03,2.3,MIDCAP_PORTFOLIO,SELL,133,1668.28,INR
IN004632,INFY,Infosys,BSE,TECHNOLOGY,09-09-2024,1550.78,1661.43,1513.34,1650.59,1711.99,3655990,1342685.34,12.48,7.3,3.241,1.552,2011.26,1015.53,2.3,NIFTY50_PORTFOLIO,BUY,1322,1205,INR
IN004645,INFY,Infosys,NSE,TECHNOLOGY,09-09-2024,1521.86,1597.13,1480.93,1586.29,1606.2,4864575,780295.27,36.59,14.27,3.057,0.826,1997.72,1141.73,0.5,MIDCAP_PORTFOLIO,BUY,370,1237.67,INR
IN004670,INFY,Infosys,NSE,TECHNOLOGY,09-09-2024,1427.32,1446.33,1399.25,1427.32,1430.48,2669526,379245.84,72.25,8.48,3.996,1.095,1928.3,1295.38,2.3,MIDCAP_PORTFOLIO,BUY,766,1571.61,INR
IN000018,HCLTECH,HCL Technologies,NSE,TECHNOLOGY,10-09-2024,1487.13,1487.39,1428.03,1454.21,1417.9,1389205,1083006.69,18.32,4.72,1.836,1.099,1984.51,1221.05,0.5,SECTORAL_PORTFOLIO,SELL,782,1286.39,INR
IN000028,HCLTECH,HCL Technologies,NSE,TECHNOLOGY,10-09-2024,1461.56,1470.66,1369.12,1381.97,1359.57,4589993,448655.53,41.4,13.8,1.188,0.722,1726.49,1303.58,0.5,NIFTY50_PORTFOLIO,BUY,1807,1475.43,INR
IN001948,HCLTECH,HCL Technologies,NSE,TECHNOLOGY,10-09-2024,1485.36,1518.46,1477.14,1483.27,1475.88,1982092,269190.18,69.55,8.71,0.605,0.564,1928.88,1409.9,2.3,SECTORAL_PORTFOLIO,BUY,1642,1774.17,INR
IN001323,KOTAKBANK,Kotak Mahindra Bank,NSE,FINANCE,10-09-2024,1768.94,1806.17,1721.82,1733.65,1689.93,4025708,1336982.76,44.95,2.67,2.606,0.985,2509.91,1693.31,1.2,SECTORAL_PORTFOLIO,BUY,1636,1578.05,INR
IN001367,KOTAKBANK,Kotak Mahindra Bank,NSE,FINANCE,10-09-2024,1874.11,9999999,1758.76,9999999,1820.42,4201615,1125821.18,51.78,1.8,2.675,1.454,9999999,1081.13,5.1,NIFTY50_PORTFOLIO,HOLD,463,2095.53,INR
IN001383,KOTAKBANK,Kotak Mahindra Bank,NSE,FINANCE,10-09-2024,1883.74,1962.1,1846.07,1954.2,1881.64,2801970,1003289.995,8.39,4.86,1.652,1.635,2053.94,1562.59,5.1,NIFTY50_PORTFOLIO,BUY,486,1406.81,INR
IN001403,KOTAKBANK,Kotak Mahindra Bank,NSE,FINANCE,10-09-2024,1825.48,1857.18,1693.04,1736.69,1727.13,2252518,1397892.44,33.53,4.06,3.984,1.213,2225.03,1476.36,5.1,SECTORAL_PORTFOLIO,BUY,1963,1497.23,INR
IN001432,KOTAKBANK,Kotak Mahindra Bank,NSE,FINANCE,10-09-2024,1752.41,1794.42,1751.39,1777.68,1711.71,3623519,1633707.18,48.56,1.02,2.55,1.624,1939.34,1244.52,0.5,MIDCAP_PORTFOLIO,SELL,995,1506.73,INR
IN001444,KOTAKBANK,Kotak Mahindra Bank,NSE,FINANCE,10-09-2024,1765.29,1789.09,1749.45,1773.19,1817.08,2459465,875163.24,49.32,5.48,1.125,1.374,2031.97,1087.85,1.2,NIFTY50_PORTFOLIO,BUY,1003,1419.81,INR
IN001456,KOTAKBANK,Kotak Mahindra Bank,NSE,FINANCE,10-09-2024,1795.9,1944.94,1762.14,1889.03,1945.92,2824831,544107.23,40.39,3.45,0.012,0.603,1935.81,1283.17,5.1,MIDCAP_PORTFOLIO,BUY,863,1758.61,INR
IN001510,KOTAKBANK,Kotak Mahindra Bank,NSE,FINANCE,10-09-2024,1844.35,1868.61,1690.37,1719.75,1766.57,4882713,1207681.48,47.04,13.39,1.96,1.121,2385.21,1512.45,3.5,SECTORAL_PORTFOLIO,HOLD,1185,1559.46,INR
IN002164,POWERGRID,Power Grid Corporation,BSE,UTILITIES,10-09-2024,237.84,238.89,220.91,225.34,219.38,974593,213574.56,48.28,11.47,2.277,1.013,305.11,166.42,0,SECTORAL_PORTFOLIO,HOLD,1575,224.44,INR
IN002170,POWERGRID,Power Grid Corporation,BSE,UTILITIES,10-09-2024,250.35,258.05,247.09,255.01,252.76,427380,179833.17,8.42,7.17,3.633,0.895,275.36,154.75,3.5,NIFTY50_PORTFOLIO,BUY,1161,245.79,INR
IN002184,POWERGRID,Power Grid Corporation,BSE,UTILITIES,10-09-2024,253.86,258.67,241.73,244.83,240.05,1259613,97672.04,42.42,1.65,0.048,1.1515,270.9,159.14,2.3,NIFTY50_PORTFOLIO,BUY,1404,257.11,INR
IN002201,POWERGRID,Power Grid Corporation,BSE,UTILITIES,10-09-2024,245.57,254.26,239.04,247.9,248.31,366539,161868.65,9.96,7.94,3.224,0.469,296.26,150.78,1.2,NIFTY50_PORTFOLIO,BUY,291,191.9,INR
IN004370,SUNPHARMA,Sun Pharmaceutical,BSE,PHARMACEUTICALS,10-09-2024,1166.85,1182.54,1143.71,1145.5,1180.76,2914685,587671.87,46.88,4.84,0.926,1.828,1376.79,803.65,1.2,MIDCAP_PORTFOLIO,BUY,416,1284.58,INR
IN004404,SUNPHARMA,Sun Pharmaceutical,BSE,PHARMACEUTICALS,10-09-2024,1212.3,1235.31,1127.56,1153.24,1180.12,446510,1077196.58,46.88,3.96,0.606,0.953,1403.08,1065.74,5.1,SECTORAL_PORTFOLIO,BUY,782,951.03,INR
IN004489,SUNPHARMA,Sun Pharmaceutical,BSE,PHARMACEUTICALS,10-09-2024,1155.22,1174.9,1074.13,1093.5,1053.47,3584145,267054.12,13.71,5.95,3.218,1.139,1421.51,720.91,0,MIDCAP_PORTFOLIO,BUY,1396,991.39,INR
IN004491,SUNPHARMA,Sun Pharmaceutical,BSE,PHARMACEUTICALS,10-09-2024,1241.38,1276.87,1144.99,1178.77,1153.7,2419463,611604.57,53.52,6.16,2.2445,1.234,1319.62,1051.77,0,NIFTY50_PORTFOLIO,HOLD,1453,1210.52,INR
IN004554,SUNPHARMA,Sun Pharmaceutical,BSE,PHARMACEUTICALS,10-09-2024,1141.74,1167.89,1104.02,1119.9,1115.34,855930,520509.18,39.58,7.38,3.82,1.792,1450.38,1086.92,2.3,SECTORAL_PORTFOLIO,HOLD,1165,1173.33,INR
IN001997,ASIANPAINT,Asian Paints,BSE,CONSUMER GOODS,12-09-2024,2864.1,3041.63,2855.62,3004.89,2952.64,3505213,1554473.82,42.37,4.79,1.634,1.339,4039.55,2444.88,0.5,MIDCAP_PORTFOLIO,BUY,516,2784.88,INR
IN002017,ASIANPAINT,Asian Paints,BSE,CONSUMER GOODS,12-09-2024,3049.12,3302.79,2964.93,3209.25,3271.43,2530314,1374095.85,62.35,11.22,3.844,1.117,3706.77,2609.61,2.3,SECTORAL_PORTFOLIO,BUY,290,3321.98,INR
IN002019,ASIANPAINT,Asian Paints,BSE,CONSUMER GOODS,12-09-2024,3136.18,3286.59,3079.65,3193.68,3149.44,2529218,1398233.18,68.33,1.09,1.756,1.808,4160.99,1821.71,0,MIDCAP_PORTFOLIO,BUY,1106,3614.99,INR
IN002034,ASIANPAINT,Asian Paints,BSE,CONSUMER GOODS,12-09-2024,3075.1,3157.42,2961.12,3016.96,3088.92,1452248,1160671.2,74.59,11.7,1.646,1.918,3236.7,2412.83,2.3,NIFTY50_PORTFOLIO,SELL,354,3525.73,INR
IN002051,ASIANPAINT,Asian Paints,BSE,CONSUMER GOODS,12-09-2024,2883.35,3075.71,2871.38,3042.61,3151.47,2367322,275455.19,8.1,7.63,2.185,0.761,3279.59,2703.23,0,SECTORAL_PORTFOLIO,HOLD,1922,3112.57,INR
IN002058,ASIANPAINT,Asian Paints,BSE,CONSUMER GOODS,12-09-2024,3096.81,3373.78,3062.25,3281.59,3189.87,2083324,1828105.62,70.3,4.53,1.664,1.209,3872.65,2372.24,0.5,SECTORAL_PORTFOLIO,BUY,64,2393.91,INR
IN002079,ASIANPAINT,Asian Paints,BSE,CONSUMER GOODS,12-09-2024,2926.42,3135.94,2903.49,3127.76,3073.34,1312847,2537635.45,14.25,7.6,3.74,1.888,3438.87,2493.06,0.5,SECTORAL_PORTFOLIO,BUY,1315,3642.75,INR
IN002093,ASIANPAINT,Asian Paints,BSE,CONSUMER GOODS,12-09-2024,2987.12,3018.39,2819.91,2882.98,2942.22,404235,542114.68,67.23,7.26,3.796,1.644,4141.58,2057.87,0,MIDCAP_PORTFOLIO,BUY,23,3058.29,INR
IN004466,HDFCBANK,HDFC Bank,NSE,FINANCE,12-09-2024,1571.56,1622.98,1559.18,1584.45,1560.46,2258502,1413578.63,22.19,9.08,2.911,0.761,1792.63,1514.24,3.5,SECTORAL_PORTFOLIO,BUY,509,1383.77,INR
IN003185,KOTAKBANK,Kotak Mahindra Bank,NSE,FINANCE,12-09-2024,1826.77,1863.52,1795.47,1855.9,1785.41,1860782,1086316.78,33.23,2.46,1.272,0.775,2049.9,1310.2,0.5,SECTORAL_PORTFOLIO,BUY,1968,1861,INR
IN003193,KOTAKBANK,Kotak Mahindra Bank,NSE,FINANCE,12-09-2024,1875.37,1898.47,1830.14,1861.88,1883.11,629443,763948.13,38.84,13.99,1.379,1.518,2011.42,1388.43,5.1,NIFTY50_PORTFOLIO,BUY,1169,1721.92,INR
IN002260,LT,Larsen & Toubro,NSE,INFRASTRUCTURE,12-09-2024,3178.31,3473.36,3152.81,3375.05,3404.13,2675487,842208.4,18.53,9.2,1.32,1.816,4472.31,2415.94,0,NIFTY50_PORTFOLIO,BUY,1412,2577.08,INR
IN002985,MARUTI,Maruti Suzuki,BSE,AUTOMOBILE,12-09-2024,9600.94,10050.39,9391.8,10050.39,10223.71,589773,3725521.87,51.7,2.35,3.793,1.186,12909.71,6437.63,5.1,SECTORAL_PORTFOLIO,BUY,1416,10215.03,INR
IN003010,MARUTI,Maruti Suzuki,BSE,AUTOMOBILE,12-09-2024,9767.94,9944.56,8987.56,9162,9337.31,989644,3447676.48,41.06,7.84,3.2,1.676,13037.58,6758.51,3.5,SECTORAL_PORTFOLIO,HOLD,430,12194.97,INR
IN003017,MARUTI,Maruti Suzuki,BSE,AUTOMOBILE,12-09-2024,10309.37,10364.9,10241.51,10309.37,10362.66,2219023,6183419.91,73.9,11.78,1.57,1.504,12514.1,7733.42,0.5,NIFTY50_PORTFOLIO,BUY,391,8886.74,INR
IN001465,NESTLEIND,Nestle India,BSE,FMCG,12-09-2024,21212.39,21257.19,20708.35,21257.19,21999.11,2964239,2442153.82,20.54,6.78,2.433,1.904,25559.23,16535.24,3.5,MIDCAP_PORTFOLIO,BUY,1916,25729.45,INR
IN001468,NESTLEIND,Nestle India,BSE,FMCG,12-09-2024,22246.42,22300.67,21541.72,22010.48,22613.44,3695315,12685118.19,52.01,11.36,3.691,0.838,26858.29,13428.52,3.5,NIFTY50_PORTFOLIO,SELL,1729,20691.43,INR
IN001491,NESTLEIND,Nestle India,BSE,FMCG,12-09-2024,21168.15,21417.22,20555.87,21236.26,21349.96,4860671,6084024.01,15.42,10.07,1.9485,1.582,27853.86,16521.38,2.3,SECTORAL_PORTFOLIO,BUY,922,20236.29,INR
IN000329,SBIN,State Bank of India,NSE,FINANCE,12-09-2024,571.23,574.44,530.29,543.41,536.02,4891104,555358.59,34.01,3.01,3.569,1.936,712.18,387.56,5.1,MIDCAP_PORTFOLIO,BUY,1342,567.38,INR
IN000398,SBIN,State Bank of India,NSE,FINANCE,12-09-2024,621.26,658.16,609.84,654.26,668.12,1293970,289399.815,12.84,8.26,3.558,1.648,755.77,447.85,1.2,MIDCAP_PORTFOLIO,BUY,602,576.34,INR
IN000406,SBIN,State Bank of India,NSE,FINANCE,12-09-2024,617.14,630.96,604.49,610.53,587.77,4224950,38458.34,57.89,10.62,0.098,1.449,808.8,482.74,5.1,MIDCAP_PORTFOLIO,BUY,901,630.58,INR
IN000442,SBIN,State Bank of India,NSE,FINANCE,12-09-2024,600.78,617.34,586.79,608.23,591.78,1592615,364920.91,44,8.09,1.093,1.678,641.06,505.03,3.5,MIDCAP_PORTFOLIO,BUY,1950,638.26,INR
IN000479,SBIN,State Bank of India,NSE,FINANCE,12-09-2024,621.39,643.07,617.05,637.62,650.93,4888199,444104.77,13.69,13.99,2.303,1.882,661.19,540.08,2.3,MIDCAP_PORTFOLIO,SELL,1330,594.81,INR
IN000501,SBIN,State Bank of India,NSE,FINANCE,12-09-2024,591.02,637.69,577.99,621.1,618.19,3413005,364191.49,44,8.26,0.326,1.12,634.06,416.89,0.5,MIDCAP_PORTFOLIO,BUY,324,579.25,INR
IN001669,SBIN,State Bank of India,NSE,FINANCE,12-09-2024,603.86,607.47,569.89,583.71,573.34,1032159,541367.89,45.12,7.71,3.546,1.373,729.19,469.16,3.5,SECTORAL_PORTFOLIO,SELL,966,685.58,INR
IN001775,SBIN,State Bank of India,NSE,FINANCE,12-09-2024,591.48,606.23,583.21,598.06,601.09,182004,271749.45,17.55,3.6,1.865,0.92,651.58,494.96,5.1,SECTORAL_PORTFOLIO,BUY,361,514.04,INR
IN001786,SBIN,State Bank of India,NSE,FINANCE,12-09-2024,588.56,635.76,574.28,625.46,624.86,967930,444402.44,61.25,4.43,2.492,0.594,794.03,398.57,0,SECTORAL_PORTFOLIO,BUY,208,572.15,INR
IN001219,TITAN,Titan Company,BSE,CONSUMER GOODS,01-10-2024,3269.02,3286.99,3040.85,3054.07,2964.24,179682,2979535.03,44.08,6.14,2.122,1.762,4078.04,3054.07,2.3,NIFTY50_PORTFOLIO,HOLD,658,3296.08,INR
IN001584,MARUTI,Maruti Suzuki,BSE,AUTOMOBILE,04-10-2024,10037.04,10130.06,9381.54,9445.2,9697.99,3718903,5745500.75,18.97,14.23,1.387,0.473,13249.39,7539.01,1.2,NIFTY50_PORTFOLIO,HOLD,714,10887.69,INR
IN001600,MARUTI,Maruti Suzuki,BSE,AUTOMOBILE,04-10-2024,9618.66,9629.59,9174.57,9355.82,9221.91,2555128,7563622.09,73.51,4.01,0.79,1.282,12817.4,8712.15,0.5,MIDCAP_PORTFOLIO,BUY,1223,10646.39,INR
IN001604,MARUTI,Maruti Suzuki,BSE,AUTOMOBILE,04-10-2024,9639,9834.42,9310.37,9314.53,9377.82,2104579,9752103.26,31.87,7.72,3.894,1.215,13753.25,8504.24,1.2,SECTORAL_PORTFOLIO,HOLD,172,8096.25,INR
IN001613,MARUTI,Maruti Suzuki,BSE,AUTOMOBILE,04-10-2024,10480.79,10549.67,9955.75,10150.19,10186.77,613667,9592567.17,63.77,11.57,0.055,1.413,13096.97,6321.36,5.1,NIFTY50_PORTFOLIO,BUY,421,11749.02,INR
IN003717,NTPC,NTPC Limited,NSE,UTILITIES,04-10-2024,362.27,367.36,336.55,345.88,351.45,3707302,110206.75,17.03,9.12,3.165,0.744,372.09,313,5.1,MIDCAP_PORTFOLIO,HOLD,1790,397.24,INR
IN003722,NTPC,NTPC Limited,NSE,UTILITIES,04-10-2024,342.36,361.99,333.93,359.45,359.93,3996806,151818.79,8.58,14.34,3.985,0.676,383.81,318.23,2.3,MIDCAP_PORTFOLIO,SELL,1143,284.96,INR
IN003742,NTPC,NTPC Limited,NSE,UTILITIES,04-10-2024,357.38,363.82,342.17,348.74,347.28,4256653,347501.27,45.94,7.03,1.556,1.782,488.74,280.27,3.5,MIDCAP_PORTFOLIO,SELL,132,364.87,INR
IN003751,NTPC,NTPC Limited,NSE,UTILITIES,04-10-2024,346.98,351.98,323.34,326.96,335.21,3402709,97310.52,33.05,7.72,0.188,1.093,404.73,256.4,0.5,NIFTY50_PORTFOLIO,BUY,1660,271.32,INR
IN003752,NTPC,NTPC Limited,NSE,UTILITIES,04-10-2024,342.75,359.16,334.24,352.59,339.36,3810186,62259.2,30.5,10.43,1.708,1.306,394.68,211.5,1.2,SECTORAL_PORTFOLIO,BUY,471,357.13,INR
IN004544,NESTLEIND,Nestle India,BSE,FMCG,05-10-2024,21182.97,21527.69,20009.56,20028.47,20020.79,640148,2336241.27,69.68,13.57,0.938,0.91,23747.79,20028.47,1.2,MIDCAP_PORTFOLIO,BUY,1855,27091,INR
IN002554,ASIANPAINT,Asian Paints,BSE,CONSUMER GOODS,06-10-2024,3022.03,3084.99,2828.08,2889.2,2845.11,4034819,957660.25,47.91,2.2,3.078,1.819,3173.32,2173.96,3.5,NIFTY50_PORTFOLIO,HOLD,348,2851.17,INR
IN002587,ASIANPAINT,Asian Paints,BSE,CONSUMER GOODS,06-10-2024,2921.04,3090.12,2885.05,3005.8,3093.63,854360,1980349.75,9.65,9.39,3.982,0.674,3442.69,2495.67,3.5,SECTORAL_PORTFOLIO,BUY,802,3028.61,INR
IN002645,ASIANPAINT,Asian Paints,BSE,CONSUMER GOODS,06-10-2024,3137.73,3184.23,3103.4,3134.76,3226.14,77442,2894202.69,11.31,6.42,2.573,1.774,3532.4,2427.94,2.3,NIFTY50_PORTFOLIO,BUY,1290,3743.27,INR
IN002775,ASIANPAINT,Asian Paints,BSE,CONSUMER GOODS,06-10-2024,2969.9,3110.07,2886.71,3077.49,3013.42,2335596,2602182.29,45.53,10.71,0.498,1.209,3563.35,2234.35,2.3,NIFTY50_PORTFOLIO,BUY,451,3189.09,INR
IN002835,ASIANPAINT,Asian Paints,BSE,CONSUMER GOODS,06-10-2024,2863.35,3032.14,2852.71,3018.55,3020.91,1741907,2460177.05,26.36,6.5,1.97,1.076,3952.17,2740.46,0,MIDCAP_PORTFOLIO,BUY,1520,3087.66,INR
IN001880,RELIANCE,Reliance Industries,NSE,ENERGY,06-10-2024,2272.15,2309.96,2067.68,2118.48,2132.69,832360,282749.12,44.76,1.27,2.36,1.353,2771.33,1862.6,0,NIFTY50_PORTFOLIO,BUY,147,1949.42,INR
IN003547,HINDUNILVR,Hindustan Unilever,NSE,FMCG,07-10-2024,2521.84,2670.05,2472.75,2611.68,2617,4736784,1126386.91,64.69,2.57,2.143,0.647,3050.66,1680.8,2.3,NIFTY50_PORTFOLIO,HOLD,1024,2900.93,INR
IN001574,SBIN,State Bank of India,NSE,FINANCE,07-10-2024,602.26,619.6,562.39,569.09,585.65,380790,103070.01,79.3,13.39,1.106,1.026,714.77,493.6,0.5,MIDCAP_PORTFOLIO,HOLD,1205,675.2,INR
IN001578,SBIN,State Bank of India,NSE,FINANCE,07-10-2024,583.44,585.77,541.77,546.87,529.55,3677435,486243.54,67.34,6.82,2.133,1.086,749.04,546.87,0.5,MIDCAP_PORTFOLIO,BUY,1426,748.28,INR
IN003325,ASIANPAINT,Asian Paints,BSE,CONSUMER GOODS,09-10-2024,2919.78,2928.36,2744.07,2754.33,2709.48,3766112,496829.42,77.99,5.4,0.398,0.446,3754.88,2754.33,0,MIDCAP_PORTFOLIO,HOLD,750,2483.49,INR
IN003330,ASIANPAINT,Asian Paints,BSE,CONSUMER GOODS,09-10-2024,3110.39,3112.02,2987.47,3046.31,3149.5,543784,1105283.97,29.88,8.65,2.185,1.551,3567.47,2648.01,1.2,MIDCAP_PORTFOLIO,HOLD,198,3712.22,INR
IN003331,ASIANPAINT,Asian Paints,BSE,CONSUMER GOODS,09-10-2024,2999.9,3150.35,2955.32,3060.94,3009.5,2064213,673046.27,36.57,9.06,2.185,1.209,3848.77,1866.1,0.5,SECTORAL_PORTFOLIO,BUY,1119,2628.66,INR
IN003338,ASIANPAINT,Asian Paints,BSE,CONSUMER GOODS,09-10-2024,3005.71,3094.56,2977.04,2989.83,3076.61,662754,357928.01,25.42,7.05,0.079,1.109,3707.37,2165.91,1.2,NIFTY50_PORTFOLIO,BUY,138,3309.77,INR
IN003358,ASIANPAINT,Asian Paints,BSE,CONSUMER GOODS,09-10-2024,3052.94,3094.26,2831.08,2859.11,2937.74,3598648,1384252.31,39.9,8.22,2.666,1.62,3365.9,2355.79,2.3,SECTORAL_PORTFOLIO,BUY,734,3428.33,INR
IN002322,AXISBANK,Axis Bank,BSE,FINANCE,10-10-2024,1140.28,1183.91,1124.27,1174.45,1210.67,1321214,529913.03,41.34,11.61,3.746,0.625,1470.47,990.87,2.3,MIDCAP_PORTFOLIO,HOLD,84,1243.68,INR
IN002337,AXISBANK,Axis Bank,BSE,FINANCE,10-10-2024,1059.2,1074.74,991.17,1010.39,970.46,2593239,593980.05,53.43,1.95,2.174,1.463,1353.44,931.52,1.2,MIDCAP_PORTFOLIO,HOLD,1700,917.76,INR
IN002339,AXISBANK,Axis Bank,BSE,FINANCE,10-10-2024,1115.74,1128.17,1074.01,1087.73,1085.49,3130542,903413.41,15.39,5.95,2.686,1.017,1506.57,707.79,3.5,MIDCAP_PORTFOLIO,BUY,705,872.11,INR
IN001906,TECHM,Tech Mahindra,NSE,TECHNOLOGY,10-10-2024,1302.16,1321.1,1229.54,1262.94,1276.23,713403,187035.96,53.78,14.63,3.456,0.786,1475.26,865.45,0,NIFTY50_PORTFOLIO,HOLD,734,1458.18,INR
IN004580,HCLTECH,HCL Technologies,NSE,TECHNOLOGY,12-10-2024,1484.94,1557.89,1470.4,1524.72,1510.56,4879776,968060.5,64.21,12.84,3.459,0.669,1930.96,1385.26,5.1,SECTORAL_PORTFOLIO,HOLD,106,1749.15,INR
IN004675,HCLTECH,HCL Technologies,NSE,TECHNOLOGY,12-10-2024,1537,1572.49,1533.98,1537.34,1592.27,1647262,222133.96,10.75,13.61,3.544,0.49,2012.83,1167.66,2.3,SECTORAL_PORTFOLIO,BUY,610,1354.33,INR
IN004223,ADANIENT,Adani Enterprises,NSE,CONGLOMERATE,01-11-2024,2908.6,3061.14,2878.83,3054.69,3023.36,2787732,1477401.21,65.31,7.76,0.811,0.793,3054.69,2501.37,3.5,SECTORAL_PORTFOLIO,BUY,1250,2854.68,INR
IN000381,BAJFINANCE,Bajaj Finance,NSE,NBFC,01-11-2024,6941.3,7405.35,6812.38,7209.49,7286.12,2708701,1864510.62,26.33,12,2.418,1.696,9782.85,5161.71,1.2,MIDCAP_PORTFOLIO,SELL,1277,6806.58,INR
IN000392,BAJFINANCE,Bajaj Finance,NSE,NBFC,01-11-2024,7302.63,7381.35,7119.56,7166.46,7160.21,1822973,5907272.27,18.91,2.01,3.223,0.548,8049.01,6334.77,0,SECTORAL_PORTFOLIO,BUY,288,8562,INR
IN000412,BAJFINANCE,Bajaj Finance,NSE,NBFC,01-11-2024,7051.26,7141.97,7040.33,7062.59,6910.39,3559753,974590.32,35.85,10.07,3.37,0.898,8429.1,4673.82,0,MIDCAP_PORTFOLIO,BUY,783,8377.35,INR
IN000437,BAJFINANCE,Bajaj Finance,NSE,NBFC,01-11-2024,6654.5,6796.95,6531.47,6697.94,6745.85,236504,6240092.44,75.24,8.42,0.438,1.086,9486.54,6150.14,3.5,SECTORAL_PORTFOLIO,BUY,1371,6035.16,INR
IN000707,NESTLEIND,Nestle India,BSE,FMCG,01-11-2024,22468.26,23462.18,22291.15,22468.26,24300.08,1691759,5605784.55,58.48,8.45,2.029,1.202,28815.67,14814.57,2.3,SECTORAL_PORTFOLIO,BUY,1700,19041.12,INR
IN001296,NESTLEIND,Nestle India,BSE,FMCG,01-11-2024,21302.05,22655.83,20900.98,21302.05,22191.12,1469479,12803773.75,54.53,1.54,1.017,1.74,24165.99,19109.27,5.1,MIDCAP_PORTFOLIO,HOLD,1554,20486.93,INR
IN001298,NESTLEIND,Nestle India,BSE,FMCG,01-11-2024,21814.13,22138.71,21769.37,21952.95,22777.65,148163,18003175.5,60.07,13.84,1.9485,1.765,26395.11,18424.27,5.1,NIFTY50_PORTFOLIO,BUY,321,21916.35,INR
IN003001,TCS,Tata Consultancy Services,NSE,TECHNOLOGY,01-11-2024,3494.29,3521.91,3315.62,3374.95,3392.58,4168838,1438804.65,55.07,13.52,1.915,1.564,3769.66,3017.35,2.3,MIDCAP_PORTFOLIO,BUY,1667,3147.05,INR
IN003172,TCS,Tata Consultancy Services,NSE,TECHNOLOGY,01-11-2024,3656.72,3866.53,3576.02,3763.21,3764.88,3909735,2111055.41,65.58,1.53,2.342,1.122,4481.56,2648.62,1.2,MIDCAP_PORTFOLIO,BUY,44,3780.4,INR
IN004973,WIPRO,Wipro,BSE,TECHNOLOGY,01-11-2024,477.82,509.85,473.67,508.67,501.68,3560529,170483.04,13.66,6.83,2.235,1.246,607.17,374.43,0.5,MIDCAP_PORTFOLIO,BUY,698,597.68,INR
IN004977,WIPRO,Wipro,BSE,TECHNOLOGY,01-11-2024,486.19,517.4,477.84,511.24,528.69,3173432,423259.34,16.41,5.28,0.596,0.984,539.01,383.83,3.5,SECTORAL_PORTFOLIO,HOLD,1939,609.49,INR
IN001217,BAJFINANCE,Bajaj Finance,NSE,NBFC,03-11-2024,7034.9,7138.92,6733.09,6912.03,6828.1,395896,2234428.42,49.05,8.29,2.206,0.422,8314.63,4857.34,1.2,NIFTY50_PORTFOLIO,SELL,1710,8116.57,INR
IN002308,BAJFINANCE,Bajaj Finance,NSE,NBFC,03-11-2024,6862.89,7139.59,6836.93,7132.16,6971.71,3782919,1140728.91,36.66,7.6,3.58,1.764,9660.19,4435.1,0,SECTORAL_PORTFOLIO,BUY,1910,5707.87,INR
IN003663,HINDUNILVR,Hindustan Unilever,NSE,FMCG,03-11-2024,2413.07,2522.62,2370.26,2481.14,2541.54,4590518,268967.11,54.04,4.65,0.693,1.471,3203.55,1753.68,1.2,MIDCAP_PORTFOLIO,BUY,1714,2439.26,INR
IN004431,SBIN,State Bank of India,NSE,FINANCE,03-11-2024,576.27,605.56,576.21,603.92,593.05,2077781,327575.79,44,9.23,1.074,0.677,663.59,541.27,5.1,NIFTY50_PORTFOLIO,BUY,305,643.72,INR
IN004471,SBIN,State Bank of India,NSE,FINANCE,03-11-2024,601.36,617.07,559.44,601.36,561.8,3109604,50206.5,68.04,8.7,1.8405,0.856,740.89,420.58,2.3,MIDCAP_PORTFOLIO,HOLD,1125,587.49,INR
IN004474,SBIN,State Bank of India,NSE,FINANCE,03-11-2024,625.77,643.81,593.79,601.48,593.61,2390726,157202.41,72.95,8.26,1.341,1.137,633.23,496.43,0.5,NIFTY50_PORTFOLIO,BUY,1567,558.65,INR
IN003161,ULTRACEMCO,UltraTech Cement,BSE,INFRASTRUCTURE,03-11-2024,9625.52,9957.41,9625.04,9703.55,9623.67,4148078,5430033.85,78.59,9.02,1.739,1.455,12726.07,8516.26,0.5,NIFTY50_PORTFOLIO,HOLD,1102,7634.05,INR
IN003242,ULTRACEMCO,UltraTech Cement,BSE,INFRASTRUCTURE,03-11-2024,9434.44,9823.41,9294.96,9775.31,10032.22,482457,512611.82,43.495,12.95,3.03,1.782,13102.41,8196.78,0,SECTORAL_PORTFOLIO,BUY,1510,10817.84,INR
IN003265,ULTRACEMCO,UltraTech Cement,BSE,TECHNOLOGY,03-11-2024,9233.7,9776.26,9163.95,9660.24,9543.38,4974494,4765129.95,43.495,2.16,0.256,0.823,10882.05,7779.98,3.5,SECTORAL_PORTFOLIO,HOLD,229,11784.2,INR
IN003276,ULTRACEMCO,UltraTech Cement,BSE,INFRASTRUCTURE,03-11-2024,9366.8,9570.39,8822.14,9056.08,8961.92,3370591,5413831.63,21.73,1.82,0.552,0.635,11008.14,7663.61,2.3,MIDCAP_PORTFOLIO,BUY,1026,11259.89,INR
IN003322,ULTRACEMCO,UltraTech Cement,BSE,INFRASTRUCTURE,03-11-2024,9101.02,9458.35,9003.59,9101.02,9231.63,2929826,6314798.53,20.47,8.07,1.974,1.843,12442.47,7563.26,0.5,SECTORAL_PORTFOLIO,HOLD,321,8939.47,INR
IN003350,ULTRACEMCO,UltraTech Cement,BSE,INFRASTRUCTURE,03-11-2024,9295.95,9316.76,8731.61,8935.13,9034.02,4713638,2404582.31,40.91,4.75,2.39,0.898,10926.46,7954.03,0,NIFTY50_PORTFOLIO,SELL,327,7819.27,INR
IN001102,WIPRO,Wipro,BSE,ENERGY,03-11-2024,520.79,559.02,519.78,548.54,538.54,3983695,295406.71,49.07,9.87,3.649,1.798,571.88,370.75,0.5,MIDCAP_PORTFOLIO,BUY,40,451.02,INR
IN001563,AXISBANK,Axis Bank,BSE,FINANCE,04-11-2024,1103.81,1119.86,1037.57,1067.81,1085.8,3731709,350062.98,74.09,13.81,1.987,1.045,1512.84,975.13,5.1,MIDCAP_PORTFOLIO,BUY,1351,1187.31,INR
IN003460,HDFCBANK,HDFC Bank,NSE,FINANCE,04-11-2024,1531.66,1560.07,1485.72,1489.93,1547.8,2389783,1308230.29,31,8.14,2.937,0.997,1898.47,1489.93,5.1,NIFTY50_PORTFOLIO,BUY,1556,1916.08,INR
IN002644,MARUTI,Maruti Suzuki,BSE,AUTOMOBILE,04-11-2024,10381.98,10868.48,10368.55,10690.05,10458.75,2771131,6142426.32,52.72,7.84,1.065,1.819,12629.9,6809.71,3.5,MIDCAP_PORTFOLIO,HOLD,1378,10820.58,INR
IN002646,MARUTI,Maruti Suzuki,BSE,AUTOMOBILE,04-11-2024,9692.35,10302.36,9521.18,10177.22,9839.07,207768,5168125.28,71.69,3.74,0.393,0.671,13985.86,9412.38,5.1,MIDCAP_PORTFOLIO,SELL,1564,9059.94,INR
IN002715,MARUTI,Maruti Suzuki,BSE,AUTOMOBILE,04-11-2024,9929.84,10596.57,9662.77,10584.58,10222.72,2194965,5998844.61,38.24,7.28,3.451,1.067,13389.37,6895.98,1.2,NIFTY50_PORTFOLIO,HOLD,1757,11849.51,INR
IN004050,HINDUNILVR,Hindustan Unilever,NSE,FMCG,06-11-2024,2438.51,2453,2343.66,2377.97,2356.53,769728,1725452.28,72.27,8.21,0.38,1.807,3144.12,1713.33,5.1,MIDCAP_PORTFOLIO,BUY,372,2985.63,INR
IN004057,HINDUNILVR,Hindustan Unilever,NSE,FMCG,06-11-2024,2477.2,2525.69,2388.84,2455.27,2445.72,2481812,1578775.08,27.76,4.03,1.089,0.675,3121.6,1916.59,1.2,SECTORAL_PORTFOLIO,BUY,937,2547.48,INR
IN004077,HINDUNILVR,Hindustan Unilever,NSE,FMCG,06-11-2024,2595.25,2669.38,2541.68,2595.25,2646.73,2289332,146325.52,52.47,12.42,0.656,1.28,3271.91,2076.34,2.3,MIDCAP_PORTFOLIO,BUY,1483,2704.91,INR
IN000504,ICICIBANK,ICICI Bank,NSE,FINANCE,06-11-2024,945.78,991.11,941.11,964.01,981.99,4753200,515078.75,47.49,2.48,2.071,0.555,1011.78,765.33,5.1,SECTORAL_PORTFOLIO,SELL,789,944.01,INR
IN001345,NESTLEIND,Nestle India,BSE,FMCG,06-11-2024,21485.19,22703.38,20926.16,22098.63,21687.75,3632248,21054001.61,44.3,4.17,1.03,1.356,22098.63,19875.45,0.5,NIFTY50_PORTFOLIO,BUY,1174,19292.47,INR
IN001372,NESTLEIND,Nestle India,BSE,FMCG,06-11-2024,22264.82,22374.56,20914.86,21492.62,20959.33,3176129,20011297.08,20.58,5.52,1,1.842,28349.75,16340.08,1.2,MIDCAP_PORTFOLIO,SELL,1887,21148.6,INR
IN001374,NESTLEIND,Nestle India,BSE,FMCG,06-11-2024,21084.19,22541.87,20994.66,22421.08,23240.56,4772363,7774113.84,68.06,7.71,2.205,0.507,25164.85,18584.22,0,SECTORAL_PORTFOLIO,HOLD,422,18401.58,INR
IN001409,NESTLEIND,Nestle India,BSE,FMCG,06-11-2024,21081.29,22348.07,20641.99,22115.06,22704.46,1084891,10874075.53,76.72,9.6,2.256,1.276,27082.98,19601.66,0.5,SECTORAL_PORTFOLIO,SELL,1674,21573.18,INR
IN003060,NESTLEIND,Nestle India,BSE,FMCG,06-11-2024,21011.88,21284.361,20153.06,20153.06,20684.07,3697945,13287742.1,10.19,5.21,2.875,0.433,24472.69,20153.06,0.5,SECTORAL_PORTFOLIO,BUY,1766,19947.34,INR
IN001295,ONGC,Oil & Natural Gas Corp,NSE,ENERGY,06-11-2024,285.43,288.26,266.44,269.25,265.79,448706,183374.46,40.515,8.14,2.387,0.966,335.39,213.62,2.3,MIDCAP_PORTFOLIO,HOLD,1224,332.63,INR
IN001091,TCS,Tata Consultancy Services,NSE,TECHNOLOGY,06-11-2024,3520.42,3576.78,3246.76,3282.78,3234.89,1395246,2910381.78,41.4,3.45,1.688,1.995,4840.91,2412.36,2.3,SECTORAL_PORTFOLIO,BUY,1569,4031.2,INR
IN001131,TCS,Tata Consultancy Services,NSE,TECHNOLOGY,06-11-2024,3391.25,3437.87,3176.35,3236.56,3360.6,1458272,3214048.41,79.71,1.81,3.274,1.635,4765.81,3236.56,0,MIDCAP_PORTFOLIO,BUY,995,3439.05,INR
IN001161,TCS,Tata Consultancy Services,NSE,TECHNOLOGY,06-11-2024,3543.87,3781.12,3439.14,3697.19,3651.95,4607495,462636.72,25.02,7.32,1.611,1.213,4452.82,2565.65,0,MIDCAP_PORTFOLIO,BUY,1909,3338.37,INR
IN001182,TCS,Tata Consultancy Services,NSE,TECHNOLOGY,06-11-2024,3646.14,3762.48,3571.78,3730.26,3625.1,1760178,2117879.29,51.85,5.4,1.373,1.741,4512.44,3249.77,0.5,MIDCAP_PORTFOLIO,HOLD,771,3236.95,INR
IN001259,TCS,Tata Consultancy Services,NSE,TECHNOLOGY,06-11-2024,3594.12,3682.14,3457.37,3472.69,3526.84,1170210,1523480.47,79.58,10.04,3.182,0.563,4113.17,2692.52,2.3,SECTORAL_PORTFOLIO,BUY,60,3012.46,INR
IN001262,TCS,Tata Consultancy Services,NSE,TECHNOLOGY,06-11-2024,3580.56,3679.63,3396.66,3471.48,3391.03,414255,3130773.72,42.86,7.44,2.674,1.447,3830.54,2576.7,3.5,SECTORAL_PORTFOLIO,HOLD,1574,4157.47,INR
IN001310,TCS,Tata Consultancy Services,NSE,TECHNOLOGY,06-11-2024,3368.88,3391.2,3211.68,3247.65,3283.98,4360709,3162083.26,63.8,1.38,0.497,1.869,4276.56,3050.64,2.3,SECTORAL_PORTFOLIO,BUY,1253,4273.34,INR
IN001326,TCS,Tata Consultancy Services,NSE,TECHNOLOGY,06-11-2024,3601.74,3617.13,3329.29,3428.12,3395.9,1677867,1175445.8,61.21,7.44,2.706,0.638,4004.31,3230.47,1.2,SECTORAL_PORTFOLIO,BUY,1941,3270.82,INR
IN001349,TCS,Tata Consultancy Services,NSE,TECHNOLOGY,06-11-2024,3556.9,3617.8,3333.2,3556.9,3342.99,2882383,1638183.43,74.35,14.58,0.142,1.971,3910.78,3128.65,0.5,NIFTY50_PORTFOLIO,HOLD,172,2771.81,INR
IN001489,AXISBANK,Axis Bank,BSE,FINANCE,07-11-2024,1095.89,1116.43,1031.17,1050.92,1062.01,1136422,529913.03,21.69,8.53,2.008,1.259,1432.43,881.44,3.5,NIFTY50_PORTFOLIO,BUY,1855,1218.03,INR
IN001532,AXISBANK,Axis Bank,BSE,FINANCE,07-11-2024,1053.03,1077.06,1040.21,1071.01,1066.72,2995820,619430.04,62.35,6.03,1.175,1.307,1298.24,923.14,2.3,NIFTY50_PORTFOLIO,HOLD,1559,1014.99,INR
IN001550,AXISBANK,Axis Bank,BSE,FINANCE,07-11-2024,1118.87,1123.6,1062.93,1079.32,1058.99,4621607,529913.03,75.27,7.46,1.933,1.689,1282.64,779.11,1.2,SECTORAL_PORTFOLIO,BUY,1692,1341.41,INR
IN000887,BAJFINANCE,Bajaj Finance,NSE,NBFC,07-11-2024,7065.9,7234.32,6896.4,7166.22,7253.85,1009823,3365397.48,31.74,8.5,2.962,1.435,9714.19,6535.46,2.3,SECTORAL_PORTFOLIO,HOLD,429,8255.54,INR
IN001253,BHARTIARTL,Bharti Airtel,NSE,TELECOMMUNICATION,07-11-2024,896.37,959.11,871.09,957.88,985.69,3454851,899532.1,75.85,1.66,1.572,1.237,1038.9,562.97,3.5,NIFTY50_PORTFOLIO,HOLD,1173,961.43,INR
IN001285,BHARTIARTL,Bharti Airtel,NSE,TELECOMMUNICATION,07-11-2024,884.75,894.18,844.86,859.49,890.5,1451053,322323.5,48.025,14.38,3.093,0.94,1227.07,809.82,0.5,SECTORAL_PORTFOLIO,BUY,1806,871.87,INR
IN003800,MARUTI,Maruti Suzuki,BSE,AUTOMOBILE,07-11-2024,9846.11,10042.19,9179.17,9332.43,9524.16,1291897,574275.15,9.78,7.84,1.261,1.016,10879.56,7985.96,1.2,SECTORAL_PORTFOLIO,BUY,1082,11434.4,INR
IN003815,MARUTI,Maruti Suzuki,BSE,AUTOMOBILE,07-11-2024,10240.02,10742.17,10020.21,10534.53,10891.85,576888,9971595.98,44.42,3.36,1.832,0.921,12035.45,6439.83,1.2,NIFTY50_PORTFOLIO,SELL,1133,8140.67,INR
IN003843,MARUTI,Maruti Suzuki,BSE,AUTOMOBILE,07-11-2024,9635.49,9717.85,9131.36,9273.76,8929.32,3506809,6603594.76,30.9,3.17,1.151,1.165,12581.95,7091.49,3.5,NIFTY50_PORTFOLIO,BUY,1679,9172.07,INR
IN003889,MARUTI,Maruti Suzuki,BSE,AUTOMOBILE,07-11-2024,9809.6,10554.92,9637.01,10307.17,10682.77,2584503,4105972.2,19.2,1.73,2.096,0.859,13248.15,8537.98,3.5,MIDCAP_PORTFOLIO,SELL,955,11155.31,INR
IN003895,MARUTI,Maruti Suzuki,BSE,AUTOMOBILE,07-11-2024,9821.54,9832.93,9174.15,9297.21,8968.51,296521,1075608.48,43.9,11.07,1.588,1.186,13784.37,7000.83,1.2,NIFTY50_PORTFOLIO,HOLD,500,7775.22,INR
IN000782,TECHM,Tech Mahindra,NSE,TECHNOLOGY,07-11-2024,1241.57,1279.36,1240.28,1274.29,1285.34,2633417,978836.4,19.65,9.74,0.425,1.664,1743.89,850.19,1.2,NIFTY50_PORTFOLIO,BUY,194,1420.65,INR
IN000791,TECHM,Tech Mahindra,NSE,TECHNOLOGY,07-11-2024,1297.97,1373.23,1290.29,1350.81,1377.15,2515406,661623.79,22.45,12.6,1.796,1.572,1426.49,1079.77,2.3,SECTORAL_PORTFOLIO,BUY,1475,1560.66,INR
IN000794,TECHM,Tech Mahindra,NSE,TECHNOLOGY,07-11-2024,1263.11,1297.61,1161.44,1183.06,1207.71,4350084,740948.39,59.87,13.65,2.824,0.914,1760.04,1083.03,1.2,NIFTY50_PORTFOLIO,SELL,127,1479.92,INR
IN000800,TECHM,Tech Mahindra,NSE,TECHNOLOGY,07-11-2024,1280.05,1286.62,1274.85,1285.81,1322.75,4600854,1119505.06,73.35,13.38,0.803,1.686,1809.55,1174.55,3.5,SECTORAL_PORTFOLIO,HOLD,1105,1239.48,INR
IN000832,TECHM,Tech Mahindra,NSE,TECHNOLOGY,07-11-2024,1280.73,1323.31,1256.26,1317.02,1338.65,1491083,597907.03,44.16,5.69,0.698,0.485,1590.65,1007.2,1.2,NIFTY50_PORTFOLIO,BUY,1120,1101.57,INR
IN001299,TITAN,Titan Company,BSE,CONSUMER GOODS,07-11-2024,3538.73,3839.52,3525.09,3761.7,3835.53,743106,1941353.76,58.19,14.47,0.825,0.844,3761.7,2206.21,1.2,SECTORAL_PORTFOLIO,SELL,342,3785.45,INR
IN001312,TITAN,Titan Company,BSE,CONSUMER GOODS,07-11-2024,3448.31,3542.43,3258.85,3340.21,3407.91,2389908.5,1835830.275,55.03,4.06,2.8,1.06,3583.07,2085.91,2.3,SECTORAL_PORTFOLIO,BUY,1560,3257.14,INR
IN004752,ASIANPAINT,Asian Paints,BSE,CONSUMER GOODS,09-11-2024,3149.92,3191.67,3079.03,3180.67,3107.7,1970784,2314017.22,37.46,9.89,1.672,0.841,3873.65,1969.41,3.5,SECTORAL_PORTFOLIO,BUY,179,3489.61,INR
IN004774,ASIANPAINT,Asian Paints,BSE,CONSUMER GOODS,09-11-2024,3091.42,3278.12,3049.46,3273.7,3344.79,3332000,1994509.87,76.79,9.36,2.185,0.482,3896.72,2627.77,2.3,MIDCAP_PORTFOLIO,BUY,1577,3452.81,INR
IN004962,ASIANPAINT,Asian Paints,BSE,CONSUMER GOODS,09-11-2024,2882.45,2915.12,2699.87,2704.29,2789.81,4095204,855942.57,27.36,14.05,2.185,1.123,4091.46,2324.24,1.2,MIDCAP_PORTFOLIO,BUY,724,3592.2,INR
IN002879,BAJFINANCE,Bajaj Finance,NSE,NBFC,09-11-2024,6998.26,7058.92,6905.44,6939.45,6849.44,124128,3003552.56,15.54,13.17,1.703,0.931,7869.69,4908.48,1.2,MIDCAP_PORTFOLIO,BUY,1053,8569.09,INR
IN002918,BAJFINANCE,Bajaj Finance,NSE,NBFC,09-11-2024,7236.01,7285.21,6573.62,6764.69,6628.23,2399017,3423400.78,44.36,7.21,1.856,0.929,9293.66,5417.35,2.3,SECTORAL_PORTFOLIO,BUY,406,6085.29,INR
IN002921,BAJFINANCE,Bajaj Finance,NSE,NBFC,09-11-2024,7159.28,7420.77,7029.94,7303.16,7351.38,906718,4251372.92,21.33,10.58,3.189,0.782,8481.58,4397.32,1.2,NIFTY50_PORTFOLIO,SELL,1626,5888.39,INR
IN002928,BAJFINANCE,Bajaj Finance,NSE,NBFC,09-11-2024,6869.43,7391.48,6731.2,7292.7,7188.99,1505505,3423400.78,44.36,3.39,1.03,0.438,9683.89,5432.18,2.3,MIDCAP_PORTFOLIO,SELL,1765,7411.43,INR
IN001179,INFY,Infosys,NSE,TECHNOLOGY,09-11-2024,1455.28,1481.34,1324.21,1362.99,1311.48,3548683,606259.18,62.98,4.98,2.552,0.664,1711.4,1231.04,5.1,NIFTY50_PORTFOLIO,BUY,1250,1322.45,INR
IN001185,INFY,Infosys,NSE,TECHNOLOGY,09-11-2024,1560.41,1616.18,1555.86,1577.89,1605.88,255705,234067.1,70.15,13.7,2.874,1.811,1926.67,1316,1.2,NIFTY50_PORTFOLIO,BUY,299,1356.97,INR
IN001186,INFY,Infosys,NSE,TECHNOLOGY,09-11-2024,1503.73,1576.52,1498.84,1549.98,1597.18,4554300,1379035.61,39.855,13.98,3.766,0.535,1826.08,1343.05,0.5,SECTORAL_PORTFOLIO,BUY,1490,1710.05,INR
IN001211,INFY,Infosys,NSE,TECHNOLOGY,09-11-2024,1522.95,1584.48,1518.9,1580.55,1524.35,2388298,455989.33,39.855,7.15,2.86,1.598,1645.96,926.26,5.1,NIFTY50_PORTFOLIO,SELL,360,1358.76,INR
IN004680,SBIN,State Bank of India,NSE,FINANCE,09-11-2024,613.91,620.05,584.88,594,578.8,4110003,80919.64,33.41,9.42,1.001,1.954,734.87,540.49,0.5,MIDCAP_PORTFOLIO,SELL,1389,617.67,INR
IN001789,TCS,Tata Consultancy Services,NSE,TECHNOLOGY,09-11-2024,3499.04,3772.74,3394.74,3663.16,3643.28,3339718,870513.59,14.87,7.44,2.709,0.931,4226.38,3242.56,3.5,MIDCAP_PORTFOLIO,HOLD,1501,2647.24,INR
IN001478,HCLTECH,HCL Technologies,NSE,TECHNOLOGY,10-11-2024,1444.84,1469.09,1327.02,1347.88,1333.91,1264666,431526.05,56.1,10.34,1.836,1.328,1770.48,1273.63,1.2,SECTORAL_PORTFOLIO,BUY,891,1432.24,INR
IN001483,HCLTECH,HCL Technologies,NSE,TECHNOLOGY,10-11-2024,1458.23,1492.65,1343.06,1358.21,1369.88,4791102,1197304.82,8.8,3.52,1.587,1.221,2077.29,901.42,0.5,MIDCAP_PORTFOLIO,BUY,287,1371.48,INR
IN001008,ONGC,Oil & Natural Gas Corp,NSE,ENERGY,10-11-2024,267.35,279.58,265.84,272.27,263.56,2699963.5,73363.58,71.51,4,2.037,1.319,353.49,170.35,3.5,SECTORAL_PORTFOLIO,SELL,604,333.92,INR
IN001955,WIPRO,Wipro,BSE,TECHNOLOGY,10-11-2024,522.21,550.06,520.41,544.91,534.74,2414007,152118.11,24.55,7.05,1.87,1.19,603.71,337.16,0.5,NIFTY50_PORTFOLIO,BUY,917,402.17,INR
IN002933,ADANIENT,Adani Enterprises,NSE,CONGLOMERATE,11-11-2024,2897.85,2934.61,2767.41,2842.89,2778.56,378510,434199.47,34.66,6.02,3.057,1.321,3554.07,2520.22,3.5,SECTORAL_PORTFOLIO,BUY,1095,2139.25,INR
IN004072,AXISBANK,Axis Bank,BSE,FINANCE,11-11-2024,1129,1180.72,1112.57,1147.64,1184.11,2139187,1034554.15,27.54,13.15,0.877,0.408,1419.62,995.07,2.3,MIDCAP_PORTFOLIO,SELL,89,1226.45,INR
IN004718,AXISBANK,Axis Bank,BSE,FINANCE,11-11-2024,1079.76,1088.3,1014.1,1041.74,1061.75,2593239,784384.24,19.52,10.83,0.309,1.576,1516.62,766.43,2.3,NIFTY50_PORTFOLIO,HOLD,1876,951.28,INR
IN004726,AXISBANK,Axis Bank,BSE,FINANCE,11-11-2024,1080.65,1137.53,1076.35,1124.69,1129.9,3975540,975292.59,61.78,10.12,3.247,0.735,1366.87,758.34,5.1,NIFTY50_PORTFOLIO,BUY,21,881.81,INR
IN003420,BAJFINANCE,Bajaj Finance,NSE,NBFC,11-11-2024,6850.09,6879.27,6775.69,6810.17,6804.17,3756378,5313493.22,30.48,4.17,3.788,1.293,8512.02,6463.67,5.1,SECTORAL_PORTFOLIO,BUY,531,6011.42,INR
IN003450,BAJFINANCE,Bajaj Finance,NSE,NBFC,11-11-2024,7014.82,7050.66,6511.59,6577.17,6537.84,1513518,3380876.62,78.34,8.97,1.018,1.701,8409.18,5242.37,2.3,NIFTY50_PORTFOLIO,SELL,1060,7763.18,INR
IN003466,BAJFINANCE,Bajaj Finance,NSE,NBFC,11-11-2024,7261.32,7671.89,7090.86,7513.58,7813.91,1169062,961571.69,44.36,8.97,2.938,1.141,9157.56,4810.8,3.5,MIDCAP_PORTFOLIO,BUY,1709,7402.92,INR
IN001751,HDFCBANK,HDFC Bank,NSE,FINANCE,11-11-2024,1619.07,1676.32,1595.34,1669.67,1657.78,2996880,1474774.15,66.04,14.78,2.863,1.888,2194.66,1498.61,5.1,NIFTY50_PORTFOLIO,SELL,709,1572.68,INR
IN002504,HINDUNILVR,Hindustan Unilever,NSE,FMCG,11-11-2024,2528.42,2657.58,2484.97,2584.84,2621.98,188238,1242733.33,30.04,11.32,3.158,1.491,3108.69,2110.51,2.3,SECTORAL_PORTFOLIO,SELL,512,2795.32,INR
IN002546,HINDUNILVR,Hindustan Unilever,NSE,FMCG,11-11-2024,2443.76,2489.07,2349.96,2382.64,2334.83,2540301,2381596.12,39.78,5.97,2.917,1.72,3237.5,1674.56,0,MIDCAP_PORTFOLIO,BUY,287,2752.42,INR
IN002555,HINDUNILVR,Hindustan Unilever,NSE,FMCG,11-11-2024,2399.59,2572.2,2389.93,2545.57,2510.24,1523272,1938632.54,42.98,12.51,2.271,1.522,2915.1,1607.92,2.3,SECTORAL_PORTFOLIO,HOLD,464,2757.89,INR
IN002578,HINDUNILVR,Hindustan Unilever,NSE,FMCG,11-11-2024,2386.55,2414.71,2308.12,2340.02,2407.71,2346581,985740.71,15.45,13.14,1.294,0.778,3346.86,2340.02,5.1,MIDCAP_PORTFOLIO,BUY,1595,2995.52,INR
IN002591,HINDUNILVR,Hindustan Unilever,NSE,FMCG,11-11-2024,2622.12,2690.59,2463.65,2531.24,2555.5,2239044,2463563.94,68.19,7.77,3.533,1.28,2876.13,1917.92,0,NIFTY50_PORTFOLIO,BUY,436,2692.15,INR
IN002598,HINDUNILVR,Hindustan Unilever,NSE,FMCG,11-11-2024,2425.94,2509.87,2412.38,2458.27,2404.08,384714,1914017.52,36.58,9.42,0.296,1.774,2768.84,1671.15,2.3,SECTORAL_PORTFOLIO,HOLD,1514,2137.77,INR
IN002632,HINDUNILVR,Hindustan Unilever,NSE,FMCG,11-11-2024,2553.74,2590.76,2466.37,2517.35,2457.72,103583,644757.91,67.32,4.35,2.428,1.933,2763.36,2349.16,2.3,NIFTY50_PORTFOLIO,BUY,687,2952.34,INR
IN002650,HINDUNILVR,Hindustan Unilever,NSE,FMCG,11-11-2024,2379.77,2388,2209.68,2248.05,2183.09,4604182,995489.14,57.23,5.12,0.766,1.189,2661.92,1616.29,1.2,MIDCAP_PORTFOLIO,HOLD,1609,2063.62,INR
IN002981,HINDUNILVR,Hindustan Unilever,NSE,FMCG,11-11-2024,2465.02,2486.41,2423.51,2477.26,2518.18,1970339,1834357.34,55.4,11.91,1.923,1.594,2972.5,2143.19,2.3,MIDCAP_PORTFOLIO,HOLD,1774,2875.27,INR
IN003012,HINDUNILVR,Hindustan Unilever,NSE,FMCG,11-11-2024,2516.44,2554.56,2487.88,2490.87,2551.67,1929549,813488.82,23.33,8.22,3.921,1.62,3249.43,1610.95,1.2,MIDCAP_PORTFOLIO,BUY,1079,3029.98,INR
IN003033,HINDUNILVR,Hindustan Unilever,NSE,FMCG,11-11-2024,2472.67,2598.61,2411.31,2531.85,2475.21,4974864,841380.1,55.25,2.73,0.198,0.702,2817.9,1769.54,1.2,NIFTY50_PORTFOLIO,BUY,729,1941.46,INR
IN003039,HINDUNILVR,Hindustan Unilever,NSE,FMCG,11-11-2024,2478.79,2551.81,2379.18,2384.46,2466.45,3674374,1101334.84,19.07,8.21,2.188,1.118,3009.36,2163.07,5.1,NIFTY50_PORTFOLIO,BUY,403,2214.33,INR
IN002993,NTPC,NTPC Limited,NSE,UTILITIES,11-11-2024,365.93,369.76,345.71,355.78,360.09,2381122,179918,56.12,9.61,3.274,0.428,469.48,314.66,2.3,MIDCAP_PORTFOLIO,HOLD,860,389.79,INR
IN002999,NTPC,NTPC Limited,NSE,UTILITIES,11-11-2024,359.35,361.25,326.27,334.6,325.23,3758242,165662.86,48.01,12.02,1.783,0.985,416.72,311.91,5.1,MIDCAP_PORTFOLIO,BUY,348,341.62,INR
IN003000,NTPC,NTPC Limited,NSE,UTILITIES,11-11-2024,364.93,371.61,351.34,361.74,357.37,2394789.5,341780.63,54.86,3.1,0.27,1.78,389.81,297.94,2.3,SECTORAL_PORTFOLIO,SELL,1405,336.58,INR
IN003009,NTPC,NTPC Limited,NSE,FINANCE,11-11-2024,336.17,336.57,320.12,326.47,315.37,432885,254656.02,71.66,2.51,2.715,1.037,442.03,218.87,2.3,NIFTY50_PORTFOLIO,BUY,587,282.98,INR
IN003082,NTPC,NTPC Limited,NSE,UTILITIES,11-11-2024,351.24,359.62,327.82,328.98,331.33,1237920,179918,55.67,4.04,2.048,1.0765,445.47,271.31,1.2,SECTORAL_PORTFOLIO,SELL,1628,397.22,INR
IN001004,SUNPHARMA,Sun Pharmaceutical,BSE,PHARMACEUTICALS,11-11-2024,1239.89,1241.33,1184.94,1195.03,1214.09,2712679,479546.38,36.59,11.16,2.27,0.833,1612.83,993.11,0,MIDCAP_PORTFOLIO,BUY,248,938.81,INR
IN001212,SUNPHARMA,Sun Pharmaceutical,BSE,PHARMACEUTICALS,11-11-2024,1209.55,1239.59,1146.69,1148.85,1113.49,4179069,508489.26,46.88,12.28,1.046,0.973,1440.79,1014.83,2.3,NIFTY50_PORTFOLIO,BUY,532,1408.16,INR
IN001301,SUNPHARMA,Sun Pharmaceutical,BSE,PHARMACEUTICALS,11-11-2024,1150.96,1184.07,1053.65,1074.49,1083.13,2761153,792163.33,28.07,1.8,1.132,0.846,1324.09,958.75,3.5,SECTORAL_PORTFOLIO,BUY,208,1217.83,INR
IN001126,ADANIENT,Adani Enterprises,NSE,CONGLOMERATE,12-11-2024,2758.43,2980.13,2731.68,2915.37,3019.96,1402768,2267058.48,69.61,14.66,1.978,0.955,2961.37,2247.21,0.5,MIDCAP_PORTFOLIO,BUY,935,3044.4,INR
IN003738,BAJFINANCE,Bajaj Finance,NSE,NBFC,12-11-2024,6700.67,6964.5,6634.96,6936.48,6720.42,715504,6320687.54,57.15,14.48,3.046,0.975,9034.79,6590.39,0.5,MIDCAP_PORTFOLIO,HOLD,1592,5403.95,INR
IN003824,BAJFINANCE,Bajaj Finance,NSE,NBFC,12-11-2024,6656.59,6765.7,6395.04,6426.03,6590.89,1018560,924809.43,66.43,8.77,0.897,1.256,9639.52,6426.03,0.5,MIDCAP_PORTFOLIO,HOLD,1045,5650.52,INR
IN003832,BAJFINANCE,Bajaj Finance,NSE,NBFC,12-11-2024,6757.58,7147.03,6730.95,6996.41,6764.38,663773,2397902.83,44.36,6.08,3.02,1.233,8125.2,5692.73,0,NIFTY50_PORTFOLIO,BUY,1648,7366.64,INR
IN000866,ICICIBANK,ICICI Bank,NSE,FINANCE,12-11-2024,987.01,1014.67,977.61,989.02,981.1,1756208,825446.41,51.09,7.5,2.637,1.048,1270.56,603.83,2.3,NIFTY50_PORTFOLIO,BUY,1079,920.3,INR
IN000897,ICICIBANK,ICICI Bank,NSE,FINANCE,12-11-2024,971.3,975.85,918.23,920.27,910.81,1574542,782999.8,29.64,13.26,2.301,0.49,1135.38,846.84,3.5,MIDCAP_PORTFOLIO,HOLD,364,1145.98,INR
IN004480,ONGC,Oil & Natural Gas Corp,NSE,ENERGY,12-11-2024,273.62,295.06,268.98,286.88,296.07,2772887,113800.31,60.14,6.97,3.106,1.33,312.37,221.68,0.5,NIFTY50_PORTFOLIO,HOLD,1192,307.49,INR
IN001934,TECHM,Tech Mahindra,NSE,TECHNOLOGY,12-11-2024,1345.62,1377.51,1304.53,1345.62,1296.97,1521781,1178875.55,14.14,8.715,1.719,0.477,1764.49,826.37,0.5,NIFTY50_PORTFOLIO,BUY,1077,1494.58,INR
IN002031,TECHM,Tech Mahindra,NSE,TECHNOLOGY,12-11-2024,1252.04,1288.82,1220.76,1225.23,1203.71,1386541,635739.98,9.14,10.79,1.921,1.478,1809.03,1106.39,0,NIFTY50_PORTFOLIO,BUY,777,1531.68,INR
IN000670,ASIANPAINT,Asian Paints,BSE,CONSUMER GOODS,01-12-2024,2916.03,2933.62,2704.93,2774.71,2707.22,2530314,1542350.91,23.88,3.88,2.019,1.509,3429.49,2774.53,3.5,NIFTY50_PORTFOLIO,BUY,863,3284.56,INR
IN000695,ASIANPAINT,Asian Paints,BSE,CONSUMER GOODS,01-12-2024,2882.28,2890.73,2702.45,2882.28,2782.64,533768,1583748.83,43.79,1.03,1.842,1.209,3567.16,2177.67,5.1,NIFTY50_PORTFOLIO,SELL,23,2731.91,INR
IN000725,ASIANPAINT,Asian Paints,BSE,CONSUMER GOODS,01-12-2024,2909.43,2966.19,2791.25,2877.2,2777.39,4814678,2485311.47,74.18,2.64,1.828,0.633,3867.3,1913.25,3.5,SECTORAL_PORTFOLIO,BUY,310,2763.68,INR
IN004096,ICICIBANK,ICICI Bank,NSE,FINANCE,01-12-2024,930.33,1011.942367,905.3,905.3,936.55,4696269,402598.31,58.82,3.96,0.917,0.705,1122.16,784.34,1.2,NIFTY50_PORTFOLIO,BUY,47,1107.76,INR
IN004111,ICICIBANK,ICICI Bank,NSE,FINANCE,01-12-2024,960.15,977,930.64,946.63,957.95,1043674,190927.89,44.145,10.08,1.718,0.938,1013.92,657.98,3.5,NIFTY50_PORTFOLIO,BUY,1655,1169.98,INR
IN004114,ICICIBANK,ICICI Bank,NSE,FINANCE,01-12-2024,984.93,1043.78,965.17,1039.26,1025,3130195,78856.54,41.92,10.33,2.549,1.234,1108.27,609.29,0.5,NIFTY50_PORTFOLIO,SELL,1422,1037.1,INR
IN004345,INFY,Infosys,NSE,TECHNOLOGY,01-12-2024,1510.9,1541.55,1493.2,1493.49,1506.92,1714378,710157.56,15.61,3.37,1.431,1.632,1887.57,1266.14,3.5,MIDCAP_PORTFOLIO,BUY,691,1653.61,INR
IN004362,INFY,Infosys,NSE,TECHNOLOGY,01-12-2024,1466.22,1585.95,1449.37,1548.45,1520.59,1975373,150976.76,73.06,10.3,3.284,0.918,1705.46,1048.86,0,SECTORAL_PORTFOLIO,BUY,1642,1413.64,INR
IN002745,KOTAKBANK,Kotak Mahindra Bank,NSE,FINANCE,01-12-2024,1886.45,1896.25,1813.02,1823.21,1838.25,4329013,1373857.49,48.44,2.64,0.892,0.9,2368.24,1449.32,1.2,NIFTY50_PORTFOLIO,HOLD,449,2198.68,INR
IN002757,KOTAKBANK,Kotak Mahindra Bank,NSE,PHARMACEUTICALS,01-12-2024,1803.64,1914.76,1770.91,1903.9,1937.95,4493090,133205.96,56.94,2.46,1.576,1.911,2023.34,1602.25,1.2,NIFTY50_PORTFOLIO,BUY,1148,1350.24,INR
IN002810,KOTAKBANK,Kotak Mahindra Bank,NSE,FINANCE,01-12-2024,1865.96,1884.89,1836.94,1871.66,1828.97,2824831,1358007.2,70.81,11.38,2.121,1.839,2281.76,1612.87,3.5,MIDCAP_PORTFOLIO,BUY,166,1415.29,INR
IN002832,KOTAKBANK,Kotak Mahindra Bank,NSE,FINANCE,01-12-2024,1854.4,1883.8,1853.97,1862.17,1825.72,3363415,581585.93,62.92,3.91,2.842,1.122,2184.3,1619.47,0,NIFTY50_PORTFOLIO,SELL,1746,1678.46,INR
IN002844,KOTAKBANK,Kotak Mahindra Bank,NSE,FINANCE,01-12-2024,1795.42,1918.31,1744.56,1862.66,1924.11,2824831,968030.28,53.43,6.71,2.928,1.144,2321.26,1253.48,0.5,MIDCAP_PORTFOLIO,HOLD,980,1859.5,INR
IN002919,KOTAKBANK,Kotak Mahindra Bank,NSE,FINANCE,01-12-2024,1865.75,2008.99,1837,1967.33,1979.56,2829736,646811.38,72.15,7.06,2.211,1.992,1967.33,1454.54,5.1,SECTORAL_PORTFOLIO,HOLD,1570,1630.16,INR
IN004098,NTPC,NTPC Limited,NSE,UTILITIES,01-12-2024,355.95,362.32,344.72,354.38,360.91,2994739,56104.64,16.04,11.75,2.035,1.745,444.54,302.15,0,MIDCAP_PORTFOLIO,BUY,1646,373.37,INR
IN004141,NTPC,NTPC Limited,NSE,UTILITIES,01-12-2024,354.18,358.83,334.51,335.34,347.06,3626131,331317.84,74.41,3.83,1.515,0.548,489.05,267.37,2.3,SECTORAL_PORTFOLIO,HOLD,913,408.55,INR
IN004151,NTPC,NTPC Limited,NSE,UTILITIES,01-12-2024,338.66,346.98,331.59,337.87,344.59,3525999,269470.78,40.435,7.06,1.009,1.003,476.39,232.74,3.5,SECTORAL_PORTFOLIO,BUY,1914,347.75,INR
IN000823,ASIANPAINT,Asian Paints,BSE,CONSUMER GOODS,02-12-2024,3010.55,3065.25,2789.47,2852.53,2828.85,4487751,2172309.77,52.88,10.74,2.246,1.739,4128.18,1854.42,3.5,SECTORAL_PORTFOLIO,BUY,1421,3626.82,INR
IN000906,ASIANPAINT,Asian Paints,BSE,CONSUMER GOODS,02-12-2024,2958.83,3123.3,2906.34,3084.25,3035.79,3424671,1336311.66,32.03,8.74,2.449,1.922,3229.53,2655.12,1.2,SECTORAL_PORTFOLIO,HOLD,1275,2470.77,INR
IN000963,ASIANPAINT,Asian Paints,BSE,CONSUMER GOODS,02-12-2024,2891.4,2902.86,2738.33,2742.46,2674.3,3316283,2916992.53,45.18,1.35,2.603,1.196,4077.23,2574.48,0,MIDCAP_PORTFOLIO,BUY,426,2975.53,INR
IN000984,ASIANPAINT,Asian Paints,BSE,CONSUMER GOODS,02-12-2024,2927.02,3064.64,2885.23,3062.97,3150.99,3527625,1373283.79,70.32,14.36,1.392,0.607,3386.45,2150.89,1.2,MIDCAP_PORTFOLIO,BUY,556,3215.11,INR
IN002764,BAJFINANCE,Bajaj Finance,NSE,NBFC,02-12-2024,7219.6,7271.09,6670.05,6856.23,7088.44,1620489,3331415.01,30.96,6.24,0.73,1.325,7832.09,6568.94,2.3,NIFTY50_PORTFOLIO,BUY,602,7470.78,INR
IN000515,NTPC,NTPC Limited,NSE,UTILITIES,02-12-2024,367.21,378.21,361.08,376.6,365.22,3005175,86497.1,37.82,11.08,2.974,0.743,376.6,222.57,3.5,MIDCAP_PORTFOLIO,HOLD,739,294.06,INR
IN000520,NTPC,NTPC Limited,NSE,UTILITIES,02-12-2024,339.45,349.63,331.26,345.31,334.71,171456,97095.16,36.61,5.85,2.95,1.106,376.65,249.63,2.3,SECTORAL_PORTFOLIO,BUY,118,300.38,INR
IN000526,NTPC,NTPC Limited,NSE,UTILITIES,02-12-2024,348.21,369.23,344.27,363.15,365.49,319258,144570.27,37.41,7.9,1.246,0.925,399.61,215.87,0,MIDCAP_PORTFOLIO,BUY,1320,304.72,INR
IN000563,NTPC,NTPC Limited,NSE,UTILITIES,02-12-2024,352.93,362.35,344.44,354.81,347.21,3129235,271436.19,64.55,7.9,2.21,1.155,427.97,327.26,0.5,SECTORAL_PORTFOLIO,BUY,1705,288.74,INR
IN004093,TECHM,Tech Mahindra,NSE,TECHNOLOGY,02-12-2024,1360.61,1452.73,1327.07,1360.61,1503.53,295971,231484.18,29.4,12.93,3.313,1.782,1702.11,1029.97,1.2,MIDCAP_PORTFOLIO,HOLD,1692,1179.34,INR
IN004106,TECHM,Tech Mahindra,NSE,TECHNOLOGY,02-12-2024,1335.19,1445.82,1304.39,1406.18,1380.9,2051276,499960.84,44.16,10.08,0.082,1.267,1584.48,877.45,1.2,NIFTY50_PORTFOLIO,BUY,781,1104.92,INR
IN004160,TECHM,Tech Mahindra,NSE,TECHNOLOGY,02-12-2024,1255.04,1256.73,1160.08,1193.21,1182,2395139,1250902.05,44.16,10.68,1.219,0.56,1691.11,1104.14,0.5,MIDCAP_PORTFOLIO,BUY,45,1336.96,INR
IN004166,TECHM,Tech Mahindra,NSE,TECHNOLOGY,02-12-2024,1273.75,1387.69,1246.56,1273.75,1395.41,3534640,400869.42,46.53,11.2,1.081,1.218,1819.32,1126.66,0.5,NIFTY50_PORTFOLIO,BUY,1259,1138.01,INR
IN001402,TITAN,Titan Company,BSE,CONSUMER GOODS,02-12-2024,3453.62,3553.52,3277.45,3329.77,3227.24,4665375,2178978.62,44.08,6.08,2.488,1.037,4750.55,2319.29,0,NIFTY50_PORTFOLIO,BUY,944,3805.98,INR
IN001407,TITAN,Titan Company,BSE,CONSUMER GOODS,02-12-2024,3320.92,3404.38,3292.17,3297.43,3227.67,373356,1835830.275,77.51,4.48,0.584,1.658,4292.71,2879.87,2.3,MIDCAP_PORTFOLIO,HOLD,1374,3017.13,INR
IN001410,TITAN,Titan Company,BSE,CONSUMER GOODS,02-12-2024,3433.99,3535.38,3380.54,3533.2,3546.79,412606,2343898.66,22.74,12.33,3.518,0.452,4527.21,2080.78,5.1,MIDCAP_PORTFOLIO,BUY,351,3671.97,INR
IN001651,AXISBANK,Axis Bank,BSE,FINANCE,03-12-2024,1094.53,1101.41,1078.18,1091.97,1056,533639,446350.48,68.35,4.93,2.375,1.665,1243.6,696.99,0.5,MIDCAP_PORTFOLIO,HOLD,301,882.66,INR
IN001691,AXISBANK,Axis Bank,BSE,FINANCE,03-12-2024,1067.78,1091.55,1039.73,1078.73,1071.8,4981749,1021454.66,37.32,4.79,1.933,1.3,1196.11,993.97,2.3,NIFTY50_PORTFOLIO,BUY,1795,1315.86,INR
IN001709,AXISBANK,Axis Bank,BSE,FINANCE,03-12-2024,1078.16,1103.45,1002.97,1025.31,995.28,848229,79089.83,67.25,12.29,0.9,0.509,1327.28,1018.66,3.5,SECTORAL_PORTFOLIO,BUY,556,910.92,INR
IN001727,AXISBANK,Axis Bank,BSE,FINANCE,03-12-2024,1113.67,1189.37,1084.26,1113.67,1208.16,1738509,735710.85,15.82,3.62,2.466,1.259,1425.25,672.86,0.5,MIDCAP_PORTFOLIO,BUY,1396,1277.81,INR
IN002850,BHARTIARTL,Bharti Airtel,NSE,TELECOMMUNICATION,03-12-2024,885.69,886.31,868.14,879.41,893.84,330522,706922.26,48.025,8.45,3.898,1.189,1086.26,659.43,0,NIFTY50_PORTFOLIO,HOLD,1362,1103.07,INR
IN003991,WIPRO,Wipro,BSE,TECHNOLOGY,03-12-2024,486.23,514.21,477.47,509.87,506.07,2248511,124454.56,24.2,13.98,1.221,1.51,619.94,407.72,3.5,MIDCAP_PORTFOLIO,SELL,1698,593.05,INR
IN004021,WIPRO,Wipro,BSE,TECHNOLOGY,03-12-2024,502.32,542.4894753,499.97,499.97,500.4,2137380,399019.23,67.19,3.63,3.785,0.728,569.23,393.02,5.1,MIDCAP_PORTFOLIO,BUY,727,510.2,INR
IN004023,WIPRO,Wipro,BSE,TECHNOLOGY,03-12-2024,492.16,530.28,480.8,516.29,531.35,997165,105198.85,14.28,13.3,1.993,1.158,532.75,438.82,0,SECTORAL_PORTFOLIO,BUY,449,618.27,INR
IN004036,WIPRO,Wipro,BSE,TECHNOLOGY,03-12-2024,476.12,478.33,445.99,449.13,448.94,2422165,389312.34,62.19,13.7,1.337,0.934,611.2,377.71,3.5,MIDCAP_PORTFOLIO,SELL,480,414.85,INR
IN004123,WIPRO,Wipro,BSE,TECHNOLOGY,03-12-2024,479.89,495.46,477.48,490.28,480.04,2414007,229703.92,48.79,4.09,1.945,1.781,554.13,320.84,0.5,MIDCAP_PORTFOLIO,HOLD,883,536.08,INR
IN001614,MARUTI,Maruti Suzuki,BSE,AUTOMOBILE,04-12-2024,10105.93,10470.47,9994.56,10316.24,10458.02,2435828,7318062.84,74.13,7.63,2.28,0.475,11399.52,8541.16,0.5,NIFTY50_PORTFOLIO,SELL,1859,8691.93,INR
IN002937,SBIN,State Bank of India,NSE,FINANCE,04-12-2024,614.42,622.61,574.13,589,599.97,114902,289399.815,16.94,6.56,1.261,0.461,766.52,439.48,0.5,SECTORAL_PORTFOLIO,BUY,709,477.25,INR
IN000360,TECHM,Tech Mahindra,NSE,TECHNOLOGY,04-12-2024,1280.12,1316.75,1198.78,1204.7,1211.16,3309355,661623.79,61.92,13.87,2.15,1.218,1659.41,1204.7,1.2,NIFTY50_PORTFOLIO,BUY,1496,1123.35,INR
IN003491,TECHM,Tech Mahindra,NSE,TECHNOLOGY,04-12-2024,1281.65,1283.89,1190.47,1213.01,1234.83,93520,847722.3,53.85,9.68,3.502,0.847,1731.6,906.68,3.5,SECTORAL_PORTFOLIO,BUY,1507,1298.53,INR
IN003516,TECHM,Tech Mahindra,NSE,TECHNOLOGY,04-12-2024,1350.55,1409.63,1328.64,1399.86,1413.94,353144,661623.79,44.16,4.61,0.976,1.059,1581.63,793.2,2.3,MIDCAP_PORTFOLIO,BUY,567,1551.09,INR
IN004275,KOTAKBANK,Kotak Mahindra Bank,NSE,FINANCE,06-12-2024,1719.76,1751.56,1665.9,1692.79,1654.54,2780436,1722925.39,17.92,12.72,3.668,1.87,2320.04,1574.89,0.5,SECTORAL_PORTFOLIO,HOLD,1360,2120.44,INR
IN004278,KOTAKBANK,Kotak Mahindra Bank,NSE,FINANCE,06-12-2024,1838.96,1857.23,1810.58,1828.1,1764.35,1417762,627525.03,72.26,7.06,0.862,1.536,2338.54,1569.67,0.5,MIDCAP_PORTFOLIO,BUY,129,1382.73,INR
IN004324,KOTAKBANK,Kotak Mahindra Bank,NSE,FINANCE,06-12-2024,1759,1800.66,1696.4,1717.35,1652.47,4414190,1562812.68,44.1,9.52,1.39,1.982,2148.03,1628.04,1.2,MIDCAP_PORTFOLIO,BUY,1189,1636,INR
IN001441,ASIANPAINT,Asian Paints,BSE,CONSUMER GOODS,07-12-2024,3044.05,3233.04,2990,3185.96,3283.44,660150,1432985.57,42.37,14.88,3.236,1.287,4102.6,1889.02,0,NIFTY50_PORTFOLIO,BUY,715,2990.91,INR
IN002885,HCLTECH,HCL Technologies,NSE,TECHNOLOGY,07-12-2024,1498.39,1587.08,1479.5,1549.08,1555.97,4419023,99681.38,44.32,9.25,1.201,1.585,1815.55,1131.59,3.5,NIFTY50_PORTFOLIO,BUY,1065,1801.42,INR
IN002886,HCLTECH,HCL Technologies,NSE,TECHNOLOGY,07-12-2024,1467.91,1555.61,1430.26,1516.09,1475.81,2411753,997600.94,62.24,3.67,1.934,0.701,1589.17,1266.8,3.5,SECTORAL_PORTFOLIO,SELL,1745,1743.67,INR
IN002889,HCLTECH,HCL Technologies,NSE,TECHNOLOGY,07-12-2024,1562.56,1603.63,1552.02,1570.57,1543.43,453327,959518.27,16.02,8.94,2.388,1.221,1820.41,1132.63,0,SECTORAL_PORTFOLIO,BUY,944,1631.27,INR
IN004543,HINDUNILVR,Hindustan Unilever,NSE,FMCG,07-12-2024,2605.35,2626.46,2422.18,2430.06,2473.62,3111450,1178946.69,8.25,10.5,3.078,0.785,3145.94,2123.57,0,SECTORAL_PORTFOLIO,HOLD,1926,2936.48,INR
IN004590,HINDUNILVR,Hindustan Unilever,NSE,FMCG,07-12-2024,2411.72,2508.65,2387.87,2496.13,2513.41,4396659,1528946.97,10.36,4.41,2.138,1.268,3291.56,2216.64,0,SECTORAL_PORTFOLIO,HOLD,607,2892.64,INR
IN004603,HINDUNILVR,Hindustan Unilever,NSE,FMCG,07-12-2024,2586.1,2638.19,2503.49,2576.29,2528.48,307416,1402576.13,60.8,2.12,0.983,1.28,2984.75,2100.78,1.2,SECTORAL_PORTFOLIO,BUY,431,2184.7,INR
IN002898,NESTLEIND,Nestle India,BSE,FMCG,07-12-2024,21519.95,23049.78,21278.73,21519.95,22594.19,2092920,5899829.88,8.87,4.52,3.582,1.956,25035.84,19374.73,2.3,NIFTY50_PORTFOLIO,BUY,838,21072.88,INR
IN002910,NESTLEIND,Nestle India,BSE,FMCG,07-12-2024,21985.8,23218.6,21445.63,22957.56,23374.53,4243866,12618414.26,44.3,1.64,3.04,0.864,26827.19,15829.19,1.2,NIFTY50_PORTFOLIO,BUY,1473,22103,INR
IN002959,NESTLEIND,Nestle India,BSE,FMCG,07-12-2024,21035.68,21553.99,20213.02,20593.95,19837.25,1902251,6468319.65,72.29,12.07,3.404,0.892,23284.97,20593.95,5.1,MIDCAP_PORTFOLIO,HOLD,1788,21083.78,INR
IN002963,NESTLEIND,Nestle India,BSE,FMCG,07-12-2024,22328.99,23268.99,22238.01,22722.66,23259.26,4594265,4825473.78,22.3,13.89,2.037,1.771,30186.01,17585.25,5.1,MIDCAP_PORTFOLIO,BUY,450,21650.17,INR
IN003897,TITAN,Titan Company,BSE,CONSUMER GOODS,07-12-2024,3568.7,3599.3,3320.57,3375.28,3505.34,308985,1285710.46,44.08,3.11,0.763,1.272,3678.41,2600.03,3.5,SECTORAL_PORTFOLIO,BUY,726,3132.19,INR
IN000448,HDFCBANK,HDFC Bank,NSE,FINANCE,08-12-2024,1627.9,1656.78,1501.48,1539.49,1565.59,1698958,643379.79,55.31,13.36,1.979,0.703,1941.98,1429.19,0,NIFTY50_PORTFOLIO,HOLD,295,1987.42,INR
IN000483,HDFCBANK,HDFC Bank,NSE,FINANCE,08-12-2024,1570.89,1617.52,1558.7,1570.89,1580.82,3194586,1252157.52,14.32,13.97,3.579,0.873,1889.92,1367.59,1.2,SECTORAL_PORTFOLIO,BUY,196,1488.01,INR
IN000483,HDFCBANK,HDFC Bank,NSE,FINANCE,08-12-2024,1570.89,1617.52,1558.7,1594.25,1580.82,3194586,1252157.52,14.32,13.97,3.579,0.873,1889.92,1367.59,1.2,SECTORAL_PORTFOLIO,BUY,196,1488.01,INR
IN000529,HDFCBANK,HDFC Bank,NSE,FINANCE,08-12-2024,1520.8,1527,1444.83,1474.32,1459.71,3432656,1015428.13,55.41,7.71,1.979,1.09,2185.24,1388.03,3.5,MIDCAP_PORTFOLIO,SELL,85,1751.92,INR
IN002367,INFY,Infosys,NSE,TECHNOLOGY,08-12-2024,1527.14,1547.47,1440.69,1461.29,1498.37,2257505,946461.45,39.855,8.085,0.644,1.131,1869.99,975.14,5.1,SECTORAL_PORTFOLIO,BUY,23,1619.51,INR
IN002381,INFY,Infosys,NSE,TECHNOLOGY,08-12-2024,1494.54,1514.97,1446.76,1457.09,1443.54,2834179,744697.86,41.8,10.48,2.153,1.239,2000.14,1344.86,2.3,NIFTY50_PORTFOLIO,BUY,1689,1526.8,INR
IN002044,KOTAKBANK,Kotak Mahindra Bank,NSE,FINANCE,08-12-2024,1763.09,1878.1,1758.72,1869.58,1848.8,2425164,956926.4,76.96,2.16,3.739,1.521,2376.66,1252.41,2.3,NIFTY50_PORTFOLIO,BUY,1703,1975.08,INR
IN002075,KOTAKBANK,Kotak Mahindra Bank,NSE,FINANCE,08-12-2024,1792.21,1952.3,1753.4,1916.92,1941.73,3770518,289734.75,19.58,9.56,0.467,1.952,2167.61,1298.82,5.1,NIFTY50_PORTFOLIO,HOLD,1692,2211.07,INR
IN000764,NTPC,NTPC Limited,NSE,UTILITIES,08-12-2024,352.32,355.05,352.2,354.76,364.38,1512723,30707,51.38,14.01,2.035,0.509,441.69,281.59,0,MIDCAP_PORTFOLIO,HOLD,1815,403.75,INR
IN000851,NTPC,NTPC Limited,NSE,UTILITIES,08-12-2024,341.38,367.55,338.67,362.49,372.58,1994510,277241.05,64.54,9.18,3.539,1.0765,409.11,289.05,1.2,SECTORAL_PORTFOLIO,HOLD,620,422.22,INR
IN000860,NTPC,NTPC Limited,NSE,UTILITIES,08-12-2024,334.64,353,331.19,349.85,349.62,1457725,126583.34,28.01,5.91,3.915,1.921,414.03,308.63,2.3,MIDCAP_PORTFOLIO,BUY,1649,395.32,INR
IN000865,NTPC,NTPC Limited,NSE,UTILITIES,08-12-2024,337.81,340.6,323.83,326.75,332.54,2285182,81513.17,50.11,13.93,3.241,1.421,427.29,274.12,5.1,MIDCAP_PORTFOLIO,BUY,1432,421.62,INR
IN000889,NTPC,NTPC Limited,NSE,UTILITIES,08-12-2024,336.92,341.81,312.16,318.99,315.88,3672216,39838.59,42.67,11.46,2.035,1.203,409.18,211.4,0,NIFTY50_PORTFOLIO,HOLD,1046,373.93,INR
IN000918,NTPC,NTPC Limited,NSE,UTILITIES,08-12-2024,353.69,378.02,351.98,376.51,376.62,4973375,249580.84,41.42,2.79,0.78,1.0765,479.58,284.63,0,SECTORAL_PORTFOLIO,HOLD,1951,415.58,INR
IN000930,NTPC,NTPC Limited,NSE,UTILITIES,08-12-2024,333.99,351.69,329.21,347.83,335.25,1352659,294642.89,70.89,4.42,2.647,1.661,385.27,317.83,5.1,NIFTY50_PORTFOLIO,BUY,255,350.98,INR
IN000935,NTPC,NTPC Limited,NSE,UTILITIES,08-12-2024,336.92,345.95,336.33,338.52,350.15,1094981,229000.02,10.13,8.54,3.656,1.744,378.3,321.58,5.1,MIDCAP_PORTFOLIO,SELL,1507,430.72,INR
IN000939,NTPC,NTPC Limited,NSE,UTILITIES,08-12-2024,349.96,362.04,349.77,356.47,350.72,1043936,50677.18,27.79,3.44,1.992,0.515,424.1,271.26,3.5,SECTORAL_PORTFOLIO,BUY,841,420.56,INR
IN000992,NTPC,NTPC Limited,NSE,UTILITIES,08-12-2024,343.26,345.67,326.18,326.59,331.87,1963292,301634.63,21.81,10.14,1.657,1.582,408.38,326.59,5.1,MIDCAP_PORTFOLIO,BUY,1188,434.8,INR
IN001007,NTPC,NTPC Limited,NSE,UTILITIES,08-12-2024,334.83,343.68,306.42,311.57,307.98,4574235,189125.42,40.435,3.23,2.035,1.937,462.2,275.04,3.5,SECTORAL_PORTFOLIO,BUY,1432,434.67,INR
IN001016,NTPC,NTPC Limited,NSE,UTILITIES,08-12-2024,337.89,445.7583266,337.89,337.89,340.92,2394789.5,179918,73.33,14.86,2.717,1.949,479.62,252.69,5.1,NIFTY50_PORTFOLIO,BUY,684,369.98,INR
IN003133,POWERGRID,Power Grid Corporation,BSE,UTILITIES,08-12-2024,260.01,271.84,254.6,268.86,258.3,2634182,208301.05,75.12,7.46,2.062,1.587,347.46,168.28,2.3,NIFTY50_PORTFOLIO,HOLD,516,202.05,INR
IN002238,RELIANCE,Reliance Industries,NSE,ENERGY,08-12-2024,2116.18,2168.83,2001.58,2013.68,2082.63,2958298,2028293.2,31.46,8.68,0.675,1.027,2818.72,1486.4,1.2,NIFTY50_PORTFOLIO,BUY,550,2693.38,INR
IN000968,ADANIENT,Adani Enterprises,NSE,CONGLOMERATE,09-12-2024,2684.54,2810.32,2662.73,2730.33,2830.73,682152,1620477.03,17.6,8.58,2.155,0.962,3761.4,1683.87,2.3,NIFTY50_PORTFOLIO,BUY,404,2495.18,INR
IN000996,ADANIENT,Adani Enterprises,NSE,CONGLOMERATE,09-12-2024,2723.29,2770.11,2508.59,2580.72,2610.71,2829010.5,326079.29,73.32,12.19,0.504,0.555,3674.64,2412.52,1.2,NIFTY50_PORTFOLIO,BUY,1206,2255.55,INR
IN003326,ADANIENT,Adani Enterprises,NSE,CONGLOMERATE,09-12-2024,2692.34,2743.57,2511.42,2548.88,2453.69,3139596,715155.84,21.3,3.06,1.8295,0.94,3655.05,1884.06,0.5,NIFTY50_PORTFOLIO,BUY,1958,2187.47,INR
IN001090,BHARTIARTL,Bharti Airtel,NSE,TELECOMMUNICATION,09-12-2024,934.09,957.5,908.4,951.08,961.38,2452002,722433.24,10.25,3.34,2.865,1.698,1164.85,590.27,0.5,MIDCAP_PORTFOLIO,BUY,508,788.13,INR
IN004214,TECHM,Tech Mahindra,NSE,TECHNOLOGY,09-12-2024,1315.11,1349.27,1292.74,1315.11,1348.74,984163,607123.45,38.32,7.06,0.673,1.565,1457.23,904.7,0,MIDCAP_PORTFOLIO,BUY,1946,1461.72,INR
IN004222,TECHM,Tech Mahindra,NSE,TECHNOLOGY,09-12-2024,1242.16,1271.64,1240.08,1245.22,1279.12,4490216,1004832.29,32.94,13.61,2.547,1.124,1819.5,876.59,2.3,NIFTY50_PORTFOLIO,BUY,375,1280.08,INR
IN004233,TECHM,Tech Mahindra,NSE,TECHNOLOGY,09-12-2024,1239.57,1275.17,1184.84,1205.54,1186.39,2841954,1120501.18,64.3,6.08,3.824,1.131,1607.38,1140.73,2.3,NIFTY50_PORTFOLIO,BUY,1015,1156.33,INR
IN004677,ADANIENT,Adani Enterprises,NSE,CONGLOMERATE,11-12-2024,2803.52,2999.9,2732.23,2919.2,2897.91,3400678,2610932.14,47.49,10.25,2.086,0.544,3495.72,2434.93,2.3,MIDCAP_PORTFOLIO,BUY,1935,2101.97,INR
IN004705,ADANIENT,Adani Enterprises,NSE,CONGLOMERATE,11-12-2024,2847.37,2957.65,2787.83,2876.96,2780.19,676052,1358263,28.42,2.47,1.8295,1.165,3294.6,2568.15,3.5,SECTORAL_PORTFOLIO,HOLD,455,3065.06,INR
IN000328,BAJFINANCE,Bajaj Finance,NSE,NBFC,11-12-2024,6803.79,7080.14,6790.28,6877.1,6640.97,3084543,4014170.18,62.67,13.41,0.211,0.923,9045.26,4668.47,0.5,NIFTY50_PORTFOLIO,BUY,1846,8678.32,INR
IN001339,BAJFINANCE,Bajaj Finance,NSE,NBFC,11-12-2024,6902.26,6971.72,6340.59,6461.71,6431.21,604846,5905494.05,44.36,6.99,1.676,1.44,7469.19,5951.92,3.5,MIDCAP_PORTFOLIO,BUY,145,7118.72,INR
IN003779,AXISBANK,Axis Bank,BSE,FINANCE,12-12-2024,1096.98,1123.67,1070.24,1086.09,1091.64,1264742,575102.41,41.47,14.46,3.471,1.772,1404.16,687.13,5.1,MIDCAP_PORTFOLIO,BUY,1392,1340.66,INR
IN002974,HINDUNILVR,Hindustan Unilever,NSE,FMCG,12-12-2024,2555.76,2569.63,2471,2493.29,2478.88,4185719,1398609.34,67.83,8.21,0.939,1.28,3329.42,1882.74,2.3,NIFTY50_PORTFOLIO,SELL,1840,2358.13,INR
IN000434,LT,Larsen & Toubro,NSE,INFRASTRUCTURE,12-12-2024,3335.85,3403.3,3221.7,3269.6,3286.28,3881300,625979.85,20.74,11.4,2.162,0.946,4334.05,2554.62,2.3,MIDCAP_PORTFOLIO,BUY,50,2712.33,INR
IN000533,LT,Larsen & Toubro,NSE,INFRASTRUCTURE,12-12-2024,3127.37,3141.33,3074.34,3095.02,3206.46,652265,1616603.54,58.88,6.92,3.035,1.154,4389.29,2134.5,3.5,MIDCAP_PORTFOLIO,BUY,776,2687.1,INR
IN000835,LT,Larsen & Toubro,NSE,INFRASTRUCTURE,12-12-2024,3244.13,3286.18,3058.91,3079.84,3168.05,3036127,2640135.37,41.64,5.07,3.84,1.154,3913.3,2652.82,2.3,MIDCAP_PORTFOLIO,BUY,1854,2944.73,INR
IN000872,LT,Larsen & Toubro,NSE,INFRASTRUCTURE,12-12-2024,3085.89,3121.35,2840.67,2889.37,2809.63,3982456,1743548.68,28.32,14.08,1.168,1.154,2889.37,2364.36,3.5,MIDCAP_PORTFOLIO,BUY,1432,3155.83,INR
IN000873,LT,Larsen & Toubro,NSE,INFRASTRUCTURE,12-12-2024,3045.88,3291.8,3020.41,3230.71,3262.86,1329879,2693942.52,36.38,7.62,2.499,1.26,4290.21,2091.36,5.1,NIFTY50_PORTFOLIO,HOLD,322,2808.07,INR
IN000875,LT,Larsen & Toubro,NSE,INFRASTRUCTURE,12-12-2024,3341.78,3522,3258.08,3456.81,3496.9,4651074,1113272.72,71.39,8.23,3.249,0.53,3699.35,2748.21,0.5,MIDCAP_PORTFOLIO,BUY,1741,3549.76,INR
IN000882,LT,Larsen & Toubro,NSE,INFRASTRUCTURE,12-12-2024,3079.04,3219.93,3064.84,3209.42,3191.11,4631636,1515518.86,25.72,6.6,2.92,1.528,3563.42,2272.36,5.1,MIDCAP_PORTFOLIO,BUY,322,2695.55,INR
IN000919,LT,Larsen & Toubro,NSE,INFRASTRUCTURE,12-12-2024,3138.52,3408.49,3112.11,3311.2,3250.86,415384,2759635.31,62.44,13.54,2.187,1.877,3416.92,2425.58,5.1,NIFTY50_PORTFOLIO,HOLD,931,2655.73,INR
IN001338,ONGC,Oil & Natural Gas Corp,NSE,ENERGY,12-12-2024,266.41,273.18,246.97,253.71,259.63,752959,64929.05,23.65,8.97,0.951,1.828,362.47,253.71,0,SECTORAL_PORTFOLIO,BUY,1743,316.05,INR
IN001363,ONGC,Oil & Natural Gas Corp,NSE,ENERGY,12-12-2024,266.69,270.11,266.06,266.3,274.7,2699963.5,130177.56,34.83,5.94,2.037,1.413,379.19,239.23,0,MIDCAP_PORTFOLIO,BUY,1235,328.41,INR
IN001370,ONGC,Oil & Natural Gas Corp,NSE,ENERGY,12-12-2024,285.05,294.81,278.83,293.55,300.47,3974772,49906.09,18.04,7.9,0.949,1.382,341.01,207.02,5.1,SECTORAL_PORTFOLIO,BUY,645,295.99,INR
IN001386,ONGC,Oil & Natural Gas Corp,NSE,ENERGY,12-12-2024,286.33,294.33,274.44,275.29,284,464481,168155.26,53.38,4.1,3.663,0.648,366.07,191.48,1.2,NIFTY50_PORTFOLIO,BUY,392,297.99,INR
IN001387,ONGC,Oil & Natural Gas Corp,NSE,ENERGY,12-12-2024,276.27,292.53,272.64,285.04,283.31,1901926,257122.14,22.33,5.39,3.108,1.919,334.05,202.75,1.2,NIFTY50_PORTFOLIO,SELL,1195,282.65,INR
IN000498,SUNPHARMA,Sun Pharmaceutical,BSE,PHARMACEUTICALS,12-12-2024,1214.35,1261.16,1197.44,1239.54,1260.52,493090,612260.84,58.77,7.85,0.318,1.601,1364.71,832.29,5.1,NIFTY50_PORTFOLIO,BUY,425,1265.23,INR
IN001365,ULTRACEMCO,UltraTech Cement,BSE,INFRASTRUCTURE,12-12-2024,9420.45,10138.43,9195.56,9910.8,9935.56,3371738,7439926.39,34.41,10.56,2.839,1.148,11157.75,8828.35,2.3,NIFTY50_PORTFOLIO,BUY,1250,8920.88,INR
IN001376,ULTRACEMCO,UltraTech Cement,BSE,INFRASTRUCTURE,12-12-2024,9380.25,9411.72,8915.89,9166.48,8845.92,1407406,2368853.39,67.83,4.87,1.739,1.368,12857.62,5888.46,0.5,NIFTY50_PORTFOLIO,BUY,1488,11583.68,INR
IN001408,ULTRACEMCO,UltraTech Cement,BSE,INFRASTRUCTURE,12-12-2024,9796.77,10512.86,9590.79,10444.04,10231.76,991124,9374263.03,65.59,9.37,1.739,1.108,13137.78,8471.73,2.3,NIFTY50_PORTFOLIO,BUY,1104,10005.7,INR
IN001430,ULTRACEMCO,UltraTech Cement,BSE,INFRASTRUCTURE,12-12-2024,9105.04,9558.57,8930.67,9488.48,9549.85,4747446,5413831.63,48.68,4.75,1.852,1.178,12108.19,7151.05,2.3,MIDCAP_PORTFOLIO,BUY,1838,10604.75,INR
IN001515,ULTRACEMCO,UltraTech Cement,BSE,INFRASTRUCTURE,12-12-2024,9382.59,9659.11,8816.25,8900.04,8592.05,2823298,3761961.44,48.68,6.82,1.739,0.51,12172.84,8393.94,3.5,NIFTY50_PORTFOLIO,BUY,444,7642.44,INR
IN001547,ULTRACEMCO,UltraTech Cement,BSE,INFRASTRUCTURE,12-12-2024,9799.32,10449.44,9532.28,10182.87,10345.92,3928233,7973534.94,23.56,11.06,3.447,0.745,11717.77,8053.58,0,SECTORAL_PORTFOLIO,BUY,1339,11763.37,INR
